accessions	n_unique	n_shared	best_peptide_score	group_qvalue	is_target_winner
gi|136429|sp|P00761|TRYP_PIG	5	0	5.101554071588572	0	true
sp|A0A0B4J2F0|PIOS1_HUMAN	1	0	6.712537068123558	0	true
sp|A0A0U1RRE5|NBDY_HUMAN	3	0	3.6048583568643116	0	true
sp|A0A1B0GTU1|ZC11B_HUMAN	0	9	8.61167131388093	0	true
sp|A0A2R8Y619|H2BK1_HUMAN	2	4	6.910625436956079	0	true
sp|A0A494C1R9|TSPY9_HUMAN;sp|A6NKD2|TSPY2_HUMAN;sp|P0CV98|TSPY3_HUMAN;sp|P0CV99|TSPY4_HUMAN;sp|P0CW00|TSPY8_HUMAN;sp|P0CW01|TSPYA_HUMAN;sp|Q01534|TSPY1_HUMAN	1	0	5.247668310789882	0	true
sp|A0AV96|RBM47_HUMAN	16	2	8.1631354803901	0	true
sp|A0AVT1|UBA6_HUMAN	43	0	9.119990462182157	0	true
sp|A0FGR8|ESYT2_HUMAN	29	0	9.589495115157519	0	true
sp|A0JLT2|MED19_HUMAN	5	0	6.1411910353819605	0	true
sp|A0JNW5|BLT3B_HUMAN	14	0	4.333343997745431	0	true
sp|A0MZ66|SHOT1_HUMAN	26	0	9.044239989150569	0	true
sp|A0PJW6|TM223_HUMAN	4	0	6.942946186063012	0	true
sp|A1A4S6|RHG10_HUMAN	5	0	4.457161974699127	0	true
sp|A1L0T0|HACL2_HUMAN	20	0	10.120704970882361	0	true
sp|A1L170|CA226_HUMAN	2	0	2.32074567719159	0	true
sp|A1L390|PKHG3_HUMAN	10	0	4.3203818081964735	0	true
sp|A1X283|SPD2B_HUMAN	16	2	4.125385426699253	0	true
sp|A2A3K4|PTPC1_HUMAN	1	0	1.9528209704221364	0	true
sp|A2A3N6|PIPSL_HUMAN	0	9	9.409529055051504	0	true
sp|A2RRP1|NBAS_HUMAN	39	0	4.9541919532334555	0	true
sp|A2RTX5|SYTC2_HUMAN	1	3	7.946198993286315	0	true
sp|A2RU67|F234B_HUMAN	4	0	5.032835328131575	0	true
sp|A2RUC4|TYW5_HUMAN	3	0	2.2679835265150787	0	true
sp|A2RUS2|DEND3_HUMAN	8	0	2.9701464301090206	0	true
sp|A3KMH1|VWA8_HUMAN	55	0	10.009815817934493	0	true
sp|A3KN83|SBNO1_HUMAN	19	6	7.555570035671233	0	true
sp|A4D1E1|Z804B_HUMAN	1	1	5.678360186448272	0	true
sp|A4D1E9|GTPBA_HUMAN	14	0	9.556433331840122	0	true
sp|A4D1P6|WDR91_HUMAN	10	0	5.639566799891554	0	true
sp|A4FU01|MTMRB_HUMAN	1	0	3.959775954148041	0	true
sp|A5A3E0|POTEF_HUMAN	1	7	8.625007237941068	0	true
sp|A5D8V6|VP37C_HUMAN	3	0	5.956779621115835	0	true
sp|A5PLL7|PDES1_HUMAN	3	0	3.6331499825595426	0	true
sp|A5PLN9|TPC13_HUMAN	6	0	3.810910226670477	0	true
sp|A5YKK6|CNOT1_HUMAN	71	0	10.344282374049785	0	true
sp|A6H8Y1|BDP1_HUMAN	11	0	3.021251299454237	0	true
sp|A6NCE7|MP3B2_HUMAN;sp|Q9GZQ8|MLP3B_HUMAN	3	0	6.5319238474670795	0	true
sp|A6ND36|FA83G_HUMAN	8	0	3.0708098223906446	0	true
sp|A6NDG6|PGP_HUMAN	10	0	9.241526263119168	0	true
sp|A6NDU8|RIMC1_HUMAN	6	0	9.06276955530817	0	true
sp|A6NE01|F186A_HUMAN	1	0	2.4513327337784037	0	true
sp|A6NED2|RCCD1_HUMAN	7	0	8.924004479973437	0	true
sp|A6NFI3|ZN316_HUMAN	4	1	2.2162388751622353	0	true
sp|A6NHL2|TBAL3_HUMAN	1	4	10.989132429044236	0	true
sp|A6NHP3|SPE2B_HUMAN;sp|A6NIY4|SPDE5_HUMAN;sp|P0CI01|SPDE6_HUMAN;sp|Q495Y8|SPDE2_HUMAN	1	0	2.06468253936772	0	true
sp|A6NHQ2|FBLL1_HUMAN	1	3	8.763713567341581	0	true
sp|A6NHR9|SMHD1_HUMAN	74	0	9.331004635526265	0	true
sp|A6NHX0|CAST2_HUMAN	3	0	6.018755418061043	0	true
sp|A6NIH7|U119B_HUMAN	4	1	7.123070380474522	0	true
sp|A6NJ78|MET15_HUMAN	8	0	8.362999003030074	0	true
sp|A6NKD9|CC85C_HUMAN	4	0	2.8445832240122586	0	true
sp|A6NKF1|SAC31_HUMAN	9	0	6.853370931065579	0	true
sp|A6NKT7|RGPD3_HUMAN	0	40	11.14380395095212	0	true
sp|A7E2V4|ZSWM8_HUMAN	16	0	4.141838733748546	0	true
sp|A8CG34|P121C_HUMAN	4	17	8.791744206376796	0	true
sp|A8MPP1|D11L8_HUMAN	1	19	3.43294586537868	0	true
sp|A8MT69|CENPX_HUMAN	3	0	2.566758959554757	0	true
sp|A8MT70|ZBBX_HUMAN	1	0	2.1023958979917996	0	true
sp|A8MV65|VGLL3_HUMAN	3	0	1.9495445151589186	0	true
sp|A8MWD9|RUXGL_HUMAN;sp|P62308|RUXG_HUMAN	4	0	7.961031754309244	0	true
sp|A8MXV4|NUD19_HUMAN	8	0	5.793256993174567	0	true
sp|A9QM74|IMA8_HUMAN	1	0	7.842978525877234	0	true
sp|A9UHW6|MI4GD_HUMAN	6	0	5.828183264739371	0	true
sp|B0I1T2|MYO1G_HUMAN	43	2	9.732618054639666	0	true
sp|B7ZAQ6|GPHRA_HUMAN;sp|P0CG08|GPHRB_HUMAN	6	0	7.774193337134905	0	true
sp|C4AMC7|WASH3_HUMAN;sp|Q6VEQ5|WASH2_HUMAN	3	6	7.310712556128149	0	true
sp|C9J7I0|UMAD1_HUMAN	2	0	4.7654154704576825	0	true
sp|C9JLW8|MCRI1_HUMAN	4	0	6.0371110739772655	0	true
sp|C9JRZ8|AK1BF_HUMAN	0	4	6.511646878275284	0	true
sp|D6REC4|CFA99_HUMAN	1	0	3.7359675782327137	0	true
sp|E9PAV3|NACAM_HUMAN	5	0	9.04454983078071	0	true
sp|E9PRG8|CK098_HUMAN	5	0	8.387565532825588	0	true
sp|H7BZ55|CRCC2_HUMAN	1	1	2.738913047544448	0	true
sp|L0R819|ASURF_HUMAN	5	0	4.500047328244162	0	true
sp|O00115|DNS2A_HUMAN	6	0	7.668953726449581	0	true
sp|O00116|ADAS_HUMAN	25	0	9.93777716069206	0	true
sp|O00124|UBXN8_HUMAN	4	0	3.793156884370598	0	true
sp|O00139|KIF2A_HUMAN	20	2	9.524877991871625	0	true
sp|O00141|SGK1_HUMAN	10	0	4.8685442927647715	0	true
sp|O00142|KITM_HUMAN	4	0	3.776947488412112	0	true
sp|O00148|DX39A_HUMAN	11	13	9.250763487723038	0	true
sp|O00151|PDLI1_HUMAN	11	0	8.266470608497126	0	true
sp|O00154|BACH_HUMAN	13	0	10.685379777815783	0	true
sp|O00159|MYO1C_HUMAN	39	1	11.004642617841297	0	true
sp|O00160|MYO1F_HUMAN	1	7	9.52029534710371	0	true
sp|O00161|SNP23_HUMAN	9	0	8.867967223233057	0	true
sp|O00165|HAX1_HUMAN	8	0	7.609277588368141	0	true
sp|O00170|AIP_HUMAN	16	0	10.272015024872228	0	true
sp|O00178|GTPB1_HUMAN	17	0	7.653970470831188	0	true
sp|O00186|STXB3_HUMAN	23	0	10.570778010594688	0	true
sp|O00187|MASP2_HUMAN	5	0	3.348351645003808	0	true
sp|O00189|AP4M1_HUMAN	12	0	8.15240064576078	0	true
sp|O00193|SMAP_HUMAN	6	0	9.898130976465177	0	true
sp|O00194|RB27B_HUMAN	7	2	8.161085545596253	0	true
sp|O00203|AP3B1_HUMAN	34	0	9.155106558256831	0	true
sp|O00212|RHOD_HUMAN	5	0	3.924060368025272	0	true
sp|O00217|NDUS8_HUMAN	8	0	9.092692647796275	0	true
sp|O00220|TR10A_HUMAN	6	0	3.086189944609009	0	true
sp|O00221|IKBE_HUMAN	2	0	3.061532150415698	0	true
sp|O00231|PSD11_HUMAN	26	0	11.17281182731953	0	true
sp|O00232|PSD12_HUMAN	20	0	10.14742137294265	0	true
sp|O00233|PSMD9_HUMAN	10	0	9.40076029763366	0	true
sp|O00244|ATOX1_HUMAN	4	0	9.39127348067508	0	true
sp|O00255|MEN1_HUMAN	7	0	5.775785673027339	0	true
sp|O00257|CBX4_HUMAN	15	0	5.964028756681243	0	true
sp|O00258|GET1_HUMAN	6	0	3.379037041188074	0	true
sp|O00264|PGRC1_HUMAN	10	1	9.29799887726575	0	true
sp|O00267|SPT5H_HUMAN	43	0	10.662148570491288	0	true
sp|O00268|TAF4_HUMAN	11	1	6.872312533781767	0	true
sp|O00273|DFFA_HUMAN	13	0	9.795932862095778	0	true
sp|O00287|RFXAP_HUMAN	2	0	5.426340251120537	0	true
sp|O00291|HIP1_HUMAN	18	2	7.395304169168387	0	true
sp|O00299|CLIC1_HUMAN	10	0	10.096246054761446	0	true
sp|O00303|EIF3F_HUMAN	12	0	9.4782098408807	0	true
sp|O00308|WWP2_HUMAN	6	3	5.336284715762053	0	true
sp|O00311|CDC7_HUMAN	4	0	4.177047200109208	0	true
sp|O00330|ODPX_HUMAN	16	0	5.925763087450515	0	true
sp|O00338|ST1C2_HUMAN	1	0	2.2148815795379067	0	true
sp|O00391|QSOX1_HUMAN	9	0	7.349431283829725	0	true
sp|O00399|DCTN6_HUMAN	6	0	5.610696898466939	0	true
sp|O00400|ACATN_HUMAN	10	0	8.822198123679865	0	true
sp|O00401|WASL_HUMAN	13	0	5.13081749958078	0	true
sp|O00410|IPO5_HUMAN	41	2	10.956670043518423	0	true
sp|O00411|RPOM_HUMAN	26	0	7.067951808102598	0	true
sp|O00418|EF2K_HUMAN	20	0	6.2766973146279454	0	true
sp|O00422|SAP18_HUMAN	9	0	9.463141526003943	0	true
sp|O00423|EMAL1_HUMAN	9	1	4.435540818631591	0	true
sp|O00425|IF2B3_HUMAN	25	2	9.499871581639988	0	true
sp|O00429|DNM1L_HUMAN	44	0	12.259713007531179	0	true
sp|O00442|RTCA_HUMAN	11	0	7.586477671597485	0	true
sp|O00443|P3C2A_HUMAN	37	0	7.070393292764815	0	true
sp|O00458|IFRD1_HUMAN	12	0	7.543851337019717	0	true
sp|O00459|P85B_HUMAN	16	1	4.666173118320556	0	true
sp|O00461|GOLI4_HUMAN	22	0	9.788261439322673	0	true
sp|O00462|MANBA_HUMAN	7	1	3.7001732504443803	0	true
sp|O00468|AGRIN_HUMAN	38	0	9.212647039239181	0	true
sp|O00469|PLOD2_HUMAN	16	0	8.123024930669203	0	true
sp|O00470|MEIS1_HUMAN	2	3	3.1075501831995895	0	true
sp|O00471|EXOC5_HUMAN	24	1	7.804007433088936	0	true
sp|O00472|ELL2_HUMAN	6	0	4.268343812828674	0	true
sp|O00478|BT3A3_HUMAN	2	1	2.392525891545299	0	true
sp|O00479|HMGN4_HUMAN	2	1	4.064686418408858	0	true
sp|O00481|BT3A1_HUMAN	2	1	2.392525891545299	0	true
sp|O00483|NDUA4_HUMAN	4	0	7.178271619386441	0	true
sp|O00487|PSDE_HUMAN	11	0	9.412294761081242	0	true
sp|O00488|ZN593_HUMAN	4	0	9.949927400777652	0	true
sp|O00499|BIN1_HUMAN	16	0	9.537027624750497	0	true
sp|O00505|IMA4_HUMAN	5	5	10.233302446180927	0	true
sp|O00506|STK25_HUMAN	4	4	10.870313160024985	0	true
sp|O00512|BCL9_HUMAN	3	0	2.575400552818835	0	true
sp|O00534|VMA5A_HUMAN	25	0	8.465892779404921	0	true
sp|O00541|PESC_HUMAN	21	0	10.784840771663227	0	true
sp|O00560|SDCB1_HUMAN	5	0	9.939786888239281	0	true
sp|O00562|PITM1_HUMAN	13	0	5.016574747360566	0	true
sp|O00566|MPP10_HUMAN	18	0	10.352887822458472	0	true
sp|O00567|NOP56_HUMAN	30	0	10.678802403104878	0	true
sp|O00571|DDX3X_HUMAN	37	1	11.87828817753064	0	true
sp|O00584|RNT2_HUMAN	8	0	5.850101986513421	0	true
sp|O00592|PODXL_HUMAN	10	0	9.000777481549948	0	true
sp|O00622|CCN1_HUMAN	10	0	3.6337856919946976	0	true
sp|O00623|PEX12_HUMAN	3	0	2.8367513182843034	0	true
sp|O00625|PIR_HUMAN	14	0	10.288211639791774	0	true
sp|O00629|IMA3_HUMAN	8	5	11.012993559220273	0	true
sp|O00635|TRI38_HUMAN	8	0	6.239435299963456	0	true
sp|O00712|NFIB_HUMAN	6	2	7.932369045262931	0	true
sp|O00743|PPP6_HUMAN	11	0	10.512304267800937	0	true
sp|O00748|EST2_HUMAN	1	0	2.17066763438222	0	true
sp|O00750|P3C2B_HUMAN	14	0	3.106100580239621	0	true
sp|O00754|MA2B1_HUMAN	16	0	7.8646085504077	0	true
sp|O00762|UBE2C_HUMAN	4	0	3.3010087011906823	0	true
sp|O00763|ACACB_HUMAN	1	13	8.971485046618215	0	true
sp|O00764|PDXK_HUMAN	13	0	9.431204608341517	0	true
sp|O00767|SCD_HUMAN	5	0	9.501001795691055	0	true
sp|O14493|CLD4_HUMAN	2	0	9.102060632174524	0	true
sp|O14494|PLPP1_HUMAN	2	0	2.4612734060333255	0	true
sp|O14497|ARI1A_HUMAN	39	0	6.486258227598279	0	true
sp|O14521|DHSD_HUMAN	2	0	5.9362955385104375	0	true
sp|O14523|C2C2L_HUMAN	7	0	5.834616971257255	0	true
sp|O14524|NEMP1_HUMAN	4	0	4.614603022196089	0	true
sp|O14530|TXND9_HUMAN	9	0	8.958631019442999	0	true
sp|O14545|TRAD1_HUMAN	13	0	6.636383059299579	0	true
sp|O14548|CO72L_HUMAN	7	0	8.692626624123124	0	true
sp|O14561|ACPM_HUMAN	3	0	9.575946231158714	0	true
sp|O14562|UBFD1_HUMAN	6	0	6.68768242757018	0	true
sp|O14569|C56D2_HUMAN	1	0	7.597538311399666	0	true
sp|O14578|CTRO_HUMAN	36	0	5.720746245742901	0	true
sp|O14579|COPE_HUMAN	11	0	9.788553242349959	0	true
sp|O14593|RFXK_HUMAN	4	0	2.981458543442814	0	true
sp|O14613|BORG1_HUMAN	2	0	4.348690567408438	0	true
sp|O14617|AP3D1_HUMAN	40	0	9.824380352885267	0	true
sp|O14618|CCS_HUMAN	7	0	8.643007749333076	0	true
sp|O14639|ABLM1_HUMAN	20	0	8.42612212751602	0	true
sp|O14640|DVL1_HUMAN	4	2	3.023225444433691	0	true
sp|O14641|DVL2_HUMAN	7	3	4.677094162399126	0	true
sp|O14646|CHD1_HUMAN	34	7	8.526711609172548	0	true
sp|O14647|CHD2_HUMAN	28	7	8.526711609172548	0	true
sp|O14653|GOSR2_HUMAN	3	0	5.72501942895143	0	true
sp|O14656|TOR1A_HUMAN	10	0	7.409770786205707	0	true
sp|O14657|TOR1B_HUMAN	7	0	6.886480665925783	0	true
sp|O14662|STX16_HUMAN	9	0	8.274162320975659	0	true
sp|O14672|ADA10_HUMAN	18	0	8.317739960870611	0	true
sp|O14678|ABCD4_HUMAN	8	0	3.3534210221087615	0	true
sp|O14681|EI24_HUMAN	4	0	4.022811707822638	0	true
sp|O14684|PTGES_HUMAN	4	0	7.1982474707757556	0	true
sp|O14686|KMT2D_HUMAN	19	0	4.55846376673151	0	true
sp|O14709|ZN197_HUMAN	1	1	7.22616602928	0	true
sp|O14713|ITBP1_HUMAN	3	0	2.235354293962075	0	true
sp|O14715|RGPD8_HUMAN	2	35	11.14380395095212	0	true
sp|O14727|APAF_HUMAN	20	0	4.1337375798192095	0	true
sp|O14730|RIOK3_HUMAN	12	0	5.9765442447216435	0	true
sp|O14732|IMPA2_HUMAN	8	0	5.588820489368036	0	true
sp|O14733|MP2K7_HUMAN	14	0	6.289180378517138	0	true
sp|O14734|ACOT8_HUMAN	10	0	9.74745115770679	0	true
sp|O14735|CDIPT_HUMAN	4	0	6.207434914305243	0	true
sp|O14737|PDCD5_HUMAN	7	0	8.065652208469414	0	true
sp|O14744|ANM5_HUMAN	24	0	9.507703424345548	0	true
sp|O14745|NHRF1_HUMAN	20	0	9.228864516542599	0	true
sp|O14757|CHK1_HUMAN	10	0	3.6113046831973863	0	true
sp|O14763|TR10B_HUMAN	8	0	4.237093258818088	0	true
sp|O14770|MEIS2_HUMAN	1	3	3.1075501831995895	0	true
sp|O14772|FPGT_HUMAN	11	0	3.8773767503327465	0	true
sp|O14773|TPP1_HUMAN	8	0	8.730015425484412	0	true
sp|O14776|TCRG1_HUMAN	46	0	9.7708591839719	0	true
sp|O14777|NDC80_HUMAN	17	0	4.150901863325259	0	true
sp|O14787|TNPO2_HUMAN	13	8	7.820079015627739	0	true
sp|O14795|UN13B_HUMAN	14	1	3.299946704149476	0	true
sp|O14802|RPC1_HUMAN	50	1	6.217364876447821	0	true
sp|O14818|PSA7_HUMAN	15	0	10.994887398359102	0	true
sp|O14828|SCAM3_HUMAN	7	0	9.761657873396423	0	true
sp|O14829|PPE1_HUMAN	1	0	2.223403510828505	0	true
sp|O14841|OPLA_HUMAN	6	0	2.375254263720419	0	true
sp|O14867|BACH1_HUMAN	11	0	2.417914872681112	0	true
sp|O14874|BCKD_HUMAN	6	0	7.664934067263032	0	true
sp|O14879|IFIT3_HUMAN	11	0	4.106270947415335	0	true
sp|O14880|MGST3_HUMAN	3	0	10.596954940781943	0	true
sp|O14893|GEMI2_HUMAN	5	0	7.786655552779691	0	true
sp|O14907|TX1B3_HUMAN	3	0	9.804495537994702	0	true
sp|O14908|GIPC1_HUMAN	13	1	10.47548221229148	0	true
sp|O14920|IKKB_HUMAN	20	0	7.913763019362747	0	true
sp|O14925|TIM23_HUMAN	5	0	6.751948397439301	0	true
sp|O14929|HAT1_HUMAN	9	0	9.933273960805371	0	true
sp|O14936|CSKP_HUMAN	23	0	7.294681597954273	0	true
sp|O14939|PLD2_HUMAN	4	0	2.4739025134043207	0	true
sp|O14949|QCR8_HUMAN	4	0	9.011547782448025	0	true
sp|O14950|ML12B_HUMAN;sp|P19105|ML12A_HUMAN	10	0	10.180544991967475	0	true
sp|O14964|HGS_HUMAN	17	0	9.626542387302239	0	true
sp|O14965|AURKA_HUMAN	11	1	5.206475340053638	0	true
sp|O14966|RAB7L_HUMAN	1	1	5.185763579206761	0	true
sp|O14967|CLGN_HUMAN	4	0	4.282149179072485	0	true
sp|O14972|VP26C_HUMAN	4	0	6.710477962214104	0	true
sp|O14974|MYPT1_HUMAN	35	2	11.247826264343669	0	true
sp|O14975|S27A2_HUMAN	28	0	9.811226255441042	0	true
sp|O14976|GAK_HUMAN	29	0	9.302357448062867	0	true
sp|O14979|HNRDL_HUMAN	12	2	9.845808479098409	0	true
sp|O14980|XPO1_HUMAN	45	0	11.389387855400335	0	true
sp|O14981|BTAF1_HUMAN	40	0	7.68688920371295	0	true
sp|O14986|PI51B_HUMAN	1	1	4.314651100698055	0	true
sp|O15013|ARHGA_HUMAN	19	0	6.929595380639027	0	true
sp|O15014|ZN609_HUMAN	17	0	4.493036077392045	0	true
sp|O15015|ZN646_HUMAN	11	0	3.1354516268151658	0	true
sp|O15020|SPTN2_HUMAN	79	10	9.322828145079505	0	true
sp|O15027|SC16A_HUMAN	57	0	9.491774863770168	0	true
sp|O15031|PLXB2_HUMAN	42	2	7.511018583020342	0	true
sp|O15037|KHNYN_HUMAN	5	0	3.741976092442651	0	true
sp|O15040|TCPR2_HUMAN	3	0	2.9853268404938467	0	true
sp|O15042|SR140_HUMAN	30	0	9.604202257649982	0	true
sp|O15047|SET1A_HUMAN	16	1	6.518562561574031	0	true
sp|O15056|SYNJ2_HUMAN	10	0	3.2861187313904456	0	true
sp|O15061|SYNEM_HUMAN	15	0	3.7675970453953527	0	true
sp|O15062|ZBTB5_HUMAN	5	0	3.655131703245182	0	true
sp|O15066|KIF3B_HUMAN	17	1	5.154729504902456	0	true
sp|O15067|PUR4_HUMAN	43	0	10.79084850343546	0	true
sp|O15084|ANR28_HUMAN	17	2	8.637149782772921	0	true
sp|O15085|ARHGB_HUMAN	14	0	7.003231665751832	0	true
sp|O15091|MRPP3_HUMAN	13	0	6.689022525469777	0	true
sp|O15111|IKKA_HUMAN	23	0	6.875435642669805	0	true
sp|O15116|LSM1_HUMAN	3	0	5.68424973113882	0	true
sp|O15118|NPC1_HUMAN	16	0	8.231179537949396	0	true
sp|O15119|TBX3_HUMAN	14	2	8.802998067092748	0	true
sp|O15120|PLCB_HUMAN	6	0	4.856180921041538	0	true
sp|O15121|DEGS1_HUMAN	3	0	7.950778357051623	0	true
sp|O15126|SCAM1_HUMAN	6	0	9.730214098604272	0	true
sp|O15127|SCAM2_HUMAN	4	0	9.722823007374927	0	true
sp|O15131|IMA6_HUMAN	1	9	10.174720451291906	0	true
sp|O15143|ARC1B_HUMAN	15	1	9.685866032511132	0	true
sp|O15144|ARPC2_HUMAN	17	0	8.885071088091427	0	true
sp|O15145|ARPC3_HUMAN	9	0	9.678169020744601	0	true
sp|O15151|MDM4_HUMAN	2	0	2.7913767317529636	0	true
sp|O15155|BET1_HUMAN	2	0	4.652383713283934	0	true
sp|O15156|ZBT7B_HUMAN	3	0	3.304656251229439	0	true
sp|O15160|RPAC1_HUMAN	13	0	11.274480586022337	0	true
sp|O15162|PLS1_HUMAN	7	0	8.638746687013379	0	true
sp|O15164|TIF1A_HUMAN	27	2	8.503200385578364	0	true
sp|O15169|AXIN1_HUMAN	2	0	2.7578370363687537	0	true
sp|O15173|PGRC2_HUMAN	9	1	10.217638123919247	0	true
sp|O15182|CETN3_HUMAN	3	0	4.4752977516722465	0	true
sp|O15198|SMAD9_HUMAN	0	4	8.977390223059045	0	true
sp|O15211|RGL2_HUMAN	8	0	3.0247244929438564	0	true
sp|O15212|PFD6_HUMAN	10	0	9.889838193035747	0	true
sp|O15213|WDR46_HUMAN	17	0	10.699740254337433	0	true
sp|O15228|GNPAT_HUMAN	21	0	8.353520380405241	0	true
sp|O15230|LAMA5_HUMAN	44	0	8.620170400370379	0	true
sp|O15231|ZN185_HUMAN	29	0	6.314868104067401	0	true
sp|O15232|MATN3_HUMAN	2	0	2.9117692601251917	0	true
sp|O15234|CASC3_HUMAN	16	0	7.073783946195617	0	true
sp|O15235|RT12_HUMAN	4	0	6.776347651730303	0	true
sp|O15254|ACOX3_HUMAN	7	0	2.657939392688762	0	true
sp|O15258|RER1_HUMAN	5	0	7.138391614995254	0	true
sp|O15260|SURF4_HUMAN	5	0	7.850572023106287	0	true
sp|O15265|ATX7_HUMAN	3	0	2.866494700225882	0	true
sp|O15269|SPTC1_HUMAN	15	0	9.492053098771436	0	true
sp|O15270|SPTC2_HUMAN	18	0	8.757609719348077	0	true
sp|O15287|FANCG_HUMAN	12	0	6.787522298005326	0	true
sp|O15294|OGT1_HUMAN	33	0	10.880977570702221	0	true
sp|O15297|PPM1D_HUMAN	3	0	2.0073806819621587	0	true
sp|O15304|SIVA_HUMAN	3	0	2.630191242542138	0	true
sp|O15305|PMM2_HUMAN	15	0	8.75655345386986	0	true
sp|O15315|RA51B_HUMAN	4	0	4.122061199023349	0	true
sp|O15318|RPC7_HUMAN	2	0	2.358604203886928	0	true
sp|O15321|TM9S1_HUMAN	10	0	7.092976327995842	0	true
sp|O15344|TRI18_HUMAN	19	0	5.108093489396324	0	true
sp|O15347|HMGB3_HUMAN	8	0	10.795967132712272	0	true
sp|O15355|PPM1G_HUMAN	21	0	10.101629706107804	0	true
sp|O15357|SHIP2_HUMAN	40	1	8.68846374486881	0	true
sp|O15360|FANCA_HUMAN	9	0	5.4531835166123255	0	true
sp|O15371|EIF3D_HUMAN	23	0	10.937219059080652	0	true
sp|O15372|EIF3H_HUMAN	17	0	10.143591094308972	0	true
sp|O15379|HDAC3_HUMAN	12	1	5.909729490041234	0	true
sp|O15381|NVL_HUMAN	33	0	10.133851647414534	0	true
sp|O15382|BCAT2_HUMAN	17	0	10.30263886631202	0	true
sp|O15391|TYY2_HUMAN	1	6	7.412147964555478	0	true
sp|O15392|BIRC5_HUMAN	3	0	4.8100824540408835	0	true
sp|O15397|IPO8_HUMAN	23	1	10.323286475324432	0	true
sp|O15400|STX7_HUMAN	7	0	8.7666842432915	0	true
sp|O15403|MOT7_HUMAN	8	0	5.32278937076595	0	true
sp|O15427|MOT4_HUMAN	11	0	7.77510009041245	0	true
sp|O15431|COPT1_HUMAN	2	0	6.9773148820929345	0	true
sp|O15438|MRP3_HUMAN	24	3	9.707728815339863	0	true
sp|O15439|MRP4_HUMAN	20	1	3.9184915053627805	0	true
sp|O15440|MRP5_HUMAN	8	3	3.1259454813556413	0	true
sp|O15446|RPA34_HUMAN	7	0	9.008795480411369	0	true
sp|O15455|TLR3_HUMAN	4	0	2.1533458985646625	0	true
sp|O15460|P4HA2_HUMAN	16	0	7.261877845090483	0	true
sp|O15498|YKT6_HUMAN	9	0	8.205225907166257	0	true
sp|O15504|NUP42_HUMAN	13	0	8.951593727731307	0	true
sp|O15511|ARPC5_HUMAN	6	1	9.97805431488631	0	true
sp|O15514|RPB4_HUMAN	6	0	7.862348946478113	0	true
sp|O15525|MAFG_HUMAN	2	4	4.877669924170174	0	true
sp|O15530|PDPK1_HUMAN	11	0	5.425701928124147	0	true
sp|O15533|TPSN_HUMAN	6	0	9.234206110935636	0	true
sp|O15535|ZSC9_HUMAN	1	1	7.22616602928	0	true
sp|O15541|R113A_HUMAN	11	0	7.26424573219267	0	true
sp|O15550|KDM6A_HUMAN	4	0	6.346044953542164	0	true
sp|O15554|KCNN4_HUMAN	8	0	6.464843823005421	0	true
sp|O43143|DHX15_HUMAN	40	1	10.446249010429568	0	true
sp|O43148|MCES_HUMAN	15	0	9.175074778871302	0	true
sp|O43149|ZZEF1_HUMAN	39	0	4.014981186092404	0	true
sp|O43150|ASAP2_HUMAN	6	1	4.36881596763704	0	true
sp|O43156|TTI1_HUMAN	19	0	9.404185987109168	0	true
sp|O43157|PLXB1_HUMAN	14	1	3.9688321773578155	0	true
sp|O43159|RRP8_HUMAN	20	0	10.928553589880988	0	true
sp|O43164|PJA2_HUMAN	4	0	3.8602545840064995	0	true
sp|O43166|SI1L1_HUMAN	21	1	4.939168543907079	0	true
sp|O43169|CYB5B_HUMAN	2	0	8.187975865441503	0	true
sp|O43172|PRP4_HUMAN	25	0	10.348836110885287	0	true
sp|O43175|SERA_HUMAN	22	0	10.8901183458532	0	true
sp|O43181|NDUS4_HUMAN	6	0	7.2412651192851465	0	true
sp|O43189|PHF1_HUMAN	8	0	2.1558994842905643	0	true
sp|O43237|DC1L2_HUMAN	13	1	9.003424813117967	0	true
sp|O43242|PSMD3_HUMAN	32	0	10.42955576954623	0	true
sp|O43248|HXC11_HUMAN	2	0	2.74882338134435	0	true
sp|O43251|RFOX2_HUMAN	8	0	6.948930528392104	0	true
sp|O43252|PAPS1_HUMAN	24	1	9.643413919496313	0	true
sp|O43257|ZNHI1_HUMAN	2	0	2.1805340771723354	0	true
sp|O43264|ZW10_HUMAN	26	0	10.45498480400767	0	true
sp|O43290|SNUT1_HUMAN	39	0	9.575439129965565	0	true
sp|O43292|GPAA1_HUMAN	11	0	6.773913239194092	0	true
sp|O43293|DAPK3_HUMAN	9	0	5.090786108527708	0	true
sp|O43294|TGFI1_HUMAN	9	0	5.255592616138878	0	true
sp|O43298|ZBT43_HUMAN	8	0	4.031688392833869	0	true
sp|O43299|AP5Z1_HUMAN	4	0	2.654823959342545	0	true
sp|O43306|ADCY6_HUMAN	2	0	2.7162848343945543	0	true
sp|O43309|ZSC12_HUMAN	1	2	7.22616602928	0	true
sp|O43310|CTIF_HUMAN	11	0	3.2422159298712367	0	true
sp|O43314|VIP2_HUMAN	27	5	8.502397907897375	0	true
sp|O43318|M3K7_HUMAN	8	0	5.920523964438453	0	true
sp|O43324|MCA3_HUMAN	10	0	8.628819116143537	0	true
sp|O43353|RIPK2_HUMAN	11	0	6.556290020187665	0	true
sp|O43379|WDR62_HUMAN	12	0	4.315957585386391	0	true
sp|O43390|HNRPR_HUMAN	20	9	10.650636445503057	0	true
sp|O43395|PRPF3_HUMAN	28	0	8.84942982549542	0	true
sp|O43396|TXNL1_HUMAN	18	0	10.551232105744965	0	true
sp|O43399|TPD54_HUMAN	15	0	9.538390748635624	0	true
sp|O43402|EMC8_HUMAN	10	0	9.21248474059734	0	true
sp|O43414|ERI3_HUMAN	11	0	8.040704680642158	0	true
sp|O43422|P52K_HUMAN	16	0	6.810187133908382	0	true
sp|O43426|SYNJ1_HUMAN	28	0	3.9890392183490717	0	true
sp|O43427|FIBP_HUMAN	9	0	5.228621714892786	0	true
sp|O43432|IF4G3_HUMAN	40	5	8.949809844720114	0	true
sp|O43447|PPIH_HUMAN	10	0	7.885465864713471	0	true
sp|O43462|MBTP2_HUMAN	2	0	3.483117822176672	0	true
sp|O43463|SUV91_HUMAN	9	0	3.12972813077462	0	true
sp|O43464|HTRA2_HUMAN	9	0	6.642665164468934	0	true
sp|O43474|KLF4_HUMAN	4	0	6.6709399708633645	0	true
sp|O43488|ARK72_HUMAN	7	3	9.214756635942955	0	true
sp|O43491|E41L2_HUMAN	38	4	9.53492580112345	0	true
sp|O43493|TGON2_HUMAN	11	0	9.336346576366685	0	true
sp|O43502|RA51C_HUMAN	6	0	2.9093154596782367	0	true
sp|O43504|LTOR5_HUMAN	4	0	6.9505332458126405	0	true
sp|O43505|B4GA1_HUMAN	8	0	8.53698814068158	0	true
sp|O43513|MED7_HUMAN	6	0	5.168381623970365	0	true
sp|O43524|FOXO3_HUMAN	4	0	3.8061342328231476	0	true
sp|O43567|RNF13_HUMAN	6	0	6.561330297811866	0	true
sp|O43570|CAH12_HUMAN	1	0	2.6137029131630087	0	true
sp|O43572|AKA10_HUMAN	13	0	4.505080075897381	0	true
sp|O43583|DENR_HUMAN	8	0	8.674869708968886	0	true
sp|O43592|XPOT_HUMAN	28	0	9.440555351100356	0	true
sp|O43598|DNPH1_HUMAN	4	0	10.711681386530563	0	true
sp|O43615|TIM44_HUMAN	27	0	10.136884721570308	0	true
sp|O43617|TPPC3_HUMAN	9	0	6.029071916373655	0	true
sp|O43633|CHM2A_HUMAN	7	0	11.348888965115306	0	true
sp|O43639|NCK2_HUMAN	1	2	5.2829854653664565	0	true
sp|O43653|PSCA_HUMAN	2	0	6.666608767032744	0	true
sp|O43657|TSN6_HUMAN	5	0	7.496402045321333	0	true
sp|O43660|PLRG1_HUMAN	20	0	10.531476099191089	0	true
sp|O43663|PRC1_HUMAN	18	0	5.568322510299507	0	true
sp|O43665|RGS10_HUMAN	5	0	4.051440250372705	0	true
sp|O43670|ZN207_HUMAN	8	0	8.847589824407502	0	true
sp|O43674|NDUB5_HUMAN	4	0	8.796727905813885	0	true
sp|O43676|NDUB3_HUMAN	3	0	8.405895222919224	0	true
sp|O43677|NDUC1_HUMAN	2	0	3.8959186646049306	0	true
sp|O43678|NDUA2_HUMAN	5	0	7.704679936291674	0	true
sp|O43681|GET3_HUMAN	14	0	9.514331460891638	0	true
sp|O43684|BUB3_HUMAN	12	0	9.759091725412027	0	true
sp|O43688|PLPP2_HUMAN	5	0	5.4270171198699	0	true
sp|O43707|ACTN4_HUMAN	38	21	11.378996460703675	0	true
sp|O43708|MAAI_HUMAN	8	0	9.65265703976349	0	true
sp|O43709|BUD23_HUMAN	7	0	8.981820641531282	0	true
sp|O43715|TRIA1_HUMAN	4	0	6.181991347657017	0	true
sp|O43716|GATC_HUMAN	4	0	3.829258377181716	0	true
sp|O43719|HTSF1_HUMAN	34	0	11.269823271104272	0	true
sp|O43739|CYH3_HUMAN	1	3	3.702615223746183	0	true
sp|O43741|AAKB2_HUMAN	3	1	1.9260244165553329	0	true
sp|O43747|AP1G1_HUMAN	24	0	9.239644225640554	0	true
sp|O43752|STX6_HUMAN	5	0	7.310798325839488	0	true
sp|O43760|SNG2_HUMAN	4	0	6.939938429022976	0	true
sp|O43765|SGTA_HUMAN	12	0	8.869737067599269	0	true
sp|O43768|ENSA_HUMAN	6	1	9.476261599142177	0	true
sp|O43772|MCAT_HUMAN	12	0	7.375086653036823	0	true
sp|O43776|SYNC_HUMAN	24	0	9.732847347837133	0	true
sp|O43795|MYO1B_HUMAN	22	1	5.402200015809663	0	true
sp|O43805|SSNA1_HUMAN	4	0	7.8234947846547405	0	true
sp|O43808|PM34_HUMAN	8	0	7.298423030091314	0	true
sp|O43809|CPSF5_HUMAN	10	0	10.254156669314428	0	true
sp|O43813|LANC1_HUMAN	13	0	8.915675918597966	0	true
sp|O43815|STRN_HUMAN	25	1	7.780600032254533	0	true
sp|O43818|U3IP2_HUMAN	16	0	10.236839424230055	0	true
sp|O43819|SCO2_HUMAN	4	0	6.274447030249799	0	true
sp|O43823|AKAP8_HUMAN	20	0	9.199382908183788	0	true
sp|O43824|GTPB6_HUMAN	13	0	4.843432192160311	0	true
sp|O43829|ZBT14_HUMAN	3	0	2.4291815181573777	0	true
sp|O43837|IDH3B_HUMAN	19	0	9.830800338925574	0	true
sp|O43847|NRDC_HUMAN	39	0	10.03833125170214	0	true
sp|O43852|CALU_HUMAN	15	0	10.010844914786249	0	true
sp|O43865|SAHH2_HUMAN	10	12	9.130011935499702	0	true
sp|O43896|KIF1C_HUMAN	10	6	5.914820102308272	0	true
sp|O43900|PRIC3_HUMAN	2	0	2.6718136769278567	0	true
sp|O43913|ORC5_HUMAN	11	0	8.256779460548165	0	true
sp|O43920|NDUS5_HUMAN	7	0	8.399171088738703	0	true
sp|O43924|PDE6D_HUMAN	3	0	5.200472265848282	0	true
sp|O43929|ORC4_HUMAN	13	0	8.273536308155236	0	true
sp|O43930|PRKY_HUMAN;sp|P51817|PRKX_HUMAN	1	1	4.488415554171032	0	true
sp|O43933|PEX1_HUMAN	22	0	4.225946228353813	0	true
sp|O60216|RAD21_HUMAN	26	0	10.29778000085685	0	true
sp|O60218|AK1BA_HUMAN	4	3	6.511646878275284	0	true
sp|O60220|TIM8A_HUMAN	4	0	8.843214568562919	0	true
sp|O60231|DHX16_HUMAN	38	1	8.375540816391933	0	true
sp|O60232|ZNRD2_HUMAN	9	0	9.582106612296819	0	true
sp|O60237|MYPT2_HUMAN	4	1	3.5709593275899736	0	true
sp|O60238|BNI3L_HUMAN	1	1	2.317865011731627	0	true
sp|O60239|3BP5_HUMAN	3	0	3.240764165523498	0	true
sp|O60244|MED14_HUMAN	30	0	6.465078171996349	0	true
sp|O60256|KPRB_HUMAN	15	1	7.943288833352439	0	true
sp|O60264|SMCA5_HUMAN	36	17	11.630465949376658	0	true
sp|O60266|ADCY3_HUMAN	4	0	1.968030135115281	0	true
sp|O60271|JIP4_HUMAN	45	0	10.044579114378386	0	true
sp|O60284|ST18_HUMAN	1	0	2.5428335320488595	0	true
sp|O60287|NPA1P_HUMAN	53	0	10.229672702409735	0	true
sp|O60293|ZC3H1_HUMAN	32	0	7.299127091338973	0	true
sp|O60294|TYW4_HUMAN	17	0	6.595722868948967	0	true
sp|O60306|AQR_HUMAN	41	1	7.605517444877742	0	true
sp|O60307|MAST3_HUMAN	2	2	3.379431630616086	0	true
sp|O60313|OPA1_HUMAN	41	0	9.679372036529632	0	true
sp|O60318|GANP_HUMAN	32	0	7.040359994539009	0	true
sp|O60331|PI51C_HUMAN	3	2	4.86788582113919	0	true
sp|O60333|KIF1B_HUMAN	17	11	6.395789249561902	0	true
sp|O60337|MARH6_HUMAN	1	0	2.1079441417875677	0	true
sp|O60341|KDM1A_HUMAN	29	0	9.686127711428755	0	true
sp|O60343|TBCD4_HUMAN	38	0	8.798000090580402	0	true
sp|O60347|TBC12_HUMAN	5	0	2.106937380009726	0	true
sp|O60353|FZD6_HUMAN	4	0	2.035169235055678	0	true
sp|O60361|NDK8_HUMAN	1	10	10.32432698152504	0	true
sp|O60427|FADS1_HUMAN	14	0	7.136832176252823	0	true
sp|O60437|PEPL_HUMAN	85	0	9.17720263443878	0	true
sp|O60443|GSDME_HUMAN	16	0	8.571440657275064	0	true
sp|O60447|EVI5_HUMAN	12	0	4.6836784590775515	0	true
sp|O60462|NRP2_HUMAN	5	0	3.237701671482355	0	true
sp|O60476|MA1A2_HUMAN	10	1	2.4811558588441405	0	true
sp|O60487|MPZL2_HUMAN	4	0	7.382285515903177	0	true
sp|O60488|ACSL4_HUMAN	31	3	10.053482513996215	0	true
sp|O60493|SNX3_HUMAN	6	2	8.990782701240228	0	true
sp|O60499|STX10_HUMAN	6	0	8.238428688816619	0	true
sp|O60502|OGA_HUMAN	34	0	9.450490954705518	0	true
sp|O60504|VINEX_HUMAN	16	0	5.927115889858151	0	true
sp|O60506|HNRPQ_HUMAN	17	9	10.91245004535154	0	true
sp|O60508|PRP17_HUMAN	28	0	8.378947223400525	0	true
sp|O60518|RNBP6_HUMAN	26	2	8.635696832749204	0	true
sp|O60524|NEMF_HUMAN	27	0	8.731965376819044	0	true
sp|O60547|GMDS_HUMAN	18	0	10.197551310937108	0	true
sp|O60551|NMT2_HUMAN	1	3	5.991666869336321	0	true
sp|O60563|CCNT1_HUMAN	16	1	7.6008178466319904	0	true
sp|O60566|BUB1B_HUMAN	30	0	6.067970519312095	0	true
sp|O60568|PLOD3_HUMAN	26	0	11.714339750634792	0	true
sp|O60573|IF4E2_HUMAN	10	0	7.281680286120454	0	true
sp|O60583|CCNT2_HUMAN	3	1	4.605020509617187	0	true
sp|O60610|DIAP1_HUMAN	50	0	11.151484213171809	0	true
sp|O60613|SEP15_HUMAN	3	0	10.997054009287153	0	true
sp|O60637|TSN3_HUMAN	2	0	2.986372849520109	0	true
sp|O60645|EXOC3_HUMAN	23	0	8.333764018454017	0	true
sp|O60658|PDE8A_HUMAN	10	2	2.7047472319743475	0	true
sp|O60664|PLIN3_HUMAN	18	0	9.751304925136209	0	true
sp|O60669|MOT2_HUMAN	4	0	5.773118455142545	0	true
sp|O60671|RAD1_HUMAN	4	0	5.095855228056257	0	true
sp|O60675|MAFK_HUMAN	3	4	4.877669924170174	0	true
sp|O60678|ANM3_HUMAN	16	0	8.450466600423631	0	true
sp|O60683|PEX10_HUMAN	3	0	2.5226747073072646	0	true
sp|O60684|IMA7_HUMAN	8	9	10.174720451291906	0	true
sp|O60701|UGDH_HUMAN	25	0	10.601135213442115	0	true
sp|O60706|ABCC9_HUMAN	1	1	3.1996920510900275	0	true
sp|O60716|CTND1_HUMAN	38	0	10.427583962764396	0	true
sp|O60739|EIF1B_HUMAN;sp|P41567|EIF1_HUMAN	3	0	10.303305008187078	0	true
sp|O60749|SNX2_HUMAN	19	2	11.83250975480335	0	true
sp|O60762|DPM1_HUMAN	11	0	8.347028749135745	0	true
sp|O60763|USO1_HUMAN	36	0	9.055201855807551	0	true
sp|O60779|S19A2_HUMAN	3	0	4.694201757363221	0	true
sp|O60783|RT14_HUMAN	3	0	9.784477850324649	0	true
sp|O60784|TOM1_HUMAN	11	0	8.713737263167053	0	true
sp|O60812|HNRC1_HUMAN	1	9	8.734964087545265	0	true
sp|O60814|H2B1K_HUMAN;sp|P57053|H2BFS_HUMAN;sp|P58876|H2B1D_HUMAN;sp|P62807|H2B1C_HUMAN;sp|Q5QNW6|H2B2F_HUMAN;sp|Q93079|H2B1H_HUMAN;sp|Q99877|H2B1N_HUMAN;sp|Q99879|H2B1M_HUMAN;sp|Q99880|H2B1L_HUMAN	2	7	8.881974809853883	0	true
sp|O60825|F262_HUMAN	21	4	8.901982604946722	0	true
sp|O60826|CCD22_HUMAN	22	1	6.681679497681528	0	true
sp|O60828|PQBP1_HUMAN	9	0	7.6626179888086465	0	true
sp|O60830|TI17B_HUMAN	5	0	6.9976089396363	0	true
sp|O60831|PRAF2_HUMAN	2	0	4.977798687325412	0	true
sp|O60832|DKC1_HUMAN	26	0	10.16030460515782	0	true
sp|O60841|IF2P_HUMAN	55	0	9.970715799044878	0	true
sp|O60858|TRI13_HUMAN	4	0	2.5342727420479654	0	true
sp|O60869|EDF1_HUMAN	10	0	8.017694045474636	0	true
sp|O60870|KIN17_HUMAN	14	1	6.660616652647178	0	true
sp|O60879|DIAP2_HUMAN	30	0	8.715311548651425	0	true
sp|O60884|DNJA2_HUMAN	17	0	10.146758911921003	0	true
sp|O60885|BRD4_HUMAN	28	7	7.206885012202025	0	true
sp|O60888|CUTA_HUMAN	4	0	9.2155023895794	0	true
sp|O60890|OPHN1_HUMAN	5	0	3.1691306351301796	0	true
sp|O60906|NSMA_HUMAN	4	0	2.2943703853402924	0	true
sp|O60907|TBL1X_HUMAN	12	5	9.140618263042223	0	true
sp|O60921|HUS1_HUMAN	6	0	8.656425660803015	0	true
sp|O60925|PFD1_HUMAN	6	0	8.28191930135601	0	true
sp|O60927|PP1RB_HUMAN	4	0	7.1485014446283985	0	true
sp|O60930|RNH1_HUMAN	3	0	2.8572370843358685	0	true
sp|O60934|NBN_HUMAN	27	0	7.972133973533786	0	true
sp|O60936|NOL3_HUMAN	6	0	6.3854487293749065	0	true
sp|O60941|DTNB_HUMAN	5	4	3.109915335277036	0	true
sp|O60942|MCE1_HUMAN	21	0	6.898130137156038	0	true
sp|O75027|ABCB7_HUMAN	13	0	7.996309588756543	0	true
sp|O75030|MITF_HUMAN	2	3	2.9797551785954206	0	true
sp|O75044|SRGP2_HUMAN	13	14	7.282882817074012	0	true
sp|O75051|PLXA2_HUMAN	7	3	2.416214568567924	0	true
sp|O75052|CAPON_HUMAN	3	0	2.464481703275509	0	true
sp|O75054|IGSF3_HUMAN	6	0	3.060672387211604	0	true
sp|O75063|XYLK_HUMAN	7	0	7.015004529460039	0	true
sp|O75064|DEN4B_HUMAN	7	0	3.7989529112841987	0	true
sp|O75069|TMCC2_HUMAN	2	0	2.1895775651777662	0	true
sp|O75072|FKTN_HUMAN	1	0	3.108933380419686	0	true
sp|O75083|WDR1_HUMAN	22	0	10.676161766794403	0	true
sp|O75110|ATP9A_HUMAN	8	0	3.3691855866191234	0	true
sp|O75113|N4BP1_HUMAN	7	0	2.8333798785382234	0	true
sp|O75116|ROCK2_HUMAN	60	8	10.000640160339035	0	true
sp|O75122|CLAP2_HUMAN	40	5	9.867352950758368	0	true
sp|O75123|ZN623_HUMAN	2	2	7.22616602928	0	true
sp|O75127|PTCD1_HUMAN	17	0	6.966289120253314	0	true
sp|O75128|COBL_HUMAN	29	0	7.501390516312192	0	true
sp|O75131|CPNE3_HUMAN	18	1	9.900558284108747	0	true
sp|O75143|ATG13_HUMAN	6	0	2.4417822488475487	0	true
sp|O75144|ICOSL_HUMAN	2	0	2.2689766290723816	0	true
sp|O75145|LIPA3_HUMAN	1	5	4.349588448516854	0	true
sp|O75146|HIP1R_HUMAN	36	2	7.395304169168387	0	true
sp|O75147|OBSL1_HUMAN	15	0	2.7317902894386528	0	true
sp|O75150|BRE1B_HUMAN	30	3	8.495095065504168	0	true
sp|O75151|PHF2_HUMAN	15	2	5.557920152651868	0	true
sp|O75152|ZC11A_HUMAN	20	10	9.296332370219435	0	true
sp|O75153|CLU_HUMAN	52	0	8.680016093523989	0	true
sp|O75154|RFIP3_HUMAN	3	0	2.016198209767906	0	true
sp|O75157|T22D2_HUMAN	4	3	6.536241502373035	0	true
sp|O75164|KDM4A_HUMAN	8	0	2.7827701804186513	0	true
sp|O75165|DJC13_HUMAN	72	0	11.158550221629886	0	true
sp|O75170|PP6R2_HUMAN	11	0	4.100068912217919	0	true
sp|O75175|CNOT3_HUMAN	12	0	7.867576946450449	0	true
sp|O75179|ANR17_HUMAN	37	13	10.014517511577935	0	true
sp|O75182|SIN3B_HUMAN	11	0	3.3599290277681306	0	true
sp|O75190|DNJB6_HUMAN	8	1	4.137532646909424	0	true
sp|O75191|XYLB_HUMAN	10	0	3.603561220428053	0	true
sp|O75197|LRP5_HUMAN	1	1	2.1872158634295515	0	true
sp|O75208|COQ9_HUMAN	8	0	10.444869706286523	0	true
sp|O75223|GGCT_HUMAN	9	0	9.087720182736374	0	true
sp|O75251|NDUS7_HUMAN	4	0	9.905309115895665	0	true
sp|O75306|NDUS2_HUMAN	17	0	9.012901961784669	0	true
sp|O75312|ZPR1_HUMAN	17	0	10.659974504684774	0	true
sp|O75317|UBP12_HUMAN	1	3	3.3148734440592613	0	true
sp|O75319|DUS11_HUMAN	9	0	6.194395236873375	0	true
sp|O75323|NIPS2_HUMAN	6	2	6.608967118882472	0	true
sp|O75326|SEM7A_HUMAN	3	0	1.972430326639529	0	true
sp|O75330|HMMR_HUMAN	8	1	2.7961405641344186	0	true
sp|O75334|LIPA2_HUMAN	1	8	6.761466696412843	0	true
sp|O75340|PDCD6_HUMAN	8	0	8.722305269670029	0	true
sp|O75347|TBCA_HUMAN	7	0	7.729237625968285	0	true
sp|O75348|VATG1_HUMAN	3	0	8.31208237912587	0	true
sp|O75351|VPS4B_HUMAN	15	4	9.047154636515002	0	true
sp|O75352|MPU1_HUMAN	3	0	8.360346721956974	0	true
sp|O75356|ENTP5_HUMAN	5	0	2.209661317468796	0	true
sp|O75362|ZN217_HUMAN	3	0	2.0416705814110743	0	true
sp|O75367|H2AY_HUMAN	12	2	10.132399927242453	0	true
sp|O75368|SH3L1_HUMAN	9	0	8.42536166306472	0	true
sp|O75369|FLNB_HUMAN	129	12	10.464293693258838	0	true
sp|O75376|NCOR1_HUMAN	50	2	7.591945419563474	0	true
sp|O75379|VAMP4_HUMAN	3	0	5.338716808154686	0	true
sp|O75380|NDUS6_HUMAN	5	0	9.483134945577726	0	true
sp|O75381|PEX14_HUMAN	8	0	6.874828830800739	0	true
sp|O75382|TRIM3_HUMAN	7	0	2.2364379616250116	0	true
sp|O75390|CISY_HUMAN	15	0	7.627856498534492	0	true
sp|O75391|SPAG7_HUMAN	9	0	8.11796248584266	0	true
sp|O75394|RM33_HUMAN	2	0	5.2380613297602965	0	true
sp|O75396|SC22B_HUMAN	12	0	8.560658130961327	0	true
sp|O75400|PR40A_HUMAN	29	2	8.725969129208279	0	true
sp|O75410|TACC1_HUMAN	11	1	3.986684492923145	0	true
sp|O75414|NDK6_HUMAN	5	0	3.705393124150917	0	true
sp|O75419|CDC45_HUMAN	11	0	5.6313073391558275	0	true
sp|O75420|GGYF1_HUMAN	9	0	3.047536070630909	0	true
sp|O75427|LRCH4_HUMAN	7	0	3.22223315095751	0	true
sp|O75431|MTX2_HUMAN	8	0	8.42642468642008	0	true
sp|O75436|VP26A_HUMAN	15	0	11.373527657213366	0	true
sp|O75438|NDUB1_HUMAN	3	0	8.470004081045346	0	true
sp|O75439|MPPB_HUMAN	20	1	9.336699212021736	0	true
sp|O75446|SAP30_HUMAN	5	0	5.448257986985164	0	true
sp|O75448|MED24_HUMAN	18	0	8.911099996439097	0	true
sp|O75449|KTNA1_HUMAN	9	3	5.207693419568544	0	true
sp|O75467|Z324A_HUMAN	4	0	2.953338889665583	0	true
sp|O75475|PSIP1_HUMAN	22	1	9.83961541072064	0	true
sp|O75477|ERLN1_HUMAN	12	2	7.919580081207001	0	true
sp|O75478|TAD2A_HUMAN	1	0	2.4640068645447166	0	true
sp|O75489|NDUS3_HUMAN	14	0	9.561966707037726	0	true
sp|O75494|SRS10_HUMAN	9	0	8.44448170962455	0	true
sp|O75496|GEMI_HUMAN	6	0	4.158099852397925	0	true
sp|O75503|CLN5_HUMAN	3	0	3.499531607490419	0	true
sp|O75506|HSBP1_HUMAN	3	0	5.179449990501675	0	true
sp|O75521|ECI2_HUMAN	11	0	10.172033578033469	0	true
sp|O75525|KHDR3_HUMAN	5	2	5.989585542789587	0	true
sp|O75526|RMXL2_HUMAN	1	4	6.965173287981231	0	true
sp|O75528|TADA3_HUMAN	6	0	4.473331098698983	0	true
sp|O75529|TAF5L_HUMAN	8	0	3.1880991725573047	0	true
sp|O75530|EED_HUMAN	17	0	6.792638817946629	0	true
sp|O75531|BAF_HUMAN	8	0	9.673082975611019	0	true
sp|O75533|SF3B1_HUMAN	52	0	10.385703436990749	0	true
sp|O75534|CSDE1_HUMAN	40	0	10.420216640819849	0	true
sp|O75554|WBP4_HUMAN	6	0	5.572716505499513	0	true
sp|O75569|PRKRA_HUMAN	10	0	9.268004206322058	0	true
sp|O75570|RF1M_HUMAN	3	0	2.468310332510304	0	true
sp|O75575|RPC9_HUMAN	3	0	3.7185568721401783	0	true
sp|O75581|LRP6_HUMAN	6	1	2.265118267795745	0	true
sp|O75582|KS6A5_HUMAN	17	1	6.6852759924895375	0	true
sp|O75586|MED6_HUMAN	6	0	6.119701962665608	0	true
sp|O75592|MYCB2_HUMAN	75	0	6.865093757783982	0	true
sp|O75600|KBL_HUMAN	6	0	5.136487104647192	0	true
sp|O75607|NPM3_HUMAN	4	0	10.862320698770523	0	true
sp|O75608|LYPA1_HUMAN	6	0	8.83212628192878	0	true
sp|O75616|ERAL1_HUMAN	12	0	9.631651138883297	0	true
sp|O75629|CREG1_HUMAN	3	0	4.80371978303628	0	true
sp|O75643|U520_HUMAN	105	1	10.812177099171661	0	true
sp|O75648|MTU1_HUMAN	11	0	5.265573999806037	0	true
sp|O75663|TIPRL_HUMAN	8	0	10.052384307585589	0	true
sp|O75665|OFD1_HUMAN	14	0	4.820064772144983	0	true
sp|O75674|TM1L1_HUMAN	7	0	4.105566067690727	0	true
sp|O75676|KS6A4_HUMAN	19	1	7.583010217806472	0	true
sp|O75683|SURF6_HUMAN	13	0	9.382974067243925	0	true
sp|O75688|PPM1B_HUMAN	10	3	8.540931057640298	0	true
sp|O75691|UTP20_HUMAN	84	0	9.442792310775886	0	true
sp|O75694|NU155_HUMAN	38	0	10.386982093413183	0	true
sp|O75695|XRP2_HUMAN	8	0	7.491004130345253	0	true
sp|O75715|GPX5_HUMAN	1	0	2.067151568203338	0	true
sp|O75717|WDHD1_HUMAN	45	0	11.231124992027715	0	true
sp|O75718|CRTAP_HUMAN	14	0	8.463659930616057	0	true
sp|O75746|S2512_HUMAN	18	7	9.477546223351013	0	true
sp|O75771|RA51D_HUMAN	3	0	3.6528388903495066	0	true
sp|O75787|RENR_HUMAN	10	0	9.301246630808686	0	true
sp|O75792|RNH2A_HUMAN	11	0	8.906004178216852	0	true
sp|O75794|CD123_HUMAN	9	0	8.088137243447072	0	true
sp|O75807|PR15A_HUMAN	3	0	2.890445564812613	0	true
sp|O75815|BCAR3_HUMAN	21	1	6.21971515012209	0	true
sp|O75817|POP7_HUMAN	4	0	9.517182012591896	0	true
sp|O75818|RPP40_HUMAN	12	0	8.286340471204207	0	true
sp|O75821|EIF3G_HUMAN	20	0	10.796595579953795	0	true
sp|O75822|EIF3J_HUMAN	17	0	9.571311092336616	0	true
sp|O75828|CBR3_HUMAN	12	2	9.146550362313716	0	true
sp|O75832|PSD10_HUMAN	9	0	9.580614608448844	0	true
sp|O75843|AP1G2_HUMAN	5	0	5.094690639976726	0	true
sp|O75844|FACE1_HUMAN	14	0	9.9451644619754	0	true
sp|O75864|PPR37_HUMAN	1	0	4.141348692213587	0	true
sp|O75865|TPC6A_HUMAN	2	0	2.240224884765559	0	true
sp|O75874|IDHC_HUMAN	19	1	10.570176959849443	0	true
sp|O75879|GATB_HUMAN	10	0	4.98969167529919	0	true
sp|O75880|SCO1_HUMAN	5	0	7.281229825921529	0	true
sp|O75882|ATRN_HUMAN	1	0	1.9068815308635503	0	true
sp|O75884|RBBP9_HUMAN	6	0	6.584800027245942	0	true
sp|O75886|STAM2_HUMAN	10	2	6.962668535765666	0	true
sp|O75891|AL1L1_HUMAN	5	3	5.423784749970927	0	true
sp|O75909|CCNK_HUMAN	11	0	8.108575511016637	0	true
sp|O75915|PRAF3_HUMAN	4	0	8.205492186202907	0	true
sp|O75923|DYSF_HUMAN	1	1	8.685759046087268	0	true
sp|O75925|PIAS1_HUMAN	4	1	5.472283487854331	0	true
sp|O75928|PIAS2_HUMAN	3	1	5.472283487854331	0	true
sp|O75934|SPF27_HUMAN	13	0	9.11472649728453	0	true
sp|O75935|DCTN3_HUMAN	6	0	8.370300179017311	0	true
sp|O75937|DNJC8_HUMAN	13	0	8.557213188901635	0	true
sp|O75940|SPF30_HUMAN	9	0	8.721344695853503	0	true
sp|O75943|RAD17_HUMAN	7	0	3.6724920944041055	0	true
sp|O75947|ATP5H_HUMAN	9	0	8.657190875280913	0	true
sp|O75955|FLOT1_HUMAN	28	0	9.280621442217873	0	true
sp|O75962|TRIO_HUMAN	26	2	4.779563330373445	0	true
sp|O75964|ATP5L_HUMAN	6	0	8.794909872251438	0	true
sp|O75971|SNPC5_HUMAN	2	0	2.104881282199869	0	true
sp|O75976|CBPD_HUMAN	36	0	7.769396687617272	0	true
sp|O76003|GLRX3_HUMAN	14	0	9.121694518437717	0	true
sp|O76021|RL1D1_HUMAN	21	0	9.108511604294135	0	true
sp|O76024|WFS1_HUMAN	8	0	3.287255835198922	0	true
sp|O76031|CLPX_HUMAN	20	0	10.352785083298807	0	true
sp|O76054|S14L2_HUMAN	5	2	6.823449405484412	0	true
sp|O76061|STC2_HUMAN	2	0	2.4561518699333162	0	true
sp|O76070|SYUG_HUMAN	2	0	3.687306029934805	0	true
sp|O76071|CIAO1_HUMAN	12	0	8.337395592698808	0	true
sp|O76075|DFFB_HUMAN	7	0	4.719539896778404	0	true
sp|O76094|SRP72_HUMAN	30	0	10.894893207795416	0	true
sp|O76095|JTB_HUMAN	2	0	5.253661951463253	0	true
sp|O77932|DXO_HUMAN	6	0	8.111757937726804	0	true
sp|O94760|DDAH1_HUMAN	12	1	8.476436958658102	0	true
sp|O94761|RECQ4_HUMAN	5	0	3.2341192662948592	0	true
sp|O94762|RECQ5_HUMAN	22	0	4.390164485762245	0	true
sp|O94763|RMP_HUMAN	11	0	3.9696773367898848	0	true
sp|O94766|B3GA3_HUMAN	11	0	4.7116914601700906	0	true
sp|O94776|MTA2_HUMAN	34	4	9.792188899340687	0	true
sp|O94782|UBP1_HUMAN	4	0	2.731943260647637	0	true
sp|O94788|AL1A2_HUMAN	2	3	2.9863291903083473	0	true
sp|O94804|STK10_HUMAN	25	2	6.040393045100153	0	true
sp|O94805|ACL6B_HUMAN	1	4	8.868353985128488	0	true
sp|O94806|KPCD3_HUMAN	6	5	2.580783000530955	0	true
sp|O94808|GFPT2_HUMAN	7	5	8.895623257798166	0	true
sp|O94822|LTN1_HUMAN	38	0	7.4692882441690935	0	true
sp|O94826|TOM70_HUMAN	26	0	11.28143520723685	0	true
sp|O94829|IPO13_HUMAN	12	0	7.548233397354918	0	true
sp|O94830|DDHD2_HUMAN	9	1	5.783740749462745	0	true
sp|O94832|MYO1D_HUMAN	1	2	6.427289201524252	0	true
sp|O94842|TOX4_HUMAN	10	0	9.26156297344593	0	true
sp|O94851|MICA2_HUMAN	2	0	2.486026132968073	0	true
sp|O94855|SC24D_HUMAN	18	1	9.235657079422555	0	true
sp|O94864|ST65G_HUMAN	5	0	6.5481236058613455	0	true
sp|O94868|FCSD2_HUMAN	5	0	2.3076412486017777	0	true
sp|O94874|UFL1_HUMAN	37	1	9.398338164378975	0	true
sp|O94875|SRBS2_HUMAN	2	0	2.2239492217716075	0	true
sp|O94880|PHF14_HUMAN	21	0	6.896409034194023	0	true
sp|O94886|CSCL1_HUMAN	3	0	4.402445636783027	0	true
sp|O94887|FARP2_HUMAN	4	0	5.347357234561175	0	true
sp|O94888|UBXN7_HUMAN	14	0	10.172434595012353	0	true
sp|O94892|ZN432_HUMAN	1	2	4.47396202086979	0	true
sp|O94901|SUN1_HUMAN	21	1	7.708676089203198	0	true
sp|O94903|PLPHP_HUMAN	10	0	10.02221417113579	0	true
sp|O94905|ERLN2_HUMAN	15	2	10.670620505338206	0	true
sp|O94906|PRP6_HUMAN	51	0	10.05998217560721	0	true
sp|O94913|PCF11_HUMAN	31	0	6.778005973153168	0	true
sp|O94915|FRYL_HUMAN	33	0	7.323982680328333	0	true
sp|O94916|NFAT5_HUMAN	6	0	4.558721843064086	0	true
sp|O94919|ENDD1_HUMAN	6	0	4.673861507837298	0	true
sp|O94923|GLCE_HUMAN	5	0	4.058288867609471	0	true
sp|O94925|GLSK_HUMAN	17	0	9.631714072920111	0	true
sp|O94927|HAUS5_HUMAN	16	0	4.903854482404529	0	true
sp|O94953|KDM4B_HUMAN	4	0	3.7866259633511	0	true
sp|O94964|MTCL2_HUMAN	8	1	4.599650088614303	0	true
sp|O94966|UBP19_HUMAN	18	0	7.690852083442153	0	true
sp|O94967|WDR47_HUMAN	14	0	4.826621277270776	0	true
sp|O94973|AP2A2_HUMAN	21	9	10.21740652926615	0	true
sp|O94979|SC31A_HUMAN	37	0	10.314269402845108	0	true
sp|O94985|CSTN1_HUMAN	1	0	2.778394816370084	0	true
sp|O94986|CE152_HUMAN	12	0	3.5462700125331446	0	true
sp|O94992|HEXI1_HUMAN	8	1	10.78325357967595	0	true
sp|O95049|ZO3_HUMAN	5	0	3.663459956500727	0	true
sp|O95059|RPP14_HUMAN	6	0	6.481319155148564	0	true
sp|O95067|CCNB2_HUMAN	8	0	5.118727187825652	0	true
sp|O95070|YIF1A_HUMAN	3	0	5.364945907358155	0	true
sp|O95071|UBR5_HUMAN	71	0	10.341697768975296	0	true
sp|O95081|AGFG2_HUMAN	8	0	5.02197554443912	0	true
sp|O95084|PRS23_HUMAN	9	0	8.07095322408984	0	true
sp|O95104|SCAF4_HUMAN	15	2	8.411360883448324	0	true
sp|O95139|NDUB6_HUMAN	5	0	7.250560995605648	0	true
sp|O95140|MFN2_HUMAN	20	2	5.182332736305837	0	true
sp|O95149|SPN1_HUMAN	8	0	5.393104998086242	0	true
sp|O95155|UBE4B_HUMAN	35	0	8.710725204113663	0	true
sp|O95159|ZFPL1_HUMAN	6	0	6.9812359262394885	0	true
sp|O95163|ELP1_HUMAN	49	0	10.51211198207486	0	true
sp|O95164|UBL3_HUMAN	3	0	4.650507936665556	0	true
sp|O95167|NDUA3_HUMAN	3	0	8.416551461736882	0	true
sp|O95168|NDUB4_HUMAN	7	0	6.699838064393655	0	true
sp|O95169|NDUB8_HUMAN	5	0	8.835436565699103	0	true
sp|O95182|NDUA7_HUMAN	8	0	8.988051945787314	0	true
sp|O95197|RTN3_HUMAN	16	0	8.76748968312672	0	true
sp|O95202|LETM1_HUMAN	27	0	9.704528551084529	0	true
sp|O95208|EPN2_HUMAN	9	0	7.7244920112119555	0	true
sp|O95210|STBD1_HUMAN	5	0	2.3371756933606678	0	true
sp|O95214|LERL1_HUMAN	1	0	4.25772950757496	0	true
sp|O95218|ZRAB2_HUMAN	16	0	9.185154656929615	0	true
sp|O95219|SNX4_HUMAN	5	0	5.859949127513497	0	true
sp|O95229|ZWINT_HUMAN	3	0	2.358107927503363	0	true
sp|O95232|LC7L3_HUMAN	14	0	11.237823796580594	0	true
sp|O95235|KI20A_HUMAN	18	0	4.94767567790148	0	true
sp|O95239|KIF4A_HUMAN	27	20	8.686897123587537	0	true
sp|O95243|MBD4_HUMAN	13	0	5.034781631068201	0	true
sp|O95248|MTMR5_HUMAN	17	1	4.924939232571205	0	true
sp|O95249|GOSR1_HUMAN	9	0	4.248420716421876	0	true
sp|O95251|KAT7_HUMAN	17	1	6.62627099720372	0	true
sp|O95260|ATE1_HUMAN	12	0	6.150659879390369	0	true
sp|O95263|PDE8B_HUMAN	14	2	5.308009737253306	0	true
sp|O95271|TNKS1_HUMAN	8	0	1.9753649508955977	0	true
sp|O95273|CCDB1_HUMAN	3	0	7.7277828117834755	0	true
sp|O95274|LYPD3_HUMAN	4	0	7.065417536370351	0	true
sp|O95292|VAPB_HUMAN	11	1	9.490829016582365	0	true
sp|O95295|SNAPN_HUMAN	4	0	7.812265852546887	0	true
sp|O95297|MPZL1_HUMAN	6	0	10.43307787838602	0	true
sp|O95298|NDUC2_HUMAN	7	0	5.98965306894938	0	true
sp|O95299|NDUAA_HUMAN	13	0	10.311968182365515	0	true
sp|O95302|FKBP9_HUMAN	17	0	9.366959823403791	0	true
sp|O95319|CELF2_HUMAN	2	2	7.9678781782720165	0	true
sp|O95336|6PGL_HUMAN	11	0	8.521627127991913	0	true
sp|O95340|PAPS2_HUMAN	24	1	9.613516049997376	0	true
sp|O95347|SMC2_HUMAN	60	0	10.913858014973508	0	true
sp|O95352|ATG7_HUMAN	20	0	8.548926621906235	0	true
sp|O95359|TACC2_HUMAN	11	1	5.5921909103947085	0	true
sp|O95361|TRI16_HUMAN	18	0	9.821952354907031	0	true
sp|O95363|SYFM_HUMAN	10	0	3.7905007855292943	0	true
sp|O95365|ZBT7A_HUMAN	8	0	5.399063764812488	0	true
sp|O95372|LYPA2_HUMAN	7	0	10.081876762125614	0	true
sp|O95373|IPO7_HUMAN	27	1	10.861257399534344	0	true
sp|O95376|ARI2_HUMAN	16	0	6.357118054769089	0	true
sp|O95379|TFIP8_HUMAN	5	0	5.380990175631487	0	true
sp|O95382|M3K6_HUMAN	3	0	2.1813619243705187	0	true
sp|O95391|SLU7_HUMAN	20	0	7.6180649599084544	0	true
sp|O95394|AGM1_HUMAN	23	0	9.675547703729379	0	true
sp|O95396|MOCS3_HUMAN	17	0	9.57498226032032	0	true
sp|O95400|CD2B2_HUMAN	9	0	7.419417673592176	0	true
sp|O95402|MED26_HUMAN	11	0	4.883191040605201	0	true
sp|O95415|BRI3_HUMAN	1	0	7.567051518150001	0	true
sp|O95425|SVIL_HUMAN	30	0	6.7996715492944215	0	true
sp|O95427|PIGN_HUMAN	5	0	3.164987040247103	0	true
sp|O95429|BAG4_HUMAN	4	0	8.355779697020632	0	true
sp|O95433|AHSA1_HUMAN	19	0	9.783968571055862	0	true
sp|O95445|APOM_HUMAN	2	0	6.00902294283962	0	true
sp|O95453|PARN_HUMAN	25	0	10.659113345757609	0	true
sp|O95456|PSMG1_HUMAN	12	0	8.663301902530398	0	true
sp|O95466|FMNL1_HUMAN	24	2	8.995072582454117	0	true
sp|O95470|SGPL1_HUMAN	20	0	9.132113136299726	0	true
sp|O95476|CNEP1_HUMAN	2	0	3.193110686522357	0	true
sp|O95478|NSA2_HUMAN	9	0	8.42184287767622	0	true
sp|O95479|G6PE_HUMAN	8	0	5.871943323217158	0	true
sp|O95486|SC24A_HUMAN	21	1	9.87134056787197	0	true
sp|O95487|SC24B_HUMAN	25	1	8.934364225041083	0	true
sp|O95544|NADK_HUMAN	6	0	2.9281093308156834	0	true
sp|O95551|TYDP2_HUMAN	7	0	5.989463350734694	0	true
sp|O95563|MPC2_HUMAN	5	0	8.038005551178342	0	true
sp|O95568|MET18_HUMAN	2	0	5.0305814505901845	0	true
sp|O95571|ETHE1_HUMAN	12	0	9.552055480028805	0	true
sp|O95573|ACSL3_HUMAN	26	3	11.061585342086097	0	true
sp|O95602|RPA1_HUMAN	63	1	8.872981257665291	0	true
sp|O95613|PCNT_HUMAN	71	0	5.651614453840893	0	true
sp|O95619|YETS4_HUMAN	9	0	6.19600477050425	0	true
sp|O95625|ZBT11_HUMAN	14	0	6.680562861791764	0	true
sp|O95628|CNOT4_HUMAN	9	0	5.552410343114421	0	true
sp|O95630|STABP_HUMAN	16	0	6.69064065396628	0	true
sp|O95639|CPSF4_HUMAN	11	0	6.769458081871846	0	true
sp|O95671|ASML_HUMAN	8	0	3.3473458526558373	0	true
sp|O95674|CDS2_HUMAN	5	0	4.797624569288905	0	true
sp|O95677|EYA4_HUMAN	10	0	8.221719612711043	0	true
sp|O95684|CEP43_HUMAN	7	0	4.167330415426303	0	true
sp|O95685|PPR3D_HUMAN	5	0	2.4117828784124455	0	true
sp|O95696|BRD1_HUMAN	12	0	3.419552038552574	0	true
sp|O95707|RPP29_HUMAN	6	0	8.934204964234008	0	true
sp|O95714|HERC2_HUMAN	63	0	5.667924022404539	0	true
sp|O95716|RAB3D_HUMAN	5	4	9.8032801399497	0	true
sp|O95721|SNP29_HUMAN	9	0	5.4333157874191125	0	true
sp|O95747|OXSR1_HUMAN	12	4	10.27580241902663	0	true
sp|O95749|GGPPS_HUMAN	9	0	5.345174146148677	0	true
sp|O95757|HS74L_HUMAN	38	3	10.535792596711484	0	true
sp|O95758|PTBP3_HUMAN	9	1	8.504191018007408	0	true
sp|O95777|LSM8_HUMAN	5	0	9.377836352166227	0	true
sp|O95782|AP2A1_HUMAN	31	9	9.246898839626516	0	true
sp|O95785|WIZ_HUMAN	31	0	6.900424182555565	0	true
sp|O95793|STAU1_HUMAN	13	1	7.70883714358401	0	true
sp|O95801|TTC4_HUMAN	11	0	5.743068114373942	0	true
sp|O95816|BAG2_HUMAN	14	0	9.379315613706218	0	true
sp|O95817|BAG3_HUMAN	24	0	9.846811748061793	0	true
sp|O95819|M4K4_HUMAN	12	10	9.727256985526806	0	true
sp|O95825|QORL1_HUMAN	13	0	8.002691913882032	0	true
sp|O95831|AIFM1_HUMAN	24	0	9.832466774707745	0	true
sp|O95832|CLD1_HUMAN	2	0	3.9873100208441477	0	true
sp|O95833|CLIC3_HUMAN	11	0	8.21222340050481	0	true
sp|O95834|EMAL2_HUMAN	17	1	9.256809842875457	0	true
sp|O95857|TSN13_HUMAN	3	0	3.040661570216656	0	true
sp|O95858|TSN15_HUMAN	2	0	2.5130445249186972	0	true
sp|O95861|BPNT1_HUMAN	16	0	10.566341867663237	0	true
sp|O95865|DDAH2_HUMAN	7	1	8.112186419756922	0	true
sp|O95870|ABHGA_HUMAN	17	0	6.560246934127052	0	true
sp|O95873|CF047_HUMAN	3	0	2.3663546857407294	0	true
sp|O95881|TXD12_HUMAN	5	0	9.482497472224438	0	true
sp|O95900|TRUB2_HUMAN	9	0	7.488499339430992	0	true
sp|O95905|ECD_HUMAN	11	0	3.887019060205364	0	true
sp|O95926|SYF2_HUMAN	6	0	6.370954983207332	0	true
sp|O95948|ONEC2_HUMAN	2	0	2.227876755543335	0	true
sp|O95983|MBD3_HUMAN	11	0	10.374114629120772	0	true
sp|O95985|TOP3B_HUMAN	19	1	6.741023635192672	0	true
sp|O95989|NUDT3_HUMAN	5	1	7.574700126212511	0	true
sp|O95994|AGR2_HUMAN	4	0	6.422522397655494	0	true
sp|O95997|PTTG1_HUMAN;sp|Q9NZH5|PTTG2_HUMAN	1	0	2.542800962564551	0	true
sp|O95999|BCL10_HUMAN	6	0	4.341668667512677	0	true
sp|O96000|NDUBA_HUMAN	11	0	9.12146061210509	0	true
sp|O96005|CLPT1_HUMAN	13	0	8.680751612266953	0	true
sp|O96006|ZBED1_HUMAN	5	0	6.169074707808437	0	true
sp|O96007|MOC2B_HUMAN	6	0	7.33733487380273	0	true
sp|O96008|TOM40_HUMAN	6	0	8.722136582972498	0	true
sp|O96011|PX11B_HUMAN	11	0	7.904016321699235	0	true
sp|O96013|PAK4_HUMAN	14	0	6.840399316204203	0	true
sp|O96017|CHK2_HUMAN	7	0	7.319186013908347	0	true
sp|O96018|APBA3_HUMAN	1	0	2.36489822173584	0	true
sp|O96019|ACL6A_HUMAN	10	4	9.911924792012222	0	true
sp|O96028|NSD2_HUMAN	24	0	5.464087482750211	0	true
sp|P00156|CYB_HUMAN	3	0	4.545308496294361	0	true
sp|P00338|LDHA_HUMAN	13	1	10.871583503086844	0	true
sp|P00352|AL1A1_HUMAN	5	2	2.9863291903083473	0	true
sp|P00367|DHE3_HUMAN	26	0	10.333315918100254	0	true
sp|P00374|DYR_HUMAN	13	0	7.4049132942237215	0	true
sp|P00387|NB5R3_HUMAN	14	0	8.67206933495875	0	true
sp|P00390|GSHR_HUMAN	16	0	10.075872904610836	0	true
sp|P00395|COX1_HUMAN	2	0	4.095438050514077	0	true
sp|P00403|COX2_HUMAN	6	0	5.064019342810205	0	true
sp|P00414|COX3_HUMAN	2	0	3.4317689118370827	0	true
sp|P00441|SODC_HUMAN	3	0	9.325473646351124	0	true
sp|P00450|CERU_HUMAN	5	0	6.072055482703928	0	true
sp|P00488|F13A_HUMAN	3	0	7.235830623234952	0	true
sp|P00491|PNPH_HUMAN	17	0	9.885988351595467	0	true
sp|P00492|HPRT_HUMAN	11	0	10.749052704364578	0	true
sp|P00505|AATM_HUMAN	27	0	10.111809291302862	0	true
sp|P00519|ABL1_HUMAN	21	3	4.951965613448141	0	true
sp|P00533|EGFR_HUMAN	41	1	9.622509170928852	0	true
sp|P00558|PGK1_HUMAN	23	4	10.731175173736101	0	true
sp|P00568|KAD1_HUMAN	12	1	9.502682134163733	0	true
sp|P00734|THRB_HUMAN	11	0	10.69418113865135	0	true
sp|P00736|C1R_HUMAN	2	0	2.107928236996463	0	true
sp|P00740|FA9_HUMAN	3	0	5.590619111181125	0	true
sp|P00742|FA10_HUMAN	3	0	7.762434700813226	0	true
sp|P00746|CFAD_HUMAN	4	0	5.703229621952347	0	true
sp|P00747|PLMN_HUMAN	5	0	8.762533536810595	0	true
sp|P00750|TPA_HUMAN	10	0	7.594777393192208	0	true
sp|P00751|CFAB_HUMAN	4	0	3.3536750750528888	0	true
sp|P00813|ADA_HUMAN	12	0	5.906011868842141	0	true
sp|P00846|ATP6_HUMAN	1	0	5.429815058958795	0	true
sp|P00924|ENO1_YEAST	2	0	4.030078291961502	0	true
sp|P00966|ASSY_HUMAN	22	0	10.61094800995667	0	true
sp|P01008|ANT3_HUMAN	9	0	9.907435977929438	0	true
sp|P01023|A2MG_HUMAN	7	0	7.2862196270166635	0	true
sp|P01024|CO3_HUMAN	46	0	8.499121717626705	0	true
sp|P01031|CO5_HUMAN	9	0	6.358600110898783	0	true
sp|P01033|TIMP1_HUMAN	8	0	7.6097663183201645	0	true
sp|P01034|CYTC_HUMAN	3	0	2.974175669280188	0	true
sp|P01106|MYC_HUMAN	2	0	3.3768918258875735	0	true
sp|P01111|RASN_HUMAN	2	4	9.856309767042571	0	true
sp|P01112|RASH_HUMAN	3	5	10.255522479758302	0	true
sp|P01116|RASK_HUMAN	2	4	10.255522479758302	0	true
sp|P01130|LDLR_HUMAN	18	1	8.319855490041427	0	true
sp|P01215|GLHA_HUMAN	2	0	3.2788265454673975	0	true
sp|P01266|THYG_HUMAN	6	0	3.3906383374883693	0	true
sp|P01889|HLAB_HUMAN	2	8	10.454580167543051	0	true
sp|P01893|HLAH_HUMAN	1	6	10.483691445589137	0	true
sp|P02008|HBAZ_HUMAN	7	1	4.696352882207832	0	true
sp|P02042|HBD_HUMAN;sp|P68871|HBB_HUMAN	1	1	2.0316628366177936	0	true
sp|P02100|HBE_HUMAN	2	1	4.393196273668014	0	true
sp|P02144|MYG_HUMAN	2	0	3.772814600762628	0	true
sp|P02452|CO1A1_HUMAN	1	0	3.288396153235667	0	true
sp|P02462|CO4A1_HUMAN	1	2	9.577543580298455	0	true
sp|P02533|K1C14_HUMAN	1	18	10.583460639085544	0	true
sp|P02538|K2C6A_HUMAN;sp|P04259|K2C6B_HUMAN;sp|P48668|K2C6C_HUMAN	0	5	7.114856724856055	0	true
sp|P02545|LMNA_HUMAN	48	1	11.643790085265511	0	true
sp|P02649|APOE_HUMAN	2	0	7.454457702481889	0	true
sp|P02655|APOC2_HUMAN	1	0	2.135145034150534	0	true
sp|P02656|APOC3_HUMAN	1	0	10.617342838301015	0	true
sp|P02671|FIBA_HUMAN	2	0	5.969966020356193	0	true
sp|P02675|FIBB_HUMAN	4	0	7.278746769868424	0	true
sp|P02679|FIBG_HUMAN	2	0	5.687245425029928	0	true
sp|P02686|MBP_HUMAN	4	0	3.0890921395221103	0	true
sp|P02748|CO9_HUMAN	2	0	9.118939412262925	0	true
sp|P02749|APOH_HUMAN	2	0	4.441360656249436	0	true
sp|P02751|FINC_HUMAN	26	0	7.940264297055216	0	true
sp|P02753|RET4_HUMAN	2	0	6.940036910143426	0	true
sp|P02765|FETUA_HUMAN	4	0	6.441389213691954	0	true
sp|P02768|ALBU_HUMAN	6	0	8.912079635846675	0	true
sp|P02771|FETA_HUMAN	5	0	6.9955258205571615	0	true
sp|P02774|VTDB_HUMAN	3	0	4.435306951386166	0	true
sp|P02786|TFR1_HUMAN	34	1	9.935963342223118	0	true
sp|P02787|TRFE_HUMAN	2	0	6.160397337502386	0	true
sp|P02788|TRFL_HUMAN	3	0	7.213220116376482	0	true
sp|P02792|FRIL_HUMAN	4	0	4.279620918318246	0	true
sp|P02794|FRIH_HUMAN	9	0	6.600421303556258	0	true
sp|P02795|MT2_HUMAN;sp|P13640|MT1G_HUMAN;sp|P80297|MT1X_HUMAN	1	1	6.303644873757892	0	true
sp|P03886|NU1M_HUMAN	2	0	5.557896421946395	0	true
sp|P03891|NU2M_HUMAN	1	0	7.571432936090353	0	true
sp|P03905|NU4M_HUMAN	5	0	6.4383423844464955	0	true
sp|P03915|NU5M_HUMAN	5	0	5.319151977285999	0	true
sp|P03928|ATP8_HUMAN	3	0	5.017531947050687	0	true
sp|P03951|FA11_HUMAN	1	0	2.190196432824248	0	true
sp|P03973|SLPI_HUMAN	3	0	6.278824296530664	0	true
sp|P04004|VTNC_HUMAN	8	0	7.625074854882986	0	true
sp|P04035|HMDH_HUMAN	8	0	3.1065042130014073	0	true
sp|P04040|CATA_HUMAN	25	0	10.468696053276341	0	true
sp|P04049|RAF1_HUMAN	11	6	6.368516271161671	0	true
sp|P04062|GBA1_HUMAN	17	0	8.077612886781907	0	true
sp|P04066|FUCO_HUMAN	2	0	2.3167688442184278	0	true
sp|P04075|ALDOA_HUMAN	25	3	9.896854001676378	0	true
sp|P04080|CYTB_HUMAN	9	0	9.312441501476565	0	true
sp|P04083|ANXA1_HUMAN	23	0	10.186861643064018	0	true
sp|P04114|APOB_HUMAN	10	0	7.274475612386435	0	true
sp|P04150|GCR_HUMAN	19	0	9.194474193623195	0	true
sp|P04156|PRIO_HUMAN	4	0	6.0246129454696264	0	true
sp|P04179|SODM_HUMAN	11	0	9.903477801490988	0	true
sp|P04180|LCAT_HUMAN	3	0	5.202368102821736	0	true
sp|P04181|OAT_HUMAN	17	0	9.57870477927548	0	true
sp|P04183|KITH_HUMAN	9	0	8.366999020504844	0	true
sp|P04264|K2C1_HUMAN	4	4	7.114856724856055	0	true
sp|P04275|VWF_HUMAN	2	0	2.3248630471376397	0	true
sp|P04278|SHBG_HUMAN	1	0	4.783044464936327	0	true
sp|P04350|TBB4A_HUMAN	2	16	9.162802011325835	0	true
sp|P04406|G3P_HUMAN	15	0	10.047341376276236	0	true
sp|P04424|ARLY_HUMAN	13	0	8.222511207392877	0	true
sp|P04439|HLAA_HUMAN	2	6	10.483691445589137	0	true
sp|P04626|ERBB2_HUMAN	7	1	7.184016776919755	0	true
sp|P04632|CPNS1_HUMAN	7	0	9.797298053677245	0	true
sp|P04732|MT1E_HUMAN	1	1	6.645816585660491	0	true
sp|P04792|HSPB1_HUMAN	12	0	9.175868290688552	0	true
sp|P04818|TYSY_HUMAN	8	0	8.91945257462848	0	true
sp|P04843|RPN1_HUMAN	35	0	9.49880030031513	0	true
sp|P04844|RPN2_HUMAN	13	0	10.596671238695508	0	true
sp|P04899|GNAI2_HUMAN	9	6	10.616416331184348	0	true
sp|P04908|H2A1B_HUMAN;sp|P0C0S8|H2A1_HUMAN;sp|P20671|H2A1D_HUMAN;sp|Q16777|H2A2C_HUMAN;sp|Q6FI13|H2A2A_HUMAN;sp|Q7L7L0|H2A3_HUMAN;sp|Q93077|H2A1C_HUMAN;sp|Q96KK5|H2A1H_HUMAN;sp|Q99878|H2A1J_HUMAN;sp|Q9BTM1|H2AJ_HUMAN	1	3	8.09939662468235	0	true
sp|P04920|B3A2_HUMAN	21	0	8.903235969932393	0	true
sp|P05019|IGF1_HUMAN	1	0	2.4107863929814513	0	true
sp|P05023|AT1A1_HUMAN	39	7	10.719456582446817	0	true
sp|P05026|AT1B1_HUMAN	10	0	7.876946218290382	0	true
sp|P05062|ALDOB_HUMAN	6	0	7.489391973539261	0	true
sp|P05067|A4_HUMAN	17	0	4.789523135451418	0	true
sp|P05091|ALDH2_HUMAN	14	3	6.984223293843918	0	true
sp|P05107|ITB2_HUMAN;sp|P26010|ITB7_HUMAN	1	0	3.7020963027766887	0	true
sp|P05114|HMGN1_HUMAN	5	0	6.651701124366912	0	true
sp|P05121|PAI1_HUMAN	5	0	5.331715849734839	0	true
sp|P05129|KPCG_HUMAN	1	2	7.788338791213999	0	true
sp|P05141|ADT2_HUMAN	8	10	8.983004581492818	0	true
sp|P05155|IC1_HUMAN	2	0	5.586753170622214	0	true
sp|P05161|ISG15_HUMAN	9	0	8.468526226900902	0	true
sp|P05165|PCCA_HUMAN	25	0	8.980307939616548	0	true
sp|P05166|PCCB_HUMAN	20	0	6.365125942652813	0	true
sp|P05198|IF2A_HUMAN	20	0	10.097331455040699	0	true
sp|P05204|HMGN2_HUMAN	1	2	5.326004470875227	0	true
sp|P05362|ICAM1_HUMAN	17	0	9.266345306836971	0	true
sp|P05386|RLA1_HUMAN	1	0	7.723902206836841	0	true
sp|P05387|RLA2_HUMAN	4	0	10.02267652666337	0	true
sp|P05388|RLA0_HUMAN	9	0	9.712242439126948	0	true
sp|P05412|JUN_HUMAN	3	2	4.110776846013881	0	true
sp|P05423|RPC4_HUMAN	9	0	6.9713143509526185	0	true
sp|P05455|LA_HUMAN	26	0	9.733025361342676	0	true
sp|P05543|THBG_HUMAN	4	0	8.262698421447455	0	true
sp|P05546|HEP2_HUMAN	3	0	9.035798796346524	0	true
sp|P05549|AP2A_HUMAN	9	4	6.507920884199389	0	true
sp|P05556|ITB1_HUMAN	31	0	10.678792351283867	0	true
sp|P05771|KPCB_HUMAN	3	7	5.687663381673606	0	true
sp|P05783|K1C18_HUMAN	29	0	9.835131638096769	0	true
sp|P05787|K2C8_HUMAN	28	6	9.516011536769046	0	true
sp|P06132|DCUP_HUMAN	9	0	11.123942220213422	0	true
sp|P06213|INSR_HUMAN	11	4	3.5634622389553123	0	true
sp|P06241|FYN_HUMAN	2	6	4.575892916047791	0	true
sp|P06280|AGAL_HUMAN	8	0	7.298303974779588	0	true
sp|P06396|GELS_HUMAN	24	0	10.079895753727486	0	true
sp|P06400|RB_HUMAN	4	0	3.988593529012578	0	true
sp|P06454|PTMA_HUMAN	5	0	10.862080050584048	0	true
sp|P06493|CDK1_HUMAN	14	1	9.785252609383083	0	true
sp|P06576|ATPB_HUMAN	16	0	10.041361135563724	0	true
sp|P06727|APOA4_HUMAN	1	0	4.691735524313071	0	true
sp|P06730|IF4E_HUMAN	7	0	9.65204532919216	0	true
sp|P06732|KCRM_HUMAN	7	2	8.773177655381634	0	true
sp|P06733|ENOA_HUMAN	20	3	10.702567211138012	0	true
sp|P06737|PYGL_HUMAN	35	7	10.819138496021436	0	true
sp|P06744|G6PI_HUMAN	17	1	11.050015855124782	0	true
sp|P06746|DPOLB_HUMAN	7	0	4.5063903751222485	0	true
sp|P06748|NPM_HUMAN	8	0	9.410190472458655	0	true
sp|P06753|TPM3_HUMAN	3	9	7.7493602616851325	0	true
sp|P06756|ITAV_HUMAN	38	0	7.407991409952452	0	true
sp|P06865|HEXA_HUMAN	14	0	10.182192774518473	0	true
sp|P07093|GDN_HUMAN	9	0	6.887382841710715	0	true
sp|P07099|HYEP_HUMAN	18	0	9.767555536337033	0	true
sp|P07108|ACBP_HUMAN	7	0	9.208620824421711	0	true
sp|P07148|FABPL_HUMAN	1	0	4.478309192283442	0	true
sp|P07195|LDHB_HUMAN	14	1	10.07513346537272	0	true
sp|P07196|NFL_HUMAN	1	1	6.450942487493712	0	true
sp|P07199|CENPB_HUMAN	11	0	9.374809161435962	0	true
sp|P07203|GPX1_HUMAN	15	0	9.414100411111216	0	true
sp|P07205|PGK2_HUMAN	3	4	8.740935270706116	0	true
sp|P07225|PROS_HUMAN	3	0	2.778158371707976	0	true
sp|P07237|PDIA1_HUMAN	25	0	9.854431838364768	0	true
sp|P07305|H10_HUMAN	7	0	8.894169444603692	0	true
sp|P07311|ACYP1_HUMAN	6	0	8.60349426206475	0	true
sp|P07339|CATD_HUMAN	15	0	10.71504824926166	0	true
sp|P07355|ANXA2_HUMAN	24	0	9.031996844054028	0	true
sp|P07358|CO8B_HUMAN	3	0	8.707751746720168	0	true
sp|P07384|CAN1_HUMAN	30	0	9.767856572195022	0	true
sp|P07437|TBB5_HUMAN	4	18	9.325150824680424	0	true
sp|P07451|CAH3_HUMAN	1	0	1.8870836028108315	0	true
sp|P07602|SAP_HUMAN	23	0	8.004758067309952	0	true
sp|P07686|HEXB_HUMAN	16	0	9.148264528919379	0	true
sp|P07711|CATL1_HUMAN	2	0	3.81244266864902	0	true
sp|P07737|PROF1_HUMAN	7	0	7.626387599996124	0	true
sp|P07738|PMGE_HUMAN	8	0	4.195119003496827	0	true
sp|P07741|APT_HUMAN	8	0	10.271369458791018	0	true
sp|P07814|SYEP_HUMAN	76	1	11.200764786405479	0	true
sp|P07858|CATB_HUMAN	7	0	6.356688772057717	0	true
sp|P07864|LDHC_HUMAN	1	1	6.02400210779911	0	true
sp|P07900|HS90A_HUMAN	23	13	10.755587435861745	0	true
sp|P07902|GALT_HUMAN	6	0	3.8913774796714082	0	true
sp|P07910|HNRPC_HUMAN	10	10	8.734964087545265	0	true
sp|P07919|QCR6_HUMAN	4	0	10.7913526023673	0	true
sp|P07942|LAMB1_HUMAN	26	0	7.00086287224214	0	true
sp|P07947|YES_HUMAN	8	10	4.575892916047791	0	true
sp|P07948|LYN_HUMAN	13	4	5.77878577343305	0	true
sp|P07951|TPM2_HUMAN	6	10	9.413792143937249	0	true
sp|P07954|FUMH_HUMAN	15	0	9.822656258800437	0	true
sp|P07992|ERCC1_HUMAN	7	0	7.5718576949386565	0	true
sp|P07996|TSP1_HUMAN	38	2	10.483196365797028	0	true
sp|P08047|SP1_HUMAN	5	0	6.856354980416563	0	true
sp|P08069|IGF1R_HUMAN	28	4	8.55037115891678	0	true
sp|P08123|CO1A2_HUMAN	4	0	3.202563570875313	0	true
sp|P08133|ANXA6_HUMAN	32	0	10.671522071163778	0	true
sp|P08134|RHOC_HUMAN	1	8	9.27977470154188	0	true
sp|P08174|DAF_HUMAN	15	0	9.559609568588545	0	true
sp|P08195|4F2_HUMAN	24	0	11.364529114325167	0	true
sp|P08236|BGLR_HUMAN	14	0	7.055925467651504	0	true
sp|P08237|PFKAM_HUMAN	28	3	10.839052979217234	0	true
sp|P08238|HS90B_HUMAN	18	23	10.028024086282548	0	true
sp|P08240|SRPRA_HUMAN	26	0	9.654328897175159	0	true
sp|P08243|ASNS_HUMAN	25	0	10.492121104016531	0	true
sp|P08253|MMP2_HUMAN	2	0	2.2635471467204873	0	true
sp|P08263|GSTA1_HUMAN;sp|P09210|GSTA2_HUMAN	1	1	6.87938173293522	0	true
sp|P08397|HEM3_HUMAN	13	0	8.462919570446727	0	true
sp|P08559|ODPA_HUMAN	21	0	9.646329083919573	0	true
sp|P08572|CO4A2_HUMAN	7	0	6.956010706250574	0	true
sp|P08574|CY1_HUMAN	11	0	9.636588574909597	0	true
sp|P08579|RU2B_HUMAN	8	1	6.059067426553227	0	true
sp|P08581|MET_HUMAN	28	1	7.297417101319532	0	true
sp|P08603|CFAH_HUMAN	33	0	7.390351119669203	0	true
sp|P08621|RU17_HUMAN	16	0	9.741256220572174	0	true
sp|P08631|HCK_HUMAN	1	4	5.420972808007777	0	true
sp|P08648|ITA5_HUMAN	20	0	7.73933563639813	0	true
sp|P08651|NFIC_HUMAN	10	2	9.049016322110434	0	true
sp|P08670|VIME_HUMAN	37	2	12.049544999759453	0	true
sp|P08697|A2AP_HUMAN	3	0	9.365984324687487	0	true
sp|P08708|RS17_HUMAN	8	0	9.427558679142367	0	true
sp|P08727|K1C19_HUMAN	16	12	9.512985777377779	0	true
sp|P08729|K2C7_HUMAN	31	3	8.659911558050378	0	true
sp|P08754|GNAI3_HUMAN	7	6	10.059686305225805	0	true
sp|P08758|ANXA5_HUMAN	16	0	10.485987170674024	0	true
sp|P08779|K1C16_HUMAN	11	10	10.583460639085544	0	true
sp|P08842|STS_HUMAN	5	0	2.590001057166476	0	true
sp|P08865|RSSA_HUMAN	11	0	10.078139369066788	0	true
sp|P08962|CD63_HUMAN	3	0	6.61786832776	0	true
sp|P09001|RM03_HUMAN	13	0	8.26975760431578	0	true
sp|P09012|SNRPA_HUMAN	7	1	9.978249169695754	0	true
sp|P09038|FGF2_HUMAN	6	0	4.405860392426316	0	true
sp|P09104|ENOG_HUMAN	10	4	10.008638371302988	0	true
sp|P09110|THIK_HUMAN	11	0	8.696905323994203	0	true
sp|P09132|SRP19_HUMAN	6	0	9.714940803319099	0	true
sp|P09211|GSTP1_HUMAN	5	0	6.821703678160493	0	true
sp|P09234|RU1C_HUMAN	3	0	9.867807284696873	0	true
sp|P09382|LEG1_HUMAN	6	0	10.056994179330744	0	true
sp|P09417|DHPR_HUMAN	10	0	9.689414547709386	0	true
sp|P09429|HMGB1_HUMAN	8	3	10.633308139169399	0	true
sp|P09493|TPM1_HUMAN	5	8	9.413792143937249	0	true
sp|P09496|CLCA_HUMAN	9	0	7.288593970985302	0	true
sp|P09497|CLCB_HUMAN	8	0	6.719504650640353	0	true
sp|P09525|ANXA4_HUMAN	22	0	10.183863061491222	0	true
sp|P09543|CN37_HUMAN	20	0	8.169544573930594	0	true
sp|P09619|PGFRB_HUMAN	1	1	6.337811650481626	0	true
sp|P09622|DLDH_HUMAN	13	0	10.13325466196192	0	true
sp|P09651|ROA1_HUMAN	19	3	10.086766975385393	0	true
sp|P09661|RU2A_HUMAN	10	0	8.880541475313873	0	true
sp|P09669|COX6C_HUMAN	4	0	4.96828042164651	0	true
sp|P09758|TACD2_HUMAN	2	0	6.235285435555267	0	true
sp|P09874|PARP1_HUMAN	47	0	10.49741279951721	0	true
sp|P09884|DPOLA_HUMAN	43	0	10.271269768024107	0	true
sp|P09913|IFIT2_HUMAN	8	0	5.971212670621674	0	true
sp|P09914|IFIT1_HUMAN	7	0	4.870679889953895	0	true
sp|P09960|LKHA4_HUMAN	28	0	10.600731491506233	0	true
sp|P09972|ALDOC_HUMAN	13	3	9.781203340683184	0	true
sp|P0C0L4|CO4A_HUMAN	13	0	10.313211152722836	0	true
sp|P0C0S5|H2AZ_HUMAN;sp|Q71UI9|H2AV_HUMAN	2	2	7.539549653915143	0	true
sp|P0C1Z6|TFPT_HUMAN	3	0	5.015874000172235	0	true
sp|P0C221|CC175_HUMAN	2	0	4.905131970913087	0	true
sp|P0C2W1|FBSP1_HUMAN	7	0	5.405327348098678	0	true
sp|P0C7P0|CISD3_HUMAN	4	0	3.2706312473926706	0	true
sp|P0C7T5|ATX1L_HUMAN	5	0	2.9650388597465143	0	true
sp|P0CAP2|GRL1A_HUMAN	9	0	5.4342440897856195	0	true
sp|P0CG12|DERPC_HUMAN	15	0	4.593518621917174	0	true
sp|P0CG13|CTF8_HUMAN	4	0	3.6625706675459213	0	true
sp|P0CG24|ZN883_HUMAN	0	3	7.22616602928	0	true
sp|P0CG29|GST2_HUMAN;sp|P0CG30|GSTT2_HUMAN	6	1	5.44126731282118	0	true
sp|P0CG31|Z286B_HUMAN;sp|Q9HBT8|Z286A_HUMAN	0	4	7.22616602928	0	true
sp|P0CG34|TB15A_HUMAN;sp|P0CG35|TB15B_HUMAN;sp|P0DX04|TB15C_HUMAN	1	0	2.7389291747050666	0	true
sp|P0CG38|POTEI_HUMAN	1	7	8.625007237941068	0	true
sp|P0CJ78|ZN865_HUMAN	5	0	2.369807763526266	0	true
sp|P0DI81|TPC2A_HUMAN;sp|P0DI82|TPC2B_HUMAN	1	0	3.548224298244245	0	true
sp|P0DJ07|PT100_HUMAN	1	0	4.991460684982624	0	true
sp|P0DJD0|RGPD1_HUMAN;sp|P0DJD1|RGPD2_HUMAN	0	33	10.22374282236673	0	true
sp|P0DJJ0|SRG2C_HUMAN	1	13	7.282882817074012	0	true
sp|P0DMM9|ST1A3_HUMAN;sp|P0DMN0|ST1A4_HUMAN	5	5	8.041851694816451	0	true
sp|P0DMV8|HS71A_HUMAN;sp|P0DMV9|HS71B_HUMAN	11	18	9.724847989404031	0	true
sp|P0DP23|CALM1_HUMAN;sp|P0DP24|CALM2_HUMAN;sp|P0DP25|CALM3_HUMAN	10	0	7.796624892039629	0	true
sp|P0DPB6|RPAC2_HUMAN	5	0	8.669045769845939	0	true
sp|P0DPD7|EFMT4_HUMAN	7	0	4.412852939188195	0	true
sp|P0DPI2|GAL3A_HUMAN	10	0	10.33902649779051	0	true
sp|P0DQW0|ZC11C_HUMAN	0	10	8.61167131388093	0	true
sp|P0DTE7|AMY1B_HUMAN;sp|P0DTE8|AMY1C_HUMAN;sp|P0DUB6|AMY1A_HUMAN;sp|P19961|AMY2B_HUMAN	7	0	8.77683454359816	0	true
sp|P0DTL6|ZTRF1_HUMAN	8	0	6.140978561075735	0	true
sp|P10074|TZAP_HUMAN	4	0	2.3412170312992315	0	true
sp|P10109|ADX_HUMAN	5	0	4.52840498247457	0	true
sp|P10114|RAP2A_HUMAN	1	1	7.449201948526929	0	true
sp|P10155|RO60_HUMAN	22	0	9.590413678757466	0	true
sp|P10244|MYBB_HUMAN	6	0	2.583061040459933	0	true
sp|P10253|LYAG_HUMAN	19	0	10.750581829414514	0	true
sp|P10301|RRAS_HUMAN	8	2	10.17371784254365	0	true
sp|P10321|HLAC_HUMAN	3	7	10.6222961569479	0	true
sp|P10398|ARAF_HUMAN	17	7	9.115547853386657	0	true
sp|P10412|H14_HUMAN	1	8	8.07574937345315	0	true
sp|P10515|ODP2_HUMAN	20	0	9.743778815832647	0	true
sp|P10586|PTPRF_HUMAN	52	7	10.639293359356554	0	true
sp|P10588|NR2F6_HUMAN	5	1	3.6742660963759084	0	true
sp|P10589|COT1_HUMAN	3	6	4.136895991310501	0	true
sp|P10599|THIO_HUMAN	7	0	7.852385081111554	0	true
sp|P10606|COX5B_HUMAN	4	0	8.072011243747392	0	true
sp|P10619|PPGB_HUMAN	10	0	9.191169825702046	0	true
sp|P10620|MGST1_HUMAN	4	0	9.473841769112695	0	true
sp|P10636|TAU_HUMAN	7	0	3.032877008035569	0	true
sp|P10643|CO7_HUMAN	5	0	6.7992343872847965	0	true
sp|P10644|KAP0_HUMAN	13	2	8.8895318755572	0	true
sp|P10646|TFPI1_HUMAN	6	0	2.9653412214903567	0	true
sp|P10746|HEM4_HUMAN	9	0	6.2032995349151685	0	true
sp|P10768|ESTD_HUMAN	10	0	10.653250681942948	0	true
sp|P10809|CH60_HUMAN	34	0	11.916802374478522	0	true
sp|P10909|CLUS_HUMAN	11	0	10.399612866801725	0	true
sp|P11021|BIP_HUMAN	40	2	10.23181045149343	0	true
sp|P11047|LAMC1_HUMAN	35	0	8.991607177934876	0	true
sp|P11117|PPAL_HUMAN	13	0	7.779029114042923	0	true
sp|P11142|HSP7C_HUMAN	20	12	9.825028763799992	0	true
sp|P11166|GTR1_HUMAN	5	0	10.463384613016837	0	true
sp|P11169|GTR3_HUMAN	5	0	10.055582420897943	0	true
sp|P11171|EPB41_HUMAN	20	3	8.359508156780006	0	true
sp|P11172|UMPS_HUMAN	22	0	11.579509102779728	0	true
sp|P11177|ODPB_HUMAN	16	0	9.718995601142385	0	true
sp|P11182|ODB2_HUMAN	18	0	9.239352358165766	0	true
sp|P11216|PYGB_HUMAN	32	9	10.012260921241195	0	true
sp|P11217|PYGM_HUMAN	3	10	8.051579228483899	0	true
sp|P11233|RALA_HUMAN	6	2	10.337731099385332	0	true
sp|P11234|RALB_HUMAN	4	2	5.875549784284024	0	true
sp|P11274|BCR_HUMAN	6	2	8.173790078941082	0	true
sp|P11279|LAMP1_HUMAN	9	0	8.519255687508512	0	true
sp|P11310|ACADM_HUMAN	15	0	9.197826425192199	0	true
sp|P11387|TOP1_HUMAN	42	0	9.442632585001169	0	true
sp|P11388|TOP2A_HUMAN	50	15	11.187561861360061	0	true
sp|P11413|G6PD_HUMAN	34	0	10.793425369339786	0	true
sp|P11441|UBL4A_HUMAN	8	0	8.09006029713343	0	true
sp|P11498|PYC_HUMAN	45	0	10.903668588352131	0	true
sp|P11532|DMD_HUMAN	15	2	8.444909349212791	0	true
sp|P11586|C1TC_HUMAN	50	1	10.014807997564434	0	true
sp|P11717|MPRI_HUMAN	74	0	11.421199492839714	0	true
sp|P11766|ADHX_HUMAN	15	0	10.277429673030317	0	true
sp|P11802|CDK4_HUMAN	12	0	8.550317112742373	0	true
sp|P11831|SRF_HUMAN	2	0	2.486866468346357	0	true
sp|P11908|PRPS2_HUMAN	5	9	11.575692756975789	0	true
sp|P11940|PABP1_HUMAN	23	11	9.603048402720756	0	true
sp|P12004|PCNA_HUMAN	15	0	9.550812368167751	0	true
sp|P12081|HARS1_HUMAN	17	7	11.392358922217841	0	true
sp|P12109|CO6A1_HUMAN	7	0	7.597254846278845	0	true
sp|P12110|CO6A2_HUMAN	6	0	2.973041128404085	0	true
sp|P12111|CO6A3_HUMAN	12	0	7.600337467499067	0	true
sp|P12235|ADT1_HUMAN	3	10	8.510261901633083	0	true
sp|P12236|ADT3_HUMAN	5	11	8.213940743695066	0	true
sp|P12259|FA5_HUMAN	11	0	8.007888688971443	0	true
sp|P12268|IMDH2_HUMAN	23	2	10.7512966447997	0	true
sp|P12270|TPR_HUMAN	110	0	11.650850442218514	0	true
sp|P12277|KCRB_HUMAN	15	2	11.289094783947325	0	true
sp|P12429|ANXA3_HUMAN	19	0	11.0048994211676	0	true
sp|P12532|KCRU_HUMAN;sp|P17540|KCRS_HUMAN	2	0	7.991305658688873	0	true
sp|P12643|BMP2_HUMAN	5	0	2.694203416584477	0	true
sp|P12694|ODBA_HUMAN	15	0	8.681439812702399	0	true
sp|P12814|ACTN1_HUMAN	26	23	11.367351870208863	0	true
sp|P12882|MYH1_HUMAN	0	3	7.039224974914747	0	true
sp|P12931|SRC_HUMAN	0	8	4.517189129444275	0	true
sp|P12955|PEPD_HUMAN	16	0	9.658840076203765	0	true
sp|P12956|XRCC6_HUMAN	39	0	10.167186080263388	0	true
sp|P13010|XRCC5_HUMAN	32	0	11.15192310024532	0	true
sp|P13051|UNG_HUMAN	8	0	3.8724226331421083	0	true
sp|P13073|COX41_HUMAN	8	0	9.253587664714379	0	true
sp|P13284|GILT_HUMAN	5	0	9.750809578647772	0	true
sp|P13473|LAMP2_HUMAN	5	0	6.803402676062124	0	true
sp|P13489|RINI_HUMAN	19	0	10.156082888290834	0	true
sp|P13497|BMP1_HUMAN	12	2	4.033235644818335	0	true
sp|P13498|CY24A_HUMAN	2	0	2.601185010001948	0	true
sp|P13533|MYH6_HUMAN	1	2	7.039224974914747	0	true
sp|P13639|EF2_HUMAN	44	1	10.209802679863333	0	true
sp|P13645|K1C10_HUMAN	17	5	10.211294934296022	0	true
sp|P13646|K1C13_HUMAN	0	6	10.583460639085544	0	true
sp|P13667|PDIA4_HUMAN	42	1	10.676785578227953	0	true
sp|P13674|P4HA1_HUMAN	16	0	10.023537854429286	0	true
sp|P13682|ZNF35_HUMAN	2	1	2.0990213825034014	0	true
sp|P13693|TCTP_HUMAN	9	1	9.054540926537733	0	true
sp|P13716|HEM2_HUMAN	8	0	7.443129017938676	0	true
sp|P13726|TF_HUMAN	4	0	2.563223529158159	0	true
sp|P13747|HLAE_HUMAN	0	4	8.039844663069532	0	true
sp|P13796|PLSL_HUMAN	1	4	6.7742713181667105	0	true
sp|P13797|PLST_HUMAN	25	6	11.466868069758464	0	true
sp|P13798|ACPH_HUMAN	22	0	9.629375380351698	0	true
sp|P13804|ETFA_HUMAN	14	0	9.95831314235147	0	true
sp|P13807|GYS1_HUMAN	19	1	8.413642621402603	0	true
sp|P13861|KAP2_HUMAN	18	3	10.554967421182164	0	true
sp|P13928|ANXA8_HUMAN	2	12	8.428065658069071	0	true
sp|P13929|ENOB_HUMAN	11	4	9.269572118112727	0	true
sp|P13984|T2FB_HUMAN	16	0	7.07735916247947	0	true
sp|P13987|CD59_HUMAN	6	0	8.815598775453509	0	true
sp|P13994|YJU2B_HUMAN	5	0	3.2439821033456546	0	true
sp|P13995|MTDC_HUMAN	9	0	9.588329216459856	0	true
sp|P14136|GFAP_HUMAN	1	3	7.260545320954946	0	true
sp|P14174|MIF_HUMAN	3	0	8.644527253497506	0	true
sp|P14209|CD99_HUMAN	2	0	9.918625218752242	0	true
sp|P14314|GLU2B_HUMAN	19	0	10.22485265530628	0	true
sp|P14316|IRF2_HUMAN	5	0	6.2534279224901494	0	true
sp|P14324|FPPS_HUMAN	10	0	10.105123998069235	0	true
sp|P14373|TRI27_HUMAN	13	0	7.521394756801799	0	true
sp|P14384|CBPM_HUMAN	13	0	8.672429883139365	0	true
sp|P14406|CX7A2_HUMAN	2	0	8.658751379303073	0	true
sp|P14543|NID1_HUMAN	7	1	5.704964772059789	0	true
sp|P14550|AK1A1_HUMAN	19	0	10.710160913556209	0	true
sp|P14618|KPYM_HUMAN	32	1	9.999247360870191	0	true
sp|P14621|ACYP2_HUMAN	5	0	5.050736310317707	0	true
sp|P14625|ENPL_HUMAN	42	1	9.913423797795547	0	true
sp|P14635|CCNB1_HUMAN	9	0	5.80745929059951	0	true
sp|P14649|MYL6B_HUMAN	6	2	8.089070823379572	0	true
sp|P14678|RSMB_HUMAN	9	0	9.776399114144398	0	true
sp|P14735|IDE_HUMAN	44	0	8.029825576388573	0	true
sp|P14854|CX6B1_HUMAN	6	0	8.736906313679794	0	true
sp|P14859|PO2F1_HUMAN	8	0	6.654790716389249	0	true
sp|P14866|HNRPL_HUMAN	19	1	10.496939902369522	0	true
sp|P14868|SYDC_HUMAN	36	0	11.905490052414013	0	true
sp|P14923|PLAK_HUMAN	25	4	8.519242190469013	0	true
sp|P14927|QCR7_HUMAN	7	0	8.333855298294534	0	true
sp|P15036|ETS2_HUMAN	2	0	6.362648327606136	0	true
sp|P15056|BRAF_HUMAN	4	6	6.368516271161671	0	true
sp|P15085|CBPA1_HUMAN;sp|P15086|CBPB1_HUMAN	1	0	3.3786292371928073	0	true
sp|P15104|GLNA_HUMAN	3	0	2.29255264808118	0	true
sp|P15121|ALDR_HUMAN	16	1	10.23501249698875	0	true
sp|P15151|PVR_HUMAN	8	0	6.533822197247918	0	true
sp|P15153|RAC2_HUMAN	2	6	8.28049906777063	0	true
sp|P15169|CBPN_HUMAN	2	0	3.8402812010314973	0	true
sp|P15170|ERF3A_HUMAN	9	12	10.307629030694143	0	true
sp|P15260|INGR1_HUMAN	2	0	3.19923845778007	0	true
sp|P15289|ARSA_HUMAN	7	0	4.025170783846001	0	true
sp|P15291|B4GT1_HUMAN	12	0	9.27077811454264	0	true
sp|P15311|EZRI_HUMAN	21	12	9.285672755286795	0	true
sp|P15313|VATB1_HUMAN	1	6	7.899848641125879	0	true
sp|P15328|FOLR1_HUMAN	10	0	9.329195259384397	0	true
sp|P15336|ATF2_HUMAN	7	2	7.003668662601897	0	true
sp|P15374|UCHL3_HUMAN	9	0	9.779242394504507	0	true
sp|P15408|FOSL2_HUMAN	7	0	7.745095744060457	0	true
sp|P15509|CSF2R_HUMAN	6	0	4.51324351083967	0	true
sp|P15529|MCP_HUMAN	12	0	7.334362713473155	0	true
sp|P15531|NDKA_HUMAN	6	5	10.95868879005013	0	true
sp|P15559|NQO1_HUMAN	11	0	8.807145693447435	0	true
sp|P15586|GNS_HUMAN	13	0	9.350076725602117	0	true
sp|P15735|PHKG2_HUMAN	8	0	4.536912561580673	0	true
sp|P15848|ARSB_HUMAN	9	0	4.922455833589711	0	true
sp|P15880|RS2_HUMAN	13	0	10.651294284934195	0	true
sp|P15882|CHIN_HUMAN	7	0	4.259807812256827	0	true
sp|P15924|DESP_HUMAN	128	0	10.305026862395401	0	true
sp|P15927|RFA2_HUMAN	8	0	8.614812685111511	0	true
sp|P15941|MUC1_HUMAN	6	0	5.923904988118855	0	true
sp|P15954|COX7C_HUMAN	2	0	7.40027402632334	0	true
sp|P16035|TIMP2_HUMAN	2	0	4.013183416283869	0	true
sp|P16066|ANPRA_HUMAN	24	1	8.388028726410225	0	true
sp|P16070|CD44_HUMAN	12	0	9.114478699936495	0	true
sp|P16083|NQO2_HUMAN	10	0	9.813271625687118	0	true
sp|P16104|H2AX_HUMAN	1	4	8.168170868093169	0	true
sp|P16144|ITB4_HUMAN	54	0	9.125548262329417	0	true
sp|P16152|CBR1_HUMAN	12	2	10.263449456208058	0	true
sp|P16219|ACADS_HUMAN	14	0	7.28419768035583	0	true
sp|P16220|CREB1_HUMAN	1	2	7.768584173076648	0	true
sp|P16278|BGAL_HUMAN	12	1	10.043553115593918	0	true
sp|P16298|PP2BB_HUMAN	5	6	7.925540960758288	0	true
sp|P16333|NCK1_HUMAN	14	2	8.05868489073457	0	true
sp|P16383|GCFC2_HUMAN	15	0	5.960958796025645	0	true
sp|P16401|H15_HUMAN	5	1	9.531160235427357	0	true
sp|P16403|H12_HUMAN	2	8	8.511964991751883	0	true
sp|P16435|NCPR_HUMAN	35	0	10.402305168906116	0	true
sp|P16455|MGMT_HUMAN	10	0	10.81748660887155	0	true
sp|P16520|GBB3_HUMAN	1	3	6.499549886537636	0	true
sp|P16591|FER_HUMAN	11	0	3.5676280561525413	0	true
sp|P16615|AT2A2_HUMAN	42	0	10.274981517549193	0	true
sp|P16870|CBPE_HUMAN	5	0	2.0308916560538197	0	true
sp|P16930|FAAA_HUMAN	9	0	7.331485203333627	0	true
sp|P16949|STMN1_HUMAN	7	3	8.367468948112268	0	true
sp|P16989|YBOX3_HUMAN	9	4	10.852057882475286	0	true
sp|P17010|ZFX_HUMAN	7	0	4.88942733639287	0	true
sp|P17014|ZNF12_HUMAN	1	4	7.22616602928	0	true
sp|P17020|ZNF16_HUMAN	1	2	7.22616602928	0	true
sp|P17025|ZN182_HUMAN	1	4	7.22616602928	0	true
sp|P17028|ZNF24_HUMAN	8	0	3.9828331785619024	0	true
sp|P17029|ZKSC1_HUMAN	9	2	7.22616602928	0	true
sp|P17032|ZN37A_HUMAN	1	1	7.22616602928	0	true
sp|P17036|ZNF3_HUMAN	4	2	7.22616602928	0	true
sp|P17050|NAGAB_HUMAN	4	0	3.4037278502295054	0	true
sp|P17066|HSP76_HUMAN	1	10	8.657637995344654	0	true
sp|P17096|HMGA1_HUMAN	5	0	9.72842564496727	0	true
sp|P17152|TMM11_HUMAN	5	0	9.573565585632496	0	true
sp|P17174|AATC_HUMAN	19	0	11.9559392794303	0	true
sp|P17252|KPCA_HUMAN	8	8	7.788338791213999	0	true
sp|P17275|JUNB_HUMAN	11	1	8.690377307321782	0	true
sp|P17301|ITA2_HUMAN	30	0	10.096519021613394	0	true
sp|P17405|ASM_HUMAN	6	0	3.8288214595460786	0	true
sp|P17480|UBF1_HUMAN	28	0	8.9581832191296	0	true
sp|P17535|JUND_HUMAN	7	2	7.14718647347333	0	true
sp|P17544|ATF7_HUMAN	7	2	7.864779169012654	0	true
sp|P17568|NDUB7_HUMAN	6	0	7.501095075951625	0	true
sp|P17612|KAPCA_HUMAN	5	8	10.1521431658993	0	true
sp|P17655|CAN2_HUMAN	24	0	9.632017594736046	0	true
sp|P17676|CEBPB_HUMAN	9	0	9.986550124901054	0	true
sp|P17693|HLAG_HUMAN	1	2	8.039844663069532	0	true
sp|P17706|PTN2_HUMAN	16	0	8.234715373615517	0	true
sp|P17707|DCAM_HUMAN	2	0	3.2837581137316514	0	true
sp|P17812|PYRG1_HUMAN	26	5	9.918421130412975	0	true
sp|P17813|EGLN_HUMAN	13	0	8.179715825887742	0	true
sp|P17844|DDX5_HUMAN	22	8	11.028888728807777	0	true
sp|P17858|PFKAL_HUMAN	20	5	11.365829927644569	0	true
sp|P17900|SAP3_HUMAN	3	0	2.8735434740655803	0	true
sp|P17931|LEG3_HUMAN	14	0	11.21283568210926	0	true
sp|P17980|PRS6A_HUMAN	22	0	9.502359197846966	0	true
sp|P17987|TCPA_HUMAN	30	0	11.683820625863424	0	true
sp|P18031|PTN1_HUMAN	15	0	8.122169959886469	0	true
sp|P18074|ERCC2_HUMAN	17	0	8.114114741786972	0	true
sp|P18077|RL35A_HUMAN	10	0	7.027309739903196	0	true
sp|P18084|ITB5_HUMAN	17	0	6.841159874151643	0	true
sp|P18085|ARF4_HUMAN	5	4	10.274442112339472	0	true
sp|P18124|RL7_HUMAN	11	0	8.711292802555107	0	true
sp|P18206|VINC_HUMAN	72	0	11.857629560445487	0	true
sp|P18433|PTPRA_HUMAN	5	1	4.975821791391335	0	true
sp|P18440|ARY1_HUMAN	5	0	6.337723406327668	0	true
sp|P18583|SON_HUMAN	49	0	10.138557507456385	0	true
sp|P18615|NELFE_HUMAN	16	0	9.08207888407174	0	true
sp|P18621|RL17_HUMAN	8	0	11.806684154089877	0	true
sp|P18669|PGAM1_HUMAN	11	3	9.11520796606034	0	true
sp|P18754|RCC1_HUMAN	15	0	9.917450104906555	0	true
sp|P18827|SDC1_HUMAN	3	0	3.7971798145162423	0	true
sp|P18846|ATF1_HUMAN	2	2	7.768584173076648	0	true
sp|P18847|ATF3_HUMAN	4	0	5.557345103298559	0	true
sp|P18848|ATF4_HUMAN	1	0	2.234122143278375	0	true
sp|P18850|ATF6A_HUMAN	9	0	3.843160525883628	0	true
sp|P18858|DNLI1_HUMAN	40	0	9.654140834716758	0	true
sp|P18859|ATP5J_HUMAN	5	0	9.736043656576083	0	true
sp|P18887|XRCC1_HUMAN	19	0	7.270137484489403	0	true
sp|P19012|K1C15_HUMAN	0	6	10.583460639085544	0	true
sp|P19021|AMD_HUMAN	7	0	2.93034311792785	0	true
sp|P19075|TSN8_HUMAN	4	0	5.177109886017333	0	true
sp|P19086|GNAZ_HUMAN	5	1	3.2804744129717696	0	true
sp|P19174|PLCG1_HUMAN	34	0	7.840183681147346	0	true
sp|P19256|LFA3_HUMAN	2	0	8.320194587400668	0	true
sp|P19338|NUCL_HUMAN	31	0	10.21741878973359	0	true
sp|P19367|HXK1_HUMAN	18	4	5.9250746971588955	0	true
sp|P19387|RPB3_HUMAN	11	0	8.86654376381459	0	true
sp|P19388|RPAB1_HUMAN	8	0	10.137397248823461	0	true
sp|P19404|NDUV2_HUMAN	12	0	9.44347174868668	0	true
sp|P19419|ELK1_HUMAN	3	0	2.889805515333469	0	true
sp|P19447|ERCC3_HUMAN	21	0	7.405839489871491	0	true
sp|P19474|RO52_HUMAN	14	0	3.911120741410733	0	true
sp|P19484|TFEB_HUMAN	3	2	3.075585800039031	0	true
sp|P19525|E2AK2_HUMAN	19	0	10.02960007580054	0	true
sp|P19532|TFE3_HUMAN	7	3	4.380554305374757	0	true
sp|P19623|SPEE_HUMAN	10	0	10.491819410821279	0	true
sp|P19634|SL9A1_HUMAN	3	0	3.469086762437626	0	true
sp|P19784|CSK22_HUMAN	14	0	9.715185288734117	0	true
sp|P19793|RXRA_HUMAN	2	5	6.701886497066908	0	true
sp|P19823|ITIH2_HUMAN	11	0	7.356799513000284	0	true
sp|P19827|ITIH1_HUMAN	2	0	8.130695913849856	0	true
sp|P19838|NFKB1_HUMAN	25	0	5.823523135546773	0	true
sp|P20020|AT2B1_HUMAN	22	15	11.036415664370436	0	true
sp|P20042|IF2B_HUMAN	23	0	10.751742929073579	0	true
sp|P20073|ANXA7_HUMAN	23	0	10.300437414983897	0	true
sp|P20138|CD33_HUMAN	4	0	2.3093419846128715	0	true
sp|P20226|TBP_HUMAN	2	0	4.588090181371557	0	true
sp|P20290|BTF3_HUMAN	10	0	10.748002058300068	0	true
sp|P20336|RAB3A_HUMAN	1	3	3.6975767881437647	0	true
sp|P20338|RAB4A_HUMAN	5	2	4.888614843316581	0	true
sp|P20339|RAB5A_HUMAN	7	3	10.124840300886115	0	true
sp|P20340|RAB6A_HUMAN	7	3	8.056674377819942	0	true
sp|P20585|MSH3_HUMAN	35	0	5.59246013852554	0	true
sp|P20618|PSB1_HUMAN	11	0	10.34203454246841	0	true
sp|P20645|MPRD_HUMAN	9	0	9.628707370963827	0	true
sp|P20674|COX5A_HUMAN	4	0	8.929466141879026	0	true
sp|P20700|LMNB1_HUMAN	39	2	10.216638285253167	0	true
sp|P20742|PZP_HUMAN	2	0	6.723238569310102	0	true
sp|P20749|BCL3_HUMAN	5	0	2.1858928963615796	0	true
sp|P20774|MIME_HUMAN	5	0	7.20793805761224	0	true
sp|P20810|ICAL_HUMAN	32	0	9.877043486474417	0	true
sp|P20827|EFNA1_HUMAN	5	0	6.423346190747201	0	true
sp|P20839|IMDH1_HUMAN	16	2	8.163003709742839	0	true
sp|P20849|CO9A1_HUMAN	2	0	2.320518671465715	0	true
sp|P20851|C4BPB_HUMAN	4	0	5.621247167862729	0	true
sp|P20908|CO5A1_HUMAN	5	0	3.5946496773585745	0	true
sp|P20933|ASPG_HUMAN	6	0	6.072054206545874	0	true
sp|P20936|RASA1_HUMAN	20	0	7.0908047115365695	0	true
sp|P20962|PTMS_HUMAN	4	0	8.290554282990875	0	true
sp|P21108|PRPS3_HUMAN	0	5	11.252278732724738	0	true
sp|P21127|CD11B_HUMAN	2	24	8.625551467305925	0	true
sp|P21266|GSTM3_HUMAN	18	1	9.96946592155554	0	true
sp|P21281|VATB2_HUMAN	15	6	10.436262681648136	0	true
sp|P21283|VATC1_HUMAN	20	0	9.862635924779061	0	true
sp|P21291|CSRP1_HUMAN	10	0	9.856680047165078	0	true
sp|P21333|FLNA_HUMAN	116	12	11.605275396439257	0	true
sp|P21359|NF1_HUMAN	49	0	7.138016751577817	0	true
sp|P21397|AOFA_HUMAN	1	1	6.868620751615418	0	true
sp|P21399|ACOHC_HUMAN	33	0	9.766092215485527	0	true
sp|P21506|ZNF10_HUMAN	1	1	7.22616602928	0	true
sp|P21589|5NTD_HUMAN	13	0	8.535089402854615	0	true
sp|P21675|TAF1_HUMAN	14	0	3.066489524443893	0	true
sp|P21695|GPDA_HUMAN	2	0	5.367831823773036	0	true
sp|P21796|VDAC1_HUMAN	20	0	11.436351194345916	0	true
sp|P21810|PGS1_HUMAN	1	0	2.4680537748033298	0	true
sp|P21912|SDHB_HUMAN	16	0	9.522247324877	0	true
sp|P21926|CD9_HUMAN	4	0	4.777248172437767	0	true
sp|P21953|ODBB_HUMAN	6	0	6.349483648302718	0	true
sp|P21964|COMT_HUMAN	12	0	9.348116507533948	0	true
sp|P21980|TGM2_HUMAN	26	0	10.348569423639447	0	true
sp|P22033|MUTA_HUMAN	23	0	7.219605255232827	0	true
sp|P22059|OSBP1_HUMAN	25	2	9.128409236402218	0	true
sp|P22061|PIMT_HUMAN	9	0	11.313671744932389	0	true
sp|P22087|FBRL_HUMAN	17	3	10.355651267681319	0	true
sp|P22102|PUR2_HUMAN	45	0	11.603098966046456	0	true
sp|P22234|PUR6_HUMAN	16	0	10.22405569564935	0	true
sp|P22303|ACES_HUMAN	2	0	4.66099114958353	0	true
sp|P22307|SCP2_HUMAN	18	0	10.43364478329506	0	true
sp|P22314|UBA1_HUMAN	45	0	10.211722686054731	0	true
sp|P22352|GPX3_HUMAN	2	0	7.043861700578048	0	true
sp|P22392|NDKB_HUMAN	3	12	10.32432698152504	0	true
sp|P22415|USF1_HUMAN	3	2	6.28603423399931	0	true
sp|P22466|GALA_HUMAN	2	0	3.48526881186002	0	true
sp|P22570|ADRO_HUMAN	25	0	6.250385367239858	0	true
sp|P22626|ROA2_HUMAN	20	1	10.364632826402794	0	true
sp|P22670|RFX1_HUMAN	11	1	5.2666911976150255	0	true
sp|P22681|CBL_HUMAN	17	0	4.718236300081075	0	true
sp|P22694|KAPCB_HUMAN	4	8	10.1521431658993	0	true
sp|P22695|QCR2_HUMAN	15	0	10.908655150531704	0	true
sp|P22736|NR4A1_HUMAN	6	0	2.7692918367588732	0	true
sp|P22830|HEMH_HUMAN	17	0	7.763485257034284	0	true
sp|P23025|XPA_HUMAN	5	0	3.1127844901363146	0	true
sp|P23142|FBLN1_HUMAN	11	0	7.889761348071806	0	true
sp|P23193|TCEA1_HUMAN	15	0	10.53865081616849	0	true
sp|P23219|PGH1_HUMAN	7	1	6.532387611003009	0	true
sp|P23229|ITA6_HUMAN	32	0	11.155654194425177	0	true
sp|P23246|SFPQ_HUMAN	32	1	10.595580270175894	0	true
sp|P23258|TBG1_HUMAN	13	0	9.143939186847497	0	true
sp|P23284|PPIB_HUMAN	10	0	8.373418046581083	0	true
sp|P23368|MAOM_HUMAN	22	1	10.358950300299474	0	true
sp|P23381|SYWC_HUMAN	25	0	10.285911060402029	0	true
sp|P23396|RS3_HUMAN	18	0	8.69179746822538	0	true
sp|P23434|GCSH_HUMAN	3	0	9.0221254308465	0	true
sp|P23443|KS6B1_HUMAN	7	0	3.4597609354118077	0	true
sp|P23458|JAK1_HUMAN	6	0	2.082779257455255	0	true
sp|P23468|PTPRD_HUMAN	3	9	6.1475352153909375	0	true
sp|P23469|PTPRE_HUMAN	8	1	5.603680539837457	0	true
sp|P23497|SP100_HUMAN	9	5	6.363320169606752	0	true
sp|P23511|NFYA_HUMAN	2	0	6.991826033738701	0	true
sp|P23526|SAHH_HUMAN	21	0	10.568682653061169	0	true
sp|P23528|COF1_HUMAN	13	3	9.803848705085777	0	true
sp|P23588|IF4B_HUMAN	28	0	10.743843489738877	0	true
sp|P23610|HAP40_HUMAN	4	0	3.5471650520016067	0	true
sp|P23634|AT2B4_HUMAN	21	15	10.103112786999354	0	true
sp|P23786|CPT2_HUMAN	30	0	10.07441502565268	0	true
sp|P23919|KTHY_HUMAN	16	0	8.472109256574232	0	true
sp|P23921|RIR1_HUMAN	32	0	10.773586633792181	0	true
sp|P24043|LAMA2_HUMAN	6	0	1.9530845475072904	0	true
sp|P24311|COX7B_HUMAN	2	0	2.7546026859251054	0	true
sp|P24386|RAE1_HUMAN	9	2	5.242017488550887	0	true
sp|P24468|COT2_HUMAN	2	6	4.136895991310501	0	true
sp|P24534|EF1B_HUMAN	6	3	10.777322790435196	0	true
sp|P24539|AT5F1_HUMAN	10	0	11.135937835580762	0	true
sp|P24666|PPAC_HUMAN	8	0	8.042605032857216	0	true
sp|P24752|THIL_HUMAN	18	0	9.53807545728075	0	true
sp|P24821|TENA_HUMAN	4	0	2.328258566815566	0	true
sp|P24928|RPB1_HUMAN	67	0	9.245969428004546	0	true
sp|P24941|CDK2_HUMAN	13	1	9.855831871842787	0	true
sp|P25054|APC_HUMAN	25	0	4.866630887462173	0	true
sp|P25092|GUC2C_HUMAN	5	1	6.452758418932305	0	true
sp|P25098|ARBK1_HUMAN	17	0	4.1791140275599234	0	true
sp|P25205|MCM3_HUMAN	42	0	11.338154471358052	0	true
sp|P25208|NFYB_HUMAN	2	0	4.545433428284685	0	true
sp|P25325|THTM_HUMAN	11	0	11.152439873241415	0	true
sp|P25398|RS12_HUMAN	7	0	10.478572893544126	0	true
sp|P25440|BRD2_HUMAN	12	4	4.964232306314786	0	true
sp|P25445|TNR6_HUMAN	6	0	8.219965572320826	0	true
sp|P25490|TYY1_HUMAN	10	6	10.167703123056697	0	true
sp|P25685|DNJB1_HUMAN	15	1	9.801966116132153	0	true
sp|P25686|DNJB2_HUMAN	7	1	2.9042700660200027	0	true
sp|P25705|ATPA_HUMAN	29	0	10.441074546268933	0	true
sp|P25786|PSA1_HUMAN	16	0	10.024001523376047	0	true
sp|P25787|PSA2_HUMAN	10	0	10.374517018886158	0	true
sp|P25788|PSA3_HUMAN	11	0	8.775342695741543	0	true
sp|P25789|PSA4_HUMAN	10	0	10.448842693751898	0	true
sp|P25815|S100P_HUMAN	2	0	7.909756885008143	0	true
sp|P25963|IKBA_HUMAN	4	0	4.1174806021871735	0	true
sp|P26006|ITA3_HUMAN	22	0	8.476082363014315	0	true
sp|P26012|ITB8_HUMAN	7	0	4.398204363462987	0	true
sp|P26038|MOES_HUMAN	30	12	9.416336609616065	0	true
sp|P26045|PTN3_HUMAN	3	0	2.629655593713383	0	true
sp|P26196|DDX6_HUMAN	22	0	10.715041866337693	0	true
sp|P26358|DNMT1_HUMAN	62	0	11.165129936729047	0	true
sp|P26367|PAX6_HUMAN	2	0	1.9682626210526277	0	true
sp|P26368|U2AF2_HUMAN	12	0	9.098555068715008	0	true
sp|P26373|RL13_HUMAN	12	0	7.727015321811326	0	true
sp|P26374|RAE2_HUMAN	13	2	5.242017488550887	0	true
sp|P26440|IVD_HUMAN	13	0	9.369078238019405	0	true
sp|P26447|S10A4_HUMAN	4	0	6.195439185852854	0	true
sp|P26572|MGAT1_HUMAN	6	0	5.278263431774572	0	true
sp|P26583|HMGB2_HUMAN	10	1	9.176298735157795	0	true
sp|P26599|PTBP1_HUMAN	13	1	9.272042795928435	0	true
sp|P26639|SYTC_HUMAN	34	3	10.900440759656519	0	true
sp|P26640|SYVC_HUMAN	54	0	11.202871735964571	0	true
sp|P26641|EF1G_HUMAN	22	0	10.76331037761038	0	true
sp|P26885|FKBP2_HUMAN	5	0	8.273766222797509	0	true
sp|P26927|HGFL_HUMAN	5	0	8.122987754018338	0	true
sp|P27105|STOM_HUMAN	9	0	8.449109384539716	0	true
sp|P27144|KAD4_HUMAN	8	0	5.980642517357211	0	true
sp|P27338|AOFB_HUMAN	15	1	9.354647065915584	0	true
sp|P27348|1433T_HUMAN	11	6	10.815358585386138	0	true
sp|P27361|MK03_HUMAN	13	4	10.02820187313108	0	true
sp|P27448|MARK3_HUMAN	10	10	9.094676027732014	0	true
sp|P27449|VATL_HUMAN	1	0	6.0638063180744615	0	true
sp|P27540|ARNT_HUMAN	9	0	4.005848788613068	0	true
sp|P27635|RL10_HUMAN	10	0	7.666469832225108	0	true
sp|P27694|RFA1_HUMAN	31	0	10.32826210431099	0	true
sp|P27695|APEX1_HUMAN	18	0	10.146600128238942	0	true
sp|P27701|CD82_HUMAN	3	0	2.090051524112521	0	true
sp|P27707|DCK_HUMAN	13	0	5.196296659805437	0	true
sp|P27708|PYR1_HUMAN	75	2	10.963793851847239	0	true
sp|P27797|CALR_HUMAN	20	0	9.42392636477443	0	true
sp|P27816|MAP4_HUMAN	49	0	10.030248636975207	0	true
sp|P27824|CALX_HUMAN	34	0	10.003345175898627	0	true
sp|P28062|PSB8_HUMAN	9	0	11.113794222184685	0	true
sp|P28065|PSB9_HUMAN	5	0	4.3732353726373026	0	true
sp|P28066|PSA5_HUMAN	9	0	10.865289234788257	0	true
sp|P28070|PSB4_HUMAN	9	0	10.660868816929929	0	true
sp|P28072|PSB6_HUMAN	7	0	7.379925084888159	0	true
sp|P28074|PSB5_HUMAN	13	0	10.920239662159196	0	true
sp|P28161|GSTM2_HUMAN	1	1	6.059321429077464	0	true
sp|P28288|ABCD3_HUMAN	20	0	10.686242403594017	0	true
sp|P28289|TMOD1_HUMAN	7	0	3.0550701381420136	0	true
sp|P28290|ITPI2_HUMAN	38	0	9.577827436372296	0	true
sp|P28328|PEX2_HUMAN	4	0	3.6676841968850336	0	true
sp|P28331|NDUS1_HUMAN	37	0	10.748055477895416	0	true
sp|P28332|ADH6_HUMAN	1	0	1.986747997155876	0	true
sp|P28340|DPOD1_HUMAN	50	0	11.046970090813854	0	true
sp|P28347|TEAD1_HUMAN	5	4	6.06963032367271	0	true
sp|P28370|SMCA1_HUMAN	3	17	8.954644777656302	0	true
sp|P28482|MK01_HUMAN	11	4	10.219895507277059	0	true
sp|P28702|RXRB_HUMAN	11	5	6.701886497066908	0	true
sp|P28715|ERCC5_HUMAN	23	0	7.487410915737785	0	true
sp|P28799|GRN_HUMAN	17	0	9.638755883490878	0	true
sp|P28838|AMPL_HUMAN	28	0	10.446952993429448	0	true
sp|P29034|S10A2_HUMAN	2	0	5.019615151662221	0	true
sp|P29083|T2EA_HUMAN	12	0	8.425091794299517	0	true
sp|P29084|T2EB_HUMAN	9	0	7.81731650668165	0	true
sp|P29144|TPP2_HUMAN	54	0	10.335808564664555	0	true
sp|P29218|IMPA1_HUMAN	10	0	7.649266066367537	0	true
sp|P29317|EPHA2_HUMAN	24	2	10.225751424641036	0	true
sp|P29323|EPHB2_HUMAN	5	2	6.35200850429331	0	true
sp|P29350|PTN6_HUMAN	20	0	4.868749024013376	0	true
sp|P29353|SHC1_HUMAN	16	0	10.369552757002063	0	true
sp|P29372|3MG_HUMAN	14	0	8.443820659876286	0	true
sp|P29374|ARI4A_HUMAN	11	0	4.47794435152011	0	true
sp|P29375|KDM5A_HUMAN	12	2	4.956715367748129	0	true
sp|P29400|CO4A5_HUMAN	1	2	7.001822117037477	0	true
sp|P29401|TKT_HUMAN	25	0	11.377344126763782	0	true
sp|P29466|CASP1_HUMAN	12	3	6.942751575756699	0	true
sp|P29508|SPB3_HUMAN	9	9	8.977684232299808	0	true
sp|P29558|RBMS1_HUMAN	2	4	4.646439181242552	0	true
sp|P29590|PML_HUMAN	31	0	10.704386226823562	0	true
sp|P29597|TYK2_HUMAN	10	0	3.0865846828301584	0	true
sp|P29692|EF1D_HUMAN	14	3	10.13079855389198	0	true
sp|P29992|GNA11_HUMAN	11	5	8.74301429913611	0	true
sp|P30038|AL4A1_HUMAN	17	0	7.582120940171901	0	true
sp|P30039|PBLD_HUMAN	2	0	3.505973572524215	0	true
sp|P30040|ERP29_HUMAN	13	0	10.754550163517347	0	true
sp|P30041|PRDX6_HUMAN	16	0	9.312960311129567	0	true
sp|P30043|BLVRB_HUMAN	9	0	10.379205558093728	0	true
sp|P30044|PRDX5_HUMAN	10	0	8.420537268037487	0	true
sp|P30046|DOPD_HUMAN	9	0	9.37841208281891	0	true
sp|P30047|GFRP_HUMAN	3	0	10.201288469215932	0	true
sp|P30048|PRDX3_HUMAN	7	0	10.474781029448819	0	true
sp|P30049|ATPD_HUMAN	3	0	9.174943197874406	0	true
sp|P30050|RL12_HUMAN	8	0	10.689564431366353	0	true
sp|P30084|ECHM_HUMAN	15	0	11.683518996119137	0	true
sp|P30085|KCY_HUMAN	13	0	9.96422615232308	0	true
sp|P30086|PEBP1_HUMAN	11	0	10.423239525719353	0	true
sp|P30101|PDIA3_HUMAN	28	1	9.611119106815112	0	true
sp|P30153|2AAA_HUMAN	22	6	9.48198389308982	0	true
sp|P30154|2AAB_HUMAN	18	6	9.415380250545148	0	true
sp|P30260|CDC27_HUMAN	15	0	7.539428578299659	0	true
sp|P30291|WEE1_HUMAN	3	0	2.1521853645175177	0	true
sp|P30405|PPIF_HUMAN	6	1	10.422048652773146	0	true
sp|P30414|NKTR_HUMAN	29	0	5.509676614017831	0	true
sp|P30419|NMT1_HUMAN	11	3	9.781333115443998	0	true
sp|P30519|HMOX2_HUMAN	13	0	9.008406297856412	0	true
sp|P30520|PURA2_HUMAN	16	3	9.330592421134071	0	true
sp|P30530|UFO_HUMAN	12	1	6.434206516854144	0	true
sp|P30533|AMRP_HUMAN	16	0	7.847672248913192	0	true
sp|P30536|TSPO_HUMAN	4	0	7.650613743779964	0	true
sp|P30566|PUR8_HUMAN	18	0	9.911518019143138	0	true
sp|P30613|KPYR_HUMAN	9	1	5.498329162027458	0	true
sp|P30622|CLIP1_HUMAN	55	5	10.545922628328825	0	true
sp|P30626|SORCN_HUMAN	12	0	9.003332540736562	0	true
sp|P30711|GSTT1_HUMAN	4	1	8.927763249112799	0	true
sp|P30740|ILEU_HUMAN	16	1	10.592375888511004	0	true
sp|P30825|CTR1_HUMAN	7	1	8.701642886328356	0	true
sp|P30837|AL1B1_HUMAN	15	2	8.999636218460846	0	true
sp|P30838|AL3A1_HUMAN	10	1	5.699113266416439	0	true
sp|P30876|RPB2_HUMAN	48	0	10.497253695479207	0	true
sp|P31040|SDHA_HUMAN	24	0	11.506963451060177	0	true
sp|P31146|COR1A_HUMAN	3	1	4.439703654105292	0	true
sp|P31150|GDIA_HUMAN	14	10	10.176517946696771	0	true
sp|P31152|MK04_HUMAN;sp|Q16659|MK06_HUMAN	1	1	7.235238327127351	0	true
sp|P31153|METK2_HUMAN	14	2	9.984738501934237	0	true
sp|P31321|KAP1_HUMAN	7	2	5.475048937677773	0	true
sp|P31323|KAP3_HUMAN	1	3	9.652478375025986	0	true
sp|P31327|CPSM_HUMAN	65	2	10.595422087649498	0	true
sp|P31350|RIR2_HUMAN	17	3	9.145964664692734	0	true
sp|P31431|SDC4_HUMAN	4	0	7.778390397775452	0	true
sp|P31483|TIA1_HUMAN	9	3	8.562762164200254	0	true
sp|P31629|ZEP2_HUMAN	1	0	1.896771096641579	0	true
sp|P31641|SC6A6_HUMAN	1	1	2.4543406317946963	0	true
sp|P31689|DNJA1_HUMAN	14	0	9.903463759948739	0	true
sp|P31749|AKT1_HUMAN	7	3	5.303423456561358	0	true
sp|P31751|AKT2_HUMAN	10	3	5.303423456561358	0	true
sp|P31930|QCR1_HUMAN	19	1	11.30841768458464	0	true
sp|P31937|3HIDH_HUMAN	10	0	10.808372490216822	0	true
sp|P31939|PUR9_HUMAN	36	0	9.498249756167985	0	true
sp|P31942|HNRH3_HUMAN	11	1	9.142581162300438	0	true
sp|P31943|HNRH1_HUMAN	10	8	10.43097840114185	0	true
sp|P31946|1433B_HUMAN	8	7	9.577580833357398	0	true
sp|P31947|1433S_HUMAN	13	4	9.772296970658076	0	true
sp|P31948|STIP1_HUMAN	38	0	9.690216458056899	0	true
sp|P31949|S10AB_HUMAN	4	0	8.891889517234523	0	true
sp|P32004|L1CAM_HUMAN	36	0	11.489039336920184	0	true
sp|P32019|I5P2_HUMAN	11	0	5.168459919879177	0	true
sp|P32119|PRDX2_HUMAN	9	1	10.45052412007264	0	true
sp|P32121|ARRB2_HUMAN	10	0	5.074402008946801	0	true
sp|P32189|GLPK_HUMAN	12	0	4.71835755980816	0	true
sp|P32320|CDD_HUMAN	4	0	10.780631996833685	0	true
sp|P32321|DCTD_HUMAN	8	0	9.74270980008938	0	true
sp|P32322|P5CR1_HUMAN	9	1	9.247365792884194	0	true
sp|P32455|GBP1_HUMAN	9	1	7.386547369920305	0	true
sp|P32456|GBP2_HUMAN	5	2	7.386547369920305	0	true
sp|P32519|ELF1_HUMAN	7	0	3.8715890075461923	0	true
sp|P32754|HPPD_HUMAN	9	0	7.816108594059581	0	true
sp|P32780|TF2H1_HUMAN	14	0	8.018158740880668	0	true
sp|P32856|STX2_HUMAN	5	0	7.451472267687058	0	true
sp|P32929|CGL_HUMAN	13	0	8.638673171107248	0	true
sp|P32969|RL9_HUMAN	8	0	9.709946201703032	0	true
sp|P33121|ACSL1_HUMAN	2	1	6.085665666704718	0	true
sp|P33176|KINH_HUMAN	57	0	10.21769433269705	0	true
sp|P33240|CSTF2_HUMAN	7	6	8.44682945951634	0	true
sp|P33316|DUT_HUMAN	12	0	9.661935001280538	0	true
sp|P33527|MRP1_HUMAN	36	2	7.817357641509284	0	true
sp|P33552|CKS2_HUMAN	2	1	5.275639262181736	0	true
sp|P33897|ABCD1_HUMAN	18	0	9.13510371094166	0	true
sp|P33908|MA1A1_HUMAN	2	1	2.257963513398409	0	true
sp|P33981|TTK_HUMAN	14	0	4.074820266926674	0	true
sp|P33991|MCM4_HUMAN	38	0	10.593658196175161	0	true
sp|P33992|MCM5_HUMAN	38	0	11.187566307425042	0	true
sp|P33993|MCM7_HUMAN	36	0	10.920494161044148	0	true
sp|P34059|GALNS_HUMAN	5	0	5.647723385758766	0	true
sp|P34896|GLYC_HUMAN	19	2	8.697340792288275	0	true
sp|P34897|GLYM_HUMAN	24	2	10.712435986504833	0	true
sp|P34913|HYES_HUMAN	8	0	6.875378180816612	0	true
sp|P34931|HS71L_HUMAN	0	13	9.354245578254764	0	true
sp|P34932|HSP74_HUMAN	45	2	11.088160762463822	0	true
sp|P34949|MPI_HUMAN	15	0	12.383734056991429	0	true
sp|P35052|GPC1_HUMAN	17	0	8.604850187010232	0	true
sp|P35080|PROF2_HUMAN	5	0	9.620209821389173	0	true
sp|P35221|CTNA1_HUMAN	25	0	9.557808922779678	0	true
sp|P35222|CTNB1_HUMAN	3	4	6.240138776768091	0	true
sp|P35226|BMI1_HUMAN	2	0	3.9214204970988678	0	true
sp|P35227|PCGF2_HUMAN	3	0	2.4605404093535617	0	true
sp|P35232|PHB1_HUMAN	20	0	10.057461893380696	0	true
sp|P35237|SPB6_HUMAN	18	1	10.819879585173359	0	true
sp|P35240|MERL_HUMAN	9	0	3.327097157197473	0	true
sp|P35241|RADI_HUMAN	26	15	10.641328845725319	0	true
sp|P35244|RFA3_HUMAN	8	0	9.218429533721803	0	true
sp|P35249|RFC4_HUMAN	20	0	9.126212482379865	0	true
sp|P35250|RFC2_HUMAN	20	0	10.797689202255844	0	true
sp|P35251|RFC1_HUMAN	37	0	10.768874832950123	0	true
sp|P35268|RL22_HUMAN	2	0	6.327111540935247	0	true
sp|P35269|T2FA_HUMAN	17	0	10.892866924195955	0	true
sp|P35270|SPRE_HUMAN	12	0	9.602196973390594	0	true
sp|P35354|PGH2_HUMAN	21	1	6.645536561349578	0	true
sp|P35367|HRH1_HUMAN	2	0	2.7801232302755317	0	true
sp|P35442|TSP2_HUMAN	2	2	4.215365519328372	0	true
sp|P35443|TSP4_HUMAN	6	3	9.286664569283781	0	true
sp|P35520|CBS_HUMAN	20	0	10.164561897714684	0	true
sp|P35527|K1C9_HUMAN	3	1	3.8708832633495818	0	true
sp|P35556|FBN2_HUMAN	3	0	2.0479931626833894	0	true
sp|P35558|PCKGC_HUMAN	1	2	10.508111514562584	0	true
sp|P35573|GDE_HUMAN	55	0	7.069267614536978	0	true
sp|P35579|MYH9_HUMAN	99	28	11.723337871327491	0	true
sp|P35580|MYH10_HUMAN	43	26	11.272788551464979	0	true
sp|P35590|TIE1_HUMAN	5	0	5.423183186070151	0	true
sp|P35606|COPB2_HUMAN	39	0	10.36208785793608	0	true
sp|P35609|ACTN2_HUMAN	3	16	11.367351870208863	0	true
sp|P35610|SOAT1_HUMAN	11	0	8.22160871587747	0	true
sp|P35611|ADDA_HUMAN	13	0	6.532288723979765	0	true
sp|P35613|BASI_HUMAN	10	0	10.992844501047196	0	true
sp|P35625|TIMP3_HUMAN	5	0	6.143914896488715	0	true
sp|P35637|FUS_HUMAN	10	2	9.13115609508553	0	true
sp|P35658|NU214_HUMAN	57	0	11.172167632636445	0	true
sp|P35659|DEK_HUMAN	14	0	9.130444924018157	0	true
sp|P35670|ATP7B_HUMAN	2	1	3.1530249514685145	0	true
sp|P35749|MYH11_HUMAN	2	24	9.54021582860299	0	true
sp|P35754|GLRX1_HUMAN	4	0	9.17092918467844	0	true
sp|P35790|CHKA_HUMAN	6	0	4.058263779887452	0	true
sp|P35813|PPM1A_HUMAN	13	3	8.540931057640298	0	true
sp|P35869|AHR_HUMAN	5	0	6.2370438103312535	0	true
sp|P35908|K22E_HUMAN	0	4	7.114856724856055	0	true
sp|P35914|HMGCL_HUMAN	8	0	10.522879610799821	0	true
sp|P35916|VGFR3_HUMAN	1	1	6.337811650481626	0	true
sp|P35968|VGFR2_HUMAN	1	1	6.337811650481626	0	true
sp|P35998|PRS7_HUMAN	29	0	10.034849726207348	0	true
sp|P36404|ARL2_HUMAN	7	0	7.9901294238502665	0	true
sp|P36405|ARL3_HUMAN	7	0	9.539763824026448	0	true
sp|P36507|MP2K2_HUMAN	15	8	10.820622882154245	0	true
sp|P36542|ATPG_HUMAN	12	0	9.207123933479012	0	true
sp|P36543|VATE1_HUMAN	9	0	8.955489466388133	0	true
sp|P36551|HEM6_HUMAN	14	0	7.724649784666443	0	true
sp|P36578|RL4_HUMAN	19	0	9.774742005136643	0	true
sp|P36639|8ODP_HUMAN	3	0	9.181459165613159	0	true
sp|P36776|LONM_HUMAN	32	0	9.847569152220732	0	true
sp|P36871|PGM1_HUMAN	30	0	10.433197834994813	0	true
sp|P36873|PP1G_HUMAN	3	16	10.929096250533764	0	true
sp|P36897|TGFR1_HUMAN	6	0	4.291416326524889	0	true
sp|P36915|GNL1_HUMAN	21	0	9.484455417624657	0	true
sp|P36952|SPB5_HUMAN	20	0	10.655601791508106	0	true
sp|P36954|RPB9_HUMAN	6	0	9.11614430598538	0	true
sp|P36955|PEDF_HUMAN	6	0	8.638014640794758	0	true
sp|P36956|SRBP1_HUMAN	6	1	2.22402930797722	0	true
sp|P36957|ODO2_HUMAN	13	0	9.381191556382271	0	true
sp|P36959|GMPR1_HUMAN	1	1	2.218844048517145	0	true
sp|P36969|GPX4_HUMAN	10	0	8.933496575710995	0	true
sp|P37108|SRP14_HUMAN	8	0	10.117147573645385	0	true
sp|P37198|NUP62_HUMAN	9	0	10.166687053473076	0	true
sp|P37235|HPCL1_HUMAN	12	0	9.823939858411928	0	true
sp|P37268|FDFT_HUMAN	7	0	3.5966173511495527	0	true
sp|P37275|ZEB1_HUMAN	9	0	3.755408467115997	0	true
sp|P37287|PIGA_HUMAN	6	0	3.8263070795334646	0	true
sp|P37802|TAGL2_HUMAN	14	1	10.38313698693555	0	true
sp|P37837|TALDO_HUMAN	16	0	9.359534886942102	0	true
sp|P38117|ETFB_HUMAN	17	0	9.758261458752012	0	true
sp|P38159|RBMX_HUMAN	6	19	9.132183687128588	0	true
sp|P38398|BRCA1_HUMAN	20	0	4.582311030936012	0	true
sp|P38432|COIL_HUMAN	13	0	9.19304787702287	0	true
sp|P38435|VKGC_HUMAN	10	0	7.155897343052502	0	true
sp|P38571|LICH_HUMAN	2	0	3.3042593373122755	0	true
sp|P38606|VATA_HUMAN	31	0	10.500042259126538	0	true
sp|P38646|GRP75_HUMAN	41	0	11.60296081023049	0	true
sp|P38919|IF4A3_HUMAN	18	3	10.5826612643732	0	true
sp|P38935|SMBP2_HUMAN	18	0	6.220267167087752	0	true
sp|P38936|CDN1A_HUMAN	4	0	3.920057341203313	0	true
sp|P39019|RS19_HUMAN	11	0	7.83905097266193	0	true
sp|P39023|RL3_HUMAN	21	0	10.014482940113446	0	true
sp|P39060|COIA1_HUMAN;tr|A0AAG2UXZ5|A0AAG2UXZ5_HUMAN	2	0	3.4577489319696113	0	true
sp|P39210|MPV17_HUMAN	2	0	2.1256438160290663	0	true
sp|P39656|OST48_HUMAN	13	0	9.976882752840536	0	true
sp|P39687|AN32A_HUMAN	10	3	10.83502825042636	0	true
sp|P39748|FEN1_HUMAN	16	0	9.92849598118956	0	true
sp|P39880|CUX1_HUMAN	28	1	7.579575928877457	0	true
sp|P40121|CAPG_HUMAN	10	0	10.217116631702938	0	true
sp|P40123|CAP2_HUMAN	11	1	7.805208816883246	0	true
sp|P40222|TXLNA_HUMAN	23	0	8.379823506912924	0	true
sp|P40227|TCPZ_HUMAN	16	5	10.885123981402423	0	true
sp|P40261|NNMT_HUMAN	10	0	9.402734316739078	0	true
sp|P40306|PSB10_HUMAN	3	0	5.43050627271782	0	true
sp|P40337|VHL_HUMAN	2	0	3.5881978404001345	0	true
sp|P40424|PBX1_HUMAN	4	6	8.408909759565226	0	true
sp|P40425|PBX2_HUMAN	5	6	8.408909759565226	0	true
sp|P40426|PBX3_HUMAN	1	4	3.25916120180118	0	true
sp|P40429|RL13A_HUMAN	10	0	7.249398830309938	0	true
sp|P40616|ARL1_HUMAN	6	0	8.769919213909603	0	true
sp|P40692|MLH1_HUMAN	25	0	10.338242662519699	0	true
sp|P40763|STAT3_HUMAN	27	0	9.685595722882935	0	true
sp|P40818|UBP8_HUMAN	33	0	8.007912445071906	0	true
sp|P40855|PEX19_HUMAN	11	0	9.388652975039326	0	true
sp|P40925|MDHC_HUMAN	10	0	9.50781648305968	0	true
sp|P40926|MDHM_HUMAN	18	0	9.937710035012088	0	true
sp|P40937|RFC5_HUMAN	17	0	10.751667097773682	0	true
sp|P40938|RFC3_HUMAN	21	0	10.949792605796148	0	true
sp|P40939|ECHA_HUMAN	34	0	10.438009039691824	0	true
sp|P41091|IF2G_HUMAN	21	0	10.060813632770836	0	true
sp|P41134|ID1_HUMAN	3	0	2.0416614607407997	0	true
sp|P41162|ETV3_HUMAN	4	0	2.0335962195677255	0	true
sp|P41208|CETN2_HUMAN	2	1	6.009863621968815	0	true
sp|P41214|EIF2D_HUMAN	20	0	10.022013637096503	0	true
sp|P41221|WNT5A_HUMAN	9	0	5.314830617067603	0	true
sp|P41223|BUD31_HUMAN	9	0	9.454383888430316	0	true
sp|P41227|NAA10_HUMAN	15	0	10.166796926888408	0	true
sp|P41229|KDM5C_HUMAN	19	12	4.956715367748129	0	true
sp|P41236|IPP2_HUMAN	6	0	9.84790511631287	0	true
sp|P41240|CSK_HUMAN	16	1	7.527732614552999	0	true
sp|P41247|PLPL4_HUMAN	13	0	8.800436675615355	0	true
sp|P41250|GARS_HUMAN	28	0	9.084222652520795	0	true
sp|P41252|SYIC_HUMAN	47	0	12.036227311366241	0	true
sp|P41440|S19A1_HUMAN	4	0	3.0431987126230644	0	true
sp|P41743|KPCI_HUMAN	12	0	9.625620203861962	0	true
sp|P42025|ACTY_HUMAN	7	7	11.042859198506969	0	true
sp|P42126|ECI1_HUMAN	8	0	9.652804414734186	0	true
sp|P42166|LAP2A_HUMAN	32	0	9.8819838781149	0	true
sp|P42224|STAT1_HUMAN	28	0	9.830512246977044	0	true
sp|P42226|STAT6_HUMAN	19	0	8.05791939281029	0	true
sp|P42229|STA5A_HUMAN	4	18	7.778991923092568	0	true
sp|P42285|MTREX_HUMAN	39	0	9.938546240672848	0	true
sp|P42330|AK1C3_HUMAN	11	8	9.50354748741353	0	true
sp|P42331|RHG25_HUMAN	2	0	2.45972947010364	0	true
sp|P42336|PK3CA_HUMAN	7	0	6.669559254971662	0	true
sp|P42345|MTOR_HUMAN	64	0	9.128788048883054	0	true
sp|P42356|PI4KA_HUMAN	41	0	7.401316634536687	0	true
sp|P42566|EPS15_HUMAN	33	0	10.344542938381771	0	true
sp|P42574|CASP3_HUMAN	7	0	5.067223233489626	0	true
sp|P42575|CASP2_HUMAN	16	0	4.274565855216928	0	true
sp|P42677|RS27_HUMAN	2	2	6.900086741000777	0	true
sp|P42679|MATK_HUMAN	4	1	4.4966265763595965	0	true
sp|P42684|ABL2_HUMAN	11	3	5.283233795600234	0	true
sp|P42685|FRK_HUMAN	2	1	3.0998436352614562	0	true
sp|P42694|HELZ_HUMAN	29	0	6.002416219846774	0	true
sp|P42695|CNDD3_HUMAN	32	0	9.166094696287086	0	true
sp|P42696|RBM34_HUMAN	19	0	10.277650609317824	0	true
sp|P42704|LPPRC_HUMAN	70	1	10.332898380783583	0	true
sp|P42765|THIM_HUMAN	19	0	10.16726348112841	0	true
sp|P42766|RL35_HUMAN	5	0	6.072808685212625	0	true
sp|P42771|CDN2A_HUMAN	4	0	9.371240154445644	0	true
sp|P42773|CDN2C_HUMAN	4	0	3.592103293549348	0	true
sp|P42785|PCP_HUMAN	8	0	7.978637636452555	0	true
sp|P42858|HD_HUMAN	51	0	7.198051913608592	0	true
sp|P42892|ECE1_HUMAN	15	0	7.456110894154571	0	true
sp|P42898|MTHR_HUMAN	9	0	5.272533247528767	0	true
sp|P43003|EAA1_HUMAN	3	0	8.818100490959505	0	true
sp|P43007|SATT_HUMAN	5	0	7.991371258037031	0	true
sp|P43034|LIS1_HUMAN	22	0	11.512771891938149	0	true
sp|P43121|MUC18_HUMAN	20	0	8.546890886051386	0	true
sp|P43155|CACP_HUMAN	7	0	4.4141482395429135	0	true
sp|P43243|MATR3_HUMAN	39	0	11.200639372027696	0	true
sp|P43246|MSH2_HUMAN	37	0	11.257774112993365	0	true
sp|P43251|BTD_HUMAN	6	0	3.0186108132529337	0	true
sp|P43304|GPDM_HUMAN	37	0	8.916560284838683	0	true
sp|P43307|SSRA_HUMAN	4	0	8.56290628988608	0	true
sp|P43353|AL3B1_HUMAN	6	1	7.966392557427712	0	true
sp|P43354|NR4A2_HUMAN	3	0	2.3032132361032627	0	true
sp|P43378|PTN9_HUMAN	12	0	5.807391127232368	0	true
sp|P43487|RANG_HUMAN	8	0	8.600863487599334	0	true
sp|P43490|NAMPT_HUMAN	25	0	9.168960763878783	0	true
sp|P43686|PRS6B_HUMAN	23	1	10.730064743313847	0	true
sp|P43897|EFTS_HUMAN	13	0	9.645223694801885	0	true
sp|P45877|PPIC_HUMAN	3	0	6.178893448089636	0	true
sp|P45880|VDAC2_HUMAN	16	0	10.376833030766809	0	true
sp|P45954|ACDSB_HUMAN	8	0	4.76130054017351	0	true
sp|P45973|CBX5_HUMAN	10	1	9.950803438903938	0	true
sp|P45974|UBP5_HUMAN	36	2	10.465072077273598	0	true
sp|P45983|MK08_HUMAN	3	5	3.420016959314599	0	true
sp|P45984|MK09_HUMAN	2	5	3.420016959314599	0	true
sp|P45985|MP2K4_HUMAN	9	1	8.528751198529262	0	true
sp|P46013|KI67_HUMAN	146	0	10.704049070771566	0	true
sp|P46019|KPB2_HUMAN	12	0	5.6539047819465384	0	true
sp|P46020|KPB1_HUMAN	18	0	7.889573713306203	0	true
sp|P46060|RAGP1_HUMAN	25	0	10.558844943478828	0	true
sp|P46063|RECQ1_HUMAN	27	0	11.349783562787339	0	true
sp|P46087|NOP2_HUMAN	28	0	10.731818375143023	0	true
sp|P46100|ATRX_HUMAN	66	0	9.302678205457232	0	true
sp|P46108|CRK_HUMAN	14	0	8.134839090812635	0	true
sp|P46109|CRKL_HUMAN	11	0	9.808848719363946	0	true
sp|P46199|IF2M_HUMAN	11	0	5.856023310286463	0	true
sp|P46379|BAG6_HUMAN	28	0	9.563484827293792	0	true
sp|P46459|NSF_HUMAN	32	1	9.245500240698721	0	true
sp|P46527|CDN1B_HUMAN	2	0	4.16203156244152	0	true
sp|P46531|NOTC1_HUMAN	11	2	3.886089011764398	0	true
sp|P46734|MP2K3_HUMAN	9	6	9.473714866537755	0	true
sp|P46736|BRCC3_HUMAN	11	0	7.713007538413226	0	true
sp|P46776|RL27A_HUMAN	6	0	8.36750831603415	0	true
sp|P46777|RL5_HUMAN	18	0	8.988378733068632	0	true
sp|P46778|RL21_HUMAN	8	0	10.165970308390465	0	true
sp|P46779|RL28_HUMAN	6	0	6.777112822267842	0	true
sp|P46781|RS9_HUMAN	17	0	7.982466776743127	0	true
sp|P46782|RS5_HUMAN	10	0	10.82329326042231	0	true
sp|P46783|RS10_HUMAN	7	5	10.052748532639695	0	true
sp|P46926|GNPI1_HUMAN	7	4	9.183951451710382	0	true
sp|P46934|NEDD4_HUMAN	19	4	9.341346786324637	0	true
sp|P46937|YAP1_HUMAN	10	1	8.123619696600013	0	true
sp|P46939|UTRN_HUMAN	59	2	6.633453999834892	0	true
sp|P46940|IQGA1_HUMAN	70	4	11.103553053719475	0	true
sp|P46976|GLYG_HUMAN	9	0	9.695068071912536	0	true
sp|P46977|STT3A_HUMAN	15	1	9.304746367097597	0	true
sp|P47224|MSS4_HUMAN	3	0	6.246769644180755	0	true
sp|P47712|PA24A_HUMAN	25	0	12.068094102906372	0	true
sp|P47736|RPGP1_HUMAN	12	0	3.214669064144072	0	true
sp|P47755|CAZA2_HUMAN	10	2	9.380784026811213	0	true
sp|P47756|CAPZB_HUMAN	15	0	10.060320087812233	0	true
sp|P47813|IF1AX_HUMAN	5	0	8.306769749583166	0	true
sp|P47897|SYQ_HUMAN	38	1	9.800689376003646	0	true
sp|P47914|RL29_HUMAN	3	0	4.070507630128216	0	true
sp|P47974|TISD_HUMAN	6	1	3.4856884526199323	0	true
sp|P47985|UCRI_HUMAN	12	0	9.811796505107493	0	true
sp|P48029|SC6A8_HUMAN	3	1	2.1722150991150904	0	true
sp|P48047|ATPO_HUMAN	10	0	11.162700234943845	0	true
sp|P48059|LIMS1_HUMAN	12	0	9.547007502788468	0	true
sp|P48067|SC6A9_HUMAN	5	0	3.458041935762328	0	true
sp|P48147|PPCE_HUMAN	31	0	10.413990328341697	0	true
sp|P48163|MAOX_HUMAN	19	0	9.972335694210626	0	true
sp|P48200|IREB2_HUMAN	24	0	5.018691039590153	0	true
sp|P48378|RFX2_HUMAN	2	1	2.7900631663082303	0	true
sp|P48382|RFX5_HUMAN	22	0	7.065882897814106	0	true
sp|P48426|PI42A_HUMAN	4	3	9.269070787822944	0	true
sp|P48444|COPD_HUMAN	25	0	9.7141099554443	0	true
sp|P48449|LSS_HUMAN	23	0	7.687482777462127	0	true
sp|P48454|PP2BC_HUMAN	6	3	7.925540960758288	0	true
sp|P48506|GSH1_HUMAN	18	0	8.269600006865808	0	true
sp|P48507|GSH0_HUMAN	10	0	9.739674303400497	0	true
sp|P48509|CD151_HUMAN	6	0	7.4404401313471045	0	true
sp|P48553|TPC10_HUMAN	16	0	3.110922127263819	0	true
sp|P48556|PSMD8_HUMAN	14	0	9.752986309863358	0	true
sp|P48594|SPB4_HUMAN	2	9	8.977684232299808	0	true
sp|P48634|PRC2A_HUMAN	48	2	8.92397132163977	0	true
sp|P48637|GSHB_HUMAN	25	0	10.196898808379492	0	true
sp|P48643|TCPE_HUMAN	35	0	9.951849699007116	0	true
sp|P48651|PTSS1_HUMAN	9	0	9.721297375629216	0	true
sp|P48681|NEST_HUMAN	34	0	5.086933749235791	0	true
sp|P48723|HSP13_HUMAN	14	0	6.498800378211925	0	true
sp|P48729|KC1A_HUMAN	15	0	7.201212822927157	0	true
sp|P48730|KC1D_HUMAN	3	5	5.751549809421319	0	true
sp|P48735|IDHP_HUMAN	20	1	8.85065660479094	0	true
sp|P48739|PIPNB_HUMAN	16	2	11.270264642561044	0	true
sp|P48740|MASP1_HUMAN	4	0	6.449856318494217	0	true
sp|P48960|AGRE5_HUMAN	11	1	10.255191495750253	0	true
sp|P49005|DPOD2_HUMAN	16	0	9.71657894213779	0	true
sp|P49006|MRP_HUMAN	2	0	7.9089972039581085	0	true
sp|P49023|PAXI_HUMAN	16	0	9.252564303236142	0	true
sp|P49069|CAMLG_HUMAN	6	0	3.2046323950963016	0	true
sp|P49116|NR2C2_HUMAN	12	0	5.110116520194218	0	true
sp|P49137|MAPK2_HUMAN	7	4	6.914116471811444	0	true
sp|P49184|DNSL1_HUMAN	4	0	2.380812125482843	0	true
sp|P49189|AL9A1_HUMAN	25	0	10.668125130302327	0	true
sp|P49207|RL34_HUMAN	7	0	6.368415858252024	0	true
sp|P49247|RPIA_HUMAN	7	0	9.07574868905983	0	true
sp|P49257|LMAN1_HUMAN	16	0	10.974534094121482	0	true
sp|P49281|NRAM2_HUMAN	2	0	4.29575022975745	0	true
sp|P49321|NASP_HUMAN	40	0	11.092364252876164	0	true
sp|P49327|FAS_HUMAN	107	0	11.07208756253699	0	true
sp|P49336|CDK8_HUMAN	2	6	3.2503356475806484	0	true
sp|P49354|FNTA_HUMAN	12	0	7.717086091217177	0	true
sp|P49356|FNTB_HUMAN	9	0	9.598140634624341	0	true
sp|P49366|DHYS_HUMAN	12	0	6.14881412120843	0	true
sp|P49368|TCPG_HUMAN	34	0	10.32565479805587	0	true
sp|P49406|RM19_HUMAN	13	0	7.408256028864664	0	true
sp|P49407|ARRB1_HUMAN	6	0	4.5509417368856955	0	true
sp|P49411|EFTU_HUMAN	27	0	11.170130667564058	0	true
sp|P49419|AL7A1_HUMAN	23	0	9.634913542977602	0	true
sp|P49427|UB2R1_HUMAN	5	1	5.098705604580806	0	true
sp|P49441|INPP_HUMAN	7	0	5.742592268738304	0	true
sp|P49447|CY561_HUMAN	2	0	2.678569080938098	0	true
sp|P49450|CENPA_HUMAN	1	0	3.2766786254122446	0	true
sp|P49454|CENPF_HUMAN	18	0	2.5824874394082062	0	true
sp|P49458|SRP09_HUMAN	6	0	8.210950958580066	0	true
sp|P49459|UBE2A_HUMAN	2	0	6.038454958147795	0	true
sp|P49585|PCY1A_HUMAN	19	0	10.193875775519164	0	true
sp|P49588|SYAC_HUMAN	46	0	11.007769055215496	0	true
sp|P49589|SYCC_HUMAN	32	0	10.132974982559462	0	true
sp|P49590|SYHM_HUMAN	11	7	9.621364751548334	0	true
sp|P49591|SYSC_HUMAN	20	0	9.873961234026519	0	true
sp|P49593|PPM1F_HUMAN	13	0	8.040038312338979	0	true
sp|P49641|MA2A2_HUMAN	4	2	3.5624075760822698	0	true
sp|P49642|PRI1_HUMAN	17	0	8.913701593732759	0	true
sp|P49643|PRI2_HUMAN	21	0	10.606091330478607	0	true
sp|P49662|CASP4_HUMAN	12	0	8.645845232379996	0	true
sp|P49674|KC1E_HUMAN	6	5	6.310638855075682	0	true
sp|P49711|CTCF_HUMAN	23	0	9.733749561430415	0	true
sp|P49716|CEBPD_HUMAN	3	0	3.0860929661302214	0	true
sp|P49720|PSB3_HUMAN	8	0	9.695832460765049	0	true
sp|P49721|PSB2_HUMAN	10	0	9.344363471112475	0	true
sp|P49736|MCM2_HUMAN	40	0	10.92802461054938	0	true
sp|P49746|TSP3_HUMAN	5	2	9.286664569283781	0	true
sp|P49747|COMP_HUMAN	9	2	7.63996964445867	0	true
sp|P49748|ACADV_HUMAN	30	0	11.041144781719245	0	true
sp|P49750|YLPM1_HUMAN	47	0	8.035743819901631	0	true
sp|P49754|VPS41_HUMAN	22	0	5.222386388568357	0	true
sp|P49755|TMEDA_HUMAN	8	0	8.170655239451909	0	true
sp|P49756|RBM25_HUMAN	33	0	10.57804760201587	0	true
sp|P49757|NUMB_HUMAN	15	4	5.375590554982032	0	true
sp|P49759|CLK1_HUMAN	6	3	5.284479254594834	0	true
sp|P49760|CLK2_HUMAN	5	1	4.085339042398716	0	true
sp|P49761|CLK3_HUMAN	7	0	6.2838907771071915	0	true
sp|P49768|PSN1_HUMAN	5	1	6.52258165195873	0	true
sp|P49770|EI2BB_HUMAN	14	0	10.809968200227281	0	true
sp|P49773|HINT1_HUMAN	8	0	9.852532943716273	0	true
sp|P49790|NU153_HUMAN	51	0	11.180694156568402	0	true
sp|P49792|RBP2_HUMAN	94	45	11.14380395095212	0	true
sp|P49795|RGS19_HUMAN	3	0	3.9822901645591138	0	true
sp|P49810|PSN2_HUMAN	4	1	6.52258165195873	0	true
sp|P49815|TSC2_HUMAN	22	0	5.237078834860411	0	true
sp|P49821|NDUV1_HUMAN	20	0	9.246640481141325	0	true
sp|P49840|GSK3A_HUMAN	11	5	6.189975675757487	0	true
sp|P49841|GSK3B_HUMAN	14	5	9.55647280446613	0	true
sp|P49842|STK19_HUMAN	3	0	2.258832969674837	0	true
sp|P49848|TAF6_HUMAN	20	0	7.638348072873429	0	true
sp|P49888|ST1E1_HUMAN	4	0	4.973806840035476	0	true
sp|P49902|5NTC_HUMAN	17	0	8.94402327184215	0	true
sp|P49903|SPS1_HUMAN	7	0	8.907563465150128	0	true
sp|P49914|MTHFS_HUMAN	9	0	9.640019361414668	0	true
sp|P49915|GUAA_HUMAN	37	0	9.448103603857534	0	true
sp|P49916|DNLI3_HUMAN	34	0	9.931128914830268	0	true
sp|P49917|DNLI4_HUMAN	13	0	5.395212447305242	0	true
sp|P49918|CDN1C_HUMAN	5	0	4.111167779942633	0	true
sp|P49959|MRE11_HUMAN	25	0	9.077850916621916	0	true
sp|P50135|HNMT_HUMAN	9	0	6.680785442989064	0	true
sp|P50148|GNAQ_HUMAN	5	5	7.948531165128798	0	true
sp|P50151|GBG10_HUMAN	3	0	8.452602850857193	0	true
sp|P50213|IDH3A_HUMAN	16	0	9.712044182661513	0	true
sp|P50225|ST1A1_HUMAN	2	5	6.948440470587494	0	true
sp|P50238|CRIP1_HUMAN	5	0	8.857784631793788	0	true
sp|P50336|PPOX_HUMAN	19	0	8.452128620187516	0	true
sp|P50395|GDIB_HUMAN	24	10	10.607023507901879	0	true
sp|P50402|EMD_HUMAN	12	0	8.708652630663654	0	true
sp|P50416|CPT1A_HUMAN	27	0	9.307018575960697	0	true
sp|P50443|S26A2_HUMAN	1	0	2.0024295738847275	0	true
sp|P50452|SPB8_HUMAN	13	2	10.475927006850243	0	true
sp|P50454|SERPH_HUMAN	19	0	9.8512004808102	0	true
sp|P50502|F10A1_HUMAN	11	0	9.650109534230799	0	true
sp|P50542|PEX5_HUMAN	19	0	5.784156835839178	0	true
sp|P50548|ERF_HUMAN	4	0	2.371697769934355	0	true
sp|P50552|VASP_HUMAN	16	0	10.213699737287637	0	true
sp|P50570|DYN2_HUMAN	22	13	9.11710601863532	0	true
sp|P50579|MAP2_HUMAN	22	0	10.047357166097202	0	true
sp|P50583|AP4A_HUMAN	9	0	10.408243571777799	0	true
sp|P50613|CDK7_HUMAN	14	0	4.996627567179991	0	true
sp|P50747|BPL1_HUMAN	14	0	6.612206569514563	0	true
sp|P50748|KNTC1_HUMAN	59	0	7.810892470052891	0	true
sp|P50750|CDK9_HUMAN	10	0	8.69053898617355	0	true
sp|P50851|LRBA_HUMAN	70	8	9.415823802601343	0	true
sp|P50897|PPT1_HUMAN	8	0	9.997616887641078	0	true
sp|P50914|RL14_HUMAN	7	0	9.014573218403338	0	true
sp|P50990|TCPQ_HUMAN	37	0	10.445905645653822	0	true
sp|P50991|TCPD_HUMAN	32	0	10.455381487422773	0	true
sp|P50995|ANX11_HUMAN	18	0	9.721927867730363	0	true
sp|P51003|PAPOA_HUMAN	29	2	7.799969444519306	0	true
sp|P51114|FXR1_HUMAN	26	3	9.04445356414937	0	true
sp|P51116|FXR2_HUMAN	23	4	9.950233104537606	0	true
sp|P51148|RAB5C_HUMAN	7	3	10.004479841525846	0	true
sp|P51149|RAB7A_HUMAN	16	0	10.587925692350245	0	true
sp|P51151|RAB9A_HUMAN	11	0	9.659802799155544	0	true
sp|P51153|RAB13_HUMAN	7	3	8.551728785034081	0	true
sp|P51157|RAB28_HUMAN	4	0	2.436629275322837	0	true
sp|P51159|RB27A_HUMAN	7	2	6.622132492936634	0	true
sp|P51397|DAP1_HUMAN	4	0	6.909493369744389	0	true
sp|P51398|RT29_HUMAN	14	0	10.127471719221608	0	true
sp|P51452|DUS3_HUMAN	6	0	8.163067597175544	0	true
sp|P51511|MMP15_HUMAN	10	0	3.0398784770330267	0	true
sp|P51531|SMCA2_HUMAN	19	15	8.647532542401526	0	true
sp|P51532|SMCA4_HUMAN	22	15	9.889979852132763	0	true
sp|P51553|IDH3G_HUMAN	11	0	11.06892418179473	0	true
sp|P51570|GALK1_HUMAN	18	0	8.31158604290647	0	true
sp|P51571|SSRD_HUMAN	5	0	7.9257749364706	0	true
sp|P51572|BAP31_HUMAN	14	0	10.524237444289174	0	true
sp|P51580|TPMT_HUMAN	13	0	7.6720894214523	0	true
sp|P51587|BRCA2_HUMAN	3	0	1.9631964819651697	0	true
sp|P51608|MECP2_HUMAN	10	0	4.698774462639528	0	true
sp|P51610|HCFC1_HUMAN	48	1	9.509435193457955	0	true
sp|P51617|IRAK1_HUMAN	14	0	5.56031141390363	0	true
sp|P51648|AL3A2_HUMAN	14	1	9.425798760184419	0	true
sp|P51649|SSDH_HUMAN	13	0	6.360637874658738	0	true
sp|P51659|DHB4_HUMAN	35	0	10.627045016448779	0	true
sp|P51665|PSMD7_HUMAN	11	0	10.213069881513007	0	true
sp|P51668|UB2D1_HUMAN;sp|Q9Y2X8|UB2D4_HUMAN	1	1	8.418748980926106	0	true
sp|P51688|SPHM_HUMAN	5	0	3.736553892739434	0	true
sp|P51692|STA5B_HUMAN	7	18	8.068272249012043	0	true
sp|P51784|UBP11_HUMAN	20	2	6.531994307683217	0	true
sp|P51786|ZN157_HUMAN	1	4	3.30448878078858	0	true
sp|P51790|CLCN3_HUMAN	2	1	2.3006891991534983	0	true
sp|P51798|CLCN7_HUMAN	13	0	7.653853428696563	0	true
sp|P51808|DYLT3_HUMAN	2	0	9.278875381626912	0	true
sp|P51809|VAMP7_HUMAN	11	0	9.16670419443926	0	true
sp|P51812|KS6A3_HUMAN	21	12	10.188372527367234	0	true
sp|P51825|AFF1_HUMAN	10	0	4.8742500521946495	0	true
sp|P51858|HDGF_HUMAN	17	1	9.400289213165593	0	true
sp|P51884|LUM_HUMAN	5	0	7.2646916147647245	0	true
sp|P51946|CCNH_HUMAN	12	0	6.869130023051323	0	true
sp|P51948|MAT1_HUMAN	11	0	6.750072328918701	0	true
sp|P51957|NEK4_HUMAN	2	0	2.345713517866409	0	true
sp|P51965|UB2E1_HUMAN	1	2	6.813535581338694	0	true
sp|P51970|NDUA8_HUMAN	9	0	8.645230167294883	0	true
sp|P51991|ROA3_HUMAN	16	2	10.545746806490158	0	true
sp|P52209|6PGD_HUMAN	24	0	10.40709497292851	0	true
sp|P52272|HNRPM_HUMAN	38	0	10.4697559588263	0	true
sp|P52292|IMA1_HUMAN	11	0	11.23904199056955	0	true
sp|P52294|IMA5_HUMAN	8	7	10.174720451291906	0	true
sp|P52298|NCBP2_HUMAN	7	0	7.920783713894018	0	true
sp|P52306|GDS1_HUMAN	21	0	7.326093567441228	0	true
sp|P52429|DGKE_HUMAN	4	0	2.715955188643705	0	true
sp|P52434|RPAB3_HUMAN	5	0	9.354127149493547	0	true
sp|P52435|RPB11_HUMAN;sp|Q9H1A7|RPB1C_HUMAN	5	0	7.8057424970911296	0	true
sp|P52564|MP2K6_HUMAN	11	6	8.766622798108882	0	true
sp|P52565|GDIR1_HUMAN	8	0	9.037584048788084	0	true
sp|P52569|CTR2_HUMAN	9	1	9.664673353218276	0	true
sp|P52594|AGFG1_HUMAN	11	0	11.13726377797584	0	true
sp|P52597|HNRPF_HUMAN	13	2	11.22169147555534	0	true
sp|P52630|STAT2_HUMAN	16	0	8.22934710368287	0	true
sp|P52655|TF2AA_HUMAN	3	0	8.525543310965961	0	true
sp|P52657|T2AG_HUMAN	2	0	6.992775609935158	0	true
sp|P52701|MSH6_HUMAN	50	0	10.65593338919324	0	true
sp|P52732|KIF11_HUMAN	45	0	9.188646509735657	0	true
sp|P52735|VAV2_HUMAN	24	0	9.748960355102747	0	true
sp|P52739|ZN131_HUMAN	8	0	6.29163344885832	0	true
sp|P52747|ZN143_HUMAN	6	0	2.975880805211986	0	true
sp|P52756|RBM5_HUMAN	14	1	7.146795952420478	0	true
sp|P52758|RIDA_HUMAN	6	0	8.954126709831169	0	true
sp|P52788|SPSY_HUMAN	16	0	10.567355368967664	0	true
sp|P52789|HXK2_HUMAN	32	4	11.108403232452483	0	true
sp|P52803|EFNA5_HUMAN	2	0	2.821961012478742	0	true
sp|P52815|RM12_HUMAN	6	0	7.731625678208393	0	true
sp|P52888|THOP1_HUMAN	33	0	9.716307214311453	0	true
sp|P52907|CAZA1_HUMAN	9	2	10.62485192281159	0	true
sp|P52943|CRIP2_HUMAN	12	0	11.200133836273185	0	true
sp|P52948|NUP98_HUMAN	52	0	9.601150381973081	0	true
sp|P53004|BIEA_HUMAN	13	0	9.835814887019508	0	true
sp|P53007|TXTP_HUMAN	11	0	8.949417299669328	0	true
sp|P53041|PPP5_HUMAN	20	0	8.014641780343387	0	true
sp|P53350|PLK1_HUMAN	13	0	3.7736372374728613	0	true
sp|P53365|ARFP2_HUMAN	11	0	8.24845900665873	0	true
sp|P53367|ARFP1_HUMAN	12	0	5.8554138237858995	0	true
sp|P53384|NUBP1_HUMAN	5	0	7.528955458538129	0	true
sp|P53396|ACLY_HUMAN	54	0	10.85230059622918	0	true
sp|P53539|FOSB_HUMAN	2	0	3.3908998238330996	0	true
sp|P53582|MAP11_HUMAN	14	0	10.366180136804948	0	true
sp|P53597|SUCA_HUMAN	10	0	10.674806296654411	0	true
sp|P53602|MVD1_HUMAN	13	0	7.1552026528683195	0	true
sp|P53609|PGTB1_HUMAN	9	0	3.7393603086816323	0	true
sp|P53611|PGTB2_HUMAN	10	0	8.843764670363466	0	true
sp|P53618|COPB_HUMAN	40	0	11.252197960525647	0	true
sp|P53621|COPA_HUMAN	62	0	10.592200358220332	0	true
sp|P53634|CATC_HUMAN	14	0	8.268433654874393	0	true
sp|P53667|LIMK1_HUMAN	4	0	2.5083706825331094	0	true
sp|P53671|LIMK2_HUMAN	5	0	3.411466686907042	0	true
sp|P53675|CLH2_HUMAN	6	18	9.040443348334762	0	true
sp|P53677|AP3M2_HUMAN	4	2	6.507146266572981	0	true
sp|P53680|AP2S1_HUMAN	5	0	6.366525993268062	0	true
sp|P53701|CCHL_HUMAN	13	0	9.512839012082837	0	true
sp|P53794|SC5A3_HUMAN	5	0	4.864770501819039	0	true
sp|P53801|PTTG_HUMAN	4	0	6.206003298073507	0	true
sp|P53803|RPAB4_HUMAN	3	0	4.152549096580474	0	true
sp|P53985|MOT1_HUMAN	8	0	8.668971487675108	0	true
sp|P53990|IST1_HUMAN	9	0	8.059139102498607	0	true
sp|P53992|SC24C_HUMAN	26	1	9.480237658829918	0	true
sp|P53999|TCP4_HUMAN	8	0	8.843909462402431	0	true
sp|P54098|DPOG1_HUMAN	17	0	4.93691574547479	0	true
sp|P54105|ICLN_HUMAN	6	0	8.80569822548767	0	true
sp|P54132|BLM_HUMAN	16	0	5.49772254780843	0	true
sp|P54136|SYRC_HUMAN	39	0	10.543847929571742	0	true
sp|P54198|HIRA_HUMAN	20	0	6.2007872958364425	0	true
sp|P54252|ATX3_HUMAN	7	0	6.169728721506022	0	true
sp|P54253|ATX1_HUMAN	3	0	2.0245638153969883	0	true
sp|P54259|ATN1_HUMAN	5	0	3.1030422111172444	0	true
sp|P54274|TERF1_HUMAN	6	0	2.2130000640410445	0	true
sp|P54277|PMS1_HUMAN	7	0	2.68028523043867	0	true
sp|P54278|PMS2_HUMAN	24	2	4.584157687387955	0	true
sp|P54289|CA2D1_HUMAN	32	2	9.718892179102696	0	true
sp|P54577|SYYC_HUMAN	36	0	9.352486561985337	0	true
sp|P54578|UBP14_HUMAN	27	0	11.158113669627207	0	true
sp|P54619|AAKG1_HUMAN	13	1	8.650927501280695	0	true
sp|P54646|AAPK2_HUMAN	5	3	5.847136211387357	0	true
sp|P54652|HSP72_HUMAN	6	11	8.92496981425337	0	true
sp|P54707|AT12A_HUMAN	1	4	7.095451737111608	0	true
sp|P54709|AT1B3_HUMAN	13	0	10.817765153817119	0	true
sp|P54725|RD23A_HUMAN	6	3	6.93119932903491	0	true
sp|P54727|RD23B_HUMAN	11	3	9.766371692513847	0	true
sp|P54753|EPHB3_HUMAN	1	3	6.35200850429331	0	true
sp|P54760|EPHB4_HUMAN	9	3	6.35200850429331	0	true
sp|P54762|EPHB1_HUMAN	1	2	6.35200850429331	0	true
sp|P54802|ANAG_HUMAN	12	0	4.467193642684477	0	true
sp|P54819|KAD2_HUMAN	16	0	11.293267554897666	0	true
sp|P54826|GAS1_HUMAN	4	0	2.9939205636845623	0	true
sp|P54840|GYS2_HUMAN	1	1	5.7842900787079525	0	true
sp|P54886|P5CS_HUMAN	32	0	10.70266509625068	0	true
sp|P54920|SNAA_HUMAN	16	2	10.3228936491922	0	true
sp|P55010|IF5_HUMAN	22	0	7.877144438402328	0	true
sp|P55011|S12A2_HUMAN	20	0	4.995795961539825	0	true
sp|P55017|S12A3_HUMAN	10	0	3.9544441922423292	0	true
sp|P55036|PSMD4_HUMAN	8	3	9.139115296782473	0	true
sp|P55039|DRG2_HUMAN	15	0	7.576090919830268	0	true
sp|P55055|NR1H2_HUMAN	3	1	2.8457584002272243	0	true
sp|P55058|PLTP_HUMAN	2	0	7.771697926293872	0	true
sp|P55060|XPO2_HUMAN	42	0	11.364767122069738	0	true
sp|P55072|TERA_HUMAN	49	0	11.0420150231535	0	true
sp|P55081|MFAP1_HUMAN	15	1	8.756490656050229	0	true
sp|P55084|ECHB_HUMAN	19	0	9.950949229794313	0	true
sp|P55145|MANF_HUMAN	11	0	8.51182843426904	0	true
sp|P55196|AFAD_HUMAN	41	0	5.662188838617364	0	true
sp|P55197|AF10_HUMAN	3	0	3.238106636769121	0	true
sp|P55198|AF17_HUMAN	6	0	2.869155487575142	0	true
sp|P55199|ELL_HUMAN	18	0	6.000533806042802	0	true
sp|P55201|BRPF1_HUMAN	10	1	3.3760394127391318	0	true
sp|P55209|NP1L1_HUMAN	8	1	10.358625185796688	0	true
sp|P55210|CASP7_HUMAN	9	0	7.685151125558705	0	true
sp|P55211|CASP9_HUMAN	7	0	8.276182200337663	0	true
sp|P55212|CASP6_HUMAN	5	0	2.9117214679566032	0	true
sp|P55263|ADK_HUMAN	20	0	9.387974520234168	0	true
sp|P55265|DSRAD_HUMAN	52	0	10.989223142269989	0	true
sp|P55287|CAD11_HUMAN	2	0	2.685551888683338	0	true
sp|P55327|TPD52_HUMAN	7	0	9.718522229540305	0	true
sp|P55347|PKNX1_HUMAN	2	0	3.8724251165320736	0	true
sp|P55735|SEC13_HUMAN	11	0	9.694851351654242	0	true
sp|P55769|NH2L1_HUMAN	6	0	10.61152769903118	0	true
sp|P55786|PSA_HUMAN	42	0	10.215925752723097	0	true
sp|P55789|ALR_HUMAN	5	0	4.802025944495595	0	true
sp|P55795|HNRH2_HUMAN	9	7	9.412647680931876	0	true
sp|P55809|SCOT1_HUMAN	17	0	10.135125713676537	0	true
sp|P55854|SUMO3_HUMAN	1	2	8.428539543030597	0	true
sp|P55884|EIF3B_HUMAN	33	0	11.225341622866205	0	true
sp|P55957|BID_HUMAN	4	0	9.081429608726086	0	true
sp|P56134|ATPK_HUMAN	3	0	8.01406628330662	0	true
sp|P56181|NDUV3_HUMAN	2	0	4.422696315248631	0	true
sp|P56182|RRP1_HUMAN	20	0	8.996507686909958	0	true
sp|P56192|SYMC_HUMAN	35	0	10.78047577565313	0	true
sp|P56199|ITA1_HUMAN	31	0	9.728143938202589	0	true
sp|P56211|ARP19_HUMAN	5	1	8.158628512486587	0	true
sp|P56270|MAZ_HUMAN	9	2	9.640561909372684	0	true
sp|P56277|CMC4_HUMAN	5	0	5.017108197456174	0	true
sp|P56282|DPOE2_HUMAN	10	0	5.328048369396867	0	true
sp|P56377|AP1S2_HUMAN	2	1	2.0205098487894966	0	true
sp|P56378|ATP68_HUMAN	3	0	4.50847012402251	0	true
sp|P56381|ATP5E_HUMAN;sp|Q5VTU8|AT5EL_HUMAN	2	0	4.317942356037826	0	true
sp|P56385|ATP5I_HUMAN	3	0	7.509559972872572	0	true
sp|P56537|IF6_HUMAN	8	0	10.255907212803624	0	true
sp|P56545|CTBP2_HUMAN	10	3	8.4395996369926	0	true
sp|P56556|NDUA6_HUMAN	9	0	6.715802102572011	0	true
sp|P56589|PEX3_HUMAN	9	0	7.947432462951424	0	true
sp|P56937|DHB7_HUMAN	6	0	6.981425217919703	0	true
sp|P56945|BCAR1_HUMAN	16	0	5.177038789919733	0	true
sp|P56962|STX17_HUMAN	9	0	5.172690107662255	0	true
sp|P57060|RWD2B_HUMAN	8	0	6.453886344549977	0	true
sp|P57076|CF298_HUMAN	9	0	7.50281328607248	0	true
sp|P57081|WDR4_HUMAN	13	0	7.203112528464438	0	true
sp|P57086|SCND1_HUMAN	1	0	4.541947745085353	0	true
sp|P57088|TMM33_HUMAN	9	0	8.181534354660833	0	true
sp|P57105|SYJ2B_HUMAN	6	0	7.991389928889906	0	true
sp|P57678|GEMI4_HUMAN	28	0	8.190026334011572	0	true
sp|P57721|PCBP3_HUMAN	1	5	9.99623654691243	0	true
sp|P57723|PCBP4_HUMAN	2	1	4.602306259953854	0	true
sp|P57737|CORO7_HUMAN	20	0	9.096267157713225	0	true
sp|P57740|NU107_HUMAN	38	0	9.367142421534602	0	true
sp|P57764|GSDMD_HUMAN	6	0	4.785593194600431	0	true
sp|P57772|SELB_HUMAN	21	0	8.854635119111883	0	true
sp|P58004|SESN2_HUMAN	9	0	3.8038324103906302	0	true
sp|P58012|FOXL2_HUMAN	2	1	3.582328339165223	0	true
sp|P58107|EPIPL_HUMAN	79	7	8.865629028973839	0	true
sp|P58317|ZN121_HUMAN	4	2	7.22616602928	0	true
sp|P58546|MTPN_HUMAN	5	0	10.346692771980242	0	true
sp|P58557|YBEY_HUMAN	4	0	5.66665187979197	0	true
sp|P59190|RAB15_HUMAN	1	1	2.739838235348203	0	true
sp|P59780|AP3S2_HUMAN	6	0	4.817887120265465	0	true
sp|P59998|ARPC4_HUMAN	7	0	7.870131192021955	0	true
sp|P60002|ELOF1_HUMAN	1	0	2.058530436341788	0	true
sp|P60033|CD81_HUMAN	2	0	5.919918248408782	0	true
sp|P60174|TPIS_HUMAN	15	0	8.91611409176774	0	true
sp|P60228|EIF3E_HUMAN	21	0	10.252002589027425	0	true
sp|P60468|SC61B_HUMAN	3	0	8.11361603534595	0	true
sp|P60484|PTEN_HUMAN	9	0	5.522439468504888	0	true
sp|P60510|PP4C_HUMAN	8	2	9.532847800085673	0	true
sp|P60520|GBRL2_HUMAN	4	0	2.973975955098005	0	true
sp|P60602|ROMO1_HUMAN	2	0	3.363716118839718	0	true
sp|P60604|UB2G2_HUMAN	5	0	7.317601683375208	0	true
sp|P60660|MYL6_HUMAN	6	2	9.048038081112331	0	true
sp|P60709|ACTB_HUMAN;sp|P63261|ACTG_HUMAN	6	14	9.720447451210557	0	true
sp|P60763|RAC3_HUMAN	1	7	8.28049906777063	0	true
sp|P60842|IF4A1_HUMAN	13	13	10.004863141533717	0	true
sp|P60866|RS20_HUMAN	5	0	8.856640176236052	0	true
sp|P60891|PRPS1_HUMAN	6	9	11.575692756975789	0	true
sp|P60900|PSA6_HUMAN	14	0	11.043153575205473	0	true
sp|P60903|S10AA_HUMAN	3	0	10.041196057776137	0	true
sp|P60953|CDC42_HUMAN	8	1	8.932493211027618	0	true
sp|P60981|DEST_HUMAN	10	0	10.43723845929352	0	true
sp|P60983|GMFB_HUMAN	6	0	8.021840228159117	0	true
sp|P60985|KTDAP_HUMAN	1	0	2.0410687158131027	0	true
sp|P61006|RAB8A_HUMAN	8	4	10.246741301324569	0	true
sp|P61009|SPCS3_HUMAN	4	0	8.028125895864104	0	true
sp|P61011|SRP54_HUMAN	22	0	10.127758599433154	0	true
sp|P61018|RAB4B_HUMAN	1	2	2.363206295545172	0	true
sp|P61019|RAB2A_HUMAN	6	8	10.193956887769495	0	true
sp|P61020|RAB5B_HUMAN	6	3	9.883831388499454	0	true
sp|P61024|CKS1_HUMAN	3	1	8.449995894873506	0	true
sp|P61026|RAB10_HUMAN	9	3	9.958572643424997	0	true
sp|P61077|UB2D3_HUMAN	1	2	8.418748980926106	0	true
sp|P61081|UBC12_HUMAN	10	0	8.617280981847047	0	true
sp|P61086|UBE2K_HUMAN	9	0	8.634463500883722	0	true
sp|P61088|UBE2N_HUMAN	9	0	10.304126093959482	0	true
sp|P61106|RAB14_HUMAN	14	1	10.711698181214945	0	true
sp|P61129|ZC3H6_HUMAN	1	0	1.9528904117646002	0	true
sp|P61158|ARP3_HUMAN	17	3	10.91267743482689	0	true
sp|P61160|ARP2_HUMAN	13	0	10.418002007211662	0	true
sp|P61163|ACTZ_HUMAN	8	7	10.367386529867902	0	true
sp|P61165|TM258_HUMAN	1	0	4.239717407547911	0	true
sp|P61201|CSN2_HUMAN	15	0	11.439997622099083	0	true
sp|P61204|ARF3_HUMAN	1	8	10.274442112339472	0	true
sp|P61218|RPAB2_HUMAN	2	0	3.5641470780378457	0	true
sp|P61221|ABCE1_HUMAN	31	0	10.747758648359447	0	true
sp|P61224|RAP1B_HUMAN	2	7	10.013319501836333	0	true
sp|P61225|RAP2B_HUMAN	3	1	7.709492528913326	0	true
sp|P61244|MAX_HUMAN	6	0	5.210637032822039	0	true
sp|P61247|RS3A_HUMAN	18	0	9.85085400528127	0	true
sp|P61254|RL26_HUMAN	3	7	8.685610290738712	0	true
sp|P61289|PSME3_HUMAN	15	0	10.019010037569151	0	true
sp|P61313|RL15_HUMAN	14	0	10.595398002354019	0	true
sp|P61326|MGN_HUMAN;sp|Q96A72|MGN2_HUMAN	8	0	8.20781736042634	0	true
sp|P61353|RL27_HUMAN	6	0	8.3753411001452	0	true
sp|P61421|VA0D1_HUMAN	11	0	7.663677225137504	0	true
sp|P61457|PHS_HUMAN	4	0	5.029239610417361	0	true
sp|P61513|RL37A_HUMAN	5	0	7.906453841115067	0	true
sp|P61586|RHOA_HUMAN	1	7	9.27977470154188	0	true
sp|P61587|RND3_HUMAN	6	0	6.225619261368642	0	true
sp|P61599|NAA20_HUMAN	7	0	7.235851056481098	0	true
sp|P61604|CH10_HUMAN	6	0	7.26506809221305	0	true
sp|P61619|S61A1_HUMAN	7	4	8.761333215601692	0	true
sp|P61758|PFD3_HUMAN	12	0	8.879859208665353	0	true
sp|P61764|STXB1_HUMAN	20	0	8.378621623559415	0	true
sp|P61769|B2MG_HUMAN	3	0	9.392002032816112	0	true
sp|P61803|DAD1_HUMAN	4	0	7.957858451360927	0	true
sp|P61916|NPC2_HUMAN	7	0	8.654800936226897	0	true
sp|P61923|COPZ1_HUMAN	5	0	9.046409063541708	0	true
sp|P61956|SUMO2_HUMAN	1	2	7.173528944449872	0	true
sp|P61960|UFM1_HUMAN	3	0	7.739825459940658	0	true
sp|P61962|DCAF7_HUMAN	9	0	7.668649087880834	0	true
sp|P61964|WDR5_HUMAN	10	0	9.745172312050968	0	true
sp|P61966|AP1S1_HUMAN	2	1	4.452767120703674	0	true
sp|P61970|NTF2_HUMAN	3	0	10.020559577102118	0	true
sp|P61978|HNRPK_HUMAN	22	0	10.479084245590728	0	true
sp|P61981|1433G_HUMAN	11	6	9.576010508635607	0	true
sp|P62068|UBP46_HUMAN	3	3	3.3148734440592613	0	true
sp|P62070|RRAS2_HUMAN	8	2	10.17371784254365	0	true
sp|P62072|TIM10_HUMAN	5	0	9.780506530030241	0	true
sp|P62081|RS7_HUMAN	9	0	6.6784784761445195	0	true
sp|P62136|PP1A_HUMAN	5	17	10.929096250533764	0	true
sp|P62140|PP1B_HUMAN	8	13	11.29075768267115	0	true
sp|P62166|NCS1_HUMAN	7	0	7.730398942890908	0	true
sp|P62191|PRS4_HUMAN	25	1	10.469448175414454	0	true
sp|P62195|PRS8_HUMAN	23	2	10.465554454624659	0	true
sp|P62241|RS8_HUMAN	12	0	9.63076289820074	0	true
sp|P62244|RS15A_HUMAN	6	0	10.048106197306879	0	true
sp|P62249|RS16_HUMAN	12	0	7.998465108297125	0	true
sp|P62253|UB2G1_HUMAN	4	0	5.7036499936894725	0	true
sp|P62256|UBE2H_HUMAN	6	0	10.05923674416514	0	true
sp|P62258|1433E_HUMAN	14	3	9.169249876884278	0	true
sp|P62263|RS14_HUMAN	6	0	7.454047547335713	0	true
sp|P62266|RS23_HUMAN	5	0	5.797225540339805	0	true
sp|P62269|RS18_HUMAN	10	0	7.533764481422942	0	true
sp|P62273|RS29_HUMAN	2	0	9.798310786514167	0	true
sp|P62277|RS13_HUMAN	10	0	7.347015975365185	0	true
sp|P62280|RS11_HUMAN	12	0	8.988843888316568	0	true
sp|P62304|RUXE_HUMAN	2	0	8.695684526567755	0	true
sp|P62306|RUXF_HUMAN	5	0	10.480727430728416	0	true
sp|P62310|LSM3_HUMAN	2	0	7.906886025477571	0	true
sp|P62312|LSM6_HUMAN	5	0	9.007653574544381	0	true
sp|P62314|SMD1_HUMAN	5	0	9.380216630417442	0	true
sp|P62316|SMD2_HUMAN	7	0	10.919213784047802	0	true
sp|P62318|SMD3_HUMAN	4	0	10.162053597390248	0	true
sp|P62330|ARF6_HUMAN	7	0	8.653289879405406	0	true
sp|P62333|PRS10_HUMAN	16	0	10.559227920444082	0	true
sp|P62341|SELT_HUMAN	5	0	6.211379371480638	0	true
sp|P62380|TBPL1_HUMAN	3	0	7.053162723931328	0	true
sp|P62424|RL7A_HUMAN	14	0	10.554564674397893	0	true
sp|P62487|RPB7_HUMAN	7	0	7.95544206667899	0	true
sp|P62491|RB11A_HUMAN	1	9	9.439935904700175	0	true
sp|P62495|ERF1_HUMAN	20	0	10.29039271894392	0	true
sp|P62633|CNBP_HUMAN	11	0	10.047761233484767	0	true
sp|P62699|YPEL5_HUMAN	3	0	6.752973800162824	0	true
sp|P62701|RS4X_HUMAN	17	0	10.432265605588935	0	true
sp|P62714|PP2AB_HUMAN	2	13	11.001813649968444	0	true
sp|P62745|RHOB_HUMAN	5	3	8.83839432871641	0	true
sp|P62750|RL23A_HUMAN	9	0	7.8997292655796825	0	true
sp|P62753|RS6_HUMAN	12	0	8.00057227955012	0	true
sp|P62805|H4_HUMAN	10	0	7.621983887471224	0	true
sp|P62820|RAB1A_HUMAN	5	7	10.301978109689712	0	true
sp|P62826|RAN_HUMAN	8	0	9.628603484612075	0	true
sp|P62829|RL23_HUMAN	7	0	8.573428106130686	0	true
sp|P62834|RAP1A_HUMAN	2	7	9.71152881781963	0	true
sp|P62837|UB2D2_HUMAN	1	2	8.418748980926106	0	true
sp|P62841|RS15_HUMAN	5	0	12.2345327197675	0	true
sp|P62847|RS24_HUMAN	3	0	9.14667750506698	0	true
sp|P62851|RS25_HUMAN	6	0	6.413703853609369	0	true
sp|P62854|RS26_HUMAN	5	0	9.235510974235229	0	true
sp|P62857|RS28_HUMAN	3	0	7.820823176467897	0	true
sp|P62861|RS30_HUMAN	3	0	4.337078159046572	0	true
sp|P62873|GBB1_HUMAN	4	7	11.644823238112604	0	true
sp|P62875|RPAB5_HUMAN	2	0	8.05783225942935	0	true
sp|P62879|GBB2_HUMAN	3	8	11.644823238112604	0	true
sp|P62888|RL30_HUMAN	8	0	8.107821926028986	0	true
sp|P62891|RL39_HUMAN;sp|Q59GN2|R39L5_HUMAN	2	0	5.756888881333039	0	true
sp|P62899|RL31_HUMAN	7	0	6.871490177693941	0	true
sp|P62906|RL10A_HUMAN	14	0	10.316905838346338	0	true
sp|P62910|RL32_HUMAN	9	0	8.849615904367937	0	true
sp|P62913|RL11_HUMAN	8	0	8.776624689418096	0	true
sp|P62917|RL8_HUMAN	11	0	10.320514407948508	0	true
sp|P62937|PPIA_HUMAN	10	0	8.85544574507721	0	true
sp|P62942|FKB1A_HUMAN	4	0	9.526452063772522	0	true
sp|P62979|RS27A_HUMAN	4	5	10.949887126845859	0	true
sp|P62987|RL40_HUMAN	1	5	9.641881018024264	0	true
sp|P62993|GRB2_HUMAN	14	0	9.357909343012862	0	true
sp|P62995|TRA2B_HUMAN	9	2	9.792325421413812	0	true
sp|P63000|RAC1_HUMAN	2	8	8.59275174713242	0	true
sp|P63010|AP2B1_HUMAN	18	21	10.76599688480401	0	true
sp|P63096|GNAI1_HUMAN	4	6	10.059686305225805	0	true
sp|P63098|CANB1_HUMAN	5	0	8.585758680093177	0	true
sp|P63104|1433Z_HUMAN	12	5	10.097858030463822	0	true
sp|P63151|2ABA_HUMAN	11	9	9.770401169975651	0	true
sp|P63165|SUMO1_HUMAN	5	0	9.014706993616613	0	true
sp|P63167|DYL1_HUMAN	1	2	9.675825372201974	0	true
sp|P63172|DYLT1_HUMAN	4	0	10.359265839728257	0	true
sp|P63173|RL38_HUMAN	3	0	6.4771483748851955	0	true
sp|P63208|SKP1_HUMAN	9	0	9.15705945349079	0	true
sp|P63218|GBG5_HUMAN	2	0	5.7681108394407765	0	true
sp|P63220|RS21_HUMAN	4	0	9.849261531914452	0	true
sp|P63241|IF5A1_HUMAN	3	4	9.841706129600656	0	true
sp|P63244|RACK1_HUMAN	16	0	10.240033721289176	0	true
sp|P63272|SPT4H_HUMAN	3	0	6.527685375971289	0	true
sp|P63279|UBC9_HUMAN	8	0	8.087758077301954	0	true
sp|P63313|TYB10_HUMAN	3	0	4.547729304750099	0	true
sp|P67775|PP2AA_HUMAN	2	13	11.001813649968444	0	true
sp|P67809|YBOX1_HUMAN	10	4	10.852057882475286	0	true
sp|P67812|SC11A_HUMAN	7	0	7.502451125904389	0	true
sp|P67870|CSK2B_HUMAN	7	0	9.211174956093519	0	true
sp|P67936|TPM4_HUMAN	8	10	10.78233669681663	0	true
sp|P68032|ACTC_HUMAN	1	16	8.517274168479194	0	true
sp|P68036|UB2L3_HUMAN	8	0	9.696564416323493	0	true
sp|P68104|EF1A1_HUMAN	12	11	10.51969364301449	0	true
sp|P68133|ACTS_HUMAN	1	16	8.517274168479194	0	true
sp|P68363|TBA1B_HUMAN	0	21	10.226195067926087	0	true
sp|P68366|TBA4A_HUMAN	4	16	10.226195067926087	0	true
sp|P68371|TBB4B_HUMAN	1	20	9.709500287860784	0	true
sp|P68400|CSK21_HUMAN	2	16	11.18035297358835	0	true
sp|P68402|PA1B2_HUMAN	5	0	5.989096563394665	0	true
sp|P68543|UBX2A_HUMAN	3	0	3.4113038430129397	0	true
sp|P69891|HBG1_HUMAN	3	1	3.1444441674347203	0	true
sp|P69905|HBA_HUMAN	5	1	6.340646244916389	0	true
sp|P78310|CXAR_HUMAN	14	0	7.95301595498115	0	true
sp|P78312|F193A_HUMAN	3	0	2.3954095879772335	0	true
sp|P78314|3BP2_HUMAN	7	0	3.2608550461324284	0	true
sp|P78316|NOP14_HUMAN	28	0	8.048658215410164	0	true
sp|P78318|IGBP1_HUMAN	14	0	9.754243626414866	0	true
sp|P78330|SERB_HUMAN	11	0	9.687319403844516	0	true
sp|P78332|RBM6_HUMAN	33	2	6.296123928220517	0	true
sp|P78337|PITX1_HUMAN	3	0	2.1681075508816505	0	true
sp|P78344|IF4G2_HUMAN	41	0	10.01469010859862	0	true
sp|P78345|RPP38_HUMAN	14	0	6.663793379889965	0	true
sp|P78346|RPP30_HUMAN	14	0	10.899360148888423	0	true
sp|P78347|GTF2I_HUMAN	38	0	10.159223582734288	0	true
sp|P78352|DLG4_HUMAN	1	2	2.808959266074772	0	true
sp|P78356|PI42B_HUMAN	7	3	7.208441719465928	0	true
sp|P78357|CNTP1_HUMAN	7	0	3.2459411623001118	0	true
sp|P78362|SRPK2_HUMAN	16	5	7.324728734194835	0	true
sp|P78364|PHC1_HUMAN	1	0	2.6588380366447577	0	true
sp|P78368|KC1G2_HUMAN	3	5	3.8973144323101403	0	true
sp|P78371|TCPB_HUMAN	29	0	13.195541308678433	0	true
sp|P78380|OLR1_HUMAN	3	0	5.751429120085327	0	true
sp|P78381|S35A2_HUMAN	1	0	4.686899436209657	0	true
sp|P78383|S35B1_HUMAN	2	0	4.193186462091802	0	true
sp|P78386|KRT85_HUMAN	1	0	8.879652312573239	0	true
sp|P78406|RAE1L_HUMAN	14	0	10.233997862640766	0	true
sp|P78417|GSTO1_HUMAN	11	0	8.295772351513524	0	true
sp|P78504|JAG1_HUMAN	1	0	2.0158032308161635	0	true
sp|P78509|RELN_HUMAN	8	0	2.3876720021027085	0	true
sp|P78524|DEN2B_HUMAN	8	1	3.0230540696574932	0	true
sp|P78527|PRKDC_HUMAN	192	0	10.985258760737171	0	true
sp|P78536|ADA17_HUMAN	18	0	5.686521802873205	0	true
sp|P78537|BL1S1_HUMAN	4	0	5.70096471746712	0	true
sp|P78540|ARGI2_HUMAN	7	0	4.555883987738709	0	true
sp|P78549|NTH_HUMAN	9	0	6.723917309369839	0	true
sp|P78559|MAP1A_HUMAN	11	0	3.185628867978915	0	true
sp|P78560|CRADD_HUMAN	4	0	7.355441762707433	0	true
sp|P78562|PHEX_HUMAN	1	0	3.310129426926719	0	true
sp|P78563|RED1_HUMAN	18	0	6.755823778022701	0	true
sp|P79522|PRR3_HUMAN	2	0	3.978767430274	0	true
sp|P80217|IN35_HUMAN	9	0	7.61723770799521	0	true
sp|P80303|NUCB2_HUMAN	21	0	9.808471686109648	0	true
sp|P80723|BASP1_HUMAN	19	0	10.521546093357099	0	true
sp|P82094|TMF1_HUMAN	13	0	3.451961526816508	0	true
sp|P82650|RT22_HUMAN	17	0	8.904327608013723	0	true
sp|P82663|RT25_HUMAN	8	0	7.462778888112478	0	true
sp|P82664|RT10_HUMAN	6	0	7.659281305323579	0	true
sp|P82673|RT35_HUMAN	11	0	9.133820358710347	0	true
sp|P82675|RT05_HUMAN	17	0	9.03754465578601	0	true
sp|P82909|KGD4_HUMAN	7	0	7.4701453143643635	0	true
sp|P82912|RT11_HUMAN	3	0	6.5714391847997735	0	true
sp|P82914|RT15_HUMAN	8	0	7.862202762433362	0	true
sp|P82921|RT21_HUMAN	3	0	10.10060222472134	0	true
sp|P82930|RT34_HUMAN	10	0	9.757928985682549	0	true
sp|P82932|RT06_HUMAN	6	0	7.8994581766676415	0	true
sp|P82933|RT09_HUMAN	15	0	8.58507703125031	0	true
sp|P82970|HMGN5_HUMAN	14	0	10.225253709903384	0	true
sp|P82979|SARNP_HUMAN	11	0	9.988888457726535	0	true
sp|P83111|LACTB_HUMAN	13	0	5.479404730008878	0	true
sp|P83369|LSM11_HUMAN	6	0	3.2076469715321076	0	true
sp|P83436|COG7_HUMAN	19	0	7.512819118230756	0	true
sp|P83731|RL24_HUMAN	10	0	7.1954432753314865	0	true
sp|P83876|TXN4A_HUMAN	5	0	8.76778889225598	0	true
sp|P83881|RL36A_HUMAN	1	5	8.24989299629186	0	true
sp|P83916|CBX1_HUMAN	5	1	11.115453045401292	0	true
sp|P84022|SMAD3_HUMAN	3	7	8.977390223059045	0	true
sp|P84077|ARF1_HUMAN	2	8	10.274442112339472	0	true
sp|P84085|ARF5_HUMAN	5	5	10.274442112339472	0	true
sp|P84090|ERH_HUMAN	3	0	6.280539426547991	0	true
sp|P84095|RHOG_HUMAN	9	1	9.421756575713246	0	true
sp|P84098|RL19_HUMAN	6	0	9.275674387341928	0	true
sp|P84101|SERF2_HUMAN	2	0	2.2366998130599054	0	true
sp|P84103|SRSF3_HUMAN	8	1	7.010123652311821	0	true
sp|P84157|MXRA7_HUMAN	3	0	4.505735151666387	0	true
sp|P84243|H33_HUMAN	4	3	6.481581024205905	0	true
sp|P85037|FOXK1_HUMAN	17	1	6.88586630629771	0	true
sp|P86397|HTD2_HUMAN	1	0	1.9182612579104334	0	true
sp|P86790|CCZ1B_HUMAN;sp|P86791|CCZ1_HUMAN	18	0	4.028893377308601	0	true
sp|P98082|DAB2_HUMAN	23	0	7.865928448535053	0	true
sp|P98160|PGBM_HUMAN	47	0	5.65216440227722	0	true
sp|P98168|ZXDA_HUMAN	2	1	2.2423679410131747	0	true
sp|P98170|XIAP_HUMAN	15	0	7.617291215031958	0	true
sp|P98172|EFNB1_HUMAN	5	0	2.2861474210674717	0	true
sp|P98173|FAM3A_HUMAN	2	0	3.551578663461439	0	true
sp|P98175|RBM10_HUMAN	24	3	10.199360790998321	0	true
sp|P98179|RBM3_HUMAN	7	0	7.778494640432881	0	true
sp|P98194|AT2C1_HUMAN	14	0	9.91605758015091	0	true
sp|P98196|AT11A_HUMAN	12	1	4.221501373430068	0	true
sp|P99999|CYC_HUMAN	6	0	9.243136891221965	0	true
sp|Q00013|EM55_HUMAN	3	0	1.8807720116413928	0	true
sp|Q00059|TFAM_HUMAN	12	0	8.606949344225677	0	true
sp|Q00169|PIPNA_HUMAN	17	2	11.161755530762077	0	true
sp|Q00266|METK1_HUMAN	4	2	8.936060126840266	0	true
sp|Q00325|S25A3_HUMAN	11	0	8.763784842050432	0	true
sp|Q00341|VIGLN_HUMAN	58	0	10.958008458374646	0	true
sp|Q00403|TF2B_HUMAN	7	0	7.0643694012910085	0	true
sp|Q00534|CDK6_HUMAN	9	0	7.975597247968792	0	true
sp|Q00535|CDK5_HUMAN	12	0	6.618168549475749	0	true
sp|Q00536|CDK16_HUMAN	9	3	8.26584722209613	0	true
sp|Q00537|CDK17_HUMAN	11	3	8.26584722209613	0	true
sp|Q00577|PURA_HUMAN	7	1	7.175900392381468	0	true
sp|Q00587|BORG5_HUMAN	9	0	8.192642854804152	0	true
sp|Q00610|CLH1_HUMAN	59	18	10.89576818636875	0	true
sp|Q00613|HSF1_HUMAN	8	1	7.845394839088068	0	true
sp|Q00653|NFKB2_HUMAN	29	1	10.164876438304887	0	true
sp|Q00688|FKBP3_HUMAN	9	0	10.80994882194685	0	true
sp|Q00722|PLCB2_HUMAN	6	0	2.7793019744460037	0	true
sp|Q00765|REEP5_HUMAN	5	0	8.482713870696728	0	true
sp|Q00796|DHSO_HUMAN	17	0	10.665696580628039	0	true
sp|Q00839|HNRPU_HUMAN	28	0	10.310182553253632	0	true
sp|Q01081|U2AF1_HUMAN	5	0	9.326754982810197	0	true
sp|Q01082|SPTB2_HUMAN	122	10	11.467791569358265	0	true
sp|Q01085|TIAR_HUMAN	10	3	10.702618551816945	0	true
sp|Q01105|SET_HUMAN	10	0	10.96020934570834	0	true
sp|Q01130|SRSF2_HUMAN	5	2	10.876154424705934	0	true
sp|Q01167|FOXK2_HUMAN	12	1	5.198763601647074	0	true
sp|Q01196|RUNX1_HUMAN	2	0	2.696550672311208	0	true
sp|Q01201|RELB_HUMAN	4	0	3.5786626990157115	0	true
sp|Q01415|GALK2_HUMAN	10	0	8.892415376950083	0	true
sp|Q01433|AMPD2_HUMAN	26	1	6.426803370621077	0	true
sp|Q01469|FABP5_HUMAN	9	0	9.867285691872294	0	true
sp|Q01484|ANK2_HUMAN	1	2	3.005531281071792	0	true
sp|Q01518|CAP1_HUMAN	24	1	9.014337051616547	0	true
sp|Q01581|HMCS1_HUMAN	10	0	4.29629469402653	0	true
sp|Q01628|IFM3_HUMAN	2	0	9.439716821488645	0	true
sp|Q01650|LAT1_HUMAN	5	1	10.158808477074608	0	true
sp|Q01658|NC2B_HUMAN	3	0	7.436336083193482	0	true
sp|Q01664|TFAP4_HUMAN	9	0	2.967100599678791	0	true
sp|Q01780|EXOSX_HUMAN	41	0	8.966244917218884	0	true
sp|Q01804|OTUD4_HUMAN	17	0	6.9512829319574925	0	true
sp|Q01813|PFKAP_HUMAN	26	4	11.365829927644569	0	true
sp|Q01814|AT2B2_HUMAN	2	12	10.103112786999354	0	true
sp|Q01831|XPC_HUMAN	21	0	6.654688145247714	0	true
sp|Q01844|EWS_HUMAN	9	0	7.772617140777282	0	true
sp|Q01968|OCRL_HUMAN	28	0	6.383473046619532	0	true
sp|Q01970|PLCB3_HUMAN	41	0	9.631614748670428	0	true
sp|Q01995|TAGL_HUMAN	7	0	3.009703924460532	0	true
sp|Q02040|AK17A_HUMAN	20	0	6.777892079126384	0	true
sp|Q02078|MEF2A_HUMAN	1	2	6.0015029004799345	0	true
sp|Q02086|SP2_HUMAN	3	0	4.690163191926145	0	true
sp|Q02127|PYRD_HUMAN	20	0	9.907314784466978	0	true
sp|Q02218|ODO1_HUMAN	43	0	11.74140922323432	0	true
sp|Q02241|KIF23_HUMAN	27	0	8.496446111225328	0	true
sp|Q02252|MMSA_HUMAN	20	0	8.560462242475236	0	true
sp|Q02318|CP27A_HUMAN	1	0	2.388665792469604	0	true
sp|Q02338|BDH_HUMAN	3	0	3.5560539420134822	0	true
sp|Q02388|CO7A1_HUMAN	37	0	7.840156492188786	0	true
sp|Q02447|SP3_HUMAN	5	0	6.430369555336273	0	true
sp|Q02509|OC90_HUMAN	1	0	2.3857805765305984	0	true
sp|Q02543|RL18A_HUMAN	10	0	8.52271707919386	0	true
sp|Q02750|MP2K1_HUMAN	10	8	10.820622882154245	0	true
sp|Q02790|FKBP4_HUMAN	34	0	11.252357740638509	0	true
sp|Q02809|PLOD1_HUMAN	32	0	10.41478458648608	0	true
sp|Q02818|NUCB1_HUMAN	21	0	10.283973132116252	0	true
sp|Q02878|RL6_HUMAN	19	0	10.26783538474562	0	true
sp|Q02880|TOP2B_HUMAN	53	15	11.187561861360061	0	true
sp|Q02952|AKA12_HUMAN	26	0	6.240390785057328	0	true
sp|Q02978|M2OM_HUMAN	15	0	10.112267851226434	0	true
sp|Q03001|DYST_HUMAN	44	4	4.0758740569911724	0	true
sp|Q03111|ENL_HUMAN	6	0	5.949375841147673	0	true
sp|Q03112|MECOM_HUMAN	6	0	1.9933708794956198	0	true
sp|Q03113|GNA12_HUMAN	2	2	4.826514635148461	0	true
sp|Q03135|CAV1_HUMAN	6	0	6.517887707581934	0	true
sp|Q03154|ACY1_HUMAN	17	0	8.605714261863394	0	true
sp|Q03164|KMT2A_HUMAN	48	2	5.778183507415618	0	true
sp|Q03167|TGBR3_HUMAN	7	0	2.7966462762002435	0	true
sp|Q03169|TNAP2_HUMAN	22	0	8.330638500882298	0	true
sp|Q03188|CENPC_HUMAN	22	0	6.172090168277985	0	true
sp|Q03252|LMNB2_HUMAN	35	2	9.786670071574195	0	true
sp|Q03393|PTPS_HUMAN	5	0	3.594547439393917	0	true
sp|Q03405|UPAR_HUMAN	7	0	8.20112159673281	0	true
sp|Q03426|KIME_HUMAN	7	0	7.925576919378918	0	true
sp|Q03468|ERCC6_HUMAN	33	0	8.759444581761025	0	true
sp|Q03518|TAP1_HUMAN	10	0	8.324339477528028	0	true
sp|Q03519|TAP2_HUMAN	14	1	8.401510928616071	0	true
sp|Q03701|CEBPZ_HUMAN	34	0	10.246588258174413	0	true
sp|Q03933|HSF2_HUMAN	1	1	2.5030895776705724	0	true
sp|Q04206|TF65_HUMAN	18	0	7.916636506027502	0	true
sp|Q04323|UBXN1_HUMAN	8	0	10.233392757086277	0	true
sp|Q04446|GLGB_HUMAN	25	0	11.206500267991283	0	true
sp|Q04637|IF4G1_HUMAN	57	5	11.235262321754007	0	true
sp|Q04656|ATP7A_HUMAN	23	1	8.295065750876715	0	true
sp|Q04695|K1C17_HUMAN	20	14	10.583460639085544	0	true
sp|Q04721|NOTC2_HUMAN	35	2	4.91497287244953	0	true
sp|Q04726|TLE3_HUMAN	19	0	9.184938140991834	0	true
sp|Q04756|HGFA_HUMAN	2	0	2.526102641512503	0	true
sp|Q04760|LGUL_HUMAN	9	0	9.301421668518778	0	true
sp|Q04828|AK1C1_HUMAN	3	8	9.414714526656548	0	true
sp|Q04837|SSBP_HUMAN	7	0	8.232099590902964	0	true
sp|Q04864|REL_HUMAN	14	0	7.224283883135486	0	true
sp|Q04912|RON_HUMAN	14	1	5.8955195435441405	0	true
sp|Q04917|1433F_HUMAN	12	5	9.924724003982538	0	true
sp|Q04941|PLP2_HUMAN	2	0	7.171399364101758	0	true
sp|Q05048|CSTF1_HUMAN	14	0	10.230861396516989	0	true
sp|Q05066|SRY_HUMAN	1	0	2.5390164410700713	0	true
sp|Q05086|UBE3A_HUMAN	23	0	7.762784916416247	0	true
sp|Q05193|DYN1_HUMAN	2	7	8.741303668192662	0	true
sp|Q05209|PTN12_HUMAN	23	0	6.204413377658443	0	true
sp|Q05397|FAK1_HUMAN	27	0	7.777245636700399	0	true
sp|Q05519|SRS11_HUMAN	10	0	10.235256651582857	0	true
sp|Q05639|EF1A2_HUMAN	8	11	10.09314816496917	0	true
sp|Q05655|KPCD_HUMAN	18	1	5.798342451306451	0	true
sp|Q05682|CALD1_HUMAN	27	1	10.421096692909751	0	true
sp|Q05932|FOLC_HUMAN	8	0	4.318905820576955	0	true
sp|Q05BV3|EMAL5_HUMAN	1	1	4.097508572179023	0	true
sp|Q05D32|CTSL2_HUMAN	17	0	9.970037145686138	0	true
sp|Q06033|ITIH3_HUMAN	7	0	7.662742918419093	0	true
sp|Q06124|PTN11_HUMAN	27	0	10.40027110091128	0	true
sp|Q06136|KDSR_HUMAN	8	0	10.984637690902314	0	true
sp|Q06203|PUR1_HUMAN	17	0	8.654682508186443	0	true
sp|Q06210|GFPT1_HUMAN	27	5	10.360727850100035	0	true
sp|Q06265|EXOS9_HUMAN	13	0	8.934266466275282	0	true
sp|Q06323|PSME1_HUMAN	14	0	10.119577990195985	0	true
sp|Q06330|SUH_HUMAN	10	0	4.855666268002146	0	true
sp|Q06418|TYRO3_HUMAN	2	0	2.9761373965966085	0	true
sp|Q06546|GABPA_HUMAN	14	0	8.82396136773429	0	true
sp|Q06547|GABP1_HUMAN	6	0	5.817734089195178	0	true
sp|Q06587|RING1_HUMAN	8	2	9.27324025567447	0	true
sp|Q06730|ZN33A_HUMAN;sp|Q06732|ZN33B_HUMAN	0	3	7.22616602928	0	true
sp|Q06787|FMR1_HUMAN	23	3	9.017343163245862	0	true
sp|Q06828|FMOD_HUMAN	4	0	6.354791447499688	0	true
sp|Q06830|PRDX1_HUMAN	12	3	10.206875388411111	0	true
sp|Q07002|CDK18_HUMAN	0	3	8.26584722209613	0	true
sp|Q07020|RL18_HUMAN	8	0	8.524345387657846	0	true
sp|Q07021|C1QBP_HUMAN	4	0	11.216415474386462	0	true
sp|Q07065|CKAP4_HUMAN	30	0	11.625465121639087	0	true
sp|Q07157|ZO1_HUMAN	57	1	9.210212843151938	0	true
sp|Q07343|PDE4B_HUMAN	1	3	3.117198612671135	0	true
sp|Q07352|TISB_HUMAN	6	1	2.6690146016355767	0	true
sp|Q07617|SPAG1_HUMAN	18	0	6.819496713962566	0	true
sp|Q07666|KHDR1_HUMAN	12	2	10.191444855834872	0	true
sp|Q07812|BAX_HUMAN	6	0	9.522924701631558	0	true
sp|Q07817|B2CL1_HUMAN	4	0	5.067412197837071	0	true
sp|Q07820|MCL1_HUMAN	3	0	4.372032192386035	0	true
sp|Q07864|DPOE1_HUMAN	49	0	7.027869607993663	0	true
sp|Q07866|KLC1_HUMAN	20	10	9.990025534509693	0	true
sp|Q07889|SOS1_HUMAN	15	3	3.873683839607754	0	true
sp|Q07890|SOS2_HUMAN	1	3	2.0133692550362574	0	true
sp|Q07912|ACK1_HUMAN	4	0	3.3675836509726977	0	true
sp|Q07954|LRP1_HUMAN	34	0	4.858201414478526	0	true
sp|Q07955|SRSF1_HUMAN	13	0	7.830140210179586	0	true
sp|Q07960|RHG01_HUMAN	17	0	8.347952636018775	0	true
sp|Q08043|ACTN3_HUMAN	4	11	9.828444969402765	0	true
sp|Q08050|FOXM1_HUMAN	3	0	4.667227621461756	0	true
sp|Q08117|TLE5_HUMAN	5	0	6.531695193462861	0	true
sp|Q08170|SRSF4_HUMAN	10	5	9.893951778395122	0	true
sp|Q08174|PCDH1_HUMAN	5	0	2.8441310124646133	0	true
sp|Q08209|PP2BA_HUMAN	8	6	7.925540960758288	0	true
sp|Q08211|DHX9_HUMAN	46	0	11.018884753121535	0	true
sp|Q08257|QOR_HUMAN	18	0	8.939667711332774	0	true
sp|Q08357|S20A2_HUMAN	3	0	3.186455050344838	0	true
sp|Q08378|GOGA3_HUMAN	39	0	7.277042259473913	0	true
sp|Q08379|GOGA2_HUMAN	25	0	9.764125746754468	0	true
sp|Q08380|LG3BP_HUMAN	17	0	10.46507925135484	0	true
sp|Q08426|ECHP_HUMAN	17	0	6.607007355476451	0	true
sp|Q08493|PDE4C_HUMAN	1	1	3.5398048629992074	0	true
sp|Q08495|DEMA_HUMAN	3	0	4.54124269570784	0	true
sp|Q08499|PDE4D_HUMAN	13	4	9.63942147616407	0	true
sp|Q08623|HDHD1_HUMAN	6	0	8.674080554445444	0	true
sp|Q08722|CD47_HUMAN	4	0	5.004051092321045	0	true
sp|Q08752|PPID_HUMAN	21	0	9.376877561055528	0	true
sp|Q08945|SSRP1_HUMAN	21	0	8.972694768972016	0	true
sp|Q08AD1|CAMP2_HUMAN	33	0	9.701543038141853	0	true
sp|Q08AE8|SPIR1_HUMAN	5	0	3.8306299718119456	0	true
sp|Q08AF3|SLFN5_HUMAN	18	3	8.55042502680225	0	true
sp|Q08AG7|MZT1_HUMAN	1	0	3.940001393825479	0	true
sp|Q08AM6|VAC14_HUMAN	21	0	9.153163933809681	0	true
sp|Q08AN1|ZN616_HUMAN	1	1	4.47396202086979	0	true
sp|Q08ER8|ZN543_HUMAN	1	5	2.867827749063818	0	true
sp|Q08J23|NSUN2_HUMAN	41	0	10.977589530059113	0	true
sp|Q09028|RBBP4_HUMAN	6	7	9.647704459055754	0	true
sp|Q09161|NCBP1_HUMAN	23	0	10.428905863321312	0	true
sp|Q09472|EP300_HUMAN	14	11	6.518207354432632	0	true
sp|Q09666|AHNK_HUMAN	238	0	11.083882917295186	0	true
sp|Q0JRZ9|FCHO2_HUMAN	15	0	7.23947905231139	0	true
sp|Q0P6H9|TMM62_HUMAN	6	0	5.286761766770089	0	true
sp|Q0PNE2|ELP6_HUMAN	10	0	5.902297139249426	0	true
sp|Q0VAA5|PLCX2_HUMAN	1	0	2.46159621787942	0	true
sp|Q0VDF9|HSP7E_HUMAN	20	0	9.081603191584165	0	true
sp|Q0VDG4|SCRN3_HUMAN	8	0	4.285407421397285	0	true
sp|Q0VG06|FP100_HUMAN	7	0	4.899075869739221	0	true
sp|Q10469|MGAT2_HUMAN	11	0	5.607177685361266	0	true
sp|Q10471|GALT2_HUMAN	24	1	9.928133702887651	0	true
sp|Q10472|GALT1_HUMAN	16	0	7.552838315882776	0	true
sp|Q10567|AP1B1_HUMAN	21	21	11.138390892173378	0	true
sp|Q10570|CPSF1_HUMAN	42	0	11.009307080644016	0	true
sp|Q10589|BST2_HUMAN	5	0	7.586164481116086	0	true
sp|Q10713|MPPA_HUMAN	24	0	10.119381602895492	0	true
sp|Q11206|SIA4C_HUMAN	8	0	8.011004295078811	0	true
sp|Q12756|KIF1A_HUMAN	1	10	5.193155130709076	0	true
sp|Q12765|SCRN1_HUMAN	7	0	2.6822878387038585	0	true
sp|Q12768|WASC5_HUMAN	41	0	9.290867228375244	0	true
sp|Q12769|NU160_HUMAN	42	0	10.228083063129207	0	true
sp|Q12770|SCAP_HUMAN	9	0	2.805074440338759	0	true
sp|Q12788|TBL3_HUMAN	30	0	10.977223918763285	0	true
sp|Q12789|TF3C1_HUMAN	45	0	8.352228337011475	0	true
sp|Q12792|TWF1_HUMAN	16	4	9.562455119203202	0	true
sp|Q12797|ASPH_HUMAN	27	0	10.325536237450855	0	true
sp|Q12798|CETN1_HUMAN	1	1	3.25824497788457	0	true
sp|Q12800|TFCP2_HUMAN	9	3	7.841546269595723	0	true
sp|Q12802|AKP13_HUMAN	52	0	8.553577080137696	0	true
sp|Q12805|FBLN3_HUMAN	17	0	9.701974948148402	0	true
sp|Q12824|SNF5_HUMAN	10	0	7.532971794615464	0	true
sp|Q12830|BPTF_HUMAN	50	0	7.975659355656145	0	true
sp|Q12834|CDC20_HUMAN	4	0	2.2075696005926444	0	true
sp|Q12846|STX4_HUMAN	12	0	9.712407888323597	0	true
sp|Q12849|GRSF1_HUMAN	17	0	7.952884328124385	0	true
sp|Q12857|NFIA_HUMAN	7	3	5.826773587653875	0	true
sp|Q12860|CNTN1_HUMAN	17	0	4.698194769937088	0	true
sp|Q12866|MERTK_HUMAN	1	1	3.7576524341117126	0	true
sp|Q12872|SFSWA_HUMAN	18	0	5.890568996990651	0	true
sp|Q12873|CHD3_HUMAN	31	22	8.243210432255422	0	true
sp|Q12874|SF3A3_HUMAN	19	0	9.351045795474938	0	true
sp|Q12882|DPYD_HUMAN	20	0	6.891429048643456	0	true
sp|Q12884|SEPR_HUMAN	3	0	1.9321738520238574	0	true
sp|Q12888|TP53B_HUMAN	67	0	8.89863798463639	0	true
sp|Q12893|TM115_HUMAN	4	0	3.520437693063898	0	true
sp|Q12894|IFRD2_HUMAN	7	0	6.58546832182927	0	true
sp|Q12899|TRI26_HUMAN	12	0	4.14996230357378	0	true
sp|Q12904|AIMP1_HUMAN	17	0	10.02642335395754	0	true
sp|Q12905|ILF2_HUMAN	16	0	10.714531846081476	0	true
sp|Q12906|ILF3_HUMAN	31	4	10.380668367286042	0	true
sp|Q12907|LMAN2_HUMAN	14	0	8.820711997010859	0	true
sp|Q12913|PTPRJ_HUMAN	22	0	7.643571650216392	0	true
sp|Q12923|PTN13_HUMAN	7	0	1.8945546584383302	0	true
sp|Q12931|TRAP1_HUMAN	33	0	10.071491093000446	0	true
sp|Q12933|TRAF2_HUMAN	19	0	9.043785034277594	0	true
sp|Q12947|FOXF2_HUMAN	1	1	3.582328339165223	0	true
sp|Q12948|FOXC1_HUMAN	4	2	5.358311357526999	0	true
sp|Q12955|ANK3_HUMAN	8	1	2.673789509077032	0	true
sp|Q12959|DLG1_HUMAN	16	8	8.99865852140696	0	true
sp|Q12962|TAF10_HUMAN	5	0	6.1645109896535555	0	true
sp|Q12965|MYO1E_HUMAN	38	7	9.52029534710371	0	true
sp|Q12968|NFAC3_HUMAN	7	0	3.1632489845238383	0	true
sp|Q12972|PP1R8_HUMAN	13	0	10.435306340010081	0	true
sp|Q12974|TP4A2_HUMAN	5	3	9.170199038554433	0	true
sp|Q12979|ABR_HUMAN	21	2	8.47520169871378	0	true
sp|Q12980|NPRL3_HUMAN	5	0	2.5396727408091704	0	true
sp|Q12981|SEC20_HUMAN	7	0	5.731856207787903	0	true
sp|Q12982|BNIP2_HUMAN	6	0	5.3036707639827405	0	true
sp|Q12983|BNIP3_HUMAN	2	1	2.317865011731627	0	true
sp|Q12986|NFX1_HUMAN	28	0	9.195907755510584	0	true
sp|Q12996|CSTF3_HUMAN	26	0	9.197137787448634	0	true
sp|Q13011|ECH1_HUMAN	12	0	11.033918294772674	0	true
sp|Q13017|RHG05_HUMAN	24	0	5.427173910240132	0	true
sp|Q13033|STRN3_HUMAN	14	2	9.044370663544193	0	true
sp|Q13042|CDC16_HUMAN	18	0	7.659699278220019	0	true
sp|Q13043|STK4_HUMAN	12	5	7.283232908574253	0	true
sp|Q13045|FLII_HUMAN	38	0	10.242610394786054	0	true
sp|Q13049|TRI32_HUMAN	18	0	4.121001741760025	0	true
sp|Q13057|COASY_HUMAN	14	0	10.51257304303194	0	true
sp|Q13084|RM28_HUMAN	9	0	9.32532223308245	0	true
sp|Q13085|ACACA_HUMAN	70	13	8.971485046618215	0	true
sp|Q13093|PAFA_HUMAN	1	0	2.236678406083123	0	true
sp|Q13098|CSN1_HUMAN	15	0	9.984701705646724	0	true
sp|Q13107|UBP4_HUMAN	19	3	7.176604800169607	0	true
sp|Q13111|CAF1A_HUMAN	27	0	7.659434186197801	0	true
sp|Q13112|CAF1B_HUMAN	19	0	8.260756369934885	0	true
sp|Q13114|TRAF3_HUMAN	4	0	3.0642804225560445	0	true
sp|Q13123|RED_HUMAN	18	0	8.188785178220746	0	true
sp|Q13126|MTAP_HUMAN	18	0	10.023508884875405	0	true
sp|Q13129|RLF_HUMAN	16	0	5.491755090382205	0	true
sp|Q13131|AAPK1_HUMAN	15	3	6.711763179928221	0	true
sp|Q13136|LIPA1_HUMAN	27	10	9.018300651040752	0	true
sp|Q13137|CACO2_HUMAN	4	0	3.071138889263233	0	true
sp|Q13144|EI2BE_HUMAN	18	0	9.148969189093595	0	true
sp|Q13148|TADBP_HUMAN	13	0	11.263632391507793	0	true
sp|Q13151|ROA0_HUMAN	7	0	9.541793974080157	0	true
sp|Q13153|PAK1_HUMAN	4	4	6.927610310864457	0	true
sp|Q13155|AIMP2_HUMAN	12	0	10.94211423415256	0	true
sp|Q13158|FADD_HUMAN	5	0	3.9369726387019868	0	true
sp|Q13162|PRDX4_HUMAN	10	2	10.378000324992895	0	true
sp|Q13163|MP2K5_HUMAN	4	0	4.384396039139072	0	true
sp|Q13164|MK07_HUMAN	4	0	2.213456733425776	0	true
sp|Q13177|PAK2_HUMAN	19	4	9.207940462095472	0	true
sp|Q13185|CBX3_HUMAN	6	2	11.115453045401292	0	true
sp|Q13188|STK3_HUMAN	10	5	7.0789984298475455	0	true
sp|Q13190|STX5_HUMAN	13	0	8.506454964200824	0	true
sp|Q13200|PSMD2_HUMAN	40	0	10.224613006150811	0	true
sp|Q13206|DDX10_HUMAN	25	0	5.245423563695719	0	true
sp|Q13214|SEM3B_HUMAN	25	0	8.058317358849878	0	true
sp|Q13216|ERCC8_HUMAN	2	0	2.356337640541214	0	true
sp|Q13217|DNJC3_HUMAN	19	0	8.530715516193267	0	true
sp|Q13227|GPS2_HUMAN	6	0	4.097131541897025	0	true
sp|Q13228|SBP1_HUMAN	25	0	11.265681174058047	0	true
sp|Q13232|NDK3_HUMAN	5	0	5.14581861351926	0	true
sp|Q13237|KGP2_HUMAN	2	0	2.5188315207294063	0	true
sp|Q13242|SRSF9_HUMAN	13	0	9.027992384154308	0	true
sp|Q13243|SRSF5_HUMAN	8	1	10.562076497843229	0	true
sp|Q13247|SRSF6_HUMAN	11	5	8.806598750248876	0	true
sp|Q13257|MD2L1_HUMAN	8	0	7.254559554934995	0	true
sp|Q13263|TIF1B_HUMAN	27	0	9.789709484960595	0	true
sp|Q13268|DHRS2_HUMAN	5	0	4.128619741726129	0	true
sp|Q13275|SEM3F_HUMAN	4	0	2.6139738128065297	0	true
sp|Q13277|STX3_HUMAN	8	0	7.130529161363902	0	true
sp|Q13283|G3BP1_HUMAN	17	1	9.464630671811722	0	true
sp|Q13286|CLN3_HUMAN	3	0	4.98919133899819	0	true
sp|Q13287|NMI_HUMAN	16	0	8.418278697930498	0	true
sp|Q13303|KCAB2_HUMAN	13	0	7.818090030666908	0	true
sp|Q13308|PTK7_HUMAN	3	0	2.6227647372963077	0	true
sp|Q13309|SKP2_HUMAN	9	0	4.7380418709389724	0	true
sp|Q13310|PABP4_HUMAN	15	11	10.33333003100781	0	true
sp|Q13315|ATM_HUMAN	41	0	4.381996967657824	0	true
sp|Q13322|GRB10_HUMAN	13	0	6.329552981335664	0	true
sp|Q13325|IFIT5_HUMAN	5	0	3.191662339737072	0	true
sp|Q13330|MTA1_HUMAN	25	5	8.835673140591476	0	true
sp|Q13332|PTPRS_HUMAN	13	6	5.151839383922364	0	true
sp|Q13347|EIF3I_HUMAN	16	0	9.636873020996996	0	true
sp|Q13352|CENPR_HUMAN	3	0	2.3967475594192833	0	true
sp|Q13356|PPIL2_HUMAN	11	0	5.930778647009941	0	true
sp|Q13361|MFAP5_HUMAN	5	0	3.8382069616191377	0	true
sp|Q13362|2A5G_HUMAN	10	6	9.023419663868822	0	true
sp|Q13363|CTBP1_HUMAN	9	3	8.545760890092966	0	true
sp|Q13370|PDE3B_HUMAN	11	2	5.507535934037068	0	true
sp|Q13371|PHLP_HUMAN	6	0	3.979318355184939	0	true
sp|Q13393|PLD1_HUMAN	17	0	5.511571046817969	0	true
sp|Q13395|TARB1_HUMAN	22	0	7.149816243601213	0	true
sp|Q13404|UB2V1_HUMAN	3	5	8.270296107302254	0	true
sp|Q13405|RM49_HUMAN	7	0	9.787986491896637	0	true
sp|Q13409|DC1I2_HUMAN	14	0	8.884712061621187	0	true
sp|Q13415|ORC1_HUMAN	16	0	5.971453211733932	0	true
sp|Q13416|ORC2_HUMAN	14	0	7.091959282135245	0	true
sp|Q13418|ILK_HUMAN	19	0	9.002572848779057	0	true
sp|Q13421|MSLN_HUMAN	13	0	6.50313752111803	0	true
sp|Q13423|NNTM_HUMAN	43	0	10.182732627660613	0	true
sp|Q13424|SNTA1_HUMAN	1	1	5.113660258002637	0	true
sp|Q13425|SNTB2_HUMAN	20	1	8.108044067415868	0	true
sp|Q13426|XRCC4_HUMAN	8	0	5.244162529850598	0	true
sp|Q13427|PPIG_HUMAN	13	0	8.709666271576456	0	true
sp|Q13428|TCOF_HUMAN	42	0	11.020232010641372	0	true
sp|Q13432|U119A_HUMAN	3	1	3.316588188053964	0	true
sp|Q13433|S39A6_HUMAN	8	0	5.091554182843603	0	true
sp|Q13435|SF3B2_HUMAN	38	0	9.99785951295295	0	true
sp|Q13438|OS9_HUMAN	11	0	5.600295205064414	0	true
sp|Q13439|GOGA4_HUMAN	62	1	6.791288123199767	0	true
sp|Q13442|HAP28_HUMAN	9	0	8.119420599270303	0	true
sp|Q13443|ADAM9_HUMAN	17	0	10.04702229074177	0	true
sp|Q13444|ADA15_HUMAN	15	0	6.5779277061620895	0	true
sp|Q13445|TMED1_HUMAN	4	0	10.02998361799778	0	true
sp|Q13451|FKBP5_HUMAN	26	0	10.256370637760766	0	true
sp|Q13459|MYO9B_HUMAN	39	2	5.899955017235908	0	true
sp|Q13461|FOXE3_HUMAN	1	0	4.163413129783924	0	true
sp|Q13464|ROCK1_HUMAN	41	8	8.045306304372897	0	true
sp|Q13470|TNK1_HUMAN	7	0	3.1635355179427864	0	true
sp|Q13472|TOP3A_HUMAN	21	1	6.44955022082671	0	true
sp|Q13485|SMAD4_HUMAN	15	0	8.914774028743345	0	true
sp|Q13487|SNPC2_HUMAN	4	0	3.3954422237112714	0	true
sp|Q13488|VPP3_HUMAN	12	1	5.068427174743286	0	true
sp|Q13490|BIRC2_HUMAN	6	6	2.9062558902770226	0	true
sp|Q13492|PICAL_HUMAN	20	0	10.845536822376143	0	true
sp|Q13496|MTM1_HUMAN	8	1	4.710182661689281	0	true
sp|Q13501|SQSTM_HUMAN	12	0	11.22089055753473	0	true
sp|Q13503|MED21_HUMAN	4	0	6.691304877639767	0	true
sp|Q13505|MTX1_HUMAN	11	0	8.770539199006782	0	true
sp|Q13506|NAB1_HUMAN	6	1	3.449051032649856	0	true
sp|Q13509|TBB3_HUMAN	3	16	9.918279578120032	0	true
sp|Q13510|ASAH1_HUMAN	10	0	8.879468962222472	0	true
sp|Q13523|PRP4K_HUMAN	19	0	8.480846682207025	0	true
sp|Q13526|PIN1_HUMAN	10	0	10.011946668802807	0	true
sp|Q13530|SERC3_HUMAN	6	0	3.9297840048624986	0	true
sp|Q13535|ATR_HUMAN	49	0	5.189948739286452	0	true
sp|Q13542|4EBP2_HUMAN	2	0	3.1869219701277984	0	true
sp|Q13546|RIPK1_HUMAN	23	0	6.554169430450046	0	true
sp|Q13547|HDAC1_HUMAN	11	5	10.185698470012106	0	true
sp|Q13555|KCC2G_HUMAN	11	3	7.971743497810695	0	true
sp|Q13557|KCC2D_HUMAN	5	3	5.226617456946597	0	true
sp|Q13561|DCTN2_HUMAN	16	0	11.010880912485645	0	true
sp|Q13564|ULA1_HUMAN	17	0	10.699530286682192	0	true
sp|Q13569|TDG_HUMAN	3	0	3.4633104586499686	0	true
sp|Q13572|ITPK1_HUMAN	16	0	7.644798930361203	0	true
sp|Q13573|SNW1_HUMAN	20	0	9.195697170567525	0	true
sp|Q13574|DGKZ_HUMAN	4	0	2.729684945281402	0	true
sp|Q13576|IQGA2_HUMAN	2	3	7.1797287096497975	0	true
sp|Q13586|STIM1_HUMAN	15	0	7.585464354526693	0	true
sp|Q13595|TRA2A_HUMAN	8	2	10.731178033692052	0	true
sp|Q13596|SNX1_HUMAN	17	2	9.232215308822841	0	true
sp|Q13601|KRR1_HUMAN	8	0	9.485203090345378	0	true
sp|Q13608|PEX6_HUMAN	11	0	3.6800622247295722	0	true
sp|Q13610|PWP1_HUMAN	18	0	10.805498574273761	0	true
sp|Q13613|MTMR1_HUMAN	14	1	6.2224980733819955	0	true
sp|Q13614|MTMR2_HUMAN	15	3	5.842502567131589	0	true
sp|Q13615|MTMR3_HUMAN	5	0	2.307890207089868	0	true
sp|Q13616|CUL1_HUMAN	33	0	8.440262919106127	0	true
sp|Q13617|CUL2_HUMAN	26	0	8.957298169740437	0	true
sp|Q13618|CUL3_HUMAN	29	0	9.02374823638222	0	true
sp|Q13619|CUL4A_HUMAN	31	12	9.312313350423807	0	true
sp|Q13620|CUL4B_HUMAN	35	12	9.409146753686162	0	true
sp|Q13625|ASPP2_HUMAN	13	1	6.400173513640263	0	true
sp|Q13627|DYR1A_HUMAN	5	4	6.186045503617034	0	true
sp|Q13630|FCL_HUMAN	10	0	8.291476287657181	0	true
sp|Q13636|RAB31_HUMAN	9	2	10.351692025731793	0	true
sp|Q13637|RAB32_HUMAN	11	1	8.059988331081914	0	true
sp|Q13641|TPBG_HUMAN	6	0	9.447176585082367	0	true
sp|Q13642|FHL1_HUMAN	8	0	10.539804981859774	0	true
sp|Q13643|FHL3_HUMAN	9	0	6.7299786757570805	0	true
sp|Q13670|PM2PB_HUMAN	1	1	2.705772701487722	0	true
sp|Q13671|RIN1_HUMAN	21	0	6.965719395188929	0	true
sp|Q13685|AAMP_HUMAN	6	0	5.83099139983667	0	true
sp|Q13686|ALKB1_HUMAN	2	0	6.154263342024553	0	true
sp|Q13724|MOGS_HUMAN	27	0	11.760816127715062	0	true
sp|Q13733|AT1A4_HUMAN	1	7	7.095451737111608	0	true
sp|Q13740|CD166_HUMAN	15	0	7.720860125016346	0	true
sp|Q13751|LAMB3_HUMAN	23	0	8.42543900490394	0	true
sp|Q13769|THOC5_HUMAN	21	0	10.50295785132392	0	true
sp|Q13795|ARFRP_HUMAN	5	0	3.2177907566970814	0	true
sp|Q13813|SPTN1_HUMAN	148	0	11.751841396462272	0	true
sp|Q13823|NOG2_HUMAN	27	0	10.119635834715993	0	true
sp|Q13825|AUHM_HUMAN	7	0	6.778298495914146	0	true
sp|Q13838|DX39B_HUMAN	11	13	10.416525688761674	0	true
sp|Q13867|BLMH_HUMAN	15	0	9.569680025500386	0	true
sp|Q13868|EXOS2_HUMAN	11	0	9.394247154693897	0	true
sp|Q13882|PTK6_HUMAN	2	0	2.954186533095884	0	true
sp|Q13885|TBB2A_HUMAN	3	19	9.709500287860784	0	true
sp|Q13887|KLF5_HUMAN	8	0	9.587563671888793	0	true
sp|Q13888|TF2H2_HUMAN	7	0	8.773521235741782	0	true
sp|Q13889|TF2H3_HUMAN	4	0	3.2972240452873947	0	true
sp|Q13895|BYST_HUMAN	17	0	9.940194457193373	0	true
sp|Q13901|C1D_HUMAN	2	0	2.513094458195736	0	true
sp|Q13905|RPGF1_HUMAN	6	0	5.169716691681151	0	true
sp|Q13907|IDI1_HUMAN	7	1	8.665758154045148	0	true
sp|Q13951|PEBB_HUMAN	9	0	8.121202295098957	0	true
sp|Q13952|NFYC_HUMAN	6	0	7.285396423776055	0	true
sp|Q14004|CDK13_HUMAN	19	2	5.223355271734853	0	true
sp|Q14008|CKAP5_HUMAN	79	0	9.589852563932286	0	true
sp|Q14011|CIRBP_HUMAN	6	0	11.20087887808582	0	true
sp|Q14012|KCC1A_HUMAN	4	1	3.129484945404508	0	true
sp|Q14019|COTL1_HUMAN	10	0	7.074845905914976	0	true
sp|Q14031|CO4A6_HUMAN	5	0	6.893465218468456	0	true
sp|Q14061|COX17_HUMAN	4	0	9.673770272934497	0	true
sp|Q14103|HNRPD_HUMAN	14	2	9.934641561560706	0	true
sp|Q14108|SCRB2_HUMAN	10	0	8.201553682341409	0	true
sp|Q14112|NID2_HUMAN	1	1	3.1893253928862806	0	true
sp|Q14114|LRP8_HUMAN	15	1	6.643976900324015	0	true
sp|Q14116|IL18_HUMAN	9	0	7.369135669627881	0	true
sp|Q14117|DPYS_HUMAN	2	1	3.5203726640587165	0	true
sp|Q14118|DAG1_HUMAN	18	0	8.077282265444609	0	true
sp|Q14119|VEZF1_HUMAN	12	2	7.33506190822764	0	true
sp|Q14126|DSG2_HUMAN	24	0	9.070099542798639	0	true
sp|Q14134|TRI29_HUMAN	23	0	10.022428219423638	0	true
sp|Q14135|VGLL4_HUMAN	4	0	2.82509653438852	0	true
sp|Q14137|BOP1_HUMAN	20	0	9.604016945006542	0	true
sp|Q14139|UBE4A_HUMAN	21	0	8.51854955122163	0	true
sp|Q14141|SEPT6_HUMAN	8	9	8.124622667849343	0	true
sp|Q14142|TRI14_HUMAN	7	0	3.344228832651911	0	true
sp|Q14145|KEAP1_HUMAN	5	0	2.4965042441722898	0	true
sp|Q14146|URB2_HUMAN	38	0	9.426450369277154	0	true
sp|Q14147|DHX34_HUMAN	14	0	6.798161439580969	0	true
sp|Q14149|MORC3_HUMAN	22	0	5.131995221587494	0	true
sp|Q14151|SAFB2_HUMAN	25	12	8.495579525175684	0	true
sp|Q14152|EIF3A_HUMAN	86	0	9.490416375185504	0	true
sp|Q14155|ARHG7_HUMAN	17	3	7.8856677186978645	0	true
sp|Q14156|EFR3A_HUMAN	15	0	4.350463950034754	0	true
sp|Q14157|UBP2L_HUMAN	24	0	9.75628159628617	0	true
sp|Q14160|SCRIB_HUMAN	51	2	8.54724904427892	0	true
sp|Q14161|GIT2_HUMAN	12	4	7.978286264534417	0	true
sp|Q14165|MLEC_HUMAN	11	0	11.044830805531626	0	true
sp|Q14166|TTL12_HUMAN	28	0	10.757169275950389	0	true
sp|Q14168|MPP2_HUMAN	3	1	3.21661472334227	0	true
sp|Q14181|DPOA2_HUMAN	15	0	9.000328053806564	0	true
sp|Q14185|DOCK1_HUMAN	35	2	5.709805271938266	0	true
sp|Q14186|TFDP1_HUMAN	4	1	7.1604532067925115	0	true
sp|Q14191|WRN_HUMAN	16	0	2.7447794203329123	0	true
sp|Q14192|FHL2_HUMAN	14	0	9.903043697610546	0	true
sp|Q14194|DPYL1_HUMAN	0	3	9.603628409904426	0	true
sp|Q14195|DPYL3_HUMAN	1	4	9.603628409904426	0	true
sp|Q14197|ICT1_HUMAN	8	0	7.222374782368174	0	true
sp|Q14202|ZMYM3_HUMAN	26	1	6.286472211631426	0	true
sp|Q14203|DCTN1_HUMAN	51	0	11.729931013652902	0	true
sp|Q14204|DYHC1_HUMAN	211	0	10.487383986914276	0	true
sp|Q14207|NPAT_HUMAN	9	0	3.03442250553018	0	true
sp|Q14232|EI2BA_HUMAN	17	0	9.338945950603907	0	true
sp|Q14240|IF4A2_HUMAN	9	13	10.42142324832303	0	true
sp|Q14241|ELOA1_HUMAN	24	0	11.064550287981586	0	true
sp|Q14244|MAP7_HUMAN	22	1	9.805237842873662	0	true
sp|Q14247|SRC8_HUMAN	27	0	10.79523326936103	0	true
sp|Q14249|NUCG_HUMAN	3	0	1.9773756110456122	0	true
sp|Q14254|FLOT2_HUMAN	22	0	10.777910274647885	0	true
sp|Q14257|RCN2_HUMAN	13	0	11.042364600508146	0	true
sp|Q14258|TRI25_HUMAN	29	0	10.92396656293607	0	true
sp|Q14289|FAK2_HUMAN	21	0	9.105023117328194	0	true
sp|Q14315|FLNC_HUMAN	9	15	9.710060104722544	0	true
sp|Q14318|FKBP8_HUMAN	13	0	10.347143764116566	0	true
sp|Q14320|FA50A_HUMAN	8	5	9.512857005469511	0	true
sp|Q14331|FRG1_HUMAN	11	0	9.270729774421207	0	true
sp|Q14344|GNA13_HUMAN	16	2	8.137530639698914	0	true
sp|Q14353|GAMT_HUMAN	7	0	9.06612967431058	0	true
sp|Q14376|GALE_HUMAN	13	0	9.737496001100395	0	true
sp|Q14432|PDE3A_HUMAN	26	2	11.067570944596977	0	true
sp|Q14442|PIGH_HUMAN	3	0	2.1962344359553687	0	true
sp|Q14444|CAPR1_HUMAN	14	0	9.95789597999759	0	true
sp|Q14451|GRB7_HUMAN	5	0	2.8768164204615756	0	true
sp|Q14457|BECN1_HUMAN	7	0	4.056554284787636	0	true
sp|Q14493|SLBP_HUMAN	3	0	5.656541353894348	0	true
sp|Q14498|RBM39_HUMAN	20	0	9.944578631859377	0	true
sp|Q14520|HABP2_HUMAN	3	0	6.622798127257187	0	true
sp|Q14527|HLTF_HUMAN	34	0	8.134901126449973	0	true
sp|Q14534|ERG1_HUMAN	2	0	3.2470821682819464	0	true
sp|Q14554|PDIA5_HUMAN	15	0	7.804001998091258	0	true
sp|Q14558|KPRA_HUMAN	14	1	10.094487155399205	0	true
sp|Q14562|DHX8_HUMAN	41	2	6.978596602301344	0	true
sp|Q14566|MCM6_HUMAN	40	0	11.320073604848618	0	true
sp|Q14571|ITPR2_HUMAN	25	16	8.321288096492772	0	true
sp|Q14573|ITPR3_HUMAN	78	11	10.04453320086285	0	true
sp|Q14585|ZN345_HUMAN	1	1	4.47396202086979	0	true
sp|Q14587|ZN268_HUMAN	2	4	7.22616602928	0	true
sp|Q14592|ZN460_HUMAN	7	2	3.870944616640804	0	true
sp|Q14624|ITIH4_HUMAN	4	0	6.812581309011282	0	true
sp|Q14642|I5P1_HUMAN	3	0	2.2602399933108788	0	true
sp|Q14643|ITPR1_HUMAN	59	14	8.575565574912549	0	true
sp|Q14644|RASA3_HUMAN	4	0	3.311127841878073	0	true
sp|Q14651|PLSI_HUMAN	19	3	10.937383956591356	0	true
sp|Q14653|IRF3_HUMAN	6	0	4.023858305852569	0	true
sp|Q14657|LAGE3_HUMAN	2	0	7.501107640268302	0	true
sp|Q14667|BLTP2_HUMAN	12	0	4.4199158728893275	0	true
sp|Q14669|TRIPC_HUMAN	31	0	9.392987014458981	0	true
sp|Q14671|PUM1_HUMAN	23	6	8.216970922245986	0	true
sp|Q14674|ESPL1_HUMAN	13	0	3.298156408921181	0	true
sp|Q14676|MDC1_HUMAN	44	0	9.462954183418594	0	true
sp|Q14677|EPN4_HUMAN	19	0	10.487105907303649	0	true
sp|Q14683|SMC1A_HUMAN	77	0	10.886331451145395	0	true
sp|Q14684|RRP1B_HUMAN	26	0	9.67835311429827	0	true
sp|Q14686|NCOA6_HUMAN	6	0	4.979937485969661	0	true
sp|Q14687|GSE1_HUMAN	12	0	3.226392886186239	0	true
sp|Q14689|DIP2A_HUMAN	20	6	6.362196286380183	0	true
sp|Q14690|RRP5_HUMAN	73	0	10.308814003062452	0	true
sp|Q14691|PSF1_HUMAN	10	0	7.360040737539081	0	true
sp|Q14692|BMS1_HUMAN	38	0	10.062114921635057	0	true
sp|Q14693|LPIN1_HUMAN	3	2	2.365362933647574	0	true
sp|Q14694|UBP10_HUMAN	23	0	9.075516677341858	0	true
sp|Q14696|MESD_HUMAN	9	0	9.052663108520989	0	true
sp|Q14697|GANAB_HUMAN	39	0	10.41245901400423	0	true
sp|Q14703|MBTP1_HUMAN	3	0	2.672201691107255	0	true
sp|Q14728|MFS10_HUMAN	4	0	7.217986278296995	0	true
sp|Q14738|2A5D_HUMAN	14	6	9.774892539622668	0	true
sp|Q14739|LBR_HUMAN	12	0	8.587270410632865	0	true
sp|Q14746|COG2_HUMAN	24	0	4.843474565236242	0	true
sp|Q14764|MVP_HUMAN	31	0	8.389512173316858	0	true
sp|Q14789|GOGB1_HUMAN	103	1	7.058436798363649	0	true
sp|Q14790|CASP8_HUMAN	9	0	5.992822443519113	0	true
sp|Q147X3|NAA30_HUMAN	9	0	4.689277079440148	0	true
sp|Q14807|KIF22_HUMAN	28	0	9.094840753031097	0	true
sp|Q14814|MEF2D_HUMAN	7	2	6.0015029004799345	0	true
sp|Q14839|CHD4_HUMAN	54	21	9.77379434893188	0	true
sp|Q14847|LASP1_HUMAN	16	0	9.25043701390127	0	true
sp|Q14849|STAR3_HUMAN	2	0	3.2244837112412017	0	true
sp|Q14872|MTF1_HUMAN	3	1	2.473150721233425	0	true
sp|Q14914|PTGR1_HUMAN	10	0	9.661351022338946	0	true
sp|Q14919|NC2A_HUMAN	7	0	7.992521384457984	0	true
sp|Q14938|NFIX_HUMAN	0	3	5.592991855903681	0	true
sp|Q14966|ZN638_HUMAN	52	0	10.245056008803564	0	true
sp|Q14974|IMB1_HUMAN	36	0	11.047774146853158	0	true
sp|Q14978|NOLC1_HUMAN	24	0	9.413764897029008	0	true
sp|Q14980|NUMA1_HUMAN	107	1	11.35516222791689	0	true
sp|Q14997|PSME4_HUMAN	37	0	7.986254807104906	0	true
sp|Q14999|CUL7_HUMAN	2	2	2.1955470724712867	0	true
sp|Q149M9|NWD1_HUMAN	1	0	2.0961831797347545	0	true
sp|Q149N8|SHPRH_HUMAN	6	0	1.9299277548870883	0	true
sp|Q14BN4|SLMAP_HUMAN	27	0	6.789148245770857	0	true
sp|Q14C86|GAPD1_HUMAN	49	0	10.318744037418842	0	true
sp|Q14CS0|UBX2B_HUMAN	2	0	1.886868535321845	0	true
sp|Q14CW9|AT7L3_HUMAN	1	0	3.2546824937263845	0	true
sp|Q14CX7|NAA25_HUMAN	32	0	9.347949167153184	0	true
sp|Q14CZ7|FAKD3_HUMAN	9	0	4.006721708502961	0	true
sp|Q15003|CND2_HUMAN	25	0	9.233433628857284	0	true
sp|Q15004|PAF15_HUMAN	5	0	6.027922477534287	0	true
sp|Q15005|SPCS2_HUMAN	10	0	9.481284875083324	0	true
sp|Q15006|EMC2_HUMAN	8	0	9.850060396224677	0	true
sp|Q15007|FL2D_HUMAN	17	0	9.9659264582646	0	true
sp|Q15008|PSMD6_HUMAN	22	0	9.855338507752837	0	true
sp|Q15011|HERP1_HUMAN	2	0	4.211012123820269	0	true
sp|Q15014|MO4L2_HUMAN	7	2	7.013686220134054	0	true
sp|Q15018|ABRX2_HUMAN	14	0	11.837842312791269	0	true
sp|Q15019|SEPT2_HUMAN	18	0	11.014653018402685	0	true
sp|Q15020|SART3_HUMAN	39	0	10.439830849398868	0	true
sp|Q15021|CND1_HUMAN	55	0	10.923661686680598	0	true
sp|Q15022|SUZ12_HUMAN	15	0	6.5538667630095215	0	true
sp|Q15024|EXOS7_HUMAN	9	0	9.54242349061553	0	true
sp|Q15025|TNIP1_HUMAN	15	0	5.8454003300494515	0	true
sp|Q15029|U5S1_HUMAN	42	1	9.839596273625862	0	true
sp|Q15031|SYLM_HUMAN	29	0	7.778139256893028	0	true
sp|Q15032|R3HD1_HUMAN	4	0	3.3118906064493796	0	true
sp|Q15034|HERC3_HUMAN	3	1	2.8991512800636485	0	true
sp|Q15035|TRAM2_HUMAN	3	0	2.227888414152712	0	true
sp|Q15036|SNX17_HUMAN	10	0	5.504977254629172	0	true
sp|Q15041|AR6P1_HUMAN	2	0	7.515575048043199	0	true
sp|Q15042|RB3GP_HUMAN	28	0	9.055370536392326	0	true
sp|Q15043|S39AE_HUMAN	5	0	9.421705210493203	0	true
sp|Q15046|SYK_HUMAN	25	0	11.270401086859614	0	true
sp|Q15047|SETB1_HUMAN	23	0	4.4375919139950515	0	true
sp|Q15048|LRC14_HUMAN	4	0	3.9237967733693235	0	true
sp|Q15050|RRS1_HUMAN	13	0	9.577286274675595	0	true
sp|Q15052|ARHG6_HUMAN	2	3	4.140801368612565	0	true
sp|Q15054|DPOD3_HUMAN	14	0	8.284824093634166	0	true
sp|Q15056|IF4H_HUMAN	12	0	9.396372175293607	0	true
sp|Q15057|ACAP2_HUMAN	19	0	7.074623836607007	0	true
sp|Q15058|KIF14_HUMAN	31	0	6.367033621342349	0	true
sp|Q15059|BRD3_HUMAN	16	7	8.745029361352207	0	true
sp|Q15061|WDR43_HUMAN	22	0	11.580700189447294	0	true
sp|Q15063|POSTN_HUMAN	23	0	11.451142357590479	0	true
sp|Q15067|ACOX1_HUMAN	17	0	9.385363653542488	0	true
sp|Q15070|OXA1L_HUMAN	12	0	8.979635472630815	0	true
sp|Q15072|OZF_HUMAN	5	2	7.22616602928	0	true
sp|Q15075|EEA1_HUMAN	58	0	11.945795373710283	0	true
sp|Q15084|PDIA6_HUMAN	14	0	10.582897276092417	0	true
sp|Q15102|PA1B3_HUMAN	7	0	7.4541368937600385	0	true
sp|Q15113|PCOC1_HUMAN	2	0	3.527977634821014	0	true
sp|Q15118|PDK1_HUMAN	4	0	3.6134504969847887	0	true
sp|Q15119|PDK2_HUMAN	2	0	4.877277433170931	0	true
sp|Q15121|PEA15_HUMAN	5	0	8.323740049623108	0	true
sp|Q15125|EBP_HUMAN	3	0	9.260257926825565	0	true
sp|Q15126|PMVK_HUMAN	10	0	8.911769015168765	0	true
sp|Q15139|KPCD1_HUMAN	0	5	2.580783000530955	0	true
sp|Q15149|PLEC_HUMAN	281	8	12.575415583263158	0	true
sp|Q15154|PCM1_HUMAN	44	0	8.550924076801442	0	true
sp|Q15155|NOMO1_HUMAN	1	39	9.805417710540455	0	true
sp|Q15165|PON2_HUMAN	5	0	7.8480202413874025	0	true
sp|Q15170|TCAL1_HUMAN	2	0	2.7596852671575824	0	true
sp|Q15172|2A5A_HUMAN	12	1	6.392237065469314	0	true
sp|Q15181|IPYR_HUMAN	15	0	10.850357414496202	0	true
sp|Q15185|TEBP_HUMAN	7	0	8.277883816468137	0	true
sp|Q15208|STK38_HUMAN	9	2	7.373143725613937	0	true
sp|Q15233|NONO_HUMAN	22	3	9.630695575840065	0	true
sp|Q15257|PTPA_HUMAN	15	0	9.029443355077003	0	true
sp|Q15262|PTPRK_HUMAN	9	0	4.708978296466564	0	true
sp|Q15269|PWP2_HUMAN	24	0	10.094019779091342	0	true
sp|Q15276|RABE1_HUMAN	27	0	6.825883195527622	0	true
sp|Q15283|RASA2_HUMAN	6	0	4.088348159182975	0	true
sp|Q15286|RAB35_HUMAN	7	2	9.53109390886427	0	true
sp|Q15287|RNPS1_HUMAN	5	0	10.254506733657118	0	true
sp|Q15291|RBBP5_HUMAN	20	0	8.69307314117326	0	true
sp|Q15293|RCN1_HUMAN	13	0	10.277594372883184	0	true
sp|Q15311|RBP1_HUMAN	5	0	4.317298722120488	0	true
sp|Q15326|ZMY11_HUMAN	7	0	4.349296125863783	0	true
sp|Q15334|L2GL1_HUMAN	22	0	4.485112401028003	0	true
sp|Q15345|LRC41_HUMAN	11	0	4.498739393141843	0	true
sp|Q15349|KS6A2_HUMAN	0	9	7.463409497824239	0	true
sp|Q15361|TTF1_HUMAN	15	0	8.029007102021298	0	true
sp|Q15363|TMED2_HUMAN	7	0	10.146176294284672	0	true
sp|Q15365|PCBP1_HUMAN	10	5	10.718005698911027	0	true
sp|Q15366|PCBP2_HUMAN	8	6	9.99623654691243	0	true
sp|Q15369|ELOC_HUMAN	7	0	9.381514069912003	0	true
sp|Q15370|ELOB_HUMAN	11	0	9.415241198128408	0	true
sp|Q15382|RHEB_HUMAN	8	0	10.728883676474544	0	true
sp|Q15386|UBE3C_HUMAN	24	0	7.328936543632801	0	true
sp|Q15388|TOM20_HUMAN	2	0	6.34671671656662	0	true
sp|Q15390|MTFR1_HUMAN	8	0	4.103259854831031	0	true
sp|Q15392|DHC24_HUMAN	17	0	6.811084001702605	0	true
sp|Q15393|SF3B3_HUMAN	43	0	10.926046567814533	0	true
sp|Q15397|PUM3_HUMAN	28	0	11.133439085154887	0	true
sp|Q15398|DLGP5_HUMAN	16	0	5.744918174413584	0	true
sp|Q15404|RSU1_HUMAN	12	0	7.778309044983478	0	true
sp|Q15418|KS6A1_HUMAN	26	11	8.51893506296008	0	true
sp|Q15424|SAFB1_HUMAN	23	12	11.40910077771644	0	true
sp|Q15427|SF3B4_HUMAN	7	0	9.712830255880142	0	true
sp|Q15428|SF3A2_HUMAN	11	0	8.521380046787163	0	true
sp|Q15434|RBMS2_HUMAN	5	3	7.352441785793928	0	true
sp|Q15435|PP1R7_HUMAN	18	0	9.516840607629257	0	true
sp|Q15436|SC23A_HUMAN	20	3	9.672233431178785	0	true
sp|Q15437|SC23B_HUMAN	20	3	9.368849902074405	0	true
sp|Q15438|CYH1_HUMAN	5	5	4.327226708867582	0	true
sp|Q15459|SF3A1_HUMAN	32	0	10.131520947015511	0	true
sp|Q15464|SHB_HUMAN	3	0	2.689193367492563	0	true
sp|Q15468|STIL_HUMAN	3	0	2.68019419394249	0	true
sp|Q15477|SKI2_HUMAN	36	0	8.060102178347295	0	true
sp|Q15493|RGN_HUMAN	3	0	4.752590661146041	0	true
sp|Q15526|SURF1_HUMAN	8	0	7.743496548505618	0	true
sp|Q15527|SURF2_HUMAN	8	0	8.062502142030011	0	true
sp|Q15528|MED22_HUMAN	6	0	8.29547798977053	0	true
sp|Q15532|SSXT_HUMAN	2	0	3.079052749230542	0	true
sp|Q15542|TAF5_HUMAN	19	0	5.867657393979047	0	true
sp|Q15545|TAF7_HUMAN	10	0	4.520575283403353	0	true
sp|Q15554|TERF2_HUMAN	12	0	7.356139512582799	0	true
sp|Q15555|MARE2_HUMAN	7	2	8.129045068782274	0	true
sp|Q15561|TEAD4_HUMAN	2	3	6.06963032367271	0	true
sp|Q15572|TAF1C_HUMAN	6	0	3.64864545664642	0	true
sp|Q15573|TAF1A_HUMAN	2	0	3.599556940222075	0	true
sp|Q15582|BGH3_HUMAN	16	0	8.81980513629149	0	true
sp|Q15583|TGIF1_HUMAN	5	0	2.377844053629574	0	true
sp|Q15596|NCOA2_HUMAN	3	0	2.117176236041982	0	true
sp|Q15599|NHRF2_HUMAN	12	0	8.164659081794133	0	true
sp|Q15628|TRADD_HUMAN	5	0	7.879535436474512	0	true
sp|Q15629|TRAM1_HUMAN	7	0	6.583387112159615	0	true
sp|Q15631|TSN_HUMAN	12	0	9.864150780312173	0	true
sp|Q15633|TRBP2_HUMAN	10	0	7.543196594039804	0	true
sp|Q15637|SF01_HUMAN	11	0	9.994926966946348	0	true
sp|Q15642|CIP4_HUMAN	23	0	8.17325932160829	0	true
sp|Q15643|TRIPB_HUMAN	45	0	7.482711137657336	0	true
sp|Q15645|PCH2_HUMAN	22	0	9.98843072133498	0	true
sp|Q15646|OASL_HUMAN	8	0	2.063200426252157	0	true
sp|Q15648|MED1_HUMAN	41	0	7.376420059322782	0	true
sp|Q15650|TRIP4_HUMAN	17	0	7.877841407316811	0	true
sp|Q15651|HMGN3_HUMAN	2	1	7.086171025220189	0	true
sp|Q15652|JHD2C_HUMAN	14	0	3.207244052529458	0	true
sp|Q15653|IKBB_HUMAN	8	0	7.46800055238236	0	true
sp|Q15654|TRIP6_HUMAN	16	0	10.219353833550324	0	true
sp|Q15691|MARE1_HUMAN	11	2	9.803242463222766	0	true
sp|Q15695|U2AFL_HUMAN;sp|Q15696|U2AFM_HUMAN	4	0	2.91056529208766	0	true
sp|Q15699|ALX1_HUMAN	6	0	3.780769009690725	0	true
sp|Q15700|DLG2_HUMAN	2	8	7.30263505568791	0	true
sp|Q15714|T22D1_HUMAN	2	3	9.109981541630033	0	true
sp|Q15717|ELAV1_HUMAN	12	0	9.400250935594867	0	true
sp|Q15723|ELF2_HUMAN	9	0	3.8140181322556246	0	true
sp|Q15738|NSDHL_HUMAN	18	0	7.901791367495145	0	true
sp|Q15742|NAB2_HUMAN	5	1	2.2945544103364313	0	true
sp|Q15750|TAB1_HUMAN	14	0	7.746928310225114	0	true
sp|Q15751|HERC1_HUMAN	47	0	5.0869472215530775	0	true
sp|Q15758|AAAT_HUMAN	10	0	11.489465353706779	0	true
sp|Q15759|MK11_HUMAN	1	1	3.420016959314599	0	true
sp|Q15771|RAB30_HUMAN	4	2	3.120307123172791	0	true
sp|Q15773|MLF2_HUMAN	3	0	2.708325581932538	0	true
sp|Q15776|ZKSC8_HUMAN	6	3	7.22616602928	0	true
sp|Q15785|TOM34_HUMAN	19	0	9.989194885802844	0	true
sp|Q15796|SMAD2_HUMAN	6	7	8.977390223059045	0	true
sp|Q15797|SMAD1_HUMAN	1	6	8.977390223059045	0	true
sp|Q15800|MSMO1_HUMAN	2	0	5.09856201998483	0	true
sp|Q15811|ITSN1_HUMAN	33	5	8.298592375904402	0	true
sp|Q15813|TBCE_HUMAN	24	1	9.734429343671584	0	true
sp|Q15814|TBCC_HUMAN	15	0	8.250820512423807	0	true
sp|Q15819|UB2V2_HUMAN	3	5	10.048528558270828	0	true
sp|Q15833|STXB2_HUMAN	22	0	9.179098504718594	0	true
sp|Q15836|VAMP3_HUMAN	4	0	10.423626236675895	0	true
sp|Q15843|NEDD8_HUMAN	2	0	6.031560695095465	0	true
sp|Q15853|USF2_HUMAN	3	2	6.28603423399931	0	true
sp|Q15904|VAS1_HUMAN	9	0	7.643736776083826	0	true
sp|Q15906|VPS72_HUMAN	7	0	3.681804828053634	0	true
sp|Q15907|RB11B_HUMAN	2	9	9.439935904700175	0	true
sp|Q15910|EZH2_HUMAN	21	0	5.252899529650372	0	true
sp|Q15911|ZFHX3_HUMAN	12	2	3.3855230988287794	0	true
sp|Q15937|ZNF79_HUMAN;sp|Q3KQV3|ZN792_HUMAN;sp|Q9Y2P7|ZN256_HUMAN	0	3	7.22616602928	0	true
sp|Q15942|ZYX_HUMAN	23	0	10.307393057827314	0	true
sp|Q16134|ETFD_HUMAN	11	0	4.303642529510602	0	true
sp|Q16181|SEPT7_HUMAN	22	1	9.621053722864472	0	true
sp|Q16186|ADRM1_HUMAN	9	0	8.219384486987417	0	true
sp|Q16204|CCDC6_HUMAN	20	0	9.76121049069076	0	true
sp|Q16222|UAP1_HUMAN	17	2	11.11605336849267	0	true
sp|Q16254|E2F4_HUMAN	6	0	3.8479871274243345	0	true
sp|Q16342|PDCD2_HUMAN	5	0	5.0225806888926465	0	true
sp|Q16352|AINX_HUMAN	3	1	6.450942487493712	0	true
sp|Q16401|PSMD5_HUMAN	22	0	9.837888973720524	0	true
sp|Q16512|PKN1_HUMAN	21	3	6.839586661918737	0	true
sp|Q16513|PKN2_HUMAN	39	3	10.122525113589818	0	true
sp|Q16527|CSRP2_HUMAN	2	0	4.039415173239664	0	true
sp|Q16531|DDB1_HUMAN	50	0	9.25151596452389	0	true
sp|Q16537|2A5E_HUMAN	12	2	8.944864731526163	0	true
sp|Q16539|MK14_HUMAN	14	1	8.580306000524864	0	true
sp|Q16540|RM23_HUMAN	12	0	9.496045255374533	0	true
sp|Q16543|CDC37_HUMAN	15	0	10.037194667171857	0	true
sp|Q16555|DPYL2_HUMAN	20	4	10.908066986274461	0	true
sp|Q16563|SYPL1_HUMAN	4	0	8.22527895219756	0	true
sp|Q16576|RBBP7_HUMAN	7	7	9.647704459055754	0	true
sp|Q16594|TAF9_HUMAN	4	7	7.846172615307671	0	true
sp|Q16595|FRDA_HUMAN	4	0	6.166801850670034	0	true
sp|Q16610|ECM1_HUMAN	4	0	3.8160762226186717	0	true
sp|Q16611|BAK_HUMAN	2	0	4.193641292459602	0	true
sp|Q16626|MEA1_HUMAN	3	0	6.915167377141285	0	true
sp|Q16629|SRSF7_HUMAN	10	1	8.233071844336306	0	true
sp|Q16630|CPSF6_HUMAN	16	0	9.971468445682758	0	true
sp|Q16635|TAZ_HUMAN	5	0	3.614616103858203	0	true
sp|Q16637|SMN_HUMAN	7	0	7.338801620347027	0	true
sp|Q16643|DREB_HUMAN	20	0	10.068944649220372	0	true
sp|Q16644|MAPK3_HUMAN	7	4	6.914116471811444	0	true
sp|Q16649|NFIL3_HUMAN	7	0	3.0002150285686913	0	true
sp|Q16654|PDK4_HUMAN	4	0	5.107177686818324	0	true
sp|Q16656|NRF1_HUMAN	6	0	6.470568552257672	0	true
sp|Q16658|FSCN1_HUMAN	25	0	9.850871737069772	0	true
sp|Q16666|IF16_HUMAN	31	0	9.918268971606691	0	true
sp|Q16670|ZSC26_HUMAN	6	1	4.015776709853913	0	true
sp|Q16698|DECR_HUMAN	14	0	10.537723993391648	0	true
sp|Q16706|MA2A1_HUMAN	30	2	9.98674420628657	0	true
sp|Q16718|NDUA5_HUMAN	4	0	10.763867149986218	0	true
sp|Q16719|KYNU_HUMAN	23	0	11.421282636452636	0	true
sp|Q16720|AT2B3_HUMAN	1	12	10.103112786999354	0	true
sp|Q16739|CEGT_HUMAN	2	0	2.193314169516703	0	true
sp|Q16740|CLPP_HUMAN	9	0	9.213569182825088	0	true
sp|Q16760|DGKD_HUMAN	2	0	1.9907776289283448	0	true
sp|Q16762|THTR_HUMAN	13	0	8.884931199654243	0	true
sp|Q16763|UBE2S_HUMAN	6	0	8.242563071815367	0	true
sp|Q16769|QPCT_HUMAN	1	0	2.001115241420863	0	true
sp|Q16772|GSTA3_HUMAN	1	1	7.378753518377597	0	true
sp|Q16773|KAT1_HUMAN	10	0	7.21387832628742	0	true
sp|Q16774|KGUA_HUMAN	8	0	7.545504330490751	0	true
sp|Q16775|GLO2_HUMAN	12	0	8.939951321735332	0	true
sp|Q16787|LAMA3_HUMAN	4	0	3.597957957836346	0	true
sp|Q16790|CAH9_HUMAN	4	0	6.493279691376706	0	true
sp|Q16795|NDUA9_HUMAN	18	0	9.236957373968147	0	true
sp|Q16798|MAON_HUMAN	1	1	3.083721363737996	0	true
sp|Q16822|PCKGM_HUMAN	28	2	10.508111514562584	0	true
sp|Q16831|UPP1_HUMAN	13	0	5.401313138643106	0	true
sp|Q16836|HCDH_HUMAN	9	0	7.768454746155353	0	true
sp|Q16850|CP51A_HUMAN	15	0	9.321794551486049	0	true
sp|Q16851|UGPA_HUMAN	28	0	11.14727663859853	0	true
sp|Q16854|DGUOK_HUMAN	3	0	6.412081336004953	0	true
sp|Q16864|VATF_HUMAN	7	0	5.25131677603435	0	true
sp|Q16875|F263_HUMAN	6	4	6.246106209099795	0	true
sp|Q16881|TRXR1_HUMAN	23	1	10.762579698550976	0	true
sp|Q16890|TPD53_HUMAN	5	0	9.495111611350108	0	true
sp|Q16891|MIC60_HUMAN	42	0	11.489362451930262	0	true
sp|Q17R31|TATD3_HUMAN	6	0	4.1203210702719835	0	true
sp|Q17R89|RHG44_HUMAN	1	1	5.187273047685296	0	true
sp|Q17RN3|FA98C_HUMAN	5	0	5.928339509078404	0	true
sp|Q17RY0|CPEB4_HUMAN	8	4	6.934103326150818	0	true
sp|Q17RY6|LY6K_HUMAN	5	0	7.006680617000634	0	true
sp|Q1ED39|KNOP1_HUMAN	22	0	6.94329536537169	0	true
sp|Q1KMD3|HNRL2_HUMAN	36	0	9.389775274780483	0	true
sp|Q24JP5|T132A_HUMAN	3	0	3.0711369330139813	0	true
sp|Q27J81|INF2_HUMAN	29	0	10.880745901152018	0	true
sp|Q29983|MICA_HUMAN	1	0	2.4163535292644056	0	true
sp|Q29RF7|PDS5A_HUMAN	55	6	10.25318720309133	0	true
sp|Q2KHR3|QSER1_HUMAN	19	0	6.89329644927234	0	true
sp|Q2KHT3|CL16A_HUMAN	8	0	4.584325913296356	0	true
sp|Q2KJY2|KI26B_HUMAN	2	0	2.1105907408252698	0	true
sp|Q2M1P5|KIF7_HUMAN	2	1	6.227979835440804	0	true
sp|Q2M296|MTHSD_HUMAN	8	0	3.3672439041772573	0	true
sp|Q2M2I5|K1C24_HUMAN	1	1	8.124554311744305	0	true
sp|Q2M2I8|AAK1_HUMAN	15	1	6.002659973740386	0	true
sp|Q2M389|WASC4_HUMAN	31	0	10.464254079335443	0	true
sp|Q2M3G4|SHRM1_HUMAN	3	0	3.4280169596128314	0	true
sp|Q2NKX8|ERC6L_HUMAN	17	0	3.4416772702794214	0	true
sp|Q2NKX9|CB068_HUMAN	2	0	1.9472506471497393	0	true
sp|Q2NL82|TSR1_HUMAN	29	0	10.159933882195576	0	true
sp|Q2PPJ7|RGPA2_HUMAN	11	0	3.38065753048134	0	true
sp|Q2PZI1|D19L1_HUMAN	9	0	5.937049459358685	0	true
sp|Q2T9J0|TYSD1_HUMAN	7	0	7.762351723959919	0	true
sp|Q2TAA2|IAH1_HUMAN	4	0	6.643923235156682	0	true
sp|Q2TAA5|ALG11_HUMAN	4	0	4.731932169534532	0	true
sp|Q2TAL8|QRIC1_HUMAN	10	0	8.320649000426606	0	true
sp|Q2TAM9|TUSC1_HUMAN	4	0	4.199287208593272	0	true
sp|Q2TAY7|SMU1_HUMAN	19	0	8.920251433992647	0	true
sp|Q2TAZ0|ATG2A_HUMAN	7	1	2.1848668352510305	0	true
sp|Q2TB10|ZN800_HUMAN	10	0	3.722395029183169	0	true
sp|Q2TBE0|C19L2_HUMAN	8	0	2.0373545018713735	0	true
sp|Q2VIQ3|KIF4B_HUMAN	1	20	8.308691052278935	0	true
sp|Q2VPB7|AP5B1_HUMAN	12	0	3.64393523236943	0	true
sp|Q2VPK5|CTU2_HUMAN	14	0	5.440049408685558	0	true
sp|Q2VWP7|PRTG_HUMAN	2	0	1.9025461950218965	0	true
sp|Q30201|HFE_HUMAN	4	0	4.8759911144149966	0	true
sp|Q32MZ4|LRRF1_HUMAN	30	1	9.620996290784731	0	true
sp|Q32NB8|PGPS1_HUMAN	10	0	6.711783705453707	0	true
sp|Q32NC0|CR021_HUMAN	9	0	6.118263935086564	0	true
sp|Q32P28|P3H1_HUMAN	22	1	9.625816458792773	0	true
sp|Q32P41|TRM5_HUMAN	22	0	7.196409906635492	0	true
sp|Q32P44|EMAL3_HUMAN	24	0	9.803876508749934	0	true
sp|Q330K2|NDUF6_HUMAN	3	0	3.91101372129861	0	true
sp|Q3B726|RPA43_HUMAN	8	0	5.244441078002293	0	true
sp|Q3B7J2|GFOD2_HUMAN	2	1	4.215210280441561	0	true
sp|Q3B7T1|EDRF1_HUMAN	13	0	5.56366872002112	0	true
sp|Q3KQU3|MA7D1_HUMAN	18	1	9.296187516540702	0	true
sp|Q3KQV9|UAP1L_HUMAN	11	2	7.226385288259305	0	true
sp|Q3KQZ1|S2535_HUMAN	4	0	5.338569903448646	0	true
sp|Q3KR37|ASTRB_HUMAN	13	1	4.644059972697171	0	true
sp|Q3KRA9|ALKB6_HUMAN	3	0	2.308759887197668	0	true
sp|Q3L8U1|CHD9_HUMAN	8	10	4.397032345413034	0	true
sp|Q3LXA3|TKFC_HUMAN	22	0	10.379816313109545	0	true
sp|Q3MHD2|LSM12_HUMAN	5	0	8.573237356663743	0	true
sp|Q3MII6|TBC25_HUMAN	7	0	3.658901656732356	0	true
sp|Q3MIN7|RGL3_HUMAN	9	0	2.551072906349605	0	true
sp|Q3SXM5|HSDL1_HUMAN	10	0	3.9012934719379744	0	true
sp|Q3SXY8|AR13B_HUMAN	1	0	2.3473184304855708	0	true
sp|Q3SY17|S2552_HUMAN;sp|Q9H1U9|S2551_HUMAN	2	0	3.220083614930666	0	true
sp|Q3SY69|AL1L2_HUMAN	1	3	5.423784749970927	0	true
sp|Q3T8J9|GON4L_HUMAN	6	5	7.350557174082327	0	true
sp|Q3V6T2|GRDN_HUMAN	32	0	4.672720631900938	0	true
sp|Q3YBR2|TBRG1_HUMAN	1	0	4.0299228526414765	0	true
sp|Q3YEC7|RABL6_HUMAN	16	0	8.299868213124558	0	true
sp|Q3ZAQ7|VMA21_HUMAN	3	0	5.459818540063429	0	true
sp|Q3ZCM7|TBB8_HUMAN	1	9	8.779488933287677	0	true
sp|Q3ZCQ8|TIM50_HUMAN	15	0	10.032168765902087	0	true
sp|Q3ZCW2|LEGL_HUMAN	3	0	2.011596703858398	0	true
sp|Q460N5|PAR14_HUMAN	42	0	7.6356471999542235	0	true
sp|Q495W5|FUT11_HUMAN	4	0	7.0645155612532085	0	true
sp|Q499Z4|ZN672_HUMAN	8	0	2.9445778324582275	0	true
sp|Q49A26|GLYR1_HUMAN	19	0	8.718126776775081	0	true
sp|Q49A88|CCD14_HUMAN	2	0	3.120807484184606	0	true
sp|Q49AR2|CE022_HUMAN	2	0	4.647400310953342	0	true
sp|Q49B96|COX19_HUMAN	5	0	5.669695221566932	0	true
sp|Q4AC94|C2CD3_HUMAN	8	0	4.17126455927536	0	true
sp|Q4ADV7|RIC1_HUMAN	2	0	2.684603381714852	0	true
sp|Q4G0F5|VP26B_HUMAN	11	0	7.3695219733705395	0	true
sp|Q4G0I0|UQCC4_HUMAN	3	0	6.569509868449138	0	true
sp|Q4G0J3|LARP7_HUMAN	19	0	8.93729145932805	0	true
sp|Q4G0N4|NAKD2_HUMAN	18	0	10.57857146864602	0	true
sp|Q4G148|GXLT1_HUMAN	8	0	4.3301615805884035	0	true
sp|Q4G176|ACSF3_HUMAN	22	0	9.344898011543874	0	true
sp|Q4J6C6|PPCEL_HUMAN	17	0	7.764383673512876	0	true
sp|Q4KMP7|TB10B_HUMAN	13	0	9.316877430541695	0	true
sp|Q4KMQ1|TPRN_HUMAN	11	0	5.323161751526582	0	true
sp|Q4KMQ2|ANO6_HUMAN	15	0	6.948932667095561	0	true
sp|Q4KWH8|PLCH1_HUMAN	2	0	2.3209328554302475	0	true
sp|Q4LDE5|SVEP1_HUMAN	4	0	1.9197701860066034	0	true
sp|Q4LE39|ARI4B_HUMAN	16	0	8.592434957637536	0	true
sp|Q4U2R6|RM51_HUMAN	2	0	8.653564310742878	0	true
sp|Q4V328|GRAP1_HUMAN	37	0	9.50156847864144	0	true
sp|Q4V348|Z658B_HUMAN;sp|Q5TYW1|ZN658_HUMAN	0	4	7.22616602928	0	true
sp|Q4VC31|MIX23_HUMAN	5	0	9.96065139269533	0	true
sp|Q4VC44|FWCH1_HUMAN	1	1	6.319261023759448	0	true
sp|Q4W5G0|TIGD2_HUMAN	2	0	3.5256769497737217	0	true
sp|Q4ZIN3|MBRL_HUMAN	7	0	6.297486722674022	0	true
sp|Q504Q3|PAN2_HUMAN	12	0	3.13900786487203	0	true
sp|Q52LJ0|FA98B_HUMAN	11	3	10.713018182374315	0	true
sp|Q52LR7|EPC2_HUMAN	4	1	2.9590759847267796	0	true
sp|Q53EL6|PDCD4_HUMAN	21	0	10.31695931881877	0	true
sp|Q53EP0|FND3B_HUMAN	30	0	7.809397306230451	0	true
sp|Q53ET0|CRTC2_HUMAN	5	0	2.760402988089082	0	true
sp|Q53EU6|GPAT3_HUMAN	1	2	4.165145781396605	0	true
sp|Q53EZ4|CEP55_HUMAN	5	0	2.161375507678201	0	true
sp|Q53F19|NCBP3_HUMAN	16	0	9.05295384694968	0	true
sp|Q53FA7|QORX_HUMAN	12	0	9.96603748968884	0	true
sp|Q53FT3|HIKES_HUMAN	5	0	9.96537020559561	0	true
sp|Q53FV1|ORML2_HUMAN;sp|Q8N138|ORML3_HUMAN;sp|Q9P0S3|ORML1_HUMAN	1	0	5.188672536716729	0	true
sp|Q53G59|KLH12_HUMAN	1	0	1.9465778897997963	0	true
sp|Q53GA4|PHLA2_HUMAN	2	0	7.094075715288841	0	true
sp|Q53GL7|PAR10_HUMAN	11	0	4.046102503198374	0	true
sp|Q53GQ0|DHB12_HUMAN	10	0	9.867798475094048	0	true
sp|Q53GS7|GLE1_HUMAN	20	0	7.283840113023389	0	true
sp|Q53GS9|UBP39_HUMAN	21	0	9.615209934423605	0	true
sp|Q53H12|AGK_HUMAN	16	0	8.283175418887481	0	true
sp|Q53H47|SETMR_HUMAN	9	0	5.122502161035774	0	true
sp|Q53H82|LACB2_HUMAN	12	0	10.035414149947933	0	true
sp|Q53H96|P5CR3_HUMAN	9	0	8.75514814864978	0	true
sp|Q53HC5|KLH26_HUMAN	1	0	2.666468907880633	0	true
sp|Q53HC9|EIPR1_HUMAN	11	0	7.975263123418222	0	true
sp|Q53HL2|BOREA_HUMAN	11	0	5.310021893119688	0	true
sp|Q53HV7|SMUG1_HUMAN	6	0	6.79842249584667	0	true
sp|Q53LP3|SWAHC_HUMAN	15	0	5.742249587479956	0	true
sp|Q53R41|FAKD1_HUMAN	7	0	3.730039706662203	0	true
sp|Q53S08|RAB6D_HUMAN	1	3	6.959408357040444	0	true
sp|Q53S33|BOLA3_HUMAN	4	0	3.520339230515066	0	true
sp|Q53S58|TM177_HUMAN	2	0	2.0322219143361213	0	true
sp|Q53SF7|COBL1_HUMAN	20	0	4.325403004353704	0	true
sp|Q53T59|H1BP3_HUMAN	10	0	6.734005677914903	0	true
sp|Q53T94|TAF1B_HUMAN	2	0	2.441819642803389	0	true
sp|Q562E7|WDR81_HUMAN	17	0	4.163868666665365	0	true
sp|Q562R1|ACTBL_HUMAN	1	4	6.269506887026602	0	true
sp|Q567U6|CCD93_HUMAN	24	0	5.994558385136784	0	true
sp|Q567V2|M17L2_HUMAN	4	0	4.052347341613513	0	true
sp|Q56NI9|ESCO2_HUMAN	12	0	4.8254414296012715	0	true
sp|Q56P03|EAPP_HUMAN	5	0	6.326833743975792	0	true
sp|Q56VL3|OCAD2_HUMAN	8	0	8.949988491263047	0	true
sp|Q587I9|SFT2C_HUMAN	2	0	2.574000600805429	0	true
sp|Q58A45|PAN3_HUMAN	4	0	3.2537419222846404	0	true
sp|Q58F21|BRDT_HUMAN	1	1	6.771614934335365	0	true
sp|Q58FF6|H90B4_HUMAN	4	5	9.12522247420513	0	true
sp|Q58FF7|H90B3_HUMAN	1	17	8.361621481380027	0	true
sp|Q58FG1|HS904_HUMAN	2	2	8.396907726885628	0	true
sp|Q58WW2|DCAF6_HUMAN	8	0	3.9017211504925844	0	true
sp|Q5BJD5|TM41B_HUMAN	2	0	8.658188137471535	0	true
sp|Q5BJF2|SGMR2_HUMAN	4	0	5.413291822621309	0	true
sp|Q5BJH2|TM128_HUMAN	2	0	2.5949723759959378	0	true
sp|Q5BJH7|YIF1B_HUMAN	2	0	5.3285299125179515	0	true
sp|Q5BKT4|AG10A_HUMAN;sp|Q5I7T1|AG10B_HUMAN	4	0	6.4130979704117514	0	true
sp|Q5BKU9|OXLD1_HUMAN	2	0	4.51261075666048	0	true
sp|Q5BKX5|ACTMP_HUMAN	4	0	3.6172921774652966	0	true
sp|Q5BKY9|F133B_HUMAN	5	0	6.366793604216951	0	true
sp|Q5BKZ1|ZN326_HUMAN	22	0	9.528056348418726	0	true
sp|Q5C9Z4|NOM1_HUMAN	9	0	6.317896496354082	0	true
sp|Q5CZC0|FSIP2_HUMAN	4	0	2.6370962264419817	0	true
sp|Q5D0E6|DALD3_HUMAN	2	0	2.2232064962696443	0	true
sp|Q5D1E8|ZC12A_HUMAN	4	0	2.0757416625328076	0	true
sp|Q5EBL4|RIPL1_HUMAN	6	1	6.9996979834315365	0	true
sp|Q5EBL8|PDZ11_HUMAN	4	0	5.194515394660196	0	true
sp|Q5EG05|CAR16_HUMAN	1	3	6.496371286299311	0	true
sp|Q5F1R6|DJC21_HUMAN	16	0	10.231974721774042	0	true
sp|Q5FBB7|SGO1_HUMAN	1	0	2.542729346557674	0	true
sp|Q5FWF5|ESCO1_HUMAN	5	0	2.160842053376471	0	true
sp|Q5GLZ8|HERC4_HUMAN	26	0	6.034652872341898	0	true
sp|Q5H8A4|PIGG_HUMAN	11	0	7.732542380785304	0	true
sp|Q5H943|KKLC1_HUMAN	2	0	3.141474612973401	0	true
sp|Q5H9R7|PP6R3_HUMAN	32	0	10.513543736920427	0	true
sp|Q5H9U9|DDX6L_HUMAN	15	1	8.328433810446237	0	true
sp|Q5HYI7|MTX3_HUMAN	6	0	7.110327059566299	0	true
sp|Q5HYI8|RABL3_HUMAN	5	0	6.647764065222364	0	true
sp|Q5HYJ3|FA76B_HUMAN	6	1	6.2581164327117	0	true
sp|Q5HYK3|COQ5_HUMAN	9	0	8.478455156422426	0	true
sp|Q5HYK7|SH319_HUMAN	12	0	3.0389362520422534	0	true
sp|Q5HYW3|RTL5_HUMAN	1	0	3.3335290040115235	0	true
sp|Q5J8M3|EMC4_HUMAN	7	0	7.601547230227263	0	true
sp|Q5JPE7|NOMO2_HUMAN	2	39	9.389052230682914	0	true
sp|Q5JPH6|SYEM_HUMAN	16	0	8.893277027262032	0	true
sp|Q5JPI3|CC038_HUMAN	6	0	3.11954331863667	0	true
sp|Q5JPI9|EFMT2_HUMAN	4	0	6.076602231650702	0	true
sp|Q5JQF8|PAP1M_HUMAN	0	2	7.4951244279991265	0	true
sp|Q5JRA6|TGO1_HUMAN	49	0	9.324597621100251	0	true
sp|Q5JRX3|PREP_HUMAN	41	0	8.956454416601735	0	true
sp|Q5JS37|NHLC3_HUMAN	2	0	3.7897811206225964	0	true
sp|Q5JS54|PSMG4_HUMAN	4	0	6.561239782117814	0	true
sp|Q5JSH3|WDR44_HUMAN	38	0	8.23193441433063	0	true
sp|Q5JSZ5|PRC2B_HUMAN	54	2	8.63905751252309	0	true
sp|Q5JT25|RAB41_HUMAN	1	0	3.933228702136978	0	true
sp|Q5JTC6|AMER1_HUMAN	4	0	2.2354081933463164	0	true
sp|Q5JTD0|TJAP1_HUMAN	8	0	5.128895556736773	0	true
sp|Q5JTH9|RRP12_HUMAN	46	1	10.358003717234395	0	true
sp|Q5JTJ3|COA6_HUMAN	4	0	9.842890932608205	0	true
sp|Q5JTV8|TOIP1_HUMAN	24	1	9.88145613371751	0	true
sp|Q5JTW2|CEP78_HUMAN	8	0	4.372336442228812	0	true
sp|Q5JTZ9|SYAM_HUMAN	30	0	10.182595785269518	0	true
sp|Q5JU69|TOR2A_HUMAN	5	0	5.675474473040092	0	true
sp|Q5JU85|IQEC2_HUMAN	4	1	3.6098526566362383	0	true
sp|Q5JUR7|TEX30_HUMAN	6	0	5.471794896738875	0	true
sp|Q5JUX0|SPIN3_HUMAN	1	4	6.839809753812029	0	true
sp|Q5JVF3|PCID2_HUMAN	19	0	10.021885098216558	0	true
sp|Q5JVG2|ZN484_HUMAN	0	2	4.47396202086979	0	true
sp|Q5JWF2|GNAS1_HUMAN	14	1	8.959187498137801	0	true
sp|Q5K4L6|S27A3_HUMAN	8	0	5.676262457732618	0	true
sp|Q5K651|SAMD9_HUMAN	29	2	8.140153460166863	0	true
sp|Q5M775|CYTSB_HUMAN	31	1	9.508503522367183	0	true
sp|Q5M7Z0|RNFT1_HUMAN	3	0	2.4112639260690805	0	true
sp|Q5MIZ7|P4R3B_HUMAN	13	7	7.839833266638866	0	true
sp|Q5MNZ6|WIPI3_HUMAN	7	0	7.76490151318866	0	true
sp|Q5MNZ9|WIPI1_HUMAN	1	0	2.386706802071079	0	true
sp|Q5NDL2|EOGT_HUMAN	12	0	4.482796632845202	0	true
sp|Q5PRF9|SMAG2_HUMAN	7	1	7.5441147532951645	0	true
sp|Q5PSV4|BRM1L_HUMAN	6	0	4.157417301590114	0	true
sp|Q5QJE6|TDIF2_HUMAN	25	0	9.639780743730238	0	true
sp|Q5QP82|DCA10_HUMAN	7	0	4.464946278320156	0	true
sp|Q5R372|RBG1L_HUMAN	6	1	3.8278386236934736	0	true
sp|Q5R3I4|TTC38_HUMAN	11	0	9.558339371695366	0	true
sp|Q5RI15|COX20_HUMAN	3	0	9.526398611437902	0	true
sp|Q5RKV6|EXOS6_HUMAN	9	0	10.26143032268024	0	true
sp|Q5SGD2|PPM1L_HUMAN	2	0	4.274317443978266	0	true
sp|Q5SNT2|TM201_HUMAN	11	0	7.44658608941168	0	true
sp|Q5SQN1|SNP47_HUMAN	4	0	2.632888717458367	0	true
sp|Q5SRE5|NU188_HUMAN	44	0	7.985054328958379	0	true
sp|Q5SRH9|TT39A_HUMAN	1	0	2.4174197744604355	0	true
sp|Q5SRI9|MANEA_HUMAN	3	0	3.1214759403342622	0	true
sp|Q5SSJ5|HP1B3_HUMAN	22	0	10.00262912193918	0	true
sp|Q5ST30|SYVM_HUMAN	16	0	4.207054854390239	0	true
sp|Q5SVZ6|ZMYM1_HUMAN	13	1	4.113558931830591	0	true
sp|Q5SW79|CE170_HUMAN	49	1	9.76562896495076	0	true
sp|Q5SW96|ARH_HUMAN	7	0	4.640501905142721	0	true
sp|Q5SWA1|PR15B_HUMAN	4	0	6.2318332656435595	0	true
sp|Q5SWL8|PRA19_HUMAN	1	2	1.8804601420269238	0	true
sp|Q5SWX8|ODR4_HUMAN	19	0	7.737510504653678	0	true
sp|Q5SXM2|SNPC4_HUMAN	13	0	3.7031914799546715	0	true
sp|Q5SXM8|DNLZ_HUMAN	3	0	6.68948836620049	0	true
sp|Q5SY16|NOL9_HUMAN	18	0	10.558842069429145	0	true
sp|Q5T011|SZT2_HUMAN	8	0	2.4963152965408018	0	true
sp|Q5T013|HYI_HUMAN	5	0	3.309270862387827	0	true
sp|Q5T0B9|ZN362_HUMAN	1	3	2.8080656751237782	0	true
sp|Q5T0D9|TPRGL_HUMAN	5	0	3.2846400218752008	0	true
sp|Q5T0F9|C2D1B_HUMAN	15	1	6.7425825688480225	0	true
sp|Q5T0N5|FBP1L_HUMAN	16	0	7.974383242162372	0	true
sp|Q5T0W9|FA83B_HUMAN	24	0	7.849498226507569	0	true
sp|Q5T160|SYRM_HUMAN	17	0	6.547811164648762	0	true
sp|Q5T1C6|THEM4_HUMAN	8	0	10.561670784426708	0	true
sp|Q5T1M5|FKB15_HUMAN	34	0	9.99382192321468	0	true
sp|Q5T1V6|DDX59_HUMAN	24	0	6.8198070743346815	0	true
sp|Q5T200|ZC3HD_HUMAN	26	0	9.214352325349049	0	true
sp|Q5T280|CI114_HUMAN	9	0	8.572566954246392	0	true
sp|Q5T2D3|OTUD3_HUMAN	4	0	3.3535198553568413	0	true
sp|Q5T2E6|ARMD3_HUMAN	8	0	3.757885732483462	0	true
sp|Q5T2N8|ATD3C_HUMAN	0	11	7.4823250026518275	0	true
sp|Q5T3F8|CSCL2_HUMAN	6	0	3.343932910603915	0	true
sp|Q5T3I0|GPTC4_HUMAN	21	0	9.931278228279306	0	true
sp|Q5T3J3|LRIF1_HUMAN	13	0	5.639240651069226	0	true
sp|Q5T440|CAF17_HUMAN	6	0	7.4354731764740905	0	true
sp|Q5T447|HECD3_HUMAN	20	0	5.87727511010742	0	true
sp|Q5T4S7|UBR4_HUMAN	148	0	12.456363447675606	0	true
sp|Q5T5C0|STXB5_HUMAN	14	0	3.149002212551119	0	true
sp|Q5T5P2|SKT_HUMAN	12	0	3.153221523192464	0	true
sp|Q5T5U3|RHG21_HUMAN	14	0	5.0053414639764435	0	true
sp|Q5T5X7|BEND3_HUMAN	19	0	6.262876016352836	0	true
sp|Q5T5Y3|CAMP1_HUMAN	38	0	4.1901626531982155	0	true
sp|Q5T653|RM02_HUMAN	9	0	9.625858798143724	0	true
sp|Q5T686|AVPI1_HUMAN	1	0	2.0260686788247986	0	true
sp|Q5T6F0|DCA12_HUMAN	1	0	3.6673034711075867	0	true
sp|Q5T6F2|UBAP2_HUMAN	20	0	9.82522972322301	0	true
sp|Q5T6J7|GNTK_HUMAN	1	0	2.005914930702046	0	true
sp|Q5T6V5|QNG1_HUMAN	18	0	7.752743953593781	0	true
sp|Q5T7V8|GORAB_HUMAN	5	0	3.649377028961398	0	true
sp|Q5T7W7|TSTD2_HUMAN	4	0	3.6233169426433793	0	true
sp|Q5T8D3|ACBD5_HUMAN	21	0	7.228161308595429	0	true
sp|Q5T8I3|EEIG2_HUMAN	15	0	7.487923553705357	0	true
sp|Q5T8I9|HENMT_HUMAN	2	0	1.915155355866171	0	true
sp|Q5T8P6|RBM26_HUMAN	23	1	9.162151025764498	0	true
sp|Q5T9A4|ATD3B_HUMAN	8	20	8.003839619564726	0	true
sp|Q5T9L3|WLS_HUMAN	8	0	5.099405748121948	0	true
sp|Q5T9S5|CCD18_HUMAN	2	0	3.24798879618136	0	true
sp|Q5TA45|INT11_HUMAN	13	0	6.990886997746268	0	true
sp|Q5TA50|CPTP_HUMAN	4	0	7.060694531157971	0	true
sp|Q5TAQ9|DCAF8_HUMAN	10	1	6.533389494802919	0	true
sp|Q5TAX3|TUT4_HUMAN	17	3	5.323740958442586	0	true
sp|Q5TBB1|RNH2B_HUMAN	14	0	8.300251656132717	0	true
sp|Q5TC12|ATPF1_HUMAN	8	0	7.345906552202574	0	true
sp|Q5TC82|RC3H1_HUMAN	11	3	4.053136813684172	0	true
sp|Q5TCZ1|SPD2A_HUMAN	5	2	3.7958142212016055	0	true
sp|Q5TDH0|DDI2_HUMAN	11	0	9.56809736284798	0	true
sp|Q5TEC6|H37_HUMAN	3	3	6.481581024205905	0	true
sp|Q5TEU4|NDUF5_HUMAN	5	0	5.389003887449316	0	true
sp|Q5TF21|MTCL3_HUMAN	1	1	2.05423797103048	0	true
sp|Q5TFE4|NT5D1_HUMAN	17	0	9.741446203261383	0	true
sp|Q5TGY1|TMCO4_HUMAN	6	0	4.001329830409426	0	true
sp|Q5TH69|BIG3_HUMAN	1	0	1.9909791518458282	0	true
sp|Q5THJ4|VP13D_HUMAN	20	0	2.9913631646974737	0	true
sp|Q5THK1|PR14L_HUMAN	11	1	1.9962001748638198	0	true
sp|Q5TKA1|LIN9_HUMAN	7	0	3.833656882466313	0	true
sp|Q5TZA2|CROCC_HUMAN	8	0	2.4617939774552045	0	true
sp|Q5U3C3|TM164_HUMAN	2	0	4.3928338885627065	0	true
sp|Q5U5X0|LYRM7_HUMAN	4	0	6.390741539787408	0	true
sp|Q5UCC4|EMC10_HUMAN	4	0	7.6346773089485	0	true
sp|Q5UIP0|RIF1_HUMAN	65	0	8.74910787103699	0	true
sp|Q5VIR6|VPS53_HUMAN	27	0	7.848726411319606	0	true
sp|Q5VSL9|STRP1_HUMAN	14	3	7.530190403993567	0	true
sp|Q5VST6|AB17B_HUMAN	5	0	3.9546057294159436	0	true
sp|Q5VSY0|GKAP1_HUMAN	4	0	3.373473988193794	0	true
sp|Q5VT06|CE350_HUMAN	18	0	3.5343176402481205	0	true
sp|Q5VT25|MRCKA_HUMAN	20	7	5.194902391071603	0	true
sp|Q5VT40|FA78B_HUMAN	1	0	2.226029145880929	0	true
sp|Q5VT52|RPRD2_HUMAN	45	0	10.385814850028856	0	true
sp|Q5VT66|MARC1_HUMAN	8	1	7.313767661963932	0	true
sp|Q5VT79|AXA81_HUMAN	1	12	8.428065658069071	0	true
sp|Q5VTB9|RN220_HUMAN	7	0	2.986539112723296	0	true
sp|Q5VTL8|PR38B_HUMAN	13	0	8.307618855676907	0	true
sp|Q5VTR2|BRE1A_HUMAN	38	3	9.515757615499153	0	true
sp|Q5VU43|MYOME_HUMAN	11	0	2.046180818689055	0	true
sp|Q5VUA4|ZN318_HUMAN	32	0	4.596357320286602	0	true
sp|Q5VUG0|SMBT2_HUMAN	2	0	2.388880113314574	0	true
sp|Q5VUM1|SDHF4_HUMAN	2	0	5.630046904284419	0	true
sp|Q5VV41|ARHGG_HUMAN	20	0	10.10979258793566	0	true
sp|Q5VV42|CDKAL_HUMAN	15	0	6.433375314372025	0	true
sp|Q5VV52|ZN691_HUMAN	6	0	3.784294124872363	0	true
sp|Q5VVQ6|OTU1_HUMAN	6	0	10.064778592391903	0	true
sp|Q5VW32|BROX_HUMAN	8	0	7.894126084184643	0	true
sp|Q5VW36|FOCAD_HUMAN	31	0	7.655243062731723	0	true
sp|Q5VW38|GP107_HUMAN	4	0	7.569953609154293	0	true
sp|Q5VWG9|TAF3_HUMAN	6	0	4.037561287670147	0	true
sp|Q5VWJ9|SNX30_HUMAN	5	0	2.9594877307757272	0	true
sp|Q5VWM3|PRA18_HUMAN	1	2	1.8804601420269238	0	true
sp|Q5VWN6|TASO2_HUMAN	9	0	2.968347980351636	0	true
sp|Q5VWQ0|RSBN1_HUMAN	12	1	6.741603759265551	0	true
sp|Q5VWQ8|DAB2P_HUMAN	5	1	5.970264124789477	0	true
sp|Q5VWZ2|LYPL1_HUMAN	7	0	7.048957312845225	0	true
sp|Q5VYK3|ECM29_HUMAN	66	0	10.412868539216355	0	true
sp|Q5VYS8|TUT7_HUMAN	29	3	6.937050759656668	0	true
sp|Q5VYV7|SLX4I_HUMAN	2	0	2.1418841622039992	0	true
sp|Q5VZ89|DEN4C_HUMAN	47	1	5.9780447447017995	0	true
sp|Q5VZE5|NAA35_HUMAN	21	0	6.140016151840857	0	true
sp|Q5VZK9|CARL1_HUMAN	34	0	6.948884220184034	0	true
sp|Q5VZL5|ZMYM4_HUMAN	30	1	5.173987954550652	0	true
sp|Q5VZM2|RRAGB_HUMAN	1	5	5.389936519461923	0	true
sp|Q5W0B1|OBI1_HUMAN	8	0	3.6204429822530035	0	true
sp|Q5W0V3|FHI2A_HUMAN	14	0	6.557835331684416	0	true
sp|Q5W0Z9|ZDH20_HUMAN	3	0	2.341199713894411	0	true
sp|Q5W111|SPRY7_HUMAN	6	0	7.750655120139522	0	true
sp|Q5XKE5|K2C79_HUMAN	0	4	6.193319967466436	0	true
sp|Q5XKP0|MIC13_HUMAN	3	0	5.275355393320934	0	true
sp|Q5XPI4|RN123_HUMAN	13	0	5.203211236924908	0	true
sp|Q5XUX1|FBXW9_HUMAN	5	0	3.4574318842948726	0	true
sp|Q5ZPR3|CD276_HUMAN	8	0	8.46417308357922	0	true
sp|Q63HN8|RN213_HUMAN	128	0	9.122317410436638	0	true
sp|Q63ZY3|KANK2_HUMAN	20	1	8.453542285481621	0	true
sp|Q641Q2|WAC2A_HUMAN	5	23	9.03905895006261	0	true
sp|Q641Q3|METRL_HUMAN	2	0	3.750990269156201	0	true
sp|Q643R3|LPCT4_HUMAN	9	0	6.512762609434574	0	true
sp|Q64LD2|WDR25_HUMAN	3	0	3.348850871998408	0	true
sp|Q658P3|STEA3_HUMAN	7	0	6.273363053416729	0	true
sp|Q658Y4|F91A1_HUMAN	22	0	9.463942585889063	0	true
sp|Q659A1|ICE2_HUMAN	8	0	2.5220838056292356	0	true
sp|Q659C4|LAR1B_HUMAN	4	5	6.421908469077324	0	true
sp|Q66GS9|CP135_HUMAN	6	0	3.5777129893615487	0	true
sp|Q66K14|TBC9B_HUMAN	26	0	8.48030737726968	0	true
sp|Q66K64|DCA15_HUMAN	4	0	3.404968903628812	0	true
sp|Q66K74|MAP1S_HUMAN	23	0	9.25238283722901	0	true
sp|Q66LE6|2ABD_HUMAN	2	9	9.770401169975651	0	true
sp|Q66PJ3|AR6P4_HUMAN	7	0	9.288428315644104	0	true
sp|Q676U5|A16L1_HUMAN	13	0	4.910051862389754	0	true
sp|Q68CP4|HGNAT_HUMAN	4	0	5.218728884790212	0	true
sp|Q68CP9|ARID2_HUMAN	25	0	6.253520777427468	0	true
sp|Q68CQ4|UTP25_HUMAN	21	0	7.985348262341921	0	true
sp|Q68CQ7|GL8D1_HUMAN	13	0	7.808963609127201	0	true
sp|Q68CR1|SE1L3_HUMAN	3	0	4.1486555268381995	0	true
sp|Q68CZ2|TENS3_HUMAN	20	0	7.939363132167239	0	true
sp|Q68CZ6|HAUS3_HUMAN	10	0	6.156690702536457	0	true
sp|Q68D10|SPT2_HUMAN	9	0	3.489636439006871	0	true
sp|Q68D20|PMS2L_HUMAN	1	1	3.5723273453545694	0	true
sp|Q68D85|NR3L1_HUMAN	5	0	2.4891972757750813	0	true
sp|Q68D91|MBLC2_HUMAN	10	0	8.257024234846574	0	true
sp|Q68DC2|ANKS6_HUMAN	2	0	4.463399823782149	0	true
sp|Q68DH5|LMBD2_HUMAN	7	0	6.4690612838327946	0	true
sp|Q68DK2|ZFY26_HUMAN	21	0	6.085408258372446	0	true
sp|Q68DK7|MSL1_HUMAN	8	0	5.743716403297318	0	true
sp|Q68DQ2|CRBG3_HUMAN	9	0	1.9446009287921122	0	true
sp|Q68E01|INT3_HUMAN	28	0	7.3014810871334195	0	true
sp|Q68EM7|RHG17_HUMAN	17	1	8.498562518622801	0	true
sp|Q69YH5|CDCA2_HUMAN	13	0	5.884471162023229	0	true
sp|Q69YL0|NCAS2_HUMAN	2	0	4.9963561124567235	0	true
sp|Q69YN2|C19L1_HUMAN	21	0	9.104382874088138	0	true
sp|Q69YN4|VIR_HUMAN	35	0	8.610392971587348	0	true
sp|Q69YQ0|CYTSA_HUMAN	22	1	6.061167903978447	0	true
sp|Q69YU5|UQCC6_HUMAN	2	0	3.2330559441097386	0	true
sp|Q6AI08|HEAT6_HUMAN	18	0	7.796172052056554	0	true
sp|Q6AWC2|WWC2_HUMAN	5	1	2.0181516839996076	0	true
sp|Q6BAA4|FCRLB_HUMAN	1	0	2.14551034154265	0	true
sp|Q6BDS2|BLT3A_HUMAN	31	0	5.371765626886095	0	true
sp|Q6DCA0|AMERL_HUMAN	1	3	3.7296531838073905	0	true
sp|Q6DD87|ZN787_HUMAN	10	0	9.110091033718325	0	true
sp|Q6DD88|ATLA3_HUMAN	26	0	10.041229691145512	0	true
sp|Q6DHV7|ADAL_HUMAN	7	0	4.570945525728854	0	true
sp|Q6DKI1|RL7L_HUMAN	9	0	10.13576533273601	0	true
sp|Q6DKK2|TTC19_HUMAN	10	0	4.3588656442555695	0	true
sp|Q6DN90|IQEC1_HUMAN	7	1	2.5170082431921608	0	true
sp|Q6EMB2|TTLL5_HUMAN	2	0	2.7768615257640454	0	true
sp|Q6EMK4|VASN_HUMAN	2	0	2.9025500777441153	0	true
sp|Q6FI81|CPIN1_HUMAN	17	0	8.852169767760575	0	true
sp|Q6GMR7|FAAH2_HUMAN	2	0	2.554544985303199	0	true
sp|Q6GMV2|SMYD5_HUMAN	10	0	8.46807455771947	0	true
sp|Q6GMV3|PTRD1_HUMAN	4	0	9.26513654315061	0	true
sp|Q6GQQ9|OTU7B_HUMAN	16	0	7.819885524811098	0	true
sp|Q6GYQ0|RGPA1_HUMAN	26	0	7.772231943674182	0	true
sp|Q6H8Q1|ABLM2_HUMAN	6	0	3.446710975170938	0	true
sp|Q6I9Y2|THOC7_HUMAN	6	0	5.8570857171706	0	true
sp|Q6IA69|NADE_HUMAN	14	0	6.804820318125082	0	true
sp|Q6IA86|ELP2_HUMAN	28	0	8.8550082730496	0	true
sp|Q6IAA8|LTOR1_HUMAN	6	0	8.687323543292516	0	true
sp|Q6IAN0|DRS7B_HUMAN	12	0	10.166208702810756	0	true
sp|Q6IBS0|TWF2_HUMAN	14	4	9.76844329403623	0	true
sp|Q6IBW4|CNDH2_HUMAN	6	0	5.9716384110815754	0	true
sp|Q6IC98|GRAM4_HUMAN	3	0	2.0902279853941406	0	true
sp|Q6ICB0|DESI1_HUMAN	2	0	5.2584682351325585	0	true
sp|Q6IE81|JADE1_HUMAN	7	1	3.8384203014504346	0	true
sp|Q6IEE8|SN12L_HUMAN	1	1	4.397369612183933	0	true
sp|Q6IN84|MRM1_HUMAN	8	0	6.037578778537484	0	true
sp|Q6IN85|P4R3A_HUMAN	20	7	8.369538418876736	0	true
sp|Q6IPR3|TYW3_HUMAN	5	0	3.7068122588826165	0	true
sp|Q6IPU0|CENPP_HUMAN	2	0	1.9650718817063755	0	true
sp|Q6IQ21|ZN770_HUMAN	6	0	3.3038020560856824	0	true
sp|Q6IQ22|RAB12_HUMAN	7	1	7.896653507967101	0	true
sp|Q6IQ32|ADNP2_HUMAN	5	0	5.319363569632599	0	true
sp|Q6IQ49|SDE2_HUMAN	9	0	6.938460944700843	0	true
sp|Q6J4K2|NCLX_HUMAN	2	0	1.966063927661452	0	true
sp|Q6JQN1|ACD10_HUMAN	14	0	2.850651840700965	0	true
sp|Q6KB66|K2C80_HUMAN	23	2	8.679917885879442	0	true
sp|Q6KC79|NIPBL_HUMAN	66	0	9.384694196537348	0	true
sp|Q6KCM7|SCMC2_HUMAN	6	0	2.1244111750094623	0	true
sp|Q6L8Q7|PDE12_HUMAN	17	0	8.865088392896887	0	true
sp|Q6MZP7|LIN54_HUMAN	14	0	3.408363825736078	0	true
sp|Q6N043|Z280D_HUMAN	4	1	3.6587479002296184	0	true
sp|Q6N063|OGFD2_HUMAN	3	0	2.1746646377781453	0	true
sp|Q6N069|NAA16_HUMAN	19	8	6.989953650154547	0	true
sp|Q6N075|MFSD5_HUMAN	3	0	4.313103862531638	0	true
sp|Q6NS38|ALKB2_HUMAN	6	0	7.61121615342598	0	true
sp|Q6NSJ0|MYORG_HUMAN	6	0	3.276758868695409	0	true
sp|Q6NSJ5|LRC8E_HUMAN	12	1	5.185673405389858	0	true
sp|Q6NT76|HMBX1_HUMAN	4	0	3.3852378034743014	0	true
sp|Q6NTF9|RHBD2_HUMAN	3	0	8.962616249759606	0	true
sp|Q6NUJ5|PWP2B_HUMAN	3	0	2.811438439181696	0	true
sp|Q6NUK1|SCMC1_HUMAN	24	0	10.172305092432794	0	true
sp|Q6NUK4|REEP3_HUMAN	5	0	2.9750407327352595	0	true
sp|Q6NUM9|RETST_HUMAN	17	0	7.7972816413279435	0	true
sp|Q6NUQ1|RINT1_HUMAN	7	0	4.515612229119412	0	true
sp|Q6NUQ4|TM214_HUMAN	22	0	10.699856832983308	0	true
sp|Q6NUT3|MFS12_HUMAN	5	0	6.9367461990294395	0	true
sp|Q6NVV7|CDPF1_HUMAN	1	0	2.0227078869089175	0	true
sp|Q6NVY1|HIBCH_HUMAN	15	0	9.618822310038704	0	true
sp|Q6NW29|RWDD4_HUMAN	3	0	2.469781743937159	0	true
sp|Q6NW34|NEPRO_HUMAN	15	0	6.904015193438171	0	true
sp|Q6NWY9|PR40B_HUMAN	2	2	8.725969129208279	0	true
sp|Q6NX49|ZN544_HUMAN	1	2	7.22616602928	0	true
sp|Q6NXE6|ARMC6_HUMAN	18	0	8.259717941216486	0	true
sp|Q6NXR4|TTI2_HUMAN	12	0	8.563033579985444	0	true
sp|Q6NXT1|ANR54_HUMAN	3	0	5.512880493405536	0	true
sp|Q6NXT4|ZNT6_HUMAN	4	0	4.792897314606913	0	true
sp|Q6NXT6|TAPT1_HUMAN	6	0	5.0633521445942025	0	true
sp|Q6NYC1|JMJD6_HUMAN	10	0	9.507677867285016	0	true
sp|Q6NYC8|PPR18_HUMAN	16	0	9.830782875717661	0	true
sp|Q6NZ67|MZT2B_HUMAN	1	4	4.106225624550902	0	true
sp|Q6NZI2|CAVN1_HUMAN	7	0	6.873209296101293	0	true
sp|Q6NZY4|ZCHC8_HUMAN	31	0	9.407692554769577	0	true
sp|Q6P087|RUSD3_HUMAN	7	0	4.627906546123714	0	true
sp|Q6P0N0|M18BP_HUMAN	15	0	3.616284295972694	0	true
sp|Q6P0Q8|MAST2_HUMAN	6	2	3.379431630616086	0	true
sp|Q6P158|DHX57_HUMAN	37	2	7.739634639263333	0	true
sp|Q6P161|RM54_HUMAN	3	0	6.228147430142334	0	true
sp|Q6P1A2|MBOA5_HUMAN	8	0	6.863090630621513	0	true
sp|Q6P1J9|CDC73_HUMAN	27	0	8.050784718971297	0	true
sp|Q6P1K2|PMF1_HUMAN	9	0	8.391025912259567	0	true
sp|Q6P1L5|F117B_HUMAN	4	1	3.656678358299907	0	true
sp|Q6P1L8|RM14_HUMAN	7	0	9.191860483830371	0	true
sp|Q6P1M0|S27A4_HUMAN	23	1	9.122599733016648	0	true
sp|Q6P1M3|L2GL2_HUMAN	23	0	6.162217041402242	0	true
sp|Q6P1M9|ARMX5_HUMAN	2	0	1.9992246370010627	0	true
sp|Q6P1N0|C2D1A_HUMAN	40	1	9.680057832743863	0	true
sp|Q6P1N9|TATD1_HUMAN	14	0	9.449587505723807	0	true
sp|Q6P1Q0|LTMD1_HUMAN	6	0	4.545164803196857	0	true
sp|Q6P1Q9|MET2B_HUMAN	3	7	8.362561663112508	0	true
sp|Q6P1R4|DUS1L_HUMAN	9	0	6.64906984468692	0	true
sp|Q6P1X5|TAF2_HUMAN	24	0	6.227487158835369	0	true
sp|Q6P1X6|CH082_HUMAN	5	0	4.823390825100201	0	true
sp|Q6P2C8|MED27_HUMAN	11	0	6.443713979863775	0	true
sp|Q6P2E9|EDC4_HUMAN	37	0	10.65689576810456	0	true
sp|Q6P2H3|CEP85_HUMAN	8	0	4.174649364945215	0	true
sp|Q6P2P2|ANM9_HUMAN	13	0	4.531383395725554	0	true
sp|Q6P2Q9|PRP8_HUMAN	105	0	10.556993802183479	0	true
sp|Q6P3W7|SCYL2_HUMAN	25	0	8.662123641754215	0	true
sp|Q6P3X3|TTC27_HUMAN	20	0	8.606872310147732	0	true
sp|Q6P4A7|SFXN4_HUMAN	4	0	5.299026733384688	0	true
sp|Q6P4E1|GOLM2_HUMAN	11	0	5.940745603062348	0	true
sp|Q6P4F2|FDX2_HUMAN	2	0	5.129988035254456	0	true
sp|Q6P4F7|RHGBA_HUMAN	11	0	2.687864848918186	0	true
sp|Q6P4H8|ACKMT_HUMAN	1	0	2.9990751565072427	0	true
sp|Q6P4I2|WDR73_HUMAN	9	0	5.8605519833965944	0	true
sp|Q6P4Q7|CNNM4_HUMAN	7	5	7.694759554184204	0	true
sp|Q6P4R8|NFRKB_HUMAN	20	0	5.492235428827387	0	true
sp|Q6P582|MZT2A_HUMAN	1	4	4.106225624550902	0	true
sp|Q6P587|FAHD1_HUMAN	10	0	11.365639740618326	0	true
sp|Q6P5R6|RL22L_HUMAN	1	0	3.041808161806238	0	true
sp|Q6P5X5|CV039_HUMAN	1	0	2.4161916183598824	0	true
sp|Q6P5Z2|PKN3_HUMAN	9	1	3.9662163641366566	0	true
sp|Q6P6B7|ANR16_HUMAN	2	0	2.3798066765529367	0	true
sp|Q6P6C2|ALKB5_HUMAN	11	0	6.564649302052119	0	true
sp|Q6P996|PDXD1_HUMAN	26	0	8.377580132802047	0	true
sp|Q6P9B6|MEAK7_HUMAN	9	0	5.713877064132182	0	true
sp|Q6P9B9|INT5_HUMAN	13	0	7.913862474659007	0	true
sp|Q6P9F0|CCD62_HUMAN	1	0	2.905613127223386	0	true
sp|Q6P9F7|LRC8B_HUMAN	3	1	2.364279189169018	0	true
sp|Q6PCB5|RSBNL_HUMAN	17	1	5.308054286942786	0	true
sp|Q6PCB7|S27A1_HUMAN	1	1	2.5282443230540834	0	true
sp|Q6PCE3|PGM2L_HUMAN	16	0	5.746152645027816	0	true
sp|Q6PD62|CTR9_HUMAN	31	0	9.013182539195725	0	true
sp|Q6PF05|TT23L_HUMAN	1	0	2.4585587550353942	0	true
sp|Q6PFW1|VIP1_HUMAN	9	5	5.546828204594836	0	true
sp|Q6PGP7|SKI3_HUMAN	54	0	8.064694356962175	0	true
sp|Q6PH81|CP087_HUMAN	2	0	6.272891339649698	0	true
sp|Q6PHR2|ULK3_HUMAN	10	0	5.808818700169067	0	true
sp|Q6PI48|SYDM_HUMAN	26	0	10.30151796139601	0	true
sp|Q6PI78|TMM65_HUMAN	5	0	3.404847478098758	0	true
sp|Q6PI98|IN80C_HUMAN	3	0	4.798087151703444	0	true
sp|Q6PID6|TTC33_HUMAN	9	0	4.774884733601474	0	true
sp|Q6PII3|CC174_HUMAN	3	0	3.3773217556082766	0	true
sp|Q6PIJ6|FBX38_HUMAN	12	0	4.53852031989439	0	true
sp|Q6PIU2|NCEH1_HUMAN	15	0	9.972726250900122	0	true
sp|Q6PIW4|FIGL1_HUMAN	6	1	7.551408036673388	0	true
sp|Q6PIY7|GLD2_HUMAN	4	0	2.192564579934513	0	true
sp|Q6PJ69|TRI65_HUMAN	9	0	6.121987715441868	0	true
sp|Q6PJG2|MDEAS_HUMAN	25	0	6.037786199547145	0	true
sp|Q6PJG6|BRAT1_HUMAN	20	0	8.908391763675562	0	true
sp|Q6PJI9|WDR59_HUMAN	9	0	4.7390319928781475	0	true
sp|Q6PJT7|ZC3HE_HUMAN	33	0	9.736566325205992	0	true
sp|Q6PJW8|CNST_HUMAN	3	0	4.586649834484956	0	true
sp|Q6PK04|CC137_HUMAN	12	0	10.482009201709124	0	true
sp|Q6PK18|OGFD3_HUMAN	4	0	2.7245627535495904	0	true
sp|Q6PKC3|TXD11_HUMAN	10	0	2.5221360243660786	0	true
sp|Q6PKG0|LARP1_HUMAN	39	5	9.133878621619866	0	true
sp|Q6PL18|ATAD2_HUMAN	46	3	9.136639912153713	0	true
sp|Q6PL24|TMED8_HUMAN	7	0	5.2275066475602046	0	true
sp|Q6PML9|ZNT9_HUMAN	11	0	5.085153311669512	0	true
sp|Q6Q0C0|TRAF7_HUMAN	2	0	2.4239539215812296	0	true
sp|Q6QEF8|CORO6_HUMAN	1	2	5.98891870639262	0	true
sp|Q6QNY0|BL1S3_HUMAN	7	0	3.8144340579621137	0	true
sp|Q6QNY1|BL1S2_HUMAN	5	0	3.2324791128582353	0	true
sp|Q6R327|RICTR_HUMAN	40	0	7.246071935877177	0	true
sp|Q6RFH5|WDR74_HUMAN	17	0	9.474782415909718	0	true
sp|Q6RI45|BRWD3_HUMAN	2	3	7.063812974029561	0	true
sp|Q6RW13|ATRAP_HUMAN	4	0	8.769094541126833	0	true
sp|Q6S5L8|SHC4_HUMAN	1	1	3.2403539236122514	0	true
sp|Q6SJ93|F111B_HUMAN	16	0	4.71137317020072	0	true
sp|Q6SPF0|SAMD1_HUMAN	12	0	6.707298431471708	0	true
sp|Q6STE5|SMRD3_HUMAN	1	3	4.042154149405402	0	true
sp|Q6T4R5|NHS_HUMAN	19	0	4.872644593604062	0	true
sp|Q6UB35|C1TM_HUMAN	29	1	9.661432657935853	0	true
sp|Q6UB99|ANR11_HUMAN	10	0	2.1528936032175126	0	true
sp|Q6ULP2|AFTIN_HUMAN	12	0	5.670007284798301	0	true
sp|Q6UN15|FIP1_HUMAN	12	0	9.70218392767499	0	true
sp|Q6UUV7|CRTC3_HUMAN	7	0	6.340444459373105	0	true
sp|Q6UUV9|CRTC1_HUMAN	2	0	2.470217094108042	0	true
sp|Q6UVJ0|SAS6_HUMAN	10	0	3.9458161430871463	0	true
sp|Q6UVK1|CSPG4_HUMAN	67	0	10.771730849124669	0	true
sp|Q6UW02|CP20A_HUMAN	10	0	4.922915146919435	0	true
sp|Q6UW63|PLGT2_HUMAN	21	0	9.68904676238942	0	true
sp|Q6UW68|TM205_HUMAN	4	0	8.62257579275775	0	true
sp|Q6UW78|UQCC3_HUMAN	2	0	4.394420415978388	0	true
sp|Q6UWE0|LRSM1_HUMAN	26	0	8.916610520285138	0	true
sp|Q6UWP2|DHR11_HUMAN	8	0	4.9647267044062735	0	true
sp|Q6UWP7|LCLT1_HUMAN	10	0	7.479547172052314	0	true
sp|Q6UWU2|GLB1L_HUMAN	2	1	5.084674679806453	0	true
sp|Q6UX04|CWC27_HUMAN	9	0	8.388473130218475	0	true
sp|Q6UX07|DHR13_HUMAN	6	0	5.153576712118895	0	true
sp|Q6UX53|TMT1B_HUMAN	7	0	5.73613600165892	0	true
sp|Q6UX65|DRAM2_HUMAN	2	0	4.330426997853681	0	true
sp|Q6UXD5|SE6L2_HUMAN	6	0	3.5046089651786367	0	true
sp|Q6UXH1|CREL2_HUMAN	5	0	6.206185498012551	0	true
sp|Q6UXN9|WDR82_HUMAN	14	0	10.263352253055759	0	true
sp|Q6UXT9|ABH15_HUMAN	6	0	3.7150962402432186	0	true
sp|Q6UXV4|MIC27_HUMAN	13	0	7.2532811642929875	0	true
sp|Q6V0I7|FAT4_HUMAN	12	0	2.800691221832734	0	true
sp|Q6V1X1|DPP8_HUMAN	11	0	3.3946347118903333	0	true
sp|Q6VMQ6|MCAF1_HUMAN	7	0	4.168367384827986	0	true
sp|Q6VN20|RBP10_HUMAN	11	2	7.563186605683386	0	true
sp|Q6VY07|PACS1_HUMAN	24	0	9.5667179101117	0	true
sp|Q6W2J9|BCOR_HUMAN	10	0	2.3413117483717634	0	true
sp|Q6WCQ1|MPRIP_HUMAN	36	1	7.367445919866448	0	true
sp|Q6WKZ4|RFIP1_HUMAN	24	2	7.237374142378977	0	true
sp|Q6XE24|RBMS3_HUMAN	1	2	2.582040285133312	0	true
sp|Q6XQN6|PNCB_HUMAN	16	0	8.469724215222378	0	true
sp|Q6XUX3|DUSTY_HUMAN	7	0	3.4732619309632495	0	true
sp|Q6XZF7|DNMBP_HUMAN	27	0	3.8484412761617692	0	true
sp|Q6Y1H2|HACD2_HUMAN	6	0	8.787144105776758	0	true
sp|Q6Y288|B3GLT_HUMAN	5	0	5.363877609767054	0	true
sp|Q6Y2X3|DJC14_HUMAN	4	0	2.575221196725652	0	true
sp|Q6Y7W6|GGYF2_HUMAN	29	0	11.028523483433757	0	true
sp|Q6YHK3|CD109_HUMAN	34	0	9.66537008019652	0	true
sp|Q6YHU6|THADA_HUMAN	25	0	5.053444969613206	0	true
sp|Q6YN16|HSDL2_HUMAN	25	0	10.569080896650393	0	true
sp|Q6YP21|KAT3_HUMAN	10	0	6.189980207299275	0	true
sp|Q6ZMI0|PPR21_HUMAN	17	0	5.174810096457381	0	true
sp|Q6ZMP0|THSD4_HUMAN	13	0	5.84193794384313	0	true
sp|Q6ZMV7|LEKR1_HUMAN	1	0	3.904762157882062	0	true
sp|Q6ZN19|ZN841_HUMAN	1	2	4.47396202086979	0	true
sp|Q6ZN55|ZN574_HUMAN	7	0	3.933387522915963	0	true
sp|Q6ZN57|ZFP2_HUMAN	1	3	7.22616602928	0	true
sp|Q6ZNB6|NFXL1_HUMAN	23	0	7.438279589196965	0	true
sp|Q6ZNJ1|NBEL2_HUMAN	29	0	4.82799607488152	0	true
sp|Q6ZNW5|GDPP1_HUMAN	8	0	6.230102481786016	0	true
sp|Q6ZPD9|D19L3_HUMAN	1	0	3.7946073327991794	0	true
sp|Q6ZRI6|CO039_HUMAN	3	0	3.2915197172102775	0	true
sp|Q6ZRP7|QSOX2_HUMAN	23	0	10.470213539330732	0	true
sp|Q6ZRQ5|MMS22_HUMAN	13	0	5.225247014091692	0	true
sp|Q6ZRS2|SRCAP_HUMAN	38	0	8.442728296251765	0	true
sp|Q6ZRV2|FA83H_HUMAN	20	0	4.7162217495800265	0	true
sp|Q6ZS17|RIPR1_HUMAN	6	0	2.682121670870065	0	true
sp|Q6ZS30|NBEL1_HUMAN	5	0	2.6601509067863565	0	true
sp|Q6ZSJ8|CA122_HUMAN	5	0	8.105296246869216	0	true
sp|Q6ZSM3|MOT12_HUMAN	2	0	3.3136182357156243	0	true
sp|Q6ZSR9|YJ005_HUMAN	6	0	4.4827412106449	0	true
sp|Q6ZSZ5|ARHGI_HUMAN;tr|A0A590UK10|A0A590UK10_HUMAN	14	1	4.017602052588479	0	true
sp|Q6ZT12|UBR3_HUMAN	6	0	3.9010081898698576	0	true
sp|Q6ZT21|TMPPE_HUMAN	3	0	5.158460007516976	0	true
sp|Q6ZU35|CRACD_HUMAN	8	0	3.098810952787549	0	true
sp|Q6ZU65|UBN2_HUMAN	13	0	2.5266140200714498	0	true
sp|Q6ZUJ8|BCAP_HUMAN	1	0	2.2248831138881306	0	true
sp|Q6ZUM4|RHG27_HUMAN	4	0	4.859734020323679	0	true
sp|Q6ZUT1|NKAP1_HUMAN	5	0	6.9115562477039205	0	true
sp|Q6ZUT6|CCD9B_HUMAN	4	0	2.2292181787767738	0	true
sp|Q6ZUT9|DEN5B_HUMAN	6	0	3.5353849624037936	0	true
sp|Q6ZVK8|NUD18_HUMAN	4	0	2.226887434574651	0	true
sp|Q6ZVM7|TM1L2_HUMAN	10	0	7.7105875886737225	0	true
sp|Q6ZW31|SYDE1_HUMAN	3	0	2.2855054508848354	0	true
sp|Q6ZW49|PAXI1_HUMAN	11	0	5.174416218745432	0	true
sp|Q6ZW76|ANKS3_HUMAN	1	0	3.1184961577834103	0	true
sp|Q6ZWJ1|STXB4_HUMAN	7	0	2.8414305309276466	0	true
sp|Q6ZXV5|TMTC3_HUMAN	15	0	6.98489716204087	0	true
sp|Q6ZYL4|TF2H5_HUMAN	3	0	2.779821114844257	0	true
sp|Q709C8|VP13C_HUMAN	78	0	9.357256224705718	0	true
sp|Q709F0|ACD11_HUMAN	5	0	4.3437776273182065	0	true
sp|Q70CQ2|UBP34_HUMAN	44	0	4.988544747441651	0	true
sp|Q70CQ3|UBP30_HUMAN	2	0	2.504405158283644	0	true
sp|Q70E73|RAPH1_HUMAN	23	0	6.165120471308855	0	true
sp|Q70EL4|UBP43_HUMAN	5	0	2.192170642448585	0	true
sp|Q70HW3|SAMC_HUMAN	2	0	3.3637759090972548	0	true
sp|Q70IA6|MOB2_HUMAN	4	0	6.612701096674302	0	true
sp|Q70J99|UN13D_HUMAN	23	0	8.512961291056707	0	true
sp|Q70UQ0|IKIP_HUMAN	17	0	8.085244805020713	0	true
sp|Q70Z53|F10C1_HUMAN	3	0	4.15844307205295	0	true
sp|Q712K3|UB2R2_HUMAN	5	1	5.328679996194034	0	true
sp|Q719H9|KCTD1_HUMAN	2	1	3.865812336861187	0	true
sp|Q71F23|CENPU_HUMAN	6	0	3.7751140762340545	0	true
sp|Q71RC2|LARP4_HUMAN	20	1	9.193865917223734	0	true
sp|Q71SY5|MED25_HUMAN	5	0	5.89748400718804	0	true
sp|Q71U36|TBA1A_HUMAN	0	21	10.226195067926087	0	true
sp|Q71UM5|RS27L_HUMAN	2	2	6.900086741000777	0	true
sp|Q75N03|HAKAI_HUMAN	9	0	5.202083051296725	0	true
sp|Q75QN2|INT8_HUMAN	13	0	5.083014555004596	0	true
sp|Q765P7|MTSS2_HUMAN	5	0	2.724465699374937	0	true
sp|Q76FK4|NOL8_HUMAN	38	0	10.964206359361471	0	true
sp|Q76L83|ASXL2_HUMAN	12	0	3.8792246977143967	0	true
sp|Q76LX8|ATS13_HUMAN	6	0	5.862911243737914	0	true
sp|Q7KYR7|BT2A1_HUMAN	7	0	3.822780743018145	0	true
sp|Q7KZ85|SPT6H_HUMAN	61	0	9.917388921373208	0	true
sp|Q7KZF4|SND1_HUMAN	45	0	10.339982216328066	0	true
sp|Q7KZI7|MARK2_HUMAN	30	6	9.945095206687045	0	true
sp|Q7KZN9|COX15_HUMAN	7	0	6.586923420846996	0	true
sp|Q7L014|DDX46_HUMAN	47	1	9.846759294318321	0	true
sp|Q7L099|RUFY3_HUMAN	1	1	5.289598333122023	0	true
sp|Q7L0Y3|TM10C_HUMAN	24	0	9.041300542943334	0	true
sp|Q7L1Q6|5MP2_HUMAN	20	1	9.373891701787572	0	true
sp|Q7L1T6|NB5R4_HUMAN	9	0	3.0678881031601772	0	true
sp|Q7L1V2|MON1B_HUMAN	10	1	4.450914662174115	0	true
sp|Q7L1W4|LRC8D_HUMAN	24	0	6.93157696473891	0	true
sp|Q7L266|ASGL1_HUMAN	5	0	6.5999170145616555	0	true
sp|Q7L273|KCTD9_HUMAN	7	0	4.062430879339831	0	true
sp|Q7L2E3|DHX30_HUMAN	59	0	9.050519266033515	0	true
sp|Q7L2H7|EIF3M_HUMAN	14	0	10.307182170112611	0	true
sp|Q7L2J0|MEPCE_HUMAN	23	0	8.161205499448426	0	true
sp|Q7L2Z9|CENPQ_HUMAN	6	0	3.3446941636922087	0	true
sp|Q7L3B6|CD37L_HUMAN	6	0	4.224719109809653	0	true
sp|Q7L3T8|SYPM_HUMAN	8	0	4.822107060917251	0	true
sp|Q7L4E1|MIGA2_HUMAN	10	0	4.077065632983911	0	true
sp|Q7L4I2|RSRC2_HUMAN	8	0	11.373111053216133	0	true
sp|Q7L523|RRAGA_HUMAN	1	5	5.733827457774712	0	true
sp|Q7L576|CYFP1_HUMAN	19	17	9.694544319035156	0	true
sp|Q7L590|MCM10_HUMAN	6	0	2.949144684314723	0	true
sp|Q7L592|NDUF7_HUMAN	11	0	7.074051647196172	0	true
sp|Q7L5A8|FA2H_HUMAN	7	0	6.1240237394446915	0	true
sp|Q7L5D6|GET4_HUMAN	7	0	6.951625659733587	0	true
sp|Q7L5L3|GDPD3_HUMAN	9	0	9.790362841200418	0	true
sp|Q7L5N1|CSN6_HUMAN	12	0	10.005002419128685	0	true
sp|Q7L5N7|PCAT2_HUMAN	5	0	1.9947263794812973	0	true
sp|Q7L5Y1|ENOF1_HUMAN	19	0	8.28483196495504	0	true
sp|Q7L5Y9|MAEA_HUMAN	8	0	6.751421391722628	0	true
sp|Q7L775|EPMIP_HUMAN	18	0	7.829993742009337	0	true
sp|Q7L7V1|DHX32_HUMAN	13	0	6.40916971938932	0	true
sp|Q7L7X3|TAOK1_HUMAN	19	3	5.915377756677067	0	true
sp|Q7L804|RFIP2_HUMAN	1	2	7.237374142378977	0	true
sp|Q7L8J4|3BP5L_HUMAN	7	0	4.477532318724477	0	true
sp|Q7L8L6|FAKD5_HUMAN	17	0	6.0214985521875715	0	true
sp|Q7L8W6|DPH6_HUMAN	6	0	4.124035012681984	0	true
sp|Q7L945|ZN627_HUMAN	2	0	1.9725080959305914	0	true
sp|Q7L9L4|MOB1B_HUMAN;sp|Q9H8S9|MOB1A_HUMAN	4	0	7.450732898756923	0	true
sp|Q7LBC6|KDM3B_HUMAN	39	1	7.824730817452023	0	true
sp|Q7LBR1|CHM1B_HUMAN	3	0	6.7554465678921085	0	true
sp|Q7LG56|RIR2B_HUMAN	4	3	7.8547373652055255	0	true
sp|Q7LGA3|HS2ST_HUMAN	6	0	8.881034550578002	0	true
sp|Q7LGC8|CHST3_HUMAN	5	0	3.178978928443873	0	true
sp|Q7RTP6|MICA3_HUMAN	27	0	4.0719802292914755	0	true
sp|Q7RTS9|DYM_HUMAN	6	0	3.784229172417755	0	true
sp|Q7RTU9|STRC_HUMAN	2	0	2.3876929298583454	0	true
sp|Q7RTV0|PHF5A_HUMAN	7	0	9.34919665699347	0	true
sp|Q7RTV2|GSTA5_HUMAN	1	1	5.429613223137247	0	true
sp|Q7Z2E3|APTX_HUMAN	13	0	7.082978490169603	0	true
sp|Q7Z2H8|S36A1_HUMAN	1	0	4.569939730552552	0	true
sp|Q7Z2K6|ERMP1_HUMAN	18	0	9.221712845929693	0	true
sp|Q7Z2K8|GRIN1_HUMAN	3	0	2.5761513207458795	0	true
sp|Q7Z2T5|TRM1L_HUMAN	26	0	10.964853475272488	0	true
sp|Q7Z2W4|ZCCHV_HUMAN	45	0	10.356121155400842	0	true
sp|Q7Z2W9|RM21_HUMAN	6	0	9.819757450728584	0	true
sp|Q7Z2Z2|EFL1_HUMAN	31	0	10.534170881951079	0	true
sp|Q7Z309|PBIR2_HUMAN	2	0	5.052523377854607	0	true
sp|Q7Z333|SETX_HUMAN	54	1	7.08449000013638	0	true
sp|Q7Z392|TPC11_HUMAN	23	0	8.367866479126926	0	true
sp|Q7Z3B1|NEGR1_HUMAN	2	0	4.382846410980624	0	true
sp|Q7Z3B3|KANL1_HUMAN	7	0	4.835346569517894	0	true
sp|Q7Z3B4|NUP54_HUMAN	24	0	9.213105067237729	0	true
sp|Q7Z3C6|ATG9A_HUMAN	21	0	6.3157279036690115	0	true
sp|Q7Z3E5|ARMC9_HUMAN	3	0	2.3097286044805054	0	true
sp|Q7Z3J2|VP35L_HUMAN	21	0	4.215801582557733	0	true
sp|Q7Z3J3|RGPD4_HUMAN	0	36	11.14380395095212	0	true
sp|Q7Z3K3|POGZ_HUMAN	26	0	8.96375304946963	0	true
sp|Q7Z3K6|MIER3_HUMAN	5	0	2.7251075547841275	0	true
sp|Q7Z3T8|ZFY16_HUMAN	25	0	6.153487580337187	0	true
sp|Q7Z3U7|MON2_HUMAN	29	0	7.768242682290224	0	true
sp|Q7Z3V4|UBE3B_HUMAN	8	0	4.547523810237862	0	true
sp|Q7Z3Y8|K1C27_HUMAN	1	2	7.653345069164174	0	true
sp|Q7Z3Z0|K1C25_HUMAN	1	2	7.653345069164174	0	true
sp|Q7Z401|MYCPP_HUMAN	20	2	5.68419273209515	0	true
sp|Q7Z406|MYH14_HUMAN	5	11	9.54021582860299	0	true
sp|Q7Z412|PEX26_HUMAN	1	0	1.9614511511567672	0	true
sp|Q7Z417|NUFP2_HUMAN	24	0	9.206167261560736	0	true
sp|Q7Z422|SZRD1_HUMAN	7	0	6.649443522069966	0	true
sp|Q7Z434|MAVS_HUMAN	7	0	9.21584951729488	0	true
sp|Q7Z460|CLAP1_HUMAN	39	5	8.405192290344687	0	true
sp|Q7Z478|DHX29_HUMAN	40	1	9.621181771653022	0	true
sp|Q7Z4G1|COMD6_HUMAN	3	0	7.059749517758677	0	true
sp|Q7Z4G4|TRM11_HUMAN	4	0	2.5827604916999505	0	true
sp|Q7Z4H3|HDDC2_HUMAN	4	0	4.635565758479243	0	true
sp|Q7Z4H7|HAUS6_HUMAN	23	0	5.646005138313561	0	true
sp|Q7Z4H8|PLGT3_HUMAN	16	0	9.795357166164399	0	true
sp|Q7Z4L5|TT21B_HUMAN	6	0	3.8973717593895385	0	true
sp|Q7Z4Q2|HEAT3_HUMAN	19	0	11.612343842859786	0	true
sp|Q7Z4S6|KI21A_HUMAN	39	1	7.806398964128362	0	true
sp|Q7Z4V5|HDGR2_HUMAN	19	2	9.999111560898719	0	true
sp|Q7Z4W1|DCXR_HUMAN	8	0	7.545104451984345	0	true
sp|Q7Z569|BRAP_HUMAN	16	0	6.079806665022168	0	true
sp|Q7Z589|EMSY_HUMAN	22	0	3.8416439746582856	0	true
sp|Q7Z5G4|GOGA7_HUMAN	7	0	5.37934888921167	0	true
sp|Q7Z5J4|RAI1_HUMAN	29	0	4.55403517973739	0	true
sp|Q7Z5K2|WAPL_HUMAN	31	0	10.500316473690766	0	true
sp|Q7Z5L2|R3HCL_HUMAN	2	0	3.016788015108465	0	true
sp|Q7Z5L9|I2BP2_HUMAN	14	4	9.061186275896764	0	true
sp|Q7Z5W3|BN3D2_HUMAN	3	0	2.9024739689957313	0	true
sp|Q7Z614|SNX20_HUMAN	1	0	2.1448277239776306	0	true
sp|Q7Z624|CMKMT_HUMAN	3	0	2.2722540819486503	0	true
sp|Q7Z6B0|CCD91_HUMAN	4	0	3.1738296316487817	0	true
sp|Q7Z6B7|SRGP1_HUMAN	16	4	6.295011416051562	0	true
sp|Q7Z6E9|RBBP6_HUMAN	35	0	7.5546796806145124	0	true
sp|Q7Z6G8|ANS1B_HUMAN	1	1	7.260484312221704	0	true
sp|Q7Z6I8|CE024_HUMAN	6	0	7.007741238470199	0	true
sp|Q7Z6J0|SH3R1_HUMAN	9	0	4.488443340330551	0	true
sp|Q7Z6J9|SEN54_HUMAN	9	0	5.065633365902932	0	true
sp|Q7Z6K3|PTAR1_HUMAN	11	0	3.6355645465819255	0	true
sp|Q7Z6K5|ARPIN_HUMAN	9	0	6.988542708676957	0	true
sp|Q7Z6M1|RABEK_HUMAN	21	0	7.144254857147569	0	true
sp|Q7Z6M4|MTEF4_HUMAN	9	0	4.935001345099794	0	true
sp|Q7Z6P3|RAB44_HUMAN	2	0	2.1591448066440533	0	true
sp|Q7Z6V5|ADAT2_HUMAN	4	0	2.9536130826613225	0	true
sp|Q7Z6Z7|HUWE1_HUMAN	132	0	10.823585507481894	0	true
sp|Q7Z736|PKHH3_HUMAN	5	0	2.089512843067555	0	true
sp|Q7Z739|YTHD3_HUMAN	10	8	9.683768739155445	0	true
sp|Q7Z769|S35E3_HUMAN	2	0	2.667344498559309	0	true
sp|Q7Z7A3|CTU1_HUMAN	6	0	2.2943085692318803	0	true
sp|Q7Z7A4|PXK_HUMAN	6	0	3.2973531514319476	0	true
sp|Q7Z7B1|PIGW_HUMAN	2	0	2.4540300516076488	0	true
sp|Q7Z7C8|TAF8_HUMAN	6	0	7.861838184419278	0	true
sp|Q7Z7E8|UB2Q1_HUMAN	5	2	5.03835330200071	0	true
sp|Q7Z7F0|KHDC4_HUMAN	9	0	4.776651081582139	0	true
sp|Q7Z7F7|RM55_HUMAN	5	0	7.349635830813665	0	true
sp|Q7Z7H5|TMED4_HUMAN	5	1	10.080527730246002	0	true
sp|Q7Z7H8|RM10_HUMAN	5	0	7.905321197115978	0	true
sp|Q7Z7K0|COXM1_HUMAN	3	0	7.9521775728565105	0	true
sp|Q7Z7K6|CENPV_HUMAN	9	0	9.575710254995952	0	true
sp|Q7Z7L1|SLN11_HUMAN	17	2	7.049486511484636	0	true
sp|Q7Z7L7|ZER1_HUMAN	4	0	2.9096399097040626	0	true
sp|Q7Z7N9|T179B_HUMAN	2	0	6.611601560171059	0	true
sp|Q86SE5|RALYL_HUMAN	1	1	3.6239454245122116	0	true
sp|Q86SE9|PCGF5_HUMAN	4	0	2.789190103433802	0	true
sp|Q86SF2|GALT7_HUMAN	14	0	8.259680534356185	0	true
sp|Q86SQ0|PHLB2_HUMAN	38	1	7.560209193142456	0	true
sp|Q86SQ4|AGRG6_HUMAN	2	0	2.421500309431246	0	true
sp|Q86SR1|GLT10_HUMAN	4	0	3.1233914262188303	0	true
sp|Q86SX3|TEDC1_HUMAN	5	0	2.698740713653669	0	true
sp|Q86SX6|GLRX5_HUMAN	3	0	8.232552601396307	0	true
sp|Q86SZ2|TPC6B_HUMAN	7	0	5.37544387626355	0	true
sp|Q86T03|PP4P1_HUMAN	5	1	6.255098825900216	0	true
sp|Q86TB9|PATL1_HUMAN	24	0	9.160134263634813	0	true
sp|Q86TC9|MYPN_HUMAN	34	1	9.428450689500616	0	true
sp|Q86TI2|DPP9_HUMAN	27	0	8.432741565758027	0	true
sp|Q86TJ2|TAD2B_HUMAN	5	0	2.203365359714446	0	true
sp|Q86TM6|SYVN1_HUMAN	7	0	7.0637833008637925	0	true
sp|Q86TN4|TRPT1_HUMAN	5	0	5.243358035236882	0	true
sp|Q86TP1|PRUN1_HUMAN	10	0	7.083908450107751	0	true
sp|Q86TS9|RM52_HUMAN	2	0	8.689877616269504	0	true
sp|Q86TU7|SETD3_HUMAN	24	0	7.2059602357262555	0	true
sp|Q86TW2|ADCK1_HUMAN	10	0	3.32881653182545	0	true
sp|Q86TX2|ACOT1_HUMAN	18	0	7.883701867015694	0	true
sp|Q86U28|ISCA2_HUMAN	7	0	4.243327041318317	0	true
sp|Q86U38|NOP9_HUMAN	19	0	8.941040137619867	0	true
sp|Q86U42|PABP2_HUMAN	5	0	8.698979283116604	0	true
sp|Q86U44|MTA70_HUMAN	18	0	8.89201479126746	0	true
sp|Q86U70|LDB1_HUMAN	4	0	3.5322842196459314	0	true
sp|Q86U86|PB1_HUMAN	53	0	9.221728480629473	0	true
sp|Q86U90|YRDC_HUMAN	10	0	7.289643500519192	0	true
sp|Q86UA1|PRP39_HUMAN	15	0	5.475270245009526	0	true
sp|Q86UB9|TM135_HUMAN	3	0	2.6315235721215733	0	true
sp|Q86UD0|SAPC2_HUMAN	2	0	2.853814734331653	0	true
sp|Q86UE3|ZN546_HUMAN	1	2	4.47396202086979	0	true
sp|Q86UE4|LYRIC_HUMAN	24	0	10.738959725959623	0	true
sp|Q86UE8|TLK2_HUMAN	9	4	3.040320908453276	0	true
sp|Q86UK7|ZN598_HUMAN	30	0	9.936490103952805	0	true
sp|Q86UL3|GPAT4_HUMAN	11	2	7.094874643967629	0	true
sp|Q86UP2|KTN1_HUMAN	75	0	11.016653003381624	0	true
sp|Q86US8|EST1A_HUMAN	16	0	3.183068185783028	0	true
sp|Q86UT6|NLRX1_HUMAN	15	0	7.213843731945723	0	true
sp|Q86UT8|CATAC_HUMAN	6	0	2.704924405730431	0	true
sp|Q86UU0|BCL9L_HUMAN	16	0	7.452144298705967	0	true
sp|Q86UV5|UBP48_HUMAN	29	0	6.453565308105571	0	true
sp|Q86UW7|CAPS2_HUMAN;sp|Q9ULU8|CAPS1_HUMAN	1	0	2.1766667062925595	0	true
sp|Q86UX6|ST32C_HUMAN	8	0	3.4230794763523256	0	true
sp|Q86UX7|URP2_HUMAN	9	0	5.189833166843837	0	true
sp|Q86UY5|FA83A_HUMAN	9	0	4.3164141673371095	0	true
sp|Q86UY6|NAA40_HUMAN	7	0	9.418103924833748	0	true
sp|Q86UY8|NT5D3_HUMAN	7	0	5.035284601967576	0	true
sp|Q86V21|AACS_HUMAN	21	0	8.196115285848197	0	true
sp|Q86V35|CABP7_HUMAN	2	0	4.446622701011394	0	true
sp|Q86V48|LUZP1_HUMAN	44	0	8.890918970427023	0	true
sp|Q86V81|THOC4_HUMAN	8	0	9.807207164757031	0	true
sp|Q86V85|GP180_HUMAN	5	0	4.001796125585641	0	true
sp|Q86V88|MGDP1_HUMAN	2	0	2.56104232125099	0	true
sp|Q86V97|KBTB6_HUMAN	6	0	1.9994922069240089	0	true
sp|Q86VH2|KIF27_HUMAN	0	2	6.227979835440804	0	true
sp|Q86VI3|IQGA3_HUMAN	18	2	7.1797287096497975	0	true
sp|Q86VM9|ZCH18_HUMAN	25	0	8.838796712849089	0	true
sp|Q86VN1|VPS36_HUMAN	17	0	8.1144438443926	0	true
sp|Q86VP1|TAXB1_HUMAN	7	0	4.970344162100461	0	true
sp|Q86VP3|PACS2_HUMAN	3	0	2.0740869086788933	0	true
sp|Q86VP6|CAND1_HUMAN	50	0	11.83087909818877	0	true
sp|Q86VQ0|LCA5_HUMAN	1	0	2.0693472107428907	0	true
sp|Q86VQ1|GLCI1_HUMAN	11	1	4.7531409958321795	0	true
sp|Q86VR2|RETR3_HUMAN	4	0	3.6214067897349125	0	true
sp|Q86VS8|HOOK3_HUMAN	22	1	8.843780672244367	0	true
sp|Q86VU5|CMTD1_HUMAN	6	0	7.361468696917809	0	true
sp|Q86VV8|RTTN_HUMAN	9	0	3.7496665395081084	0	true
sp|Q86VX2|COMD7_HUMAN	7	0	5.570939745533657	0	true
sp|Q86W34|AMZ2_HUMAN	3	0	3.8345570126028137	0	true
sp|Q86W42|THOC6_HUMAN	16	0	8.5688841304439	0	true
sp|Q86W50|MET16_HUMAN	15	0	6.478497551945781	0	true
sp|Q86W56|PARG_HUMAN	26	0	7.935931426692795	0	true
sp|Q86W92|LIPB1_HUMAN	28	0	6.239827323245198	0	true
sp|Q86WA6|BPHL_HUMAN	5	0	3.4569883501713994	0	true
sp|Q86WA8|LONP2_HUMAN	16	0	6.147858015821071	0	true
sp|Q86WB0|ZC3C1_HUMAN	20	0	8.95757304545674	0	true
sp|Q86WC4|OSTM1_HUMAN	1	0	2.0969757900690675	0	true
sp|Q86WG5|MTMRD_HUMAN	8	1	3.9773000309163598	0	true
sp|Q86WJ1|CHD1L_HUMAN	25	0	7.135252700183661	0	true
sp|Q86WP2|GPBP1_HUMAN	3	0	2.1247892732830027	0	true
sp|Q86WQ0|NR2CA_HUMAN	3	0	6.479924640376926	0	true
sp|Q86WR0|CCD25_HUMAN	11	0	7.4708894157760986	0	true
sp|Q86WR7|PRSR2_HUMAN	6	0	3.9875979409048994	0	true
sp|Q86WV6|STING_HUMAN	6	0	5.018179932344279	0	true
sp|Q86WW8|COA5_HUMAN	2	0	3.586083071366945	0	true
sp|Q86WX3|AROS_HUMAN	4	0	7.287834842477032	0	true
sp|Q86X10|RLGPB_HUMAN	26	0	4.134065329991102	0	true
sp|Q86X27|RGPS2_HUMAN	7	0	3.6171154505550587	0	true
sp|Q86X29|LSR_HUMAN	18	0	9.299301334867813	0	true
sp|Q86X52|CHSS1_HUMAN	3	0	4.545577844323411	0	true
sp|Q86X53|ERIC1_HUMAN	6	0	5.643636130597722	0	true
sp|Q86X55|CARM1_HUMAN	11	0	8.00934947637938	0	true
sp|Q86X76|NIT1_HUMAN	12	0	10.131883752801498	0	true
sp|Q86X83|COMD2_HUMAN	5	0	5.4742146283758855	0	true
sp|Q86X95|CIR1_HUMAN	4	0	2.4592027056184698	0	true
sp|Q86XA9|HTR5A_HUMAN	25	0	5.046537037805808	0	true
sp|Q86XI2|CNDG2_HUMAN	31	0	8.865453305673055	0	true
sp|Q86XK2|FBX11_HUMAN	6	0	3.563146756478088	0	true
sp|Q86XK3|SFR1_HUMAN	5	0	6.906341381506193	0	true
sp|Q86XL3|ANKL2_HUMAN	36	0	7.407226569012446	0	true
sp|Q86XP3|DDX42_HUMAN	33	0	10.211019553177561	0	true
sp|Q86XU0|ZN677_HUMAN	1	1	4.47396202086979	0	true
sp|Q86XZ4|SPAS2_HUMAN	18	0	8.886635840114785	0	true
sp|Q86Y07|VRK2_HUMAN	10	0	7.611654246449508	0	true
sp|Q86Y37|CACL1_HUMAN	10	0	10.073359853888583	0	true
sp|Q86Y39|NDUAB_HUMAN	5	0	9.50268019291846	0	true
sp|Q86Y46|K2C73_HUMAN	1	0	2.2168512552135753	0	true
sp|Q86Y56|DAAF5_HUMAN	32	0	8.911476320650117	0	true
sp|Q86Y79|PTH_HUMAN	7	0	7.47752339508395	0	true
sp|Q86Y82|STX12_HUMAN	10	0	8.831844261335643	0	true
sp|Q86Y91|KI18B_HUMAN	10	1	4.544215674221087	0	true
sp|Q86Y97|KMT5C_HUMAN	4	0	4.090919558642824	0	true
sp|Q86YA3|ZGRF1_HUMAN	1	1	2.6258092350352595	0	true
sp|Q86YB8|ERO1B_HUMAN	3	1	7.020519905263944	0	true
sp|Q86YH6|DLP1_HUMAN	9	0	4.5686962947364105	0	true
sp|Q86YN1|DOPP1_HUMAN	4	0	5.292281659026994	0	true
sp|Q86YP4|P66A_HUMAN	23	2	9.537458748089216	0	true
sp|Q86YQ8|CPNE8_HUMAN	12	5	7.105900570989754	0	true
sp|Q86YR5|GPSM1_HUMAN	11	0	4.126774363105745	0	true
sp|Q86YS6|RAB43_HUMAN	1	2	2.149359384702562	0	true
sp|Q86YS7|C2CD5_HUMAN	15	0	4.200719308850609	0	true
sp|Q86YT6|MIB1_HUMAN	21	1	4.615437002772607	0	true
sp|Q86YV9|HPS6_HUMAN	13	0	6.712241006196755	0	true
sp|Q86YW9|MD12L_HUMAN	1	3	3.5126940702304723	0	true
sp|Q8IU60|DCP2_HUMAN	2	0	1.9101680592118762	0	true
sp|Q8IU81|I2BP1_HUMAN	19	1	8.421265784103193	0	true
sp|Q8IU85|KCC1D_HUMAN	7	1	7.260662451847342	0	true
sp|Q8IUC4|RHPN2_HUMAN	11	0	3.3446968975813003	0	true
sp|Q8IUD2|RB6I2_HUMAN	41	0	7.86810161795401	0	true
sp|Q8IUE6|H2A2B_HUMAN	1	3	8.168170868093169	0	true
sp|Q8IUF1|ZNG1B_HUMAN	9	0	5.680047868427395	0	true
sp|Q8IUF8|RIOX2_HUMAN	12	0	4.705335729278798	0	true
sp|Q8IUH3|RBM45_HUMAN	10	0	6.324440093933103	0	true
sp|Q8IUH4|ZDH13_HUMAN	8	1	4.895302972606965	0	true
sp|Q8IUH5|ZDH17_HUMAN	3	1	4.895302972606965	0	true
sp|Q8IUI8|CRLF3_HUMAN	10	0	6.566677022146053	0	true
sp|Q8IUQ4|SIAH1_HUMAN	3	0	2.1306932348209013	0	true
sp|Q8IUR0|TPPC5_HUMAN	8	0	5.399431185222677	0	true
sp|Q8IUR7|ARMC8_HUMAN	18	0	4.782426130549582	0	true
sp|Q8IUX1|T126B_HUMAN	3	0	7.762538938906992	0	true
sp|Q8IV08|PLD3_HUMAN	9	0	7.446550934735423	0	true
sp|Q8IV32|CCD71_HUMAN	3	0	2.4609357196830146	0	true
sp|Q8IV38|ANKY2_HUMAN	12	0	6.558417937448504	0	true
sp|Q8IV48|ERI1_HUMAN	10	0	9.243999720874676	0	true
sp|Q8IV50|LYSM2_HUMAN	5	1	4.401956811563577	0	true
sp|Q8IV63|VRK3_HUMAN	4	0	3.4064797398127586	0	true
sp|Q8IVC4|ZN584_HUMAN	1	1	2.428778923652668	0	true
sp|Q8IVD9|NUDC3_HUMAN	13	0	3.5327107312716306	0	true
sp|Q8IVF2|AHNK2_HUMAN	89	0	8.066400707437758	0	true
sp|Q8IVF7|FMNL3_HUMAN	5	4	5.208973512493233	0	true
sp|Q8IVH2|FOXP4_HUMAN	5	0	3.0426132848814165	0	true
sp|Q8IVL1|NAV2_HUMAN	5	0	3.3724085949511884	0	true
sp|Q8IVL5|P3H2_HUMAN	1	1	5.057201658993687	0	true
sp|Q8IVM0|CCD50_HUMAN	10	0	8.209253310345655	0	true
sp|Q8IVS2|FABD_HUMAN	11	0	6.778567941935342	0	true
sp|Q8IVT2|MISP_HUMAN	29	0	9.968051563096116	0	true
sp|Q8IVT5|KSR1_HUMAN	6	0	3.119766553875983	0	true
sp|Q8IVV7|GID4_HUMAN	3	0	2.253450374271148	0	true
sp|Q8IW35|CEP97_HUMAN	17	0	7.062915355188227	0	true
sp|Q8IW45|NNRD_HUMAN	12	0	6.32765530624098	0	true
sp|Q8IW52|SLIK4_HUMAN	5	0	4.537444866535671	0	true
sp|Q8IWA0|WDR75_HUMAN	27	0	8.768434534028023	0	true
sp|Q8IWA4|MFN1_HUMAN	20	2	4.353392414098682	0	true
sp|Q8IWA5|CTL2_HUMAN	13	0	7.361335454064174	0	true
sp|Q8IWB1|IPRI_HUMAN	8	0	4.532435011271788	0	true
sp|Q8IWB7|WDFY1_HUMAN	13	0	5.696266435104589	0	true
sp|Q8IWB9|TEX2_HUMAN	10	0	5.510130648085405	0	true
sp|Q8IWC1|MA7D3_HUMAN	24	0	6.936357286625374	0	true
sp|Q8IWD4|CC117_HUMAN	7	0	4.122337346025197	0	true
sp|Q8IWE2|NXP20_HUMAN	11	0	8.431234707121945	0	true
sp|Q8IWE4|DCNL3_HUMAN	3	0	2.399839557419323	0	true
sp|Q8IWF6|DEN6A_HUMAN	10	0	2.902166607566648	0	true
sp|Q8IWI9|MGAP_HUMAN	21	0	4.667756028556908	0	true
sp|Q8IWJ2|GCC2_HUMAN	36	1	6.371200452038374	0	true
sp|Q8IWL3|HSC20_HUMAN	8	0	6.388789196583694	0	true
sp|Q8IWP9|CC28A_HUMAN	1	0	1.9677536194487133	0	true
sp|Q8IWR0|Z3H7A_HUMAN	23	1	8.02470452205633	0	true
sp|Q8IWS0|PHF6_HUMAN	17	0	10.288534979271459	0	true
sp|Q8IWT0|ARCH_HUMAN	2	0	5.644567656622987	0	true
sp|Q8IWT3|CUL9_HUMAN	5	2	2.1955470724712867	0	true
sp|Q8IWT6|LRC8A_HUMAN	21	2	8.320012759636628	0	true
sp|Q8IWU2|LMTK2_HUMAN	14	0	2.7685396010242456	0	true
sp|Q8IWV7|UBR1_HUMAN	34	0	6.617617321173082	0	true
sp|Q8IWV8|UBR2_HUMAN	21	0	5.550380305185585	0	true
sp|Q8IWW6|RHG12_HUMAN	12	0	4.356215719975704	0	true
sp|Q8IWX8|CHERP_HUMAN	20	0	10.598798197777963	0	true
sp|Q8IWY9|CDAN1_HUMAN	16	0	5.59090296676628	0	true
sp|Q8IWZ3|ANKH1_HUMAN	30	13	10.014517511577935	0	true
sp|Q8IWZ8|SUGP1_HUMAN	15	0	6.712591743540277	0	true
sp|Q8IX01|SUGP2_HUMAN	34	0	7.791474316123874	0	true
sp|Q8IX03|KIBRA_HUMAN	10	0	5.668895892233077	0	true
sp|Q8IX04|UEVLD_HUMAN	12	0	7.183177478374116	0	true
sp|Q8IX12|CCAR1_HUMAN	33	0	10.106863799563149	0	true
sp|Q8IX15|HOMEZ_HUMAN	5	0	3.215514969402602	0	true
sp|Q8IX18|DHX40_HUMAN	10	0	7.735944443803664	0	true
sp|Q8IX90|SKA3_HUMAN	7	0	4.693270235889224	0	true
sp|Q8IXB1|DJC10_HUMAN	16	0	7.256780703808116	0	true
sp|Q8IXH6|T53I2_HUMAN	2	0	2.6343361064857582	0	true
sp|Q8IXH7|NELFD_HUMAN	14	0	8.185569962171753	0	true
sp|Q8IXI1|MIRO2_HUMAN	13	1	6.878535544234712	0	true
sp|Q8IXI2|MIRO1_HUMAN	14	1	8.031422865176973	0	true
sp|Q8IXJ6|SIR2_HUMAN	5	0	3.408869091170053	0	true
sp|Q8IXK0|PHC2_HUMAN	7	2	8.314790636017442	0	true
sp|Q8IXL7|MSRB3_HUMAN	2	0	2.295360490936934	0	true
sp|Q8IXM2|BAP18_HUMAN	7	0	7.869509938144575	0	true
sp|Q8IXM3|RM41_HUMAN	5	0	8.249488978983765	0	true
sp|Q8IXM6|NRM_HUMAN	6	0	5.957403307770812	0	true
sp|Q8IXQ3|CI040_HUMAN	4	0	5.964608987982787	0	true
sp|Q8IXQ4|GPAM1_HUMAN	7	0	7.92413124890937	0	true
sp|Q8IXQ6|PARP9_HUMAN	10	0	4.335416786423219	0	true
sp|Q8IXS8|HYCC2_HUMAN	1	1	4.108595971907762	0	true
sp|Q8IXT5|RB12B_HUMAN	38	0	8.905536559851482	0	true
sp|Q8IXU6|S35F2_HUMAN	2	0	2.65678936424271	0	true
sp|Q8IXW5|RPAP2_HUMAN	12	0	4.08483589364541	0	true
sp|Q8IXZ2|ZC3H3_HUMAN	9	0	3.877327575513684	0	true
sp|Q8IY17|PLPL6_HUMAN	27	0	6.647392313338572	0	true
sp|Q8IY18|SMC5_HUMAN	19	0	5.874703317331547	0	true
sp|Q8IY21|DDX60_HUMAN	9	1	8.328433810446237	0	true
sp|Q8IY22|CMIP_HUMAN	5	0	2.612613250093059	0	true
sp|Q8IY26|PLPP6_HUMAN	5	0	2.6035562348077166	0	true
sp|Q8IY31|IFT20_HUMAN	2	0	2.5147751284675297	0	true
sp|Q8IY33|MILK2_HUMAN	5	0	2.3155255605395415	0	true
sp|Q8IY37|DHX37_HUMAN	37	0	8.575021024668615	0	true
sp|Q8IY47|KBTB2_HUMAN	6	0	5.279494280039299	0	true
sp|Q8IY57|YAF2_HUMAN	3	0	5.456559220004558	0	true
sp|Q8IY67|RAVR1_HUMAN	15	0	10.759866293998762	0	true
sp|Q8IY81|SPB1_HUMAN	22	0	10.668641443644843	0	true
sp|Q8IY95|TM192_HUMAN	5	0	6.8593268809119605	0	true
sp|Q8IYA6|CKP2L_HUMAN	4	0	2.687680846917732	0	true
sp|Q8IYB1|M21D2_HUMAN	2	0	2.4844712790820784	0	true
sp|Q8IYB3|SRRM1_HUMAN	19	0	10.836238291399678	0	true
sp|Q8IYB5|SMAP1_HUMAN	6	0	8.440526731642782	0	true
sp|Q8IYB7|DI3L2_HUMAN	22	0	7.067015636485123	0	true
sp|Q8IYB8|SUV3_HUMAN	26	0	9.499507054564429	0	true
sp|Q8IYD1|ERF3B_HUMAN	2	12	9.127389688437326	0	true
sp|Q8IYD8|FANCM_HUMAN	3	0	3.0904240320669314	0	true
sp|Q8IYH5|ZZZ3_HUMAN	7	0	2.5535681662105834	0	true
sp|Q8IYI6|EXOC8_HUMAN	16	0	8.597036011735026	0	true
sp|Q8IYJ1|CPNE9_HUMAN	1	5	7.105900570989754	0	true
sp|Q8IYL3|CA174_HUMAN	5	0	6.9326189607878295	0	true
sp|Q8IYQ7|THNS1_HUMAN	17	0	7.969217706820233	0	true
sp|Q8IYR2|SMYD4_HUMAN	7	0	4.064673134761237	0	true
sp|Q8IYS1|P20D2_HUMAN	16	0	8.503337612692125	0	true
sp|Q8IYS2|K2013_HUMAN	9	0	5.555251974149317	0	true
sp|Q8IYT2|CMTR2_HUMAN	5	0	3.990078102971165	0	true
sp|Q8IYT3|CC170_HUMAN	1	0	4.242395967518432	0	true
sp|Q8IYU8|MICU2_HUMAN	12	0	7.134373244812951	0	true
sp|Q8IYW5|RN168_HUMAN	5	0	3.2726647803460227	0	true
sp|Q8IZ07|AN13A_HUMAN	7	0	3.518872788219441	0	true
sp|Q8IZ21|PHAR4_HUMAN	16	0	6.8533331794295576	0	true
sp|Q8IZ40|RCOR2_HUMAN	0	2	3.6820368541604105	0	true
sp|Q8IZ52|CHSS2_HUMAN	3	0	3.243937190651066	0	true
sp|Q8IZ69|TRM2A_HUMAN	19	0	7.619530777522321	0	true
sp|Q8IZ73|RUSD2_HUMAN	22	0	8.804011023105932	0	true
sp|Q8IZ81|ELMD2_HUMAN	8	0	6.878233969552664	0	true
sp|Q8IZ83|A16A1_HUMAN	16	0	9.83115156484121	0	true
sp|Q8IZA0|K319L_HUMAN	13	0	6.2070335081880845	0	true
sp|Q8IZE3|PACE1_HUMAN	10	0	4.442904118590008	0	true
sp|Q8IZH2|XRN1_HUMAN	35	0	6.133987626736652	0	true
sp|Q8IZL8|PELP1_HUMAN	28	0	9.99302203148363	0	true
sp|Q8IZP0|ABI1_HUMAN	10	3	7.098670561898289	0	true
sp|Q8IZQ1|WDFY3_HUMAN	13	0	2.1342379796020703	0	true
sp|Q8IZQ5|SELH_HUMAN	7	0	6.5936261498149555	0	true
sp|Q8IZT6|ASPM_HUMAN	11	0	4.679724189027742	0	true
sp|Q8IZV5|RDH10_HUMAN	2	0	2.9349986061187816	0	true
sp|Q8IZW8|TENS4_HUMAN	9	0	2.9719253404227275	0	true
sp|Q8N0S6|CENPL_HUMAN	4	0	2.282400045684907	0	true
sp|Q8N0T1|RBIS_HUMAN	6	0	2.553693955097301	0	true
sp|Q8N0U8|VKORL_HUMAN	5	0	7.015264559433031	0	true
sp|Q8N0V3|RBFA_HUMAN	5	0	2.6646390834374887	0	true
sp|Q8N0W3|FCSK_HUMAN	11	0	4.102810097721683	0	true
sp|Q8N0X4|CLYBL_HUMAN	7	0	2.920371364083992	0	true
sp|Q8N0X7|SPART_HUMAN	10	0	6.612127883033972	0	true
sp|Q8N0Y7|PGAM4_HUMAN	1	3	7.109877312051196	0	true
sp|Q8N0Z3|SPICE_HUMAN	7	0	2.5157244308756943	0	true
sp|Q8N0Z6|TTC5_HUMAN	16	0	7.455083934040576	0	true
sp|Q8N108|MIER1_HUMAN	11	0	7.365026629476035	0	true
sp|Q8N122|RPTOR_HUMAN	24	0	7.691670345991713	0	true
sp|Q8N128|F177A_HUMAN	6	0	3.3341724863823754	0	true
sp|Q8N129|CNPY4_HUMAN	7	0	6.472292856057893	0	true
sp|Q8N142|PURA1_HUMAN	14	3	7.331590115199402	0	true
sp|Q8N163|CCAR2_HUMAN	37	0	11.751129585384009	0	true
sp|Q8N183|NDUF2_HUMAN	9	0	8.731528321294117	0	true
sp|Q8N184|ZN567_HUMAN	0	3	7.22616602928	0	true
sp|Q8N196|SIX5_HUMAN	2	1	4.7403145209205215	0	true
sp|Q8N1B3|CCNQ_HUMAN	2	0	2.4821214028696557	0	true
sp|Q8N1B4|VPS52_HUMAN	17	0	6.675501778022683	0	true
sp|Q8N1F7|NUP93_HUMAN	47	0	10.633159034799942	0	true
sp|Q8N1F8|S11IP_HUMAN	11	0	4.782444160471463	0	true
sp|Q8N1G0|ZN687_HUMAN	16	0	6.4008782093415935	0	true
sp|Q8N1G2|CMTR1_HUMAN	33	0	9.237511972597563	0	true
sp|Q8N1G4|LRC47_HUMAN	29	0	10.094252423207541	0	true
sp|Q8N1I0|DOCK4_HUMAN	7	0	2.925110204932491	0	true
sp|Q8N1S5|S39AB_HUMAN	2	0	3.080479291661548	0	true
sp|Q8N201|INT1_HUMAN	51	0	7.3757748962713645	0	true
sp|Q8N257|H2B3B_HUMAN	2	8	6.962014792783206	0	true
sp|Q8N2F6|ARM10_HUMAN	11	0	5.467526637241574	0	true
sp|Q8N2G8|GHDC_HUMAN	15	0	8.11051151711739	0	true
sp|Q8N2K0|ABD12_HUMAN	11	0	7.388465883037128	0	true
sp|Q8N2K1|UB2J2_HUMAN	4	0	2.3168618581465563	0	true
sp|Q8N2M8|CLASR_HUMAN	5	0	3.461801713825203	0	true
sp|Q8N2U0|TM256_HUMAN	1	0	9.43706254655837	0	true
sp|Q8N2W9|PIAS4_HUMAN	5	0	4.448052116452306	0	true
sp|Q8N2Z9|CENPS_HUMAN	3	0	3.5140340723992325	0	true
sp|Q8N302|AGGF1_HUMAN	6	0	2.911864405463166	0	true
sp|Q8N328|PGBD3_HUMAN	9	0	3.6718757123332866	0	true
sp|Q8N335|GPD1L_HUMAN	14	0	9.441073938244879	0	true
sp|Q8N336|ELMD1_HUMAN	2	0	2.7155197534104016	0	true
sp|Q8N357|S35F6_HUMAN	3	0	7.161037306132776	0	true
sp|Q8N371|KDM8_HUMAN	7	0	3.4274908045377153	0	true
sp|Q8N392|RHG18_HUMAN	21	0	6.877769238731632	0	true
sp|Q8N3C0|ASCC3_HUMAN	65	0	8.27884760187734	0	true
sp|Q8N3D4|EH1L1_HUMAN	33	2	9.429074787424161	0	true
sp|Q8N3E9|PLCD3_HUMAN	20	0	8.848825913220772	0	true
sp|Q8N3F8|MILK1_HUMAN	13	0	4.10997435704739	0	true
sp|Q8N3P4|VPS8_HUMAN	14	0	3.577223795153017	0	true
sp|Q8N3R9|PALS1_HUMAN	15	0	5.655845018331726	0	true
sp|Q8N3U4|STAG2_HUMAN	31	8	9.410900841226754	0	true
sp|Q8N3V7|SYNPO_HUMAN	14	0	6.996560501415044	0	true
sp|Q8N3X1|FNBP4_HUMAN	22	0	9.311595917651752	0	true
sp|Q8N3Z3|GTPB8_HUMAN	4	0	4.833812278936858	0	true
sp|Q8N3Z6|ZCHC7_HUMAN	3	0	4.319533007492477	0	true
sp|Q8N442|GUF1_HUMAN	10	0	2.2582251694162987	0	true
sp|Q8N488|RYBP_HUMAN	2	0	2.163794894296366	0	true
sp|Q8N490|PNKD_HUMAN	4	0	6.001139513291563	0	true
sp|Q8N4A0|GALT4_HUMAN	1	1	8.546016700799147	0	true
sp|Q8N4B1|SESQ1_HUMAN	1	0	3.0721315161648537	0	true
sp|Q8N4C6|NIN_HUMAN	5	1	4.618297551991856	0	true
sp|Q8N4C8|MINK1_HUMAN	14	9	7.677234188429231	0	true
sp|Q8N4F7|RN175_HUMAN;sp|Q9H920|RN121_HUMAN	1	0	6.067785734742368	0	true
sp|Q8N4H5|TOM5_HUMAN	3	0	5.855639196781924	0	true
sp|Q8N4J0|CARME_HUMAN	5	0	3.4955944741219125	0	true
sp|Q8N4L2|PP4P2_HUMAN	1	1	3.0751884196042147	0	true
sp|Q8N4N8|KIF2B_HUMAN	1	2	9.524877991871625	0	true
sp|Q8N4P3|MESH1_HUMAN	7	0	8.064138974938801	0	true
sp|Q8N4Q0|PTGR3_HUMAN	11	0	8.204340483885929	0	true
sp|Q8N4Q1|MIA40_HUMAN	5	0	6.860511135022427	0	true
sp|Q8N4S0|CCD82_HUMAN	3	0	3.937272400228224	0	true
sp|Q8N4S9|MALD2_HUMAN	9	0	3.827331018203893	0	true
sp|Q8N4T8|CBR4_HUMAN	7	0	7.6269075215936155	0	true
sp|Q8N4Y2|EFC4A_HUMAN	1	0	1.9085032074112864	0	true
sp|Q8N531|FBXL6_HUMAN	5	0	2.916709470307872	0	true
sp|Q8N543|OGFD1_HUMAN	20	0	7.315500719670841	0	true
sp|Q8N556|AFAP1_HUMAN	8	0	6.741102726824729	0	true
sp|Q8N567|ZCHC9_HUMAN	7	0	3.545951905259857	0	true
sp|Q8N573|OXR1_HUMAN	16	0	4.856269736005694	0	true
sp|Q8N584|TT39C_HUMAN	10	0	3.5736753682943267	0	true
sp|Q8N5A5|ZGPAT_HUMAN	14	0	4.92678385699727	0	true
sp|Q8N5B7|CERS5_HUMAN	4	0	5.597353228153802	0	true
sp|Q8N5C6|SRBD1_HUMAN	23	0	5.234354356909599	0	true
sp|Q8N5C7|DTWD1_HUMAN	6	0	6.102205445742205	0	true
sp|Q8N5C8|TAB3_HUMAN	2	0	4.418004957463731	0	true
sp|Q8N5D0|WDTC1_HUMAN	4	0	3.199405753017188	0	true
sp|Q8N5F7|NKAP_HUMAN	6	0	7.5232685091088705	0	true
sp|Q8N5G0|SIM20_HUMAN	2	0	6.198504821620713	0	true
sp|Q8N5G2|MACOI_HUMAN	7	0	5.958606534717028	0	true
sp|Q8N5H3|LRA25_HUMAN	1	0	2.2130036469456655	0	true
sp|Q8N5I2|ARRD1_HUMAN	5	0	7.446749114111309	0	true
sp|Q8N5I4|DHRSX_HUMAN	5	0	3.996628640242171	0	true
sp|Q8N5I9|NOPC1_HUMAN	6	0	3.6044815605063554	0	true
sp|Q8N5K1|CISD2_HUMAN	8	0	8.462378020662332	0	true
sp|Q8N5L8|RP25L_HUMAN	5	0	7.881937153719013	0	true
sp|Q8N5M1|ATPF2_HUMAN	4	0	7.849003634120111	0	true
sp|Q8N5M4|TTC9C_HUMAN	6	0	7.372261678496796	0	true
sp|Q8N5M9|JAGN1_HUMAN	2	0	8.907289092150032	0	true
sp|Q8N5N7|RM50_HUMAN	10	0	9.37741426127944	0	true
sp|Q8N5P1|ZC3H8_HUMAN	7	0	5.500481385250314	0	true
sp|Q8N5Q1|GAR5B_HUMAN	2	0	2.059457232836324	0	true
sp|Q8N5S9|KKCC1_HUMAN	10	0	5.5144112003677135	0	true
sp|Q8N5Y8|PAR16_HUMAN	5	0	8.339776619173177	0	true
sp|Q8N612|FHI1B_HUMAN	14	0	3.86413139763772	0	true
sp|Q8N668|COMD1_HUMAN	4	0	5.6925790580889855	0	true
sp|Q8N680|ZBTB2_HUMAN	4	0	6.25121350993309	0	true
sp|Q8N684|CPSF7_HUMAN	17	0	8.188825244228772	0	true
sp|Q8N697|S15A4_HUMAN	3	0	4.597573235315006	0	true
sp|Q8N6H7|ARFG2_HUMAN	21	0	9.765921469175519	0	true
sp|Q8N6L1|KTAP2_HUMAN	1	0	3.556410619630605	0	true
sp|Q8N6M0|OTU6B_HUMAN	7	0	9.24668523482283	0	true
sp|Q8N6M3|FITM2_HUMAN	3	0	5.1660268561533265	0	true
sp|Q8N6N3|CA052_HUMAN	7	0	6.639749309489631	0	true
sp|Q8N6R0|EFNMT_HUMAN	28	0	10.061139774603152	0	true
sp|Q8N6S5|AR6P6_HUMAN	3	0	2.4043837820269522	0	true
sp|Q8N6T3|ARFG1_HUMAN	14	0	10.155461707926731	0	true
sp|Q8N6T7|SIR6_HUMAN	11	0	6.798175607634114	0	true
sp|Q8N766|EMC1_HUMAN	30	0	9.167597457741268	0	true
sp|Q8N7C3|TRIMM_HUMAN	7	0	5.3762180377432225	0	true
sp|Q8N7H5|PAF1_HUMAN	21	0	10.211096744914308	0	true
sp|Q8N7U6|EFHB_HUMAN	2	0	2.009726064015276	0	true
sp|Q8N7X0|ADGB_HUMAN	1	0	2.567271622974805	0	true
sp|Q8N806|UBR7_HUMAN	17	0	10.855826407346663	0	true
sp|Q8N884|CGAS_HUMAN	17	0	7.116925071939344	0	true
sp|Q8N8A2|ANR44_HUMAN	10	1	3.868682371731985	0	true
sp|Q8N8A6|DDX51_HUMAN	24	0	9.203854932538963	0	true
sp|Q8N8D1|PDCD7_HUMAN	7	0	4.08847331946401	0	true
sp|Q8N8J7|F241A_HUMAN	4	0	5.5661774286349806	0	true
sp|Q8N8N7|PTGR2_HUMAN	7	0	3.287292121363825	0	true
sp|Q8N8Q8|COX18_HUMAN	3	0	2.9487069941756228	0	true
sp|Q8N8Q9|NIPA2_HUMAN	2	0	2.2181605104366255	0	true
sp|Q8N8R5|CB069_HUMAN	8	0	5.241594182198834	0	true
sp|Q8N8R7|AL14E_HUMAN	1	0	2.3404476189353156	0	true
sp|Q8N8S7|ENAH_HUMAN	20	0	7.377064165243685	0	true
sp|Q8N8U2|CDYL2_HUMAN	9	0	4.052900600696639	0	true
sp|Q8N954|GPT11_HUMAN	7	0	7.689229428194261	0	true
sp|Q8N983|RM43_HUMAN	8	0	8.068045678681747	0	true
sp|Q8N999|RLIG1_HUMAN	6	0	6.13938300655706	0	true
sp|Q8N9A8|NEPR1_HUMAN	2	0	6.0871318292373156	0	true
sp|Q8N9B5|JMY_HUMAN	18	0	6.980491969136235	0	true
sp|Q8N9F7|GDPD1_HUMAN	6	0	3.67615695771837	0	true
sp|Q8N9M1|CS047_HUMAN	7	0	5.765881845309609	0	true
sp|Q8N9M5|TM102_HUMAN	4	0	4.3334768810567414	0	true
sp|Q8N9N2|ASCC1_HUMAN	11	0	5.691953155266516	0	true
sp|Q8N9N5|BANP_HUMAN	7	0	4.309262015777312	0	true
sp|Q8N9N7|LRC57_HUMAN	6	0	8.22979416798478	0	true
sp|Q8N9N8|EIF1A_HUMAN	7	0	8.583787479001893	0	true
sp|Q8N9Q2|SR1IP_HUMAN	5	0	3.1433145234273	0	true
sp|Q8N9R8|SCAI_HUMAN	8	0	3.813146559839426	0	true
sp|Q8N9T8|KRI1_HUMAN	16	0	10.317698918189768	0	true
sp|Q8N9V3|WSDU1_HUMAN	1	0	2.0435655900163803	0	true
sp|Q8N9Z2|CC71L_HUMAN	3	0	2.9778086178784426	0	true
sp|Q8NA72|POC5_HUMAN	4	0	2.1883976269641083	0	true
sp|Q8NAF0|ZN579_HUMAN	11	0	8.360125306646651	0	true
sp|Q8NAT1|PMGT2_HUMAN	2	0	4.0814508095493345	0	true
sp|Q8NAV1|PR38A_HUMAN	9	0	7.784248483265809	0	true
sp|Q8NB14|UBP38_HUMAN	8	0	3.186690428599411	0	true
sp|Q8NB15|ZN511_HUMAN	6	0	3.835666826035372	0	true
sp|Q8NB16|MLKL_HUMAN	22	0	8.738529247177416	0	true
sp|Q8NB37|GALD1_HUMAN	5	0	9.968563697150046	0	true
sp|Q8NB46|ANR52_HUMAN	9	1	6.6377935905435494	0	true
sp|Q8NB49|AT11C_HUMAN	10	1	4.686054199618837	0	true
sp|Q8NB50|ZFP62_HUMAN	8	0	2.3862086576164945	0	true
sp|Q8NB78|KDM1B_HUMAN	13	0	4.69888686360639	0	true
sp|Q8NB90|AFG2A_HUMAN	34	1	7.999180305634771	0	true
sp|Q8NB91|FANCB_HUMAN	8	0	2.839859536169871	0	true
sp|Q8NBA8|DTWD2_HUMAN	4	0	8.182309184277111	0	true
sp|Q8NBF2|NHLC2_HUMAN	20	0	8.204461164227311	0	true
sp|Q8NBF6|AVL9_HUMAN	13	0	5.817508440353532	0	true
sp|Q8NBI6|XXLT1_HUMAN	12	0	7.155076795997223	0	true
sp|Q8NBJ4|GOLM1_HUMAN	11	0	8.026784482736222	0	true
sp|Q8NBJ5|GT251_HUMAN	26	0	8.781883828011205	0	true
sp|Q8NBJ7|SUMF2_HUMAN	11	0	9.527017921907957	0	true
sp|Q8NBK3|SUMF1_HUMAN	5	0	8.288489792689665	0	true
sp|Q8NBL1|PGLT1_HUMAN	13	0	7.813866326622087	0	true
sp|Q8NBM4|UBAC2_HUMAN	10	0	5.391518087041425	0	true
sp|Q8NBM8|PCYXL_HUMAN	1	0	3.8604691483066302	0	true
sp|Q8NBN3|TM87A_HUMAN	9	0	9.18725768972962	0	true
sp|Q8NBN7|RDH13_HUMAN	15	0	11.318741358816434	0	true
sp|Q8NBP0|TTC13_HUMAN	16	0	7.220504112948308	0	true
sp|Q8NBP5|MFSD9_HUMAN	2	0	2.552298950301674	0	true
sp|Q8NBP7|PCSK9_HUMAN	13	0	7.409623740543353	0	true
sp|Q8NBQ5|DHB11_HUMAN	12	0	8.375158043499196	0	true
sp|Q8NBS9|TXND5_HUMAN	18	0	11.280632287043625	0	true
sp|Q8NBT2|SPC24_HUMAN	7	0	6.970180416494327	0	true
sp|Q8NBU5|ATAD1_HUMAN	14	0	9.95923169153162	0	true
sp|Q8NBX0|SCPDL_HUMAN	6	0	4.268262615408563	0	true
sp|Q8NBZ0|IN80E_HUMAN	2	0	3.472412131708134	0	true
sp|Q8NBZ7|UXS1_HUMAN	3	0	4.908216356148505	0	true
sp|Q8NC42|RN149_HUMAN	5	0	6.446790195923531	0	true
sp|Q8NC44|RETR2_HUMAN	2	0	3.4207252547187554	0	true
sp|Q8NC51|SERB1_HUMAN	25	0	9.6326305798151	0	true
sp|Q8NC54|KCT2_HUMAN	2	0	3.6122618893722014	0	true
sp|Q8NC56|LEMD2_HUMAN	21	0	8.961357148610823	0	true
sp|Q8NC60|NOA1_HUMAN	15	0	5.106726765320176	0	true
sp|Q8NC96|NECP1_HUMAN	8	0	4.371927897941996	0	true
sp|Q8NCA5|FA98A_HUMAN	8	3	9.594720564766911	0	true
sp|Q8NCC3|PAG15_HUMAN	6	0	3.589283963770233	0	true
sp|Q8NCC5|SPX3_HUMAN	1	0	2.049596565183793	0	true
sp|Q8NCE0|SEN2_HUMAN	17	0	5.859600888211225	0	true
sp|Q8NCE2|MTMRE_HUMAN	8	0	4.604734671196724	0	true
sp|Q8NCF5|NF2IP_HUMAN	6	0	4.015741904351284	0	true
sp|Q8NCG7|DGLB_HUMAN	15	0	7.149983024829656	0	true
sp|Q8NCH0|CHSTE_HUMAN	9	0	4.810030779313561	0	true
sp|Q8NCJ5|SPRY3_HUMAN	4	0	3.1316581670149346	0	true
sp|Q8NCN4|RN169_HUMAN	16	0	4.649301154438772	0	true
sp|Q8NCN5|PDPR_HUMAN	23	0	6.889158217337095	0	true
sp|Q8NCW5|NNRE_HUMAN	13	0	10.202754701723133	0	true
sp|Q8NCW6|GLT11_HUMAN	1	0	2.3959133493798324	0	true
sp|Q8ND04|SMG8_HUMAN	28	0	5.982646901663272	0	true
sp|Q8ND24|RN214_HUMAN	14	0	7.220397442357159	0	true
sp|Q8ND56|LS14A_HUMAN	11	0	8.647363767273475	0	true
sp|Q8ND76|CCNY_HUMAN	3	0	2.5639555420417444	0	true
sp|Q8ND82|Z280C_HUMAN	11	1	4.073350328999654	0	true
sp|Q8ND83|SLAI1_HUMAN	2	0	2.3464667280377207	0	true
sp|Q8NDA8|MROH1_HUMAN	2	0	2.054578617693586	0	true
sp|Q8NDD1|CA131_HUMAN	9	0	5.023778907458005	0	true
sp|Q8NDF8|PAPD5_HUMAN	9	1	8.47808797088905	0	true
sp|Q8NDH3|PEPL1_HUMAN	11	0	8.78946882996682	0	true
sp|Q8NDI1|EHBP1_HUMAN	15	2	6.308256910673808	0	true
sp|Q8NDT2|RB15B_HUMAN	12	3	7.85625389426314	0	true
sp|Q8NDV7|TNR6A_HUMAN	11	1	3.214448484857179	0	true
sp|Q8NDX5|PHC3_HUMAN	11	2	8.314790636017442	0	true
sp|Q8NDX6|ZN740_HUMAN	5	0	5.748742335925765	0	true
sp|Q8NDZ4|DIK2A_HUMAN	11	0	4.6568636731870665	0	true
sp|Q8NE00|TM104_HUMAN	1	0	3.964478519212333	0	true
sp|Q8NE01|CNNM3_HUMAN	19	1	6.616831030463116	0	true
sp|Q8NE18|NSUN7_HUMAN	1	0	2.1246565835980595	0	true
sp|Q8NE35|CPEB3_HUMAN	4	4	3.3551044455327093	0	true
sp|Q8NE62|CHDH_HUMAN	10	0	2.644644138813184	0	true
sp|Q8NE71|ABCF1_HUMAN	31	1	10.96188973402818	0	true
sp|Q8NE86|MCU_HUMAN	15	0	11.045003406338134	0	true
sp|Q8NEB9|PK3C3_HUMAN	20	0	6.895779045519386	0	true
sp|Q8NEC7|GSTCD_HUMAN	5	0	3.061226966308886	0	true
sp|Q8NEE8|TTC16_HUMAN	1	0	1.9541856298207496	0	true
sp|Q8NEF9|SRFB1_HUMAN	17	0	6.208493199691253	0	true
sp|Q8NEJ9|NGDN_HUMAN	11	0	9.458748351405836	0	true
sp|Q8NEM2|SHCBP_HUMAN	15	0	4.921057212430622	0	true
sp|Q8NEM7|SP20H_HUMAN	5	0	4.550999023110251	0	true
sp|Q8NEN9|PDZD8_HUMAN	11	0	3.73685653771504	0	true
sp|Q8NEU8|DP13B_HUMAN	13	0	6.652158419231163	0	true
sp|Q8NEV1|CSK23_HUMAN	1	16	11.18035297358835	0	true
sp|Q8NEW0|ZNT7_HUMAN	5	0	7.356255413310557	0	true
sp|Q8NEY8|PPHLN_HUMAN	13	0	5.721944012505509	0	true
sp|Q8NEZ2|VP37A_HUMAN	8	0	4.794019808841114	0	true
sp|Q8NEZ3|WDR19_HUMAN	9	0	2.859127903713315	0	true
sp|Q8NEZ5|FBX22_HUMAN	14	0	10.81216372204056	0	true
sp|Q8NF37|PCAT1_HUMAN	19	0	10.481239393994056	0	true
sp|Q8NF64|ZMIZ2_HUMAN	1	3	3.9945846437455423	0	true
sp|Q8NF91|SYNE1_HUMAN	7	3	3.0348108778321836	0	true
sp|Q8NF99|ZN397_HUMAN	0	3	7.22616602928	0	true
sp|Q8NFA0|UBP32_HUMAN	11	0	4.1237069518519	0	true
sp|Q8NFA2|NOXO1_HUMAN	1	0	2.1892897411603895	0	true
sp|Q8NFC6|BD1L1_HUMAN	67	3	7.807876989959461	0	true
sp|Q8NFD5|ARI1B_HUMAN	30	0	6.821126520524299	0	true
sp|Q8NFF5|FAD1_HUMAN	26	0	9.446986666544483	0	true
sp|Q8NFG4|FLCN_HUMAN	6	0	2.907502110726935	0	true
sp|Q8NFH3|NUP43_HUMAN	10	0	9.607818547034606	0	true
sp|Q8NFH4|NUP37_HUMAN	9	0	9.723694581378513	0	true
sp|Q8NFH5|NUP35_HUMAN	11	0	10.222700727588393	0	true
sp|Q8NFH8|REPS2_HUMAN	6	1	3.63021660086932	0	true
sp|Q8NFI3|ENASE_HUMAN	8	0	7.208768654556255	0	true
sp|Q8NFJ5|RAI3_HUMAN	5	0	9.197222633321934	0	true
sp|Q8NFP9|NBEA_HUMAN	5	8	8.772424506206427	0	true
sp|Q8NFQ8|TOIP2_HUMAN	17	1	8.668527308100542	0	true
sp|Q8NFV4|ABHDB_HUMAN	10	0	9.606716230427633	0	true
sp|Q8NFW8|NEUA_HUMAN	17	0	9.224556813493578	0	true
sp|Q8NFX7|STXB6_HUMAN	6	0	4.282167185176915	0	true
sp|Q8NFY4|SEM6D_HUMAN	4	0	3.10947402067179	0	true
sp|Q8NG08|HELB_HUMAN	7	0	4.057315279238671	0	true
sp|Q8NG31|KNL1_HUMAN	29	0	4.636022818174967	0	true
sp|Q8NG68|TTL_HUMAN	10	0	3.181307922386087	0	true
sp|Q8NHG7|SVIP_HUMAN	2	0	4.689895466548143	0	true
sp|Q8NHG8|ZNRF2_HUMAN	4	0	2.939293597556523	0	true
sp|Q8NHH9|ATLA2_HUMAN	13	0	8.565555559732918	0	true
sp|Q8NHM5|KDM2B_HUMAN	10	1	4.252791962506817	0	true
sp|Q8NHP1|ARK74_HUMAN	1	3	9.214756635942955	0	true
sp|Q8NHP6|MSPD2_HUMAN	16	0	9.3559748816703	0	true
sp|Q8NHP8|PLBL2_HUMAN	11	0	7.653566945437514	0	true
sp|Q8NHQ8|RASF8_HUMAN	4	0	2.417657873946894	0	true
sp|Q8NHQ9|DDX55_HUMAN	15	0	7.210528748632522	0	true
sp|Q8NHV4|NEDD1_HUMAN	15	0	10.10649384280096	0	true
sp|Q8NHX9|TPC2_HUMAN	1	0	2.4389636969450352	0	true
sp|Q8NHZ8|CDC26_HUMAN	5	0	7.486202545168452	0	true
sp|Q8NI08|NCOA7_HUMAN	25	0	8.373960662452081	0	true
sp|Q8NI22|MCFD2_HUMAN	2	0	9.495733690754749	0	true
sp|Q8NI27|THOC2_HUMAN	52	0	8.942095930983697	0	true
sp|Q8NI35|INADL_HUMAN	22	0	4.619498247866525	0	true
sp|Q8NI36|WDR36_HUMAN	30	0	8.678224264209746	0	true
sp|Q8NI37|PPTC7_HUMAN	5	0	5.823211012882541	0	true
sp|Q8NI60|COQ8A_HUMAN	13	0	7.633633203001208	0	true
sp|Q8NI77|KI18A_HUMAN	8	1	4.544215674221087	0	true
sp|Q8TA86|RP9_HUMAN	8	0	5.0733350205865575	0	true
sp|Q8TAA5|GRPE2_HUMAN	6	0	5.245351958667754	0	true
sp|Q8TAA9|VANG1_HUMAN	8	0	7.786604305261596	0	true
sp|Q8TAD4|ZNT5_HUMAN	5	0	2.1909426053558008	0	true
sp|Q8TAD8|SNIP1_HUMAN	13	0	6.3540075189057195	0	true
sp|Q8TAE8|G45IP_HUMAN	8	0	9.507876623010146	0	true
sp|Q8TAF3|WDR48_HUMAN	23	0	10.5707998629976	0	true
sp|Q8TAG9|EXOC6_HUMAN	15	3	5.595386729766367	0	true
sp|Q8TAP6|CEP76_HUMAN	3	0	2.9838466108448727	0	true
sp|Q8TAP8|PPR35_HUMAN	4	0	3.702537666606988	0	true
sp|Q8TAP9|MPLKI_HUMAN	4	0	10.1346486224154	0	true
sp|Q8TAQ2|SMRC2_HUMAN	31	9	9.198041073303145	0	true
sp|Q8TAT6|NPL4_HUMAN	22	0	9.82102467443149	0	true
sp|Q8TAV0|FA76A_HUMAN	4	1	2.895122765606072	0	true
sp|Q8TB03|CX038_HUMAN	13	0	4.207303412519806	0	true
sp|Q8TB36|GDAP1_HUMAN	6	0	7.305125839962544	0	true
sp|Q8TB37|NUBPL_HUMAN	6	0	7.719680092653156	0	true
sp|Q8TB45|DPTOR_HUMAN	5	0	3.4593395385840613	0	true
sp|Q8TB52|FBX30_HUMAN	5	0	4.804378081708347	0	true
sp|Q8TB61|S35B2_HUMAN	8	0	7.819317205509871	0	true
sp|Q8TB72|PUM2_HUMAN	12	6	7.460462024967455	0	true
sp|Q8TB96|TIP_HUMAN	4	0	3.9460472955452617	0	true
sp|Q8TBA6|GOGA5_HUMAN	14	0	6.82136596490406	0	true
sp|Q8TBB5|KLDC4_HUMAN	16	0	8.630064168673018	0	true
sp|Q8TBC3|SHKB1_HUMAN	4	0	2.5666221686141366	0	true
sp|Q8TBC4|UBA3_HUMAN	15	0	10.546674041656763	0	true
sp|Q8TBE9|NANP_HUMAN	7	0	3.7201927115974303	0	true
sp|Q8TBF2|PXL2B_HUMAN	4	0	4.6839596047873195	0	true
sp|Q8TBF4|ZCRB1_HUMAN	4	0	5.348386526172454	0	true
sp|Q8TBK6|ZCH10_HUMAN	1	0	3.899313352075829	0	true
sp|Q8TBM8|DJB14_HUMAN	4	0	2.7972832815949795	0	true
sp|Q8TBN0|R3GEF_HUMAN	4	1	3.2768843508465517	0	true
sp|Q8TBP6|S2540_HUMAN	6	0	4.507019872811207	0	true
sp|Q8TBQ9|KISHA_HUMAN	2	0	4.557605551875431	0	true
sp|Q8TBX8|PI42C_HUMAN	14	0	11.191550578651755	0	true
sp|Q8TBY0|RBM46_HUMAN	1	2	3.4679770586410914	0	true
sp|Q8TBZ3|WDR20_HUMAN	6	0	3.9561318535726255	0	true
sp|Q8TBZ6|TM10A_HUMAN	2	0	1.8854147648982722	0	true
sp|Q8TBZ8|ZN564_HUMAN	1	0	3.01845429678858	0	true
sp|Q8TC07|TBC15_HUMAN	25	0	10.149102590640886	0	true
sp|Q8TC12|RDH11_HUMAN	10	0	10.603824163653256	0	true
sp|Q8TCA0|LRC20_HUMAN	4	0	3.0476370142675373	0	true
sp|Q8TCC3|RM30_HUMAN	4	0	7.984408756412547	0	true
sp|Q8TCD1|CR032_HUMAN	2	0	6.708129595245041	0	true
sp|Q8TCD5|NT5C_HUMAN	9	0	7.759158231313782	0	true
sp|Q8TCE6|DEN10_HUMAN	10	0	7.14993889104806	0	true
sp|Q8TCF1|ZFAN1_HUMAN	5	0	3.728121549084975	0	true
sp|Q8TCG1|CIP2A_HUMAN	23	0	3.662682459031072	0	true
sp|Q8TCG2|P4K2B_HUMAN	6	0	3.191711673236088	0	true
sp|Q8TCJ2|STT3B_HUMAN	16	1	8.737480308378855	0	true
sp|Q8TCS8|PNPT1_HUMAN	37	0	11.379181845558309	0	true
sp|Q8TCT7|SPP2B_HUMAN	2	0	3.6572546118949365	0	true
sp|Q8TCT8|SPP2A_HUMAN	1	0	6.353527409764208	0	true
sp|Q8TCT9|HM13_HUMAN	8	0	9.455941207943374	0	true
sp|Q8TCU6|PREX1_HUMAN	16	0	5.4547948514803615	0	true
sp|Q8TCY9|URGCP_HUMAN	11	0	4.239065517149992	0	true
sp|Q8TCZ2|C99L2_HUMAN	3	0	7.187926152108328	0	true
sp|Q8TD16|BICD2_HUMAN	20	3	5.0617974211302545	0	true
sp|Q8TD19|NEK9_HUMAN	25	0	7.778223564669991	0	true
sp|Q8TD26|CHD6_HUMAN	8	8	4.397032345413034	0	true
sp|Q8TD30|ALAT2_HUMAN	10	0	3.780832523373862	0	true
sp|Q8TD84|DSCL1_HUMAN	3	0	2.377260580308077	0	true
sp|Q8TDB6|DTX3L_HUMAN	13	0	7.926648526039717	0	true
sp|Q8TDD1|DDX54_HUMAN	36	0	10.006979486544815	0	true
sp|Q8TDH9|BL1S5_HUMAN	7	0	6.341529575159948	0	true
sp|Q8TDI0|CHD5_HUMAN	0	25	9.77379434893188	0	true
sp|Q8TDJ6|DMXL2_HUMAN	14	1	3.005033040126214	0	true
sp|Q8TDM6|DLG5_HUMAN	29	0	3.7086300781231416	0	true
sp|Q8TDN4|CABL1_HUMAN	2	0	2.234274610702045	0	true
sp|Q8TDN6|BRX1_HUMAN	24	0	9.738940515764876	0	true
sp|Q8TDP1|RNH2C_HUMAN	9	0	9.036478967177676	0	true
sp|Q8TDQ7|GNPI2_HUMAN	6	4	9.183951451710382	0	true
sp|Q8TDW0|LRC8C_HUMAN	8	2	3.431660012209716	0	true
sp|Q8TDX6|CGAT1_HUMAN	4	1	2.3192710551302644	0	true
sp|Q8TDX7|NEK7_HUMAN	12	2	8.079575866400967	0	true
sp|Q8TDY2|RBCC1_HUMAN	15	0	2.667045757838793	0	true
sp|Q8TE02|ELP5_HUMAN	7	0	6.491609167828473	0	true
sp|Q8TE73|DYH5_HUMAN	1	1	2.885556610989798	0	true
sp|Q8TE77|SSH3_HUMAN	12	0	7.309011617263134	0	true
sp|Q8TEA1|NSUN6_HUMAN	4	0	2.923233202258074	0	true
sp|Q8TEA8|DTD1_HUMAN	6	0	9.68231632341955	0	true
sp|Q8TEB1|DCA11_HUMAN	7	0	2.7096198789988266	0	true
sp|Q8TED0|UTP15_HUMAN	19	0	9.614822542270701	0	true
sp|Q8TED1|GPX8_HUMAN	7	0	7.175415021888616	0	true
sp|Q8TEH3|DEN1A_HUMAN	13	0	3.9426174360134025	0	true
sp|Q8TEM1|PO210_HUMAN	48	0	10.194432000905206	0	true
sp|Q8TEP8|CE192_HUMAN	18	0	3.6474825446868344	0	true
sp|Q8TEQ0|SNX29_HUMAN	3	0	3.445999503651507	0	true
sp|Q8TEQ6|GEMI5_HUMAN	59	0	9.562810176501996	0	true
sp|Q8TEQ8|PIGO_HUMAN	11	0	5.8954900636823675	0	true
sp|Q8TER5|ARH40_HUMAN	12	0	3.3398137560082874	0	true
sp|Q8TEU7|RPGF6_HUMAN	20	3	6.112700824848081	0	true
sp|Q8TEW0|PARD3_HUMAN	20	0	4.981223242765585	0	true
sp|Q8TEX9|IPO4_HUMAN	31	0	9.39804273411508	0	true
sp|Q8TEY7|UBP33_HUMAN	2	0	2.230721865049707	0	true
sp|Q8TF01|PNISR_HUMAN	11	0	7.456739430201036	0	true
sp|Q8TF05|PP4R1_HUMAN	20	0	6.650144274980826	0	true
sp|Q8TF46|DI3L1_HUMAN	14	0	5.446901581041861	0	true
sp|Q8TF64|GIPC3_HUMAN	6	1	7.851809696280322	0	true
sp|Q8TF68|ZN384_HUMAN	5	3	7.783686547444312	0	true
sp|Q8TF74|WIPF2_HUMAN	20	0	5.758205956348185	0	true
sp|Q8TF76|HASP_HUMAN	5	0	3.941573504048554	0	true
sp|Q8WTS1|ABHD5_HUMAN	5	0	9.329454707548784	0	true
sp|Q8WTS6|SETD7_HUMAN	10	0	7.752160400717842	0	true
sp|Q8WTT2|NOC3L_HUMAN	25	0	9.447485935817074	0	true
sp|Q8WTV0|SCRB1_HUMAN	8	0	7.516285982828816	0	true
sp|Q8WTW3|COG1_HUMAN	22	0	8.090952239870507	0	true
sp|Q8WU10|PYRD1_HUMAN	7	0	4.058147411794425	0	true
sp|Q8WU76|SCFD2_HUMAN	14	0	6.932644213894304	0	true
sp|Q8WU79|SMAP2_HUMAN	11	0	7.807476432064894	0	true
sp|Q8WU90|ZC3HF_HUMAN	21	0	9.848398808971298	0	true
sp|Q8WUA2|PPIL4_HUMAN	14	0	7.900692136433569	0	true
sp|Q8WUA4|TF3C2_HUMAN	22	0	9.505910224421669	0	true
sp|Q8WUA7|TB22A_HUMAN	10	0	4.956144795889202	0	true
sp|Q8WUA8|TSK_HUMAN	3	0	2.062116886938394	0	true
sp|Q8WUB8|PHF10_HUMAN	13	0	6.224062332293585	0	true
sp|Q8WUD1|RAB2B_HUMAN	4	8	9.402719159051316	0	true
sp|Q8WUD4|CCD12_HUMAN	5	0	5.302127617137748	0	true
sp|Q8WUD6|CHPT1_HUMAN	2	0	2.9922267389001185	0	true
sp|Q8WUF5|IASPP_HUMAN	27	0	8.259710447686178	0	true
sp|Q8WUF8|ARB2A_HUMAN	10	0	7.425129374618833	0	true
sp|Q8WUH1|CHUR_HUMAN	2	0	1.8849027715494537	0	true
sp|Q8WUH2|TGFA1_HUMAN	11	0	4.479881341546591	0	true
sp|Q8WUH6|TM263_HUMAN	6	0	8.197807222077328	0	true
sp|Q8WUI4|HDAC7_HUMAN	12	0	4.641142837821098	0	true
sp|Q8WUJ1|NEUFC_HUMAN	2	0	2.037658517867784	0	true
sp|Q8WUK0|PTPM1_HUMAN	8	0	9.785834738055538	0	true
sp|Q8WUM0|NU133_HUMAN	38	0	10.836101785056378	0	true
sp|Q8WUM4|PDC6I_HUMAN	45	0	10.245337463686372	0	true
sp|Q8WUN7|UBTD2_HUMAN	7	0	5.836152888758162	0	true
sp|Q8WUQ7|CATIN_HUMAN	16	0	8.358181833469748	0	true
sp|Q8WUR7|CO040_HUMAN	3	0	8.828379609950593	0	true
sp|Q8WUU5|GATD1_HUMAN	6	0	3.8492084411019962	0	true
sp|Q8WUW1|BRK1_HUMAN	5	0	6.0816071836358265	0	true
sp|Q8WUX1|S38A5_HUMAN	7	0	7.9610759631371675	0	true
sp|Q8WUX2|CHAC2_HUMAN	8	0	6.547037927359175	0	true
sp|Q8WUX9|CHMP7_HUMAN	15	0	7.253002311395061	0	true
sp|Q8WUY1|THEM6_HUMAN	12	0	7.869239929479917	0	true
sp|Q8WUY8|NAT14_HUMAN	1	0	2.1845678486141575	0	true
sp|Q8WUZ0|BCL7C_HUMAN	2	1	5.678679050809496	0	true
sp|Q8WV22|NSE1_HUMAN	9	0	8.518142128415626	0	true
sp|Q8WV24|PHLA1_HUMAN	1	0	4.540782122851746	0	true
sp|Q8WV41|SNX33_HUMAN	9	0	5.11821560483218	0	true
sp|Q8WV44|TRI41_HUMAN	7	0	4.185306741504597	0	true
sp|Q8WV60|PTCD2_HUMAN	4	0	6.951724248989441	0	true
sp|Q8WV74|NUDT8_HUMAN	6	0	3.5952679302371053	0	true
sp|Q8WV92|MITD1_HUMAN	4	0	4.330724832255083	0	true
sp|Q8WV99|ZFN2B_HUMAN	2	0	3.778467003247676	0	true
sp|Q8WVB6|CTF18_HUMAN	24	1	9.37176386225761	0	true
sp|Q8WVC0|LEO1_HUMAN	15	0	10.390126032813141	0	true
sp|Q8WVC6|DCAKD_HUMAN	6	0	2.5564403335444705	0	true
sp|Q8WVF1|OSCP1_HUMAN	3	0	3.505538946795576	0	true
sp|Q8WVJ2|NUDC2_HUMAN	4	0	8.130917370770653	0	true
sp|Q8WVK2|SNR27_HUMAN	6	0	6.471532470770463	0	true
sp|Q8WVL7|ANR49_HUMAN	4	0	3.148304464536007	0	true
sp|Q8WVM0|TFB1M_HUMAN	10	0	8.360568488129266	0	true
sp|Q8WVM7|STAG1_HUMAN	29	8	8.990789075533943	0	true
sp|Q8WVM8|SCFD1_HUMAN	23	0	10.532609241762744	0	true
sp|Q8WVN8|UB2Q2_HUMAN	2	2	5.03835330200071	0	true
sp|Q8WVP5|TP8L1_HUMAN	1	0	2.8232840049118493	0	true
sp|Q8WVQ1|CANT1_HUMAN	12	0	4.197099184785996	0	true
sp|Q8WVS4|DC2I1_HUMAN	2	0	3.551608337442307	0	true
sp|Q8WVT3|TPC12_HUMAN	13	0	6.774291365654663	0	true
sp|Q8WVV9|HNRLL_HUMAN	24	1	10.477403601584298	0	true
sp|Q8WVX3|SRALN_HUMAN	1	0	3.665134501376351	0	true
sp|Q8WVX9|FACR1_HUMAN	16	0	7.621417341596706	0	true
sp|Q8WVY7|UBCP1_HUMAN	13	0	7.595708238220858	0	true
sp|Q8WW01|SEN15_HUMAN	3	0	7.207132996015591	0	true
sp|Q8WW12|PCNP_HUMAN	10	0	10.564281109619273	0	true
sp|Q8WW22|DNJA4_HUMAN	11	0	8.148658344236702	0	true
sp|Q8WW59|SPRY4_HUMAN	10	0	9.10755689289569	0	true
sp|Q8WWC4|MAIP1_HUMAN	8	0	8.09564191443347	0	true
sp|Q8WWH5|TRUB1_HUMAN	14	0	6.814564825747341	0	true
sp|Q8WWI1|LMO7_HUMAN	61	0	9.841642743885998	0	true
sp|Q8WWI5|CTL1_HUMAN	11	0	9.646109795281586	0	true
sp|Q8WWK9|CKAP2_HUMAN	13	0	8.800956483647564	0	true
sp|Q8WWM7|ATX2L_HUMAN	28	1	10.024444384444042	0	true
sp|Q8WWN8|ARAP3_HUMAN	9	0	3.8651245195480044	0	true
sp|Q8WWQ0|PHIP_HUMAN	42	3	8.620260839172692	0	true
sp|Q8WWV3|RT4I1_HUMAN	13	0	7.796012691868796	0	true
sp|Q8WWW0|RASF5_HUMAN	4	0	4.608173259999669	0	true
sp|Q8WWY3|PRP31_HUMAN	20	0	9.436091252811416	0	true
sp|Q8WWZ8|OIT3_HUMAN	4	0	2.3243753048857765	0	true
sp|Q8WX92|NELFB_HUMAN	22	0	8.847499767647175	0	true
sp|Q8WX93|PALLD_HUMAN	31	1	9.4065638721623	0	true
sp|Q8WXA3|RUFY2_HUMAN	17	2	5.289598333122023	0	true
sp|Q8WXA9|SREK1_HUMAN	11	0	10.108595538272539	0	true
sp|Q8WXD0|RXFP2_HUMAN	1	0	2.4948983196700056	0	true
sp|Q8WXD5|GEMI6_HUMAN	6	0	5.85635034178862	0	true
sp|Q8WXE0|CSKI2_HUMAN	14	0	4.130446100512646	0	true
sp|Q8WXE1|ATRIP_HUMAN	11	0	5.612912755214431	0	true
sp|Q8WXE9|STON2_HUMAN	11	0	4.192683435501822	0	true
sp|Q8WXF1|PSPC1_HUMAN	14	2	7.885441394765911	0	true
sp|Q8WXG6|MADD_HUMAN	38	0	7.901917833258568	0	true
sp|Q8WXH0|SYNE2_HUMAN	172	3	8.910247983422149	0	true
sp|Q8WXI7|MUC16_HUMAN	36	0	6.965233199309	0	true
sp|Q8WXI9|P66B_HUMAN	18	2	9.537458748089216	0	true
sp|Q8WXW3|PIBF1_HUMAN	12	0	4.928064647820034	0	true
sp|Q8WXX5|DNJC9_HUMAN	15	0	8.021803043121675	0	true
sp|Q8WY22|BRI3B_HUMAN	3	0	7.740223682331788	0	true
sp|Q8WY36|BBX_HUMAN	12	0	4.229432225348162	0	true
sp|Q8WY91|THAP4_HUMAN	2	0	2.7580147876576397	0	true
sp|Q8WYA0|IFT81_HUMAN	1	0	2.7634962972827393	0	true
sp|Q8WYA6|CTBL1_HUMAN	18	0	8.483474325468414	0	true
sp|Q8WYB5|KAT6B_HUMAN	1	4	4.86441520170518	0	true
sp|Q8WYH8|ING5_HUMAN	4	1	3.5657388819049	0	true
sp|Q8WYL5|SSH1_HUMAN	3	0	2.1634294553551965	0	true
sp|Q8WYN0|ATG4A_HUMAN	5	0	2.687412856268534	0	true
sp|Q8WYP5|ELYS_HUMAN	71	0	10.859163334150097	0	true
sp|Q8WYQ5|DGCR8_HUMAN	4	0	6.083476668734416	0	true
sp|Q8WZ42|TITIN_HUMAN	16	0	5.065583125718397	0	true
sp|Q8WZ73|RFFL_HUMAN	2	0	2.352452198654514	0	true
sp|Q8WZ82|OVCA2_HUMAN	5	0	6.031781726341052	0	true
sp|Q8WZA0|LZIC_HUMAN	11	0	8.617960262124619	0	true
sp|Q8WZA1|PMGT1_HUMAN	7	0	4.839205076858883	0	true
sp|Q8WZA9|IRGQ_HUMAN	16	0	8.30538083848853	0	true
sp|Q92466|DDB2_HUMAN	18	0	7.716921974730076	0	true
sp|Q92478|CLC2B_HUMAN	3	0	8.19035340987125	0	true
sp|Q92484|ASM3A_HUMAN	2	0	2.4950812356807606	0	true
sp|Q92485|ASM3B_HUMAN	9	0	8.34232249572079	0	true
sp|Q92499|DDX1_HUMAN	33	0	10.441807752857672	0	true
sp|Q92504|S39A7_HUMAN	1	0	8.018096724619708	0	true
sp|Q92506|DHB8_HUMAN	7	0	7.357640550184938	0	true
sp|Q92508|PIEZ1_HUMAN	13	0	3.7464532506207537	0	true
sp|Q92520|FAM3C_HUMAN	7	0	8.809646349197632	0	true
sp|Q92521|PIGB_HUMAN	2	0	1.9707204317701443	0	true
sp|Q92522|H1X_HUMAN	11	0	9.297858628444121	0	true
sp|Q92526|TCPW_HUMAN	1	5	9.380195971619434	0	true
sp|Q92530|PSMF1_HUMAN	9	0	7.659825149858758	0	true
sp|Q92536|YLAT2_HUMAN	1	1	4.803449046050688	0	true
sp|Q92538|GBF1_HUMAN	43	0	10.033767987220566	0	true
sp|Q92540|SMG7_HUMAN	9	0	3.1881766143369923	0	true
sp|Q92541|RTF1_HUMAN	31	0	9.229455096009263	0	true
sp|Q92542|NICA_HUMAN	14	0	9.042667954565447	0	true
sp|Q92544|TM9S4_HUMAN	13	0	9.169435054851402	0	true
sp|Q92545|TM131_HUMAN	9	0	3.519196442677365	0	true
sp|Q92546|RGP1_HUMAN	3	0	1.9875553888115673	0	true
sp|Q92547|TOPB1_HUMAN	29	0	6.071772589527616	0	true
sp|Q92551|IP6K1_HUMAN	7	0	2.805350934760656	0	true
sp|Q92552|RT27_HUMAN	21	0	9.4890089043837	0	true
sp|Q92556|ELMO1_HUMAN	2	3	3.5272419393313084	0	true
sp|Q92558|WASF1_HUMAN	3	0	3.564520280094503	0	true
sp|Q92560|BAP1_HUMAN	8	0	3.2628839131950285	0	true
sp|Q92562|FIG4_HUMAN	7	0	3.490026766395835	0	true
sp|Q92564|DCNL4_HUMAN	3	1	3.7809097929254984	0	true
sp|Q92572|AP3S1_HUMAN	6	0	5.685118878258364	0	true
sp|Q92574|TSC1_HUMAN	15	0	4.255729843756369	0	true
sp|Q92575|UBXN4_HUMAN	10	0	6.18065514387192	0	true
sp|Q92576|PHF3_HUMAN	58	0	8.032810462117403	0	true
sp|Q92581|SL9A6_HUMAN	8	0	6.3210120923636435	0	true
sp|Q92585|MAML1_HUMAN	2	0	2.6266383228719663	0	true
sp|Q92597|NDRG1_HUMAN	8	0	9.770115833733607	0	true
sp|Q92598|HS105_HUMAN	39	4	10.828643799924498	0	true
sp|Q92599|SEPT8_HUMAN	8	5	9.765258839726899	0	true
sp|Q92600|CNOT9_HUMAN	12	0	9.968384298049466	0	true
sp|Q92604|LGAT1_HUMAN	4	0	4.991068679623087	0	true
sp|Q92608|DOCK2_HUMAN	2	0	2.821984244157694	0	true
sp|Q92609|TBCD5_HUMAN	18	0	6.988413737439637	0	true
sp|Q92610|ZN592_HUMAN	15	0	3.779156238001093	0	true
sp|Q92613|JADE3_HUMAN	10	1	5.548590647732652	0	true
sp|Q92614|MY18A_HUMAN	74	0	11.533654557794156	0	true
sp|Q92615|LAR4B_HUMAN	19	1	9.158159485487358	0	true
sp|Q92616|GCN1_HUMAN	119	0	10.253279932343936	0	true
sp|Q92619|HMHA1_HUMAN	19	0	4.705278062792054	0	true
sp|Q92620|PRP16_HUMAN	35	1	10.001253639029658	0	true
sp|Q92621|NU205_HUMAN	61	0	9.238194695048325	0	true
sp|Q92625|ANS1A_HUMAN	16	1	7.556599830032873	0	true
sp|Q92626|PXDN_HUMAN	12	0	5.636466819136484	0	true
sp|Q92636|FAN_HUMAN	5	0	2.8601496700068774	0	true
sp|Q92643|GPI8_HUMAN	12	0	8.877269645256208	0	true
sp|Q92664|TF3A_HUMAN	6	0	3.0625502141139487	0	true
sp|Q92665|RT31_HUMAN	12	0	8.368046361229135	0	true
sp|Q92667|AKAP1_HUMAN	23	0	8.126507239960864	0	true
sp|Q92674|CENPI_HUMAN	4	0	2.939811592678896	0	true
sp|Q92685|ALG3_HUMAN	3	0	7.663093217205604	0	true
sp|Q92688|AN32B_HUMAN	8	3	9.16132698878947	0	true
sp|Q92692|NECT2_HUMAN	9	0	6.730684131716297	0	true
sp|Q92696|PGTA_HUMAN	21	0	8.095635187281474	0	true
sp|Q92731|ESR2_HUMAN	1	0	2.35241997897902	0	true
sp|Q92733|PRCC_HUMAN	8	0	5.886066311723866	0	true
sp|Q92734|TFG_HUMAN	11	0	9.45297636419041	0	true
sp|Q92738|US6NL_HUMAN	2	0	2.288757712371371	0	true
sp|Q92743|HTRA1_HUMAN	11	0	7.631011863325308	0	true
sp|Q92747|ARC1A_HUMAN	14	1	9.41111596491319	0	true
sp|Q92750|TAF4B_HUMAN	3	1	2.4503482331329853	0	true
sp|Q92754|AP2C_HUMAN	2	4	4.781251514910881	0	true
sp|Q92759|TF2H4_HUMAN	7	0	8.621311186131276	0	true
sp|Q92766|RREB1_HUMAN	27	0	7.193995004913158	0	true
sp|Q92769|HDAC2_HUMAN	10	5	10.597208971395245	0	true
sp|Q92771|DDX12_HUMAN	0	18	3.43294586537868	0	true
sp|Q92782|DPF1_HUMAN	1	1	4.86441520170518	0	true
sp|Q92783|STAM1_HUMAN	10	2	8.5857238313232	0	true
sp|Q92785|REQU_HUMAN	11	1	8.112652303482466	0	true
sp|Q92793|CBP_HUMAN	14	12	7.16413852228502	0	true
sp|Q92794|KAT6A_HUMAN	7	3	4.86441520170518	0	true
sp|Q92796|DLG3_HUMAN	14	3	8.139975755576362	0	true
sp|Q92797|SYMPK_HUMAN	48	0	11.1999447345755	0	true
sp|Q92804|RBP56_HUMAN	15	2	8.336190584866552	0	true
sp|Q92805|GOGA1_HUMAN	20	0	7.569881733719424	0	true
sp|Q92817|EVPL_HUMAN	57	0	7.051608856135261	0	true
sp|Q92820|GGH_HUMAN	10	0	9.20407644454698	0	true
sp|Q92828|COR2A_HUMAN	4	1	1.936597475334166	0	true
sp|Q92830|KAT2A_HUMAN	12	0	6.412581814888341	0	true
sp|Q92834|RPGR_HUMAN	3	0	1.903125031747299	0	true
sp|Q92835|SHIP1_HUMAN	2	1	3.695298903568013	0	true
sp|Q92841|DDX17_HUMAN	24	8	10.317595848757826	0	true
sp|Q92844|TANK_HUMAN	6	0	2.925378387385105	0	true
sp|Q92845|KIFA3_HUMAN	14	1	5.1950968285611	0	true
sp|Q92851|CASPA_HUMAN	5	0	3.9691430501199707	0	true
sp|Q92859|NEO1_HUMAN	24	0	8.538492469421643	0	true
sp|Q92878|RAD50_HUMAN	58	0	10.746239508635869	0	true
sp|Q92879|CELF1_HUMAN	14	2	9.722636484384767	0	true
sp|Q92882|OSTF1_HUMAN	8	0	9.454229843705102	0	true
sp|Q92887|MRP2_HUMAN	23	1	8.932395596835203	0	true
sp|Q92888|ARHG1_HUMAN	34	0	9.319779846179799	0	true
sp|Q92889|XPF_HUMAN	20	0	6.275191854742863	0	true
sp|Q92890|UFD1_HUMAN	15	0	7.614813922774156	0	true
sp|Q92896|GSLG1_HUMAN	40	0	9.124278502089327	0	true
sp|Q92900|RENT1_HUMAN	44	0	9.66316765062126	0	true
sp|Q92905|CSN5_HUMAN	15	0	8.764953607222168	0	true
sp|Q92908|GATA6_HUMAN	4	0	3.948893552749618	0	true
sp|Q92917|GPKOW_HUMAN	24	0	9.627458654503904	0	true
sp|Q92922|SMRC1_HUMAN	24	10	9.946227713706763	0	true
sp|Q92925|SMRD2_HUMAN	14	2	8.939532359539337	0	true
sp|Q92928|RAB1C_HUMAN	2	8	10.375284427498285	0	true
sp|Q92930|RAB8B_HUMAN	4	4	6.895953962179599	0	true
sp|Q92934|BAD_HUMAN	5	0	4.184184654277585	0	true
sp|Q92945|FUBP2_HUMAN	31	3	9.314602176193521	0	true
sp|Q92947|GCDH_HUMAN	11	0	7.828549851228043	0	true
sp|Q92954|PRG4_HUMAN	3	0	5.715322133965019	0	true
sp|Q92963|RIT1_HUMAN	3	0	3.1159929546928353	0	true
sp|Q92968|PEX13_HUMAN	6	0	4.264161564398132	0	true
sp|Q92973|TNPO1_HUMAN	24	8	9.850801705948065	0	true
sp|Q92974|ARHG2_HUMAN	39	0	9.70287272022004	0	true
sp|Q92979|NEP1_HUMAN	12	0	7.800251861451102	0	true
sp|Q92989|CLP1_HUMAN	10	0	4.987642527382736	0	true
sp|Q92990|GLMN_HUMAN	15	0	7.373735323866811	0	true
sp|Q92993|KAT5_HUMAN	5	0	1.9146600447709619	0	true
sp|Q92994|TF3B_HUMAN	5	0	2.2868902175357353	0	true
sp|Q92995|UBP13_HUMAN	20	2	8.318969082285275	0	true
sp|Q92997|DVL3_HUMAN	2	3	4.677094162399126	0	true
sp|Q93008|USP9X_HUMAN	78	0	10.275625162135286	0	true
sp|Q93009|UBP7_HUMAN	53	0	10.558529505333487	0	true
sp|Q93015|NAA80_HUMAN	4	0	4.291296986203596	0	true
sp|Q93034|CUL5_HUMAN	26	0	7.3889666167440105	0	true
sp|Q93045|STMN2_HUMAN	1	3	6.579990709773039	0	true
sp|Q93050|VPP1_HUMAN	15	2	6.915943203570931	0	true
sp|Q93052|LPP_HUMAN	20	0	9.733156077110488	0	true
sp|Q93062|RBPMS_HUMAN	3	0	6.95043413555104	0	true
sp|Q93063|EXT2_HUMAN	7	0	4.266652351004825	0	true
sp|Q93073|SBP2L_HUMAN	4	1	1.9760801620596746	0	true
sp|Q93074|MED12_HUMAN	17	3	6.212378700714078	0	true
sp|Q93096|TP4A1_HUMAN	6	3	10.61432214838005	0	true
sp|Q93099|HGD_HUMAN	4	0	5.401083216969509	0	true
sp|Q93100|KPBB_HUMAN	16	0	4.73295066236499	0	true
sp|Q969E2|SCAM4_HUMAN	3	0	6.7613013630308645	0	true
sp|Q969E8|TSR2_HUMAN	3	0	6.816478097725211	0	true
sp|Q969F9|HPS3_HUMAN	27	0	6.906276189196602	0	true
sp|Q969G3|SMCE1_HUMAN	17	1	9.71447760006323	0	true
sp|Q969G5|CAVN3_HUMAN	3	0	2.1102215016801407	0	true
sp|Q969G6|RIFK_HUMAN	2	0	2.575072549845013	0	true
sp|Q969H6|POP5_HUMAN	3	0	8.157193899852354	0	true
sp|Q969H8|MYDGF_HUMAN	5	0	9.9003625598173	0	true
sp|Q969J2|ZKSC4_HUMAN	2	0	3.549912020202106	0	true
sp|Q969J3|BORC5_HUMAN	7	0	5.008480886395758	0	true
sp|Q969K3|RNF34_HUMAN	7	1	5.708302458032707	0	true
sp|Q969L2|MAL2_HUMAN	1	0	6.933419629489613	0	true
sp|Q969M3|YIPF5_HUMAN	2	0	9.600982807731539	0	true
sp|Q969M7|UBE2F_HUMAN	5	0	5.446656775294401	0	true
sp|Q969N2|PIGT_HUMAN	14	0	8.82232510972068	0	true
sp|Q969P0|IGSF8_HUMAN	6	0	4.572873033038966	0	true
sp|Q969Q0|RL36L_HUMAN	1	5	8.24989299629186	0	true
sp|Q969Q5|RAB24_HUMAN	3	0	3.4960281495004684	0	true
sp|Q969R2|OSBP2_HUMAN	14	2	6.893900712992421	0	true
sp|Q969R5|LMBL2_HUMAN	3	0	1.898554882557009	0	true
sp|Q969R8|ITFG2_HUMAN	8	0	2.2213274757775774	0	true
sp|Q969S2|NEIL2_HUMAN	3	0	2.4723693226248638	0	true
sp|Q969S3|ZN622_HUMAN	19	0	9.080044901631604	0	true
sp|Q969S9|RRF2M_HUMAN	19	0	9.047372640711615	0	true
sp|Q969T4|UB2E3_HUMAN	1	3	6.813535581338694	0	true
sp|Q969T7|5NT3B_HUMAN	7	0	3.117035607948301	0	true
sp|Q969T9|WBP2_HUMAN	5	0	2.9369600320560214	0	true
sp|Q969U7|PSMG2_HUMAN	9	0	8.072355508842012	0	true
sp|Q969V3|NCLN_HUMAN	21	0	11.143896603822466	0	true
sp|Q969X1|LFG3_HUMAN	2	0	3.3188032917172055	0	true
sp|Q969X5|ERGI1_HUMAN	10	0	7.059854403280843	0	true
sp|Q969X6|UTP4_HUMAN	22	0	9.882449547300695	0	true
sp|Q969Y2|GTPB3_HUMAN	9	0	6.526842668350458	0	true
sp|Q969Z0|FAKD4_HUMAN	18	0	9.157746542223252	0	true
sp|Q969Z3|MARC2_HUMAN	9	1	7.313767661963932	0	true
sp|Q96A26|F162A_HUMAN	5	0	9.306594630888155	0	true
sp|Q96A33|CCD47_HUMAN	18	0	10.711966000157682	0	true
sp|Q96A35|RM24_HUMAN	9	0	8.077695980634452	0	true
sp|Q96A49|SYAP1_HUMAN	12	0	11.884981902244576	0	true
sp|Q96A65|EXOC4_HUMAN	32	0	9.746993038751977	0	true
sp|Q96A73|P33MX_HUMAN	5	0	4.235904485844727	0	true
sp|Q96AA3|RFT1_HUMAN	5	0	5.137092756189105	0	true
sp|Q96AB3|ISOC2_HUMAN	4	0	9.376205641243795	0	true
sp|Q96AC1|FERM2_HUMAN	29	2	10.830364760993737	0	true
sp|Q96AD5|PLPL2_HUMAN	7	0	3.67810818872456	0	true
sp|Q96AE4|FUBP1_HUMAN	25	4	9.689043558727061	0	true
sp|Q96AE7|TTC17_HUMAN	17	0	3.0782808680132066	0	true
sp|Q96AG4|LRC59_HUMAN	11	0	10.993966200834452	0	true
sp|Q96AJ9|VTI1A_HUMAN	6	0	9.165761916665382	0	true
sp|Q96AN5|TM143_HUMAN	3	0	4.150121781441775	0	true
sp|Q96AP0|ACD_HUMAN	3	0	3.7055080782216643	0	true
sp|Q96AQ6|PBIP1_HUMAN	18	0	8.198001206408385	0	true
sp|Q96AQ8|MCUR1_HUMAN	10	0	8.183906657623591	0	true
sp|Q96AT1|K1143_HUMAN	5	0	3.929293554120725	0	true
sp|Q96AT9|RPE_HUMAN	6	0	5.855747391285295	0	true
sp|Q96AX1|VP33A_HUMAN	16	0	3.7765641640490335	0	true
sp|Q96AY2|EME1_HUMAN	7	0	4.4598718727963975	0	true
sp|Q96AY3|FKB10_HUMAN	22	0	8.57139368241395	0	true
sp|Q96AY4|TTC28_HUMAN	27	0	3.901642360569375	0	true
sp|Q96B01|R51A1_HUMAN	7	0	3.3472113828977847	0	true
sp|Q96B21|TM45B_HUMAN	2	0	3.3697812623357564	0	true
sp|Q96B23|ARK2N_HUMAN	8	0	7.2666401177354905	0	true
sp|Q96B26|EXOS8_HUMAN	10	0	7.724227879603667	0	true
sp|Q96B36|AKTS1_HUMAN	6	0	5.508029101334603	0	true
sp|Q96B45|BORC7_HUMAN	5	0	2.9895624673406616	0	true
sp|Q96B54|ZN428_HUMAN	3	0	4.536485094154499	0	true
sp|Q96B70|LENG9_HUMAN	13	0	5.99453421775489	0	true
sp|Q96B97|SH3K1_HUMAN	21	0	9.928774080255428	0	true
sp|Q96BD0|SO4A1_HUMAN	5	0	3.476773092507604	0	true
sp|Q96BD5|PF21A_HUMAN	7	0	3.424499229731297	0	true
sp|Q96BF6|NACC2_HUMAN	4	1	4.766957158687711	0	true
sp|Q96BH1|RNF25_HUMAN	8	0	3.8005512142008575	0	true
sp|Q96BI1|S22AI_HUMAN	3	0	4.844280831399633	0	true
sp|Q96BI3|APH1A_HUMAN	3	0	3.1504225306529956	0	true
sp|Q96BJ3|AIDA_HUMAN	9	0	7.5223769501382485	0	true
sp|Q96BJ8|ELMO3_HUMAN	4	0	3.450095222013336	0	true
sp|Q96BK5|PINX1_HUMAN	7	0	4.391172350219964	0	true
sp|Q96BM9|ARL8A_HUMAN	3	5	8.533402297789658	0	true
sp|Q96BN2|TADA1_HUMAN	5	0	4.143505969656725	0	true
sp|Q96BN8|OTUL_HUMAN	18	0	7.719196827411023	0	true
sp|Q96BP2|CHCH1_HUMAN	2	0	5.917249051887096	0	true
sp|Q96BP3|PPWD1_HUMAN	27	0	9.2495312622467	0	true
sp|Q96BQ5|CC127_HUMAN	10	0	5.667094782044293	0	true
sp|Q96BR5|COA7_HUMAN	10	0	5.56308542924306	0	true
sp|Q96BR9|ZBT8A_HUMAN	2	0	2.878038598120528	0	true
sp|Q96BT3|CENPT_HUMAN	4	0	4.259415507410444	0	true
sp|Q96BU1|S1PBP_HUMAN	2	0	2.8015047792330123	0	true
sp|Q96BW1|UPP_HUMAN	5	0	3.650516577587115	0	true
sp|Q96BW5|PTER_HUMAN	11	0	6.680019483894101	0	true
sp|Q96BW9|TAM41_HUMAN	8	0	10.984053796824954	0	true
sp|Q96BX8|MOB3A_HUMAN	4	0	3.1574701122830433	0	true
sp|Q96BY7|ATG2B_HUMAN	13	1	4.009619936540658	0	true
sp|Q96BY9|SARAF_HUMAN	4	0	2.948559021456681	0	true
sp|Q96BZ8|LENG1_HUMAN	5	0	4.4065644684553185	0	true
sp|Q96BZ9|TBC20_HUMAN	3	0	4.096331603478072	0	true
sp|Q96C00|ZBTB9_HUMAN	3	0	4.044970298676096	0	true
sp|Q96C01|F136A_HUMAN	7	0	10.56312953584291	0	true
sp|Q96C19|EFHD2_HUMAN	9	2	8.836628048961636	0	true
sp|Q96C23|GALM_HUMAN	8	0	8.81124180476892	0	true
sp|Q96C24|SYTL4_HUMAN	22	0	6.790134482751607	0	true
sp|Q96C36|P5CR2_HUMAN	8	1	9.752420089172663	0	true
sp|Q96C57|CSTOS_HUMAN	9	0	8.682481926150638	0	true
sp|Q96C86|DCPS_HUMAN	12	0	9.958600089880427	0	true
sp|Q96C90|PP14B_HUMAN	4	0	8.46686342338855	0	true
sp|Q96C92|ENTR1_HUMAN	5	0	3.5385801995505335	0	true
sp|Q96CB8|INT12_HUMAN	13	0	8.583088951686143	0	true
sp|Q96CB9|NSUN4_HUMAN	9	0	7.0672590238085045	0	true
sp|Q96CD0|FBXL8_HUMAN	3	0	2.438374118553254	0	true
sp|Q96CD2|COAC_HUMAN	7	0	7.980595509582285	0	true
sp|Q96CF2|CHM4C_HUMAN	2	0	1.9458622192126243	0	true
sp|Q96CM3|RUSD4_HUMAN	6	0	5.752302657412576	0	true
sp|Q96CM8|ACSF2_HUMAN	16	0	8.591558489570872	0	true
sp|Q96CN7|ISOC1_HUMAN	8	0	10.303190375160224	0	true
sp|Q96CN9|GCC1_HUMAN	10	0	3.9183281618473433	0	true
sp|Q96CP2|FWCH2_HUMAN	8	1	8.131878611145286	0	true
sp|Q96CP6|ASTRA_HUMAN	3	1	2.1528873214309057	0	true
sp|Q96CP7|TLCD1_HUMAN	2	0	2.7876485263545203	0	true
sp|Q96CQ1|S2536_HUMAN	4	1	3.759867977092458	0	true
sp|Q96CS2|HAUS1_HUMAN	8	0	5.854382587461318	0	true
sp|Q96CS3|FAF2_HUMAN	20	0	10.735953003461596	0	true
sp|Q96CS4|ZN689_HUMAN	4	0	4.170217038111419	0	true
sp|Q96CT7|CC124_HUMAN	13	0	8.907450517691586	0	true
sp|Q96CU9|FXRD1_HUMAN	12	0	8.093994084987576	0	true
sp|Q96CV9|OPTN_HUMAN	19	0	7.202537031282047	0	true
sp|Q96CW1|AP2M1_HUMAN	23	0	9.541952249043943	0	true
sp|Q96CW5|GCP3_HUMAN	32	0	8.417872688084287	0	true
sp|Q96D31|ORAI1_HUMAN	3	0	6.809642575809353	0	true
sp|Q96D46|NMD3_HUMAN	20	0	8.919119765761463	0	true
sp|Q96D53|COQ8B_HUMAN	16	0	7.241761782334696	0	true
sp|Q96D70|R3HD4_HUMAN	3	0	2.3016266851463762	0	true
sp|Q96D71|REPS1_HUMAN	10	1	4.366620582477964	0	true
sp|Q96DA6|TIM14_HUMAN	7	0	6.170051114631866	0	true
sp|Q96DB5|RMD1_HUMAN	10	0	8.168108319770784	0	true
sp|Q96DC7|TMCO6_HUMAN	3	0	3.7473202057143205	0	true
sp|Q96DE0|NUD16_HUMAN	3	1	3.445120388807529	0	true
sp|Q96DE5|APC16_HUMAN	4	0	5.926190390082793	0	true
sp|Q96DF8|ESS2_HUMAN	9	0	6.3729164020823745	0	true
sp|Q96DG6|CMBL_HUMAN	14	0	8.331173864837668	0	true
sp|Q96DH6|MSI2H_HUMAN	8	0	9.485657556606192	0	true
sp|Q96DI7|SNR40_HUMAN	13	0	9.026412725200327	0	true
sp|Q96DM3|RMC1_HUMAN	11	0	4.623577896051788	0	true
sp|Q96DP5|FMT_HUMAN	10	0	5.773015411208178	0	true
sp|Q96DV4|RM38_HUMAN	19	0	8.691902641031655	0	true
sp|Q96DX4|RSPRY_HUMAN	4	0	5.0352327900492915	0	true
sp|Q96DX5|ASB9_HUMAN	5	0	4.038246409827666	0	true
sp|Q96DX7|TRI44_HUMAN	2	0	2.9859481508691625	0	true
sp|Q96DZ1|ERLEC_HUMAN	17	0	7.946196186890963	0	true
sp|Q96E11|RRFM_HUMAN	10	0	10.060638693644535	0	true
sp|Q96E14|RMI2_HUMAN	2	0	4.074689947747169	0	true
sp|Q96E16|SMI19_HUMAN	1	0	1.9864319565393316	0	true
sp|Q96E22|NGBR_HUMAN	4	0	5.244629420441985	0	true
sp|Q96E29|MTEF3_HUMAN	8	0	6.160226111166633	0	true
sp|Q96E39|RMXL1_HUMAN	5	18	9.132183687128588	0	true
sp|Q96E40|SACA9_HUMAN	1	0	3.9448249968701723	0	true
sp|Q96E52|OMA1_HUMAN	5	0	3.445231854710568	0	true
sp|Q96EA4|SPDLY_HUMAN	9	0	4.823025593137771	0	true
sp|Q96EB1|ELP4_HUMAN	12	0	7.179304607766988	0	true
sp|Q96EB6|SIR1_HUMAN	24	0	6.626143982680262	0	true
sp|Q96EC8|YIPF6_HUMAN	2	0	7.898838428726351	0	true
sp|Q96ED9|HOOK2_HUMAN	7	0	2.314426399184504	0	true
sp|Q96EE3|SEH1_HUMAN	18	0	9.274641210971419	0	true
sp|Q96EI5|TCAL4_HUMAN	9	0	5.73601260376071	0	true
sp|Q96EK4|THA11_HUMAN	5	0	4.590437456010695	0	true
sp|Q96EK5|KBP_HUMAN	19	0	8.764346613998661	0	true
sp|Q96EK6|GNA1_HUMAN	7	0	8.101057661677231	0	true
sp|Q96EK7|F120B_HUMAN	19	0	4.321719486558009	0	true
sp|Q96EK9|KTI12_HUMAN	12	0	8.099519996846457	0	true
sp|Q96EL2|RT24_HUMAN	5	0	4.316105775302959	0	true
sp|Q96EL3|RM53_HUMAN	5	0	10.117271653709428	0	true
sp|Q96EM0|T3HPD_HUMAN	5	0	8.93932623052865	0	true
sp|Q96EN8|MOCOS_HUMAN	33	0	9.439983997578304	0	true
sp|Q96EN9|REX1B_HUMAN	2	0	4.279894931016692	0	true
sp|Q96EP0|RNF31_HUMAN	10	0	4.07104451573821	0	true
sp|Q96EP5|DAZP1_HUMAN	10	0	9.314649378152533	0	true
sp|Q96EQ0|SGTB_HUMAN	4	0	3.231128878160712	0	true
sp|Q96ER3|SAAL1_HUMAN	11	0	8.020922814368708	0	true
sp|Q96ER9|MITOK_HUMAN	16	0	7.40249033687304	0	true
sp|Q96ES7|SGF29_HUMAN	7	0	5.574274488534412	0	true
sp|Q96EU6|RRP36_HUMAN	4	0	8.116162563103657	0	true
sp|Q96EU7|C1GLC_HUMAN	3	0	3.845650378871954	0	true
sp|Q96EV2|RBM33_HUMAN	19	0	7.362737375131888	0	true
sp|Q96EV8|DTBP1_HUMAN	6	0	4.280879711882785	0	true
sp|Q96EW2|HBAP1_HUMAN	5	0	3.505391060603602	0	true
sp|Q96EX1|SIM12_HUMAN	2	0	4.282925300406575	0	true
sp|Q96EX3|DC2I2_HUMAN	6	0	5.3209812877923595	0	true
sp|Q96EY1|DNJA3_HUMAN	13	0	8.786105183967154	0	true
sp|Q96EY4|TMA16_HUMAN	6	0	9.08863846036753	0	true
sp|Q96EY5|MB12A_HUMAN	5	0	8.663292927670607	0	true
sp|Q96EY7|PTCD3_HUMAN	22	0	9.691383359542478	0	true
sp|Q96EY8|MMAB_HUMAN	8	0	7.389172842880303	0	true
sp|Q96EY9|ADAT3_HUMAN	4	0	2.964587589917733	0	true
sp|Q96EZ8|MCRS1_HUMAN	9	0	3.2007548822420815	0	true
sp|Q96F07|CYFP2_HUMAN	7	17	8.412319190574458	0	true
sp|Q96F24|NRBF2_HUMAN	4	0	2.7544098366902965	0	true
sp|Q96F25|ALG14_HUMAN	2	0	5.818221136109926	0	true
sp|Q96F46|I17RA_HUMAN	1	0	2.0149790173421485	0	true
sp|Q96F63|CCD97_HUMAN	11	0	4.290859634114337	0	true
sp|Q96F81|DISP1_HUMAN	4	0	2.526394366776722	0	true
sp|Q96F86|EDC3_HUMAN	25	0	8.162640852258376	0	true
sp|Q96FB5|MT25B_HUMAN	3	0	3.138071810993813	0	true
sp|Q96FC9|DDX11_HUMAN	1	17	3.43294586537868	0	true
sp|Q96FF9|CDCA5_HUMAN	7	0	7.924269497646952	0	true
sp|Q96FH0|BORC8_HUMAN	2	0	2.3976625696182947	0	true
sp|Q96FJ0|STALP_HUMAN	7	0	5.543691105664354	0	true
sp|Q96FJ2|DYL2_HUMAN	1	2	7.7139221480085975	0	true
sp|Q96FK6|WDR89_HUMAN	9	0	5.5926599418038965	0	true
sp|Q96FN4|CPNE2_HUMAN	12	1	7.6337803400235185	0	true
sp|Q96FN9|DTD2_HUMAN	2	0	2.708181017640195	0	true
sp|Q96FQ6|S10AG_HUMAN	7	0	9.346775980117703	0	true
sp|Q96FS4|SIPA1_HUMAN	19	0	7.0569349335492175	0	true
sp|Q96FV2|SCRN2_HUMAN	12	0	7.204915450485438	0	true
sp|Q96FV9|THOC1_HUMAN	26	0	9.966451834730291	0	true
sp|Q96FW1|OTUB1_HUMAN	9	0	9.8283484549011	0	true
sp|Q96FX7|TRM61_HUMAN	8	0	8.617201968382794	0	true
sp|Q96FZ2|HMCES_HUMAN	9	0	6.613481037341884	0	true
sp|Q96FZ7|CHMP6_HUMAN	6	0	8.903653898699545	0	true
sp|Q96G01|BICD1_HUMAN	1	3	2.8095954960428413	0	true
sp|Q96G03|PGM2_HUMAN	25	0	10.444163714615835	0	true
sp|Q96G04|EF2KT_HUMAN	2	0	3.425875779282966	0	true
sp|Q96G21|IMP4_HUMAN	13	0	6.621196674895088	0	true
sp|Q96G23|CERS2_HUMAN	6	0	12.326079245497837	0	true
sp|Q96G25|MED8_HUMAN	8	0	6.706844040105258	0	true
sp|Q96G28|CFA36_HUMAN	8	0	3.222518102312967	0	true
sp|Q96G46|DUS3L_HUMAN	20	0	6.648960889296439	0	true
sp|Q96G74|OTUD5_HUMAN	9	0	6.052313034461534	0	true
sp|Q96GA3|LTV1_HUMAN	14	0	7.263383613094794	0	true
sp|Q96GA7|SDSL_HUMAN	8	0	9.862569739808	0	true
sp|Q96GC5|RM48_HUMAN	5	0	8.870125982039996	0	true
sp|Q96GC9|VMP1_HUMAN	2	0	4.4515474938912485	0	true
sp|Q96GD0|PLPP_HUMAN	10	0	7.816580471034446	0	true
sp|Q96GD4|AURKB_HUMAN	9	1	5.966953446429144	0	true
sp|Q96GE9|DMAC1_HUMAN	1	0	7.893298161327963	0	true
sp|Q96GF1|RN185_HUMAN	2	0	3.6751221457926024	0	true
sp|Q96GG9|DCNL1_HUMAN	8	0	7.402834161742157	0	true
sp|Q96GK7|FAH2A_HUMAN	10	0	8.860170589985247	0	true
sp|Q96GM5|SMRD1_HUMAN	14	2	9.722394813364225	0	true
sp|Q96GM8|TOE1_HUMAN	13	0	10.43953807174785	0	true
sp|Q96GN5|CDA7L_HUMAN	6	0	2.1281604190287204	0	true
sp|Q96GQ5|RUSF1_HUMAN	9	0	5.384040305750116	0	true
sp|Q96GQ7|DDX27_HUMAN	33	0	9.376637052760044	0	true
sp|Q96GR4|ZDH12_HUMAN	1	0	2.4116390671125747	0	true
sp|Q96GS4|BORC6_HUMAN	10	0	8.079542053858013	0	true
sp|Q96GV9|MACIR_HUMAN	3	0	3.423669486937801	0	true
sp|Q96GW9|SYMM_HUMAN	9	0	3.2764648902955877	0	true
sp|Q96GX2|A7L3B_HUMAN	3	0	4.106772492763832	0	true
sp|Q96GX5|GWL_HUMAN	9	1	3.9841484609693367	0	true
sp|Q96GX9|MTNB_HUMAN	13	0	9.178181978146764	0	true
sp|Q96GY0|ZC21A_HUMAN	11	0	3.5332275204516836	0	true
sp|Q96GZ6|S41A3_HUMAN	3	0	4.193977295969734	0	true
sp|Q96H20|SNF8_HUMAN	4	0	8.213905106715938	0	true
sp|Q96H22|CENPN_HUMAN	6	0	5.033768080325592	0	true
sp|Q96H35|RBM18_HUMAN	4	0	2.596063732256076	0	true
sp|Q96H55|MYO19_HUMAN	15	0	4.714105460541753	0	true
sp|Q96H78|S2544_HUMAN	4	0	3.4642928629905874	0	true
sp|Q96H79|ZCCHL_HUMAN	9	0	4.9588904867591035	0	true
sp|Q96HA1|P121A_HUMAN	3	17	8.791744206376796	0	true
sp|Q96HA7|TONSL_HUMAN	21	0	7.19541665056893	0	true
sp|Q96HA8|NTAQ1_HUMAN	3	0	3.200679130420725	0	true
sp|Q96HB5|CC120_HUMAN	5	0	2.8338828644279195	0	true
sp|Q96HC4|PDLI5_HUMAN	25	0	9.328028074965099	0	true
sp|Q96HD1|CREL1_HUMAN	6	0	4.04330569699785	0	true
sp|Q96HE7|ERO1A_HUMAN	22	1	9.184613475494661	0	true
sp|Q96HH6|TMM19_HUMAN	1	0	2.7370463524609616	0	true
sp|Q96HI0|SENP5_HUMAN	5	0	2.584724616255348	0	true
sp|Q96HJ9|FMC1_HUMAN	4	0	4.792353802821828	0	true
sp|Q96HN2|SAHH3_HUMAN	6	12	8.724415482371162	0	true
sp|Q96HP0|DOCK6_HUMAN	8	3	6.596840040418058	0	true
sp|Q96HP4|OXND1_HUMAN	6	0	5.28766603673263	0	true
sp|Q96HR3|MED30_HUMAN	6	0	7.321242808725489	0	true
sp|Q96HR8|NAF1_HUMAN	3	0	4.972336765479813	0	true
sp|Q96HR9|REEP6_HUMAN	2	0	3.8315987412254184	0	true
sp|Q96HS1|PGAM5_HUMAN	16	0	10.473132653939121	0	true
sp|Q96HV5|TM41A_HUMAN	3	0	4.685914283419923	0	true
sp|Q96HW7|INT4_HUMAN	29	0	8.168286424826306	0	true
sp|Q96HY6|DDRGK_HUMAN	8	0	9.792751385977951	0	true
sp|Q96HY7|DHTK1_HUMAN	15	0	5.292484153211384	0	true
sp|Q96I15|SCLY_HUMAN	14	0	7.467177705408193	0	true
sp|Q96I24|FUBP3_HUMAN	24	3	9.282509605378637	0	true
sp|Q96I25|SPF45_HUMAN	15	0	9.88854931028512	0	true
sp|Q96I34|PP16A_HUMAN	2	0	2.4205963165602693	0	true
sp|Q96I36|COX14_HUMAN	1	0	2.2974673810238326	0	true
sp|Q96I51|RCC1L_HUMAN	11	0	8.285903418294057	0	true
sp|Q96I59|SYNM_HUMAN	16	0	7.567689640714251	0	true
sp|Q96I99|SUCB2_HUMAN	17	0	10.967209404701116	0	true
sp|Q96IF1|AJUBA_HUMAN	17	1	8.974299737673746	0	true
sp|Q96IG2|FXL20_HUMAN	9	0	5.206815015509972	0	true
sp|Q96II8|LRCH3_HUMAN	9	0	3.6165305314675744	0	true
sp|Q96IJ6|GMPPA_HUMAN	12	0	8.497021977653814	0	true
sp|Q96IK0|TM101_HUMAN	3	0	1.9803630839615889	0	true
sp|Q96IK1|BOD1_HUMAN	4	2	3.5427115254992003	0	true
sp|Q96IK5|GMCL1_HUMAN	2	0	2.524074207161106	0	true
sp|Q96IP4|TET5A_HUMAN	6	0	4.413234638414352	0	true
sp|Q96IQ9|ZN414_HUMAN	2	0	1.9257439751645367	0	true
sp|Q96IR7|HPDL_HUMAN	15	0	9.123469903490559	0	true
sp|Q96IU2|ZBED3_HUMAN	3	0	4.181316451397197	0	true
sp|Q96IU4|ABHEB_HUMAN	6	0	9.475795721394096	0	true
sp|Q96IV0|NGLY1_HUMAN	6	0	4.753716506818626	0	true
sp|Q96IW7|SC22A_HUMAN	3	0	2.2621199900324065	0	true
sp|Q96IX5|ATPMK_HUMAN	4	0	9.491785794304361	0	true
sp|Q96IY1|NSL1_HUMAN	11	0	6.864715431967991	0	true
sp|Q96IZ0|PAWR_HUMAN	9	1	9.71453386554582	0	true
sp|Q96IZ5|RBM41_HUMAN	3	0	2.849377011698428	0	true
sp|Q96IZ6|MET2A_HUMAN	2	7	3.3263876529232137	0	true
sp|Q96IZ7|RSRC1_HUMAN	6	0	6.939273594326449	0	true
sp|Q96J01|THOC3_HUMAN	12	0	7.792735555376888	0	true
sp|Q96J02|ITCH_HUMAN	25	4	7.17901680688632	0	true
sp|Q96J42|TXD15_HUMAN	3	0	4.312628242154207	0	true
sp|Q96J65|MRP9_HUMAN	1	1	2.657969109299107	0	true
sp|Q96J84|KIRR1_HUMAN	13	0	4.12446703619588	0	true
sp|Q96JB2|COG3_HUMAN	20	0	7.081570123556701	0	true
sp|Q96JB5|CK5P3_HUMAN	17	0	8.963359244655082	0	true
sp|Q96JC1|VPS39_HUMAN	24	0	5.639344767736572	0	true
sp|Q96JC9|EAF1_HUMAN	5	0	6.710000523076918	0	true
sp|Q96JG6|VPS50_HUMAN	29	0	8.405085109757302	0	true
sp|Q96JH7|VCIP1_HUMAN	37	0	9.083245687274836	0	true
sp|Q96JI7|SPTCS_HUMAN	15	0	3.121045921485863	0	true
sp|Q96JJ3|ELMO2_HUMAN	20	3	8.264742399077008	0	true
sp|Q96JJ7|TMX3_HUMAN	11	0	9.817576121969736	0	true
sp|Q96JK2|DCAF5_HUMAN	11	0	2.8277549615945285	0	true
sp|Q96JM3|CHAP1_HUMAN	46	0	7.599693782945254	0	true
sp|Q96JM7|LMBL3_HUMAN	4	0	2.474428341553981	0	true
sp|Q96JN0|LCOR_HUMAN	3	0	2.2751817150711506	0	true
sp|Q96JN8|NEUL4_HUMAN	9	0	3.2706333542266264	0	true
sp|Q96JP2|MY15B_HUMAN	5	0	2.4384663000569895	0	true
sp|Q96JP5|ZFP91_HUMAN	17	0	8.204207963994172	0	true
sp|Q96JY6|PDLI2_HUMAN	6	0	3.086275010625709	0	true
sp|Q96K17|BT3L4_HUMAN	6	0	10.311182222150089	0	true
sp|Q96K19|RN170_HUMAN	4	0	8.051353666851877	0	true
sp|Q96K21|ANCHR_HUMAN	13	0	6.667187025259872	0	true
sp|Q96K37|S35E1_HUMAN	7	0	7.371365049889368	0	true
sp|Q96K58|ZN668_HUMAN	10	1	3.098494135165591	0	true
sp|Q96K76|UBP47_HUMAN	42	0	9.64585804258082	0	true
sp|Q96KA5|CLP1L_HUMAN	11	0	6.765905768628523	0	true
sp|Q96KB5|TOPK_HUMAN	11	0	8.99008224992776	0	true
sp|Q96KC8|DNJC1_HUMAN	10	0	6.590424844060423	0	true
sp|Q96KG9|SCYL1_HUMAN	25	0	10.070425016163028	0	true
sp|Q96KM6|Z512B_HUMAN	13	0	4.977237681630705	0	true
sp|Q96KP1|EXOC2_HUMAN	30	0	8.29969703091247	0	true
sp|Q96KP4|CNDP2_HUMAN	22	0	10.180856682155273	0	true
sp|Q96KQ4|ASPP1_HUMAN	2	1	2.553740514561413	0	true
sp|Q96KQ7|EHMT2_HUMAN	24	1	7.310802542206905	0	true
sp|Q96KR1|ZFR_HUMAN	35	0	11.49262194135908	0	true
sp|Q96KR6|F210B_HUMAN	2	0	2.720000209188114	0	true
sp|Q96L50|LLR1_HUMAN	4	0	3.0455753609153673	0	true
sp|Q96L58|B3GT6_HUMAN	5	0	5.385946210986484	0	true
sp|Q96L91|EP400_HUMAN	37	0	6.095322069497019	0	true
sp|Q96L92|SNX27_HUMAN	17	0	10.049229456783566	0	true
sp|Q96L93|KI16B_HUMAN	6	1	5.914820102308272	0	true
sp|Q96LA8|ANM6_HUMAN	3	0	3.152716392482744	0	true
sp|Q96LD4|TRI47_HUMAN	16	0	8.266152756037323	0	true
sp|Q96LD8|SENP8_HUMAN	2	0	4.571487976051114	0	true
sp|Q96LI5|CNO6L_HUMAN	5	3	5.0094130119813745	0	true
sp|Q96LJ7|DHRS1_HUMAN	9	0	8.85109850194689	0	true
sp|Q96LL9|DJC30_HUMAN	4	0	3.7640882477540116	0	true
sp|Q96LR5|UB2E2_HUMAN	2	3	6.813535581338694	0	true
sp|Q96LT9|RNPC3_HUMAN	9	0	3.305397461588613	0	true
sp|Q96LW7|CAR19_HUMAN	5	0	5.969960733950605	0	true
sp|Q96M27|PRRC1_HUMAN	6	0	10.310039407395902	0	true
sp|Q96M83|CCDC7_HUMAN	2	0	2.5718610026780246	0	true
sp|Q96M86|DNHD1_HUMAN	2	0	1.976607460028652	0	true
sp|Q96M94|KLH15_HUMAN	1	0	3.8173757173942477	0	true
sp|Q96M96|FGD4_HUMAN	7	0	3.2414242715794233	0	true
sp|Q96MD7|CI085_HUMAN	1	0	2.1652500680566202	0	true
sp|Q96ME1|FXL18_HUMAN	16	0	5.703812177405339	0	true
sp|Q96ME7|ZN512_HUMAN	14	0	8.337932613410771	0	true
sp|Q96MF7|NSE2_HUMAN	7	0	6.187476031706288	0	true
sp|Q96MG7|NSE3_HUMAN	11	0	5.766504552786171	0	true
sp|Q96MG8|PCMD1_HUMAN	2	0	2.1207552664775187	0	true
sp|Q96MH2|HEXI2_HUMAN	5	1	8.284179589471924	0	true
sp|Q96MH6|DIESL_HUMAN	2	0	2.425885773337009	0	true
sp|Q96MM7|H6ST2_HUMAN	3	0	4.50008561409502	0	true
sp|Q96MU7|YTDC1_HUMAN	17	0	7.601591259062219	0	true
sp|Q96MV1|TLCD4_HUMAN	1	0	2.332766205714805	0	true
sp|Q96MW1|CCD43_HUMAN	7	0	7.728152398336993	0	true
sp|Q96MW5|COG8_HUMAN	10	0	6.437948590257986	0	true
sp|Q96MX3|ZNF48_HUMAN	5	0	3.4247740979495056	0	true
sp|Q96MX6|DAA10_HUMAN	14	0	6.225241445373349	0	true
sp|Q96MY1|NOL4L_HUMAN	3	0	2.6499660771824773	0	true
sp|Q96N06|SPT33_HUMAN	2	0	3.2736174438706196	0	true
sp|Q96N11|INT15_HUMAN	5	0	5.432164491673748	0	true
sp|Q96N21|AP4AT_HUMAN	5	0	3.9750208286966893	0	true
sp|Q96N46|TTC14_HUMAN	6	0	2.916495569619355	0	true
sp|Q96N64|PWP2A_HUMAN	10	0	4.717157402267608	0	true
sp|Q96N66|MBOA7_HUMAN	9	0	9.34446718981675	0	true
sp|Q96N67|DOCK7_HUMAN	40	3	7.479073361302091	0	true
sp|Q96NA2|RILP_HUMAN	4	0	3.1989884390437506	0	true
sp|Q96NA8|TSNA1_HUMAN	2	0	2.7789669956669267	0	true
sp|Q96NB1|CEP20_HUMAN	2	0	2.045833554370868	0	true
sp|Q96NB2|SFXN2_HUMAN	8	0	6.635379072433793	0	true
sp|Q96NB3|ZN830_HUMAN	9	0	8.6229203663434	0	true
sp|Q96NC0|ZMAT2_HUMAN	5	0	6.681114823649532	0	true
sp|Q96ND0|F210A_HUMAN	4	0	4.771766433347817	0	true
sp|Q96NG5|ZN558_HUMAN	1	2	7.22616602928	0	true
sp|Q96NT5|PCFT_HUMAN	1	0	2.2408801540343726	0	true
sp|Q96NW4|ANR27_HUMAN	10	0	3.537382313143499	0	true
sp|Q96NY9|MUS81_HUMAN	9	0	8.131231380519507	0	true
sp|Q96P11|NSUN5_HUMAN	20	0	8.4294697593072	0	true
sp|Q96P16|RPR1A_HUMAN	15	0	10.247507729215563	0	true
sp|Q96P44|COLA1_HUMAN	2	0	4.940087676983971	0	true
sp|Q96P47|AGAP3_HUMAN	8	2	8.727133530871736	0	true
sp|Q96P48|ARAP1_HUMAN	33	0	7.9301184486464695	0	true
sp|Q96P53|WDFY2_HUMAN	4	0	2.1050246440646525	0	true
sp|Q96P70|IPO9_HUMAN	25	0	11.39082091801462	0	true
sp|Q96PC3|AP1S3_HUMAN	1	1	4.348569448421191	0	true
sp|Q96PC5|MIA2_HUMAN	21	13	10.338169307019054	0	true
sp|Q96PD5|PGRP2_HUMAN	1	0	1.8922128473685862	0	true
sp|Q96PE2|ARHGH_HUMAN	14	1	3.274521769856251	0	true
sp|Q96PE3|INP4A_HUMAN	6	0	4.269739633622586	0	true
sp|Q96PE7|MCEE_HUMAN	2	0	4.176949146674632	0	true
sp|Q96PK6|RBM14_HUMAN	28	0	10.180601375445773	0	true
sp|Q96PM5|ZN363_HUMAN	5	0	2.922379555531471	0	true
sp|Q96PM9|Z385A_HUMAN	4	0	3.995330945915469	0	true
sp|Q96PU4|UHRF2_HUMAN	19	1	7.355060810540301	0	true
sp|Q96PU5|NED4L_HUMAN	19	5	8.533290622130087	0	true
sp|Q96PU8|QKI_HUMAN	13	0	7.791467221482177	0	true
sp|Q96PV6|LENG8_HUMAN	11	0	7.344496309395473	0	true
sp|Q96PX8|SLIK1_HUMAN	1	0	2.8856180801256253	0	true
sp|Q96PY5|FMNL2_HUMAN	9	5	5.208973512493233	0	true
sp|Q96PZ0|PUS7_HUMAN	32	0	11.623366463557451	0	true
sp|Q96PZ2|F111A_HUMAN	8	0	6.754218908941088	0	true
sp|Q96Q05|TPPC9_HUMAN	16	0	4.737841953319096	0	true
sp|Q96Q11|TRNT1_HUMAN	19	0	8.954395435459997	0	true
sp|Q96Q15|SMG1_HUMAN	54	0	5.739721097523808	0	true
sp|Q96QC0|PP1RA_HUMAN	29	0	8.497198253741445	0	true
sp|Q96QD5|DEPD7_HUMAN	14	0	6.862316991396697	0	true
sp|Q96QD8|S38A2_HUMAN	5	0	10.5825871761666	0	true
sp|Q96QD9|UIF_HUMAN	14	0	8.036979746075122	0	true
sp|Q96QE3|ATAD5_HUMAN	9	0	3.0876543247090678	0	true
sp|Q96QE5|TEFM_HUMAN	8	0	6.2988641607357945	0	true
sp|Q96QF0|RAB3I_HUMAN	4	1	2.56128539929712	0	true
sp|Q96QG7|MTMR9_HUMAN	12	0	4.269696212306648	0	true
sp|Q96QK1|VPS35_HUMAN	36	0	9.575469474928116	0	true
sp|Q96QR8|PURB_HUMAN	8	1	9.460352650888524	0	true
sp|Q96QT4|TRPM7_HUMAN	15	0	3.0810043617271203	0	true
sp|Q96QT6|PHF12_HUMAN	8	0	2.061567306720469	0	true
sp|Q96QU6|1A1L1_HUMAN	2	0	2.0728079713194933	0	true
sp|Q96QU8|XPO6_HUMAN	20	0	7.102599999554997	0	true
sp|Q96QZ7|MAGI1_HUMAN	1	1	3.3838301882076087	0	true
sp|Q96R06|SPAG5_HUMAN	20	0	8.051001005899755	0	true
sp|Q96R72|OR4K3_HUMAN	1	0	2.5331034656258327	0	true
sp|Q96RD7|PANX1_HUMAN	2	0	3.2688684153773324	0	true
sp|Q96RE7|NACC1_HUMAN	10	1	8.805850912839688	0	true
sp|Q96RF0|SNX18_HUMAN	4	0	3.0366438128433724	0	true
sp|Q96RG2|PASK_HUMAN	5	0	2.163888882969772	0	true
sp|Q96RK0|CIC_HUMAN	18	0	2.983962947405287	0	true
sp|Q96RL1|UIMC1_HUMAN	16	0	8.131469048195246	0	true
sp|Q96RL7|VP13A_HUMAN	47	0	6.194540995488487	0	true
sp|Q96RN5|MED15_HUMAN	13	0	7.625444412773671	0	true
sp|Q96RP9|EFGM_HUMAN	31	0	10.582142769645124	0	true
sp|Q96RQ1|ERGI2_HUMAN	10	0	9.765313049223533	0	true
sp|Q96RQ3|MCCA_HUMAN	17	0	7.4511985425463205	0	true
sp|Q96RR1|PEO1_HUMAN	8	0	3.5768628649710306	0	true
sp|Q96RS0|TGS1_HUMAN	10	0	3.9645900233607563	0	true
sp|Q96RS6|NUDC1_HUMAN	19	0	9.565296499061004	0	true
sp|Q96RT1|ERBIN_HUMAN	34	1	6.362586977254388	0	true
sp|Q96RT6|CTGE2_HUMAN	1	13	10.338169307019054	0	true
sp|Q96RT7|GCP6_HUMAN	12	0	3.941094262786053	0	true
sp|Q96RT8|GCP5_HUMAN	14	0	8.580463280551166	0	true
sp|Q96RU2|UBP28_HUMAN	17	0	7.331468243505256	0	true
sp|Q96RU3|FNBP1_HUMAN	14	0	4.923954129210564	0	true
sp|Q96RU7|TRIB3_HUMAN	6	0	2.789469704685521	0	true
sp|Q96RY7|IF140_HUMAN	7	0	1.8898365833208188	0	true
sp|Q96S15|WDR24_HUMAN	3	0	3.9114211600331203	0	true
sp|Q96S19|MTL26_HUMAN	11	0	3.9270031960344722	0	true
sp|Q96S38|KS6C1_HUMAN	3	0	1.9152174342472572	0	true
sp|Q96S44|PRPK_HUMAN	6	0	7.659085086462189	0	true
sp|Q96S52|PIGS_HUMAN	15	0	8.942496375356342	0	true
sp|Q96S55|WRIP1_HUMAN	21	0	8.874758622244347	0	true
sp|Q96S59|RANB9_HUMAN	15	2	7.586456886298314	0	true
sp|Q96S66|CLCC1_HUMAN	18	0	8.057538133736786	0	true
sp|Q96S82|UBL7_HUMAN	10	0	8.247446047408054	0	true
sp|Q96S90|LYSM1_HUMAN	3	1	2.9202582024940704	0	true
sp|Q96S97|MYADM_HUMAN	3	0	4.659489550893385	0	true
sp|Q96SB3|NEB2_HUMAN	15	1	5.036850297432867	0	true
sp|Q96SB4|SRPK1_HUMAN	14	5	9.085656591049409	0	true
sp|Q96SB8|SMC6_HUMAN	26	0	6.3039320455111145	0	true
sp|Q96SI1|KCD15_HUMAN	7	0	5.869498313526174	0	true
sp|Q96SI9|STRBP_HUMAN	34	4	8.343976897154576	0	true
sp|Q96SK2|TM209_HUMAN	10	0	7.6253538636689315	0	true
sp|Q96SL1|DIRC2_HUMAN	2	0	4.088599157521173	0	true
sp|Q96SL8|FIZ1_HUMAN	5	0	2.843357373688686	0	true
sp|Q96SN8|CK5P2_HUMAN	19	0	7.429265406805772	0	true
sp|Q96SQ9|CP2S1_HUMAN	8	0	6.022465643572609	0	true
sp|Q96SR6|ZN382_HUMAN	1	2	4.47396202086979	0	true
sp|Q96ST2|IWS1_HUMAN	14	0	7.2474439732843265	0	true
sp|Q96ST3|SIN3A_HUMAN	34	0	9.050793262919008	0	true
sp|Q96SU4|OSBL9_HUMAN	17	0	9.163000783341351	0	true
sp|Q96SW2|CRBN_HUMAN	10	0	3.194830663240496	0	true
sp|Q96SY0|INT14_HUMAN	17	0	7.8120036432610025	0	true
sp|Q96SZ5|AEDO_HUMAN	7	0	8.372440856560239	0	true
sp|Q96SZ6|CK5P1_HUMAN	5	0	3.2502623637528787	0	true
sp|Q96T21|SEBP2_HUMAN	7	1	3.9344809601353083	0	true
sp|Q96T23|RSF1_HUMAN	40	0	10.622862279466261	0	true
sp|Q96T37|RBM15_HUMAN	32	3	9.002178119018495	0	true
sp|Q96T51|RUFY1_HUMAN	26	2	7.874493937102612	0	true
sp|Q96T58|MINT_HUMAN	58	0	6.61868956730212	0	true
sp|Q96T60|PNKP_HUMAN	23	0	7.605502351529542	0	true
sp|Q96T76|MMS19_HUMAN	27	0	8.00477185043123	0	true
sp|Q96T88|UHRF1_HUMAN	31	1	9.309088054459933	0	true
sp|Q96TA1|NIBA2_HUMAN	26	0	8.901619396806634	0	true
sp|Q96TA2|YMEL1_HUMAN	20	0	7.225027534761787	0	true
sp|Q96TC7|RMD3_HUMAN	13	0	10.043197079119178	0	true
sp|Q99081|HTF4_HUMAN	5	0	2.5217758618984476	0	true
sp|Q99102|MUC4_HUMAN	2	0	2.307167525183882	0	true
sp|Q99417|MYCBP_HUMAN	9	0	9.216204397375545	0	true
sp|Q99418|CYH2_HUMAN	2	5	3.702615223746183	0	true
sp|Q99426|TBCB_HUMAN	14	0	8.323484984741956	0	true
sp|Q99436|PSB7_HUMAN	8	0	9.750446445900666	0	true
sp|Q99439|CNN2_HUMAN	10	1	10.147281146661266	0	true
sp|Q99442|SEC62_HUMAN	10	0	7.226349766460566	0	true
sp|Q99447|PCY2_HUMAN	13	0	6.641213976627482	0	true
sp|Q99456|K1C12_HUMAN	1	3	6.507710212613313	0	true
sp|Q99459|CDC5L_HUMAN	34	0	10.491609964454593	0	true
sp|Q99460|PSMD1_HUMAN	40	0	11.285787389104206	0	true
sp|Q99470|SDF2_HUMAN	7	0	9.234332369969534	0	true
sp|Q99471|PFD5_HUMAN	6	0	9.742304935102423	0	true
sp|Q99487|PAFA2_HUMAN	6	0	2.9572533599185484	0	true
sp|Q99496|RING2_HUMAN	8	2	9.04872686851413	0	true
sp|Q99497|PARK7_HUMAN	14	0	10.210328042228088	0	true
sp|Q99501|GA2L1_HUMAN	3	0	1.9656475427112838	0	true
sp|Q99504|EYA3_HUMAN	6	0	5.27992984707666	0	true
sp|Q99519|NEUR1_HUMAN	9	0	5.001701118980243	0	true
sp|Q99523|SORT_HUMAN	9	0	7.529544322705675	0	true
sp|Q99536|VAT1_HUMAN	17	0	10.831121379478702	0	true
sp|Q99538|LGMN_HUMAN	4	0	6.189228199540931	0	true
sp|Q99543|DNJC2_HUMAN	26	0	8.994136246467862	0	true
sp|Q99547|MPH6_HUMAN	9	0	5.95962618937843	0	true
sp|Q99549|MPP8_HUMAN	19	0	8.4306772856875	0	true
sp|Q99551|MTEF1_HUMAN	3	0	2.0195429957577637	0	true
sp|Q99567|NUP88_HUMAN	25	0	8.89050176351312	0	true
sp|Q99569|PKP4_HUMAN	20	0	4.2284880944699035	0	true
sp|Q99570|PI3R4_HUMAN	24	0	7.367738673163937	0	true
sp|Q99575|POP1_HUMAN	31	0	8.834229203876752	0	true
sp|Q99584|S10AD_HUMAN	4	0	10.239156478213218	0	true
sp|Q99590|SCAFB_HUMAN	30	0	11.0858441848074	0	true
sp|Q99594|TEAD3_HUMAN	1	4	6.06963032367271	0	true
sp|Q99595|TI17A_HUMAN	2	0	3.2023833779172715	0	true
sp|Q99598|TSNAX_HUMAN	13	0	9.554853425370395	0	true
sp|Q99611|SPS2_HUMAN	5	0	5.476537888195427	0	true
sp|Q99613|EIF3C_HUMAN	33	0	11.551876395812243	0	true
sp|Q99614|TTC1_HUMAN	18	0	7.530814904253749	0	true
sp|Q99615|DNJC7_HUMAN	33	0	9.905758847719945	0	true
sp|Q99618|CDCA3_HUMAN	6	0	3.445968644759796	0	true
sp|Q99622|C10_HUMAN	5	0	9.121914313914981	0	true
sp|Q99623|PHB2_HUMAN	18	0	10.808405459288274	0	true
sp|Q99627|CSN8_HUMAN	6	0	9.484578169151442	0	true
sp|Q99633|PRP18_HUMAN	7	1	3.2006999943150123	0	true
sp|Q99638|RAD9A_HUMAN	4	0	5.7729247517936	0	true
sp|Q99643|C560_HUMAN	2	0	8.343446534857167	0	true
sp|Q99650|OSMR_HUMAN	5	0	2.2244596411113555	0	true
sp|Q99653|CHP1_HUMAN	10	0	5.654240278671931	0	true
sp|Q99661|KIF2C_HUMAN	24	2	8.130601694764824	0	true
sp|Q99666|RGPD5_HUMAN	0	36	11.14380395095212	0	true
sp|Q99685|MGLL_HUMAN	9	0	7.188218753928186	0	true
sp|Q99700|ATX2_HUMAN	26	1	9.304415454293574	0	true
sp|Q99707|METH_HUMAN	36	0	7.805244289918029	0	true
sp|Q99714|HCD2_HUMAN	15	0	9.204932445378256	0	true
sp|Q99715|COCA1_HUMAN	47	0	6.519181987678431	0	true
sp|Q99717|SMAD5_HUMAN	5	6	8.977390223059045	0	true
sp|Q99720|SGMR1_HUMAN	3	0	9.429857395751508	0	true
sp|Q99728|BARD1_HUMAN	8	0	3.320997758816159	0	true
sp|Q99729|ROAA_HUMAN	7	2	9.298638196839482	0	true
sp|Q99733|NP1L4_HUMAN	10	1	11.003966341317224	0	true
sp|Q99741|CDC6_HUMAN	3	0	3.008235545334715	0	true
sp|Q99747|SNAG_HUMAN	11	0	7.758676079005439	0	true
sp|Q99755|PI51A_HUMAN	4	7	9.409529055051504	0	true
sp|Q99757|THIOM_HUMAN	3	0	7.919074393786558	0	true
sp|Q99766|ATP5S_HUMAN	7	0	8.320191774637973	0	true
sp|Q99797|MIPEP_HUMAN	26	1	7.671561438468094	0	true
sp|Q99798|ACON_HUMAN	31	0	10.71770172580194	0	true
sp|Q99805|TM9S2_HUMAN	9	0	7.802639561379004	0	true
sp|Q99807|COQ7_HUMAN	10	0	6.609754408743843	0	true
sp|Q99808|S29A1_HUMAN	6	0	7.12659377117998	0	true
sp|Q99814|EPAS1_HUMAN	1	0	2.4013781127427616	0	true
sp|Q99816|TS101_HUMAN	13	0	7.3395227012092885	0	true
sp|Q99828|CIB1_HUMAN	7	0	5.993906960404437	0	true
sp|Q99829|CPNE1_HUMAN	14	0	9.051228030155592	0	true
sp|Q99832|TCPH_HUMAN	28	0	10.183145171918177	0	true
sp|Q99836|MYD88_HUMAN	7	0	4.11837583794489	0	true
sp|Q99848|EBP2_HUMAN	20	0	9.829524135867404	0	true
sp|Q99856|ARI3A_HUMAN	5	0	2.9625595138800245	0	true
sp|Q99871|HAUS7_HUMAN	5	0	3.5555215160404567	0	true
sp|Q99873|ANM1_HUMAN	17	3	10.425886080902929	0	true
sp|Q99933|BAG1_HUMAN	10	0	10.420918499895132	0	true
sp|Q99943|PLCA_HUMAN	5	0	3.022436136855769	0	true
sp|Q99958|FOXC2_HUMAN	2	2	3.609441791565007	0	true
sp|Q99959|PKP2_HUMAN	24	0	7.354330658731151	0	true
sp|Q99961|SH3G1_HUMAN	11	4	8.872797833113179	0	true
sp|Q99962|SH3G2_HUMAN	8	4	8.75704811222038	0	true
sp|Q99973|TEP1_HUMAN	15	0	4.055674299828824	0	true
sp|Q99983|OMD_HUMAN	1	0	4.075253768334247	0	true
sp|Q99986|VRK1_HUMAN	18	0	9.855413993355002	0	true
sp|Q99988|GDF15_HUMAN	10	0	5.844308765928396	0	true
sp|Q99996|AKAP9_HUMAN	59	0	5.77370568455367	0	true
sp|Q9BPW8|NIPS1_HUMAN	8	2	8.749486325627629	0	true
sp|Q9BPX3|CND3_HUMAN	31	0	10.760559241693318	0	true
sp|Q9BPX5|ARP5L_HUMAN	6	1	7.969530397933602	0	true
sp|Q9BPX6|MICU1_HUMAN	13	0	6.94377767818393	0	true
sp|Q9BPX7|CG025_HUMAN	7	0	4.113784441075233	0	true
sp|Q9BPY3|F118B_HUMAN	2	0	3.1097357096558595	0	true
sp|Q9BPZ3|PAIP2_HUMAN	2	0	3.4478880800124467	0	true
sp|Q9BPZ7|SIN1_HUMAN	9	0	6.597287743507514	0	true
sp|Q9BQ04|RBM4B_HUMAN	2	14	8.602968389060191	0	true
sp|Q9BQ15|SOSB1_HUMAN	3	0	4.391584188330928	0	true
sp|Q9BQ24|ZFY21_HUMAN	2	0	3.391409968311025	0	true
sp|Q9BQ39|DDX50_HUMAN	23	2	8.469378580986602	0	true
sp|Q9BQ48|RM34_HUMAN	2	0	5.287546657019583	0	true
sp|Q9BQ52|RNZ2_HUMAN	28	0	10.401006317592431	0	true
sp|Q9BQ61|TRIR_HUMAN	5	0	7.363050257514352	0	true
sp|Q9BQ67|GRWD1_HUMAN	15	0	9.54273546081615	0	true
sp|Q9BQ69|MACD1_HUMAN	9	0	9.244816695691746	0	true
sp|Q9BQ70|TCF25_HUMAN	10	0	5.971569492705433	0	true
sp|Q9BQ75|CMS1_HUMAN	9	0	7.97540853423244	0	true
sp|Q9BQ95|ECSIT_HUMAN	9	0	6.688527229785639	0	true
sp|Q9BQA1|MEP50_HUMAN	8	0	9.830707344533613	0	true
sp|Q9BQA9|CYBC1_HUMAN	5	0	2.3250480337473354	0	true
sp|Q9BQB6|VKOR1_HUMAN	1	0	8.705450837173188	0	true
sp|Q9BQC3|DPH2_HUMAN	12	0	8.059149378438727	0	true
sp|Q9BQC6|RT63_HUMAN	3	0	8.577373323217472	0	true
sp|Q9BQD3|KXDL1_HUMAN	4	0	7.552884768565493	0	true
sp|Q9BQE3|TBA1C_HUMAN	1	19	10.226195067926087	0	true
sp|Q9BQE4|SELS_HUMAN	5	0	6.282607237506266	0	true
sp|Q9BQE5|APOL2_HUMAN	11	0	7.356134438920763	0	true
sp|Q9BQE9|BCL7B_HUMAN	3	1	5.573429796755263	0	true
sp|Q9BQG0|MBB1A_HUMAN	56	0	10.98128871022054	0	true
sp|Q9BQG2|NUD12_HUMAN	15	0	6.448679223038063	0	true
sp|Q9BQI0|AIF1L_HUMAN	2	0	5.739621545986813	0	true
sp|Q9BQI3|E2AK1_HUMAN	1	0	2.3587117349953894	0	true
sp|Q9BQI6|SLF1_HUMAN	4	0	1.9648294605364198	0	true
sp|Q9BQK8|LPIN3_HUMAN	4	0	2.3236157637009973	0	true
sp|Q9BQL6|FERM1_HUMAN	16	2	6.959434465101448	0	true
sp|Q9BQP7|MGME1_HUMAN	18	0	7.355466982554883	0	true
sp|Q9BQQ3|GORS1_HUMAN	3	1	4.393064859728527	0	true
sp|Q9BQS8|FYCO1_HUMAN	23	0	8.835474691032182	0	true
sp|Q9BR61|ACBD6_HUMAN	12	0	7.36842746393965	0	true
sp|Q9BR76|COR1B_HUMAN	14	0	7.86833266563696	0	true
sp|Q9BRA0|NAA38_HUMAN	2	0	3.569678370230441	0	true
sp|Q9BRA2|TXD17_HUMAN	8	0	9.920432922565237	0	true
sp|Q9BRB3|PIGQ_HUMAN	3	0	2.594907590807475	0	true
sp|Q9BRD0|BUD13_HUMAN	11	0	4.402510028126957	0	true
sp|Q9BRF8|CPPED_HUMAN	5	0	6.397480235310981	0	true
sp|Q9BRG1|VPS25_HUMAN	9	0	7.669473217726911	0	true
sp|Q9BRJ2|RM45_HUMAN	15	0	7.846412082964134	0	true
sp|Q9BRJ6|CHOLN_HUMAN	7	0	8.701249978870324	0	true
sp|Q9BRJ7|TIRR_HUMAN	6	1	9.410388830428094	0	true
sp|Q9BRK5|CAB45_HUMAN	12	0	10.003077283132837	0	true
sp|Q9BRL6|SRSF8_HUMAN	2	2	6.42363433800411	0	true
sp|Q9BRP1|PDD2L_HUMAN	6	0	6.028297235945568	0	true
sp|Q9BRP4|PAAF1_HUMAN	7	0	5.308815721896574	0	true
sp|Q9BRP8|PYM1_HUMAN	7	0	9.18793989843843	0	true
sp|Q9BRQ0|PYGO2_HUMAN	3	0	6.274255752576742	0	true
sp|Q9BRQ6|MIC25_HUMAN	9	0	4.8146572645422445	0	true
sp|Q9BRQ8|FSP1_HUMAN	13	0	6.691079347719778	0	true
sp|Q9BRR6|ADPGK_HUMAN	12	0	9.938890643832355	0	true
sp|Q9BRR8|GPTC1_HUMAN	5	0	4.8012375922810815	0	true
sp|Q9BRS2|RIOK1_HUMAN	16	0	9.96346972218686	0	true
sp|Q9BRS8|LARP6_HUMAN	3	0	3.962143697653415	0	true
sp|Q9BRT2|UQCC2_HUMAN	6	0	7.449075380142464	0	true
sp|Q9BRT3|MIEN1_HUMAN	4	0	6.4295234491130735	0	true
sp|Q9BRT6|LLPH_HUMAN	4	0	7.993557891845032	0	true
sp|Q9BRT9|SLD5_HUMAN	11	0	6.258885818631676	0	true
sp|Q9BRU9|UTP23_HUMAN	6	0	8.476260053270078	0	true
sp|Q9BRV8|SIKE1_HUMAN	3	0	2.8375765076345343	0	true
sp|Q9BRX2|PELO_HUMAN	11	0	9.141767209212018	0	true
sp|Q9BRX5|PSF3_HUMAN	10	0	10.15212079144308	0	true
sp|Q9BRX8|PXL2A_HUMAN	8	0	8.166711676108475	0	true
sp|Q9BRX9|WDR83_HUMAN	7	0	4.524770716169817	0	true
sp|Q9BRZ2|TRI56_HUMAN	23	0	9.205836060984048	0	true
sp|Q9BS16|CENPK_HUMAN	2	0	1.8845033709225272	0	true
sp|Q9BS26|ERP44_HUMAN	15	0	10.112177647162873	0	true
sp|Q9BS40|LXN_HUMAN	5	0	7.24528951406277	0	true
sp|Q9BSB4|ATGA1_HUMAN	3	0	2.1455168598930796	0	true
sp|Q9BSC4|NOL10_HUMAN	32	0	8.243226678898706	0	true
sp|Q9BSD7|NTPCR_HUMAN	12	0	8.84658681136756	0	true
sp|Q9BSE5|GDAH_HUMAN	11	0	6.731343500896492	0	true
sp|Q9BSF4|TIM29_HUMAN	5	0	4.061389704046655	0	true
sp|Q9BSG1|ZNF2_HUMAN	0	3	7.22616602928	0	true
sp|Q9BSH4|TACO1_HUMAN	11	0	9.33310566933444	0	true
sp|Q9BSH5|HDHD3_HUMAN	8	0	7.661242175374726	0	true
sp|Q9BSI4|TINF2_HUMAN	3	0	2.4416560983694175	0	true
sp|Q9BSJ2|GCP2_HUMAN	36	0	8.091186299374899	0	true
sp|Q9BSJ8|ESYT1_HUMAN	35	0	11.563760257846761	0	true
sp|Q9BSK2|S2533_HUMAN	1	1	3.2522171447522545	0	true
sp|Q9BSL1|UBAC1_HUMAN	17	0	9.25884661519483	0	true
sp|Q9BSQ5|CCM2_HUMAN	3	0	2.2016051022439136	0	true
sp|Q9BSR8|YIPF4_HUMAN	3	0	7.777673675903978	0	true
sp|Q9BSU1|PHAF1_HUMAN	5	0	4.030367172595508	0	true
sp|Q9BSV6|SEN34_HUMAN	11	0	8.16520395692145	0	true
sp|Q9BSY4|CHCH5_HUMAN	5	0	6.940463671118057	0	true
sp|Q9BT09|CNPY3_HUMAN	6	0	8.379258140759898	0	true
sp|Q9BT17|MTG1_HUMAN	13	0	6.396794448330238	0	true
sp|Q9BT22|ALG1_HUMAN	9	0	9.693780035949684	0	true
sp|Q9BT25|HAUS8_HUMAN	9	0	6.331862686502544	0	true
sp|Q9BT40|INP5K_HUMAN	5	0	6.769551243134336	0	true
sp|Q9BT73|PSMG3_HUMAN	3	0	10.166685273799	0	true
sp|Q9BT78|CSN4_HUMAN	22	0	9.144968689271838	0	true
sp|Q9BT92|TCHP_HUMAN	2	0	1.9832391706763797	0	true
sp|Q9BTA9|WAC_HUMAN	12	0	7.2418398391180565	0	true
sp|Q9BTC0|DIDO1_HUMAN	70	0	8.069876215902115	0	true
sp|Q9BTC8|MTA3_HUMAN	9	6	7.496840823416348	0	true
sp|Q9BTD8|RBM42_HUMAN	9	0	9.123283111890823	0	true
sp|Q9BTE1|DCTN5_HUMAN	4	0	7.932820661851237	0	true
sp|Q9BTE3|MCMBP_HUMAN	24	0	7.978893925568921	0	true
sp|Q9BTE6|AASD1_HUMAN	14	0	9.353919711269684	0	true
sp|Q9BTE7|DCNL5_HUMAN	8	1	8.566477732873727	0	true
sp|Q9BTF0|THUM2_HUMAN	7	0	3.092846623801211	0	true
sp|Q9BTK6|PAGR1_HUMAN	1	0	6.28920413036486	0	true
sp|Q9BTL3|RAMAC_HUMAN	5	0	6.163922198053253	0	true
sp|Q9BTM9|URM1_HUMAN	3	0	8.103671651144463	0	true
sp|Q9BTT0|AN32E_HUMAN	6	0	9.794172166196104	0	true
sp|Q9BTT4|MED10_HUMAN	4	0	4.52923726500037	0	true
sp|Q9BTT6|LRRC1_HUMAN	8	2	6.900039723654983	0	true
sp|Q9BTU6|P4K2A_HUMAN	20	0	8.108893017078104	0	true
sp|Q9BTV4|TMM43_HUMAN	17	0	9.745656536026907	0	true
sp|Q9BTV6|DPH7_HUMAN	2	0	2.2719412281693305	0	true
sp|Q9BTW9|TBCD_HUMAN	34	0	8.945048657154201	0	true
sp|Q9BTX1|NDC1_HUMAN	15	0	8.629464847589466	0	true
sp|Q9BTX7|TTPAL_HUMAN	1	0	2.895135950495253	0	true
sp|Q9BTY2|FUCO2_HUMAN	7	0	4.954226602664719	0	true
sp|Q9BTY7|HGH1_HUMAN	16	0	7.522093435056233	0	true
sp|Q9BTZ2|DHRS4_HUMAN	8	0	9.825191058211201	0	true
sp|Q9BU02|THTPA_HUMAN	8	0	6.718967820256182	0	true
sp|Q9BU23|LMF2_HUMAN	7	0	2.67107922285971	0	true
sp|Q9BU61|NDUF3_HUMAN	5	0	10.58496431259187	0	true
sp|Q9BU64|CENPO_HUMAN	5	0	3.9154414959287553	0	true
sp|Q9BU76|MMTA2_HUMAN	9	0	9.476018323040991	0	true
sp|Q9BU89|DOHH_HUMAN	10	0	8.863421045465886	0	true
sp|Q9BUA3|SPNDC_HUMAN	5	0	3.8212676239810985	0	true
sp|Q9BUB4|ADAT1_HUMAN	7	0	4.146783610569933	0	true
sp|Q9BUB5|MKNK1_HUMAN	11	0	4.141032834854147	0	true
sp|Q9BUB7|TMM70_HUMAN	7	0	10.960407173464606	0	true
sp|Q9BUE0|MED18_HUMAN	3	0	4.153563300809769	0	true
sp|Q9BUE6|ISCA1_HUMAN	5	0	7.146241938696917	0	true
sp|Q9BUF5|TBB6_HUMAN	8	13	9.722886374250308	0	true
sp|Q9BUH6|PAXX_HUMAN	9	0	9.334706482913028	0	true
sp|Q9BUH8|BEGIN_HUMAN	5	0	6.992094730395525	0	true
sp|Q9BUI4|RPC3_HUMAN	17	0	7.5833964514545285	0	true
sp|Q9BUJ2|HNRL1_HUMAN	25	0	10.614645167353633	0	true
sp|Q9BUK0|CHCH7_HUMAN	3	0	3.402607350434874	0	true
sp|Q9BUK6|MSTO1_HUMAN	14	0	5.874326486479263	0	true
sp|Q9BUL5|PHF23_HUMAN	6	0	5.5116517672089325	0	true
sp|Q9BUL8|PDC10_HUMAN	8	0	7.4041469282102605	0	true
sp|Q9BUL9|RPP25_HUMAN	8	0	9.550114174216647	0	true
sp|Q9BUM1|G6PC3_HUMAN	2	0	5.1400595089776475	0	true
sp|Q9BUN8|DERL1_HUMAN	5	0	8.787847656129392	0	true
sp|Q9BUP0|EFHD1_HUMAN	1	2	6.108631817406266	0	true
sp|Q9BUP3|HTAI2_HUMAN	15	0	8.751135971257547	0	true
sp|Q9BUQ8|DDX23_HUMAN	36	0	9.696339780853252	0	true
sp|Q9BUR4|TCAB1_HUMAN	8	0	7.157416283237279	0	true
sp|Q9BUR5|MIC26_HUMAN	6	0	9.265228442328693	0	true
sp|Q9BUT1|DHRS6_HUMAN	5	0	6.5596182759914345	0	true
sp|Q9BUT9|MCRI2_HUMAN	3	0	8.42558846643633	0	true
sp|Q9BUV8|RCAF1_HUMAN	3	0	6.416217653246393	0	true
sp|Q9BUW7|BBLN_HUMAN	1	0	3.3144399462010288	0	true
sp|Q9BUZ4|TRAF4_HUMAN	15	0	8.373552716722509	0	true
sp|Q9BV10|ALG12_HUMAN	1	0	2.292266758431513	0	true
sp|Q9BV19|CA050_HUMAN	5	0	8.827614006177562	0	true
sp|Q9BV20|MTNA_HUMAN	13	0	9.750227531045006	0	true
sp|Q9BV23|ABHD6_HUMAN	11	0	5.620298760395589	0	true
sp|Q9BV29|CCD32_HUMAN	1	0	2.1325489027642606	0	true
sp|Q9BV38|WDR18_HUMAN	15	0	10.378271824761775	0	true
sp|Q9BV40|VAMP8_HUMAN	4	0	7.76077612119024	0	true
sp|Q9BV44|THUM3_HUMAN	18	0	8.623859123378223	0	true
sp|Q9BV57|MTND_HUMAN	12	0	8.862252049050342	0	true
sp|Q9BV68|RN126_HUMAN	5	0	8.826998861901632	0	true
sp|Q9BV73|CP250_HUMAN	22	0	4.47760703090983	0	true
sp|Q9BV79|MECR_HUMAN	6	0	5.782276408371453	0	true
sp|Q9BV81|EMC6_HUMAN	3	0	2.8101458323039537	0	true
sp|Q9BV86|NTM1A_HUMAN	9	0	9.44676231292163	0	true
sp|Q9BV94|EDEM2_HUMAN	4	0	6.129142609606845	0	true
sp|Q9BVA0|KTNB1_HUMAN	15	0	5.962847852762627	0	true
sp|Q9BVC3|DCC1_HUMAN	5	0	6.781165419808485	0	true
sp|Q9BVC4|LST8_HUMAN	7	0	8.498608548247345	0	true
sp|Q9BVC5|ASHWN_HUMAN	6	0	5.204841714920842	0	true
sp|Q9BVC6|TM109_HUMAN	5	0	7.551929398290948	0	true
sp|Q9BVG8|KIFC3_HUMAN	14	0	6.21330266364593	0	true
sp|Q9BVG9|PTSS2_HUMAN	7	0	5.892683208819409	0	true
sp|Q9BVI0|PHF20_HUMAN	2	0	3.6990675916121827	0	true
sp|Q9BVI4|NOC4L_HUMAN	21	0	9.915377823958423	0	true
sp|Q9BVJ6|UT14A_HUMAN	33	0	9.56761741590624	0	true
sp|Q9BVK2|ALG8_HUMAN	4	0	3.3681786982857154	0	true
sp|Q9BVK6|TMED9_HUMAN	8	1	9.641947796301407	0	true
sp|Q9BVL2|NUP58_HUMAN	7	0	9.907140634703019	0	true
sp|Q9BVL4|SELO_HUMAN	8	0	6.892950585189421	0	true
sp|Q9BVM2|DPCD_HUMAN	8	0	7.240930225954253	0	true
sp|Q9BVM4|GGACT_HUMAN	2	0	3.1618400782670038	0	true
sp|Q9BVN2|RUSC1_HUMAN	4	0	4.469024134969729	0	true
sp|Q9BVP2|GNL3_HUMAN	31	0	10.171238680825178	0	true
sp|Q9BVQ7|AFG2B_HUMAN	25	0	8.40525737171844	0	true
sp|Q9BVS4|RIOK2_HUMAN	10	0	9.070278675366568	0	true
sp|Q9BVS5|TR61B_HUMAN	8	0	8.591249492089993	0	true
sp|Q9BVT8|TMUB1_HUMAN	3	0	4.948624664013007	0	true
sp|Q9BVV7|TIM21_HUMAN	7	0	6.567850726186352	0	true
sp|Q9BVW5|TIPIN_HUMAN	4	0	7.407416662235368	0	true
sp|Q9BVX2|T106C_HUMAN	1	0	2.4024490587472607	0	true
sp|Q9BW19|KIFC1_HUMAN	17	0	8.933645528915203	0	true
sp|Q9BW27|NUP85_HUMAN	21	0	9.769401437853405	0	true
sp|Q9BW60|ELOV1_HUMAN	3	0	10.585294670844362	0	true
sp|Q9BW61|DDA1_HUMAN	6	0	6.241888186929081	0	true
sp|Q9BW62|KATL1_HUMAN	1	3	2.525686572776229	0	true
sp|Q9BW66|CINP_HUMAN	6	0	5.344207361376326	0	true
sp|Q9BW71|HIRP3_HUMAN	16	0	5.757206698991538	0	true
sp|Q9BW83|IFT27_HUMAN	5	0	9.144038597058788	0	true
sp|Q9BW85|YJU2_HUMAN	12	1	5.604357286414867	0	true
sp|Q9BW91|NUDT9_HUMAN	11	0	6.392324873854998	0	true
sp|Q9BW92|SYTM_HUMAN	25	0	7.893647537381819	0	true
sp|Q9BWD1|THIC_HUMAN	10	0	9.917512156172284	0	true
sp|Q9BWD3|RTL8A_HUMAN	3	0	2.3672828893463276	0	true
sp|Q9BWE0|REPI1_HUMAN	15	0	9.127754594340775	0	true
sp|Q9BWF2|TRAIP_HUMAN	1	0	1.9042295444453232	0	true
sp|Q9BWF3|RBM4_HUMAN	2	14	8.602968389060191	0	true
sp|Q9BWG4|SSBP4_HUMAN	2	0	3.1170312450084117	0	true
sp|Q9BWH2|FUND2_HUMAN	4	0	6.6861881841191275	0	true
sp|Q9BWH6|RPAP1_HUMAN	22	0	4.607434580300108	0	true
sp|Q9BWJ5|SF3B5_HUMAN	4	0	9.201070375718166	0	true
sp|Q9BWK5|CYREN_HUMAN	1	0	2.4127367637470614	0	true
sp|Q9BWM7|SFXN3_HUMAN	15	1	10.084841610841998	0	true
sp|Q9BWN1|PRR14_HUMAN	5	1	2.304929294212319	0	true
sp|Q9BWQ6|YIPF2_HUMAN	2	0	1.9241726507637678	0	true
sp|Q9BWS9|CHID1_HUMAN	10	0	9.521654888808925	0	true
sp|Q9BWT3|PAPOG_HUMAN	10	2	5.370604245784065	0	true
sp|Q9BWT6|MND1_HUMAN	5	0	3.747375443767524	0	true
sp|Q9BWT7|CAR10_HUMAN	3	0	5.208015907987453	0	true
sp|Q9BWU0|NADAP_HUMAN	27	0	7.194966184573155	0	true
sp|Q9BWU1|CDK19_HUMAN	2	6	3.110304637170987	0	true
sp|Q9BWW4|SSBP3_HUMAN	2	0	3.9870653074164073	0	true
sp|Q9BX10|GTPB2_HUMAN	16	0	7.312878190917146	0	true
sp|Q9BX40|LS14B_HUMAN	9	0	7.864076351825182	0	true
sp|Q9BX63|FANCJ_HUMAN	10	0	1.9304948171481924	0	true
sp|Q9BX68|HINT2_HUMAN	5	0	11.530407807384886	0	true
sp|Q9BX69|CARD6_HUMAN	17	0	4.144220261492166	0	true
sp|Q9BX95|SGPP1_HUMAN	10	0	5.701602977860147	0	true
sp|Q9BX97|PLVAP_HUMAN	3	0	1.9191060809359435	0	true
sp|Q9BXB4|OSB11_HUMAN	18	1	7.154640676589622	0	true
sp|Q9BXB5|OSB10_HUMAN	16	1	8.81883213245528	0	true
sp|Q9BXC9|BBS2_HUMAN	2	0	1.8983729658716861	0	true
sp|Q9BXF6|RFIP5_HUMAN	21	0	8.25233410388049	0	true
sp|Q9BXI6|TB10A_HUMAN	3	0	2.366748177620677	0	true
sp|Q9BXJ4|C1QT3_HUMAN	1	0	3.314125570845965	0	true
sp|Q9BXJ8|TACAN_HUMAN	4	0	4.715934943678189	0	true
sp|Q9BXJ9|NAA15_HUMAN	36	9	8.791335240142537	0	true
sp|Q9BXK1|KLF16_HUMAN	5	0	3.0719815915505206	0	true
sp|Q9BXK5|B2L13_HUMAN	10	0	7.390314544270201	0	true
sp|Q9BXP2|S12A9_HUMAN	2	0	4.5137821076806945	0	true
sp|Q9BXP5|SRRT_HUMAN	34	0	9.47765451155665	0	true
sp|Q9BXR0|TGT_HUMAN	8	0	8.33518876433585	0	true
sp|Q9BXS0|COPA1_HUMAN	4	0	1.9556114740986574	0	true
sp|Q9BXS1|IDI2_HUMAN	1	1	6.960877135658581	0	true
sp|Q9BXS5|AP1M1_HUMAN	19	0	9.556140345993853	0	true
sp|Q9BXS6|NUSAP_HUMAN	19	0	8.69645314503196	0	true
sp|Q9BXS9|S26A6_HUMAN	8	0	5.845883862088657	0	true
sp|Q9BXV9|GON7_HUMAN	3	0	10.096112819145553	0	true
sp|Q9BXW6|OSBL1_HUMAN	13	0	7.392097429466819	0	true
sp|Q9BXW7|HDHD5_HUMAN	11	0	8.802507035871722	0	true
sp|Q9BXW9|FACD2_HUMAN	26	0	4.888711898913725	0	true
sp|Q9BXY0|MAK16_HUMAN	8	0	10.069162225932162	0	true
sp|Q9BY12|SCAPE_HUMAN	14	0	2.292630262651703	0	true
sp|Q9BY31|ZN717_HUMAN	1	2	7.22616602928	0	true
sp|Q9BY32|ITPA_HUMAN	8	0	9.81139057025884	0	true
sp|Q9BY41|HDAC8_HUMAN	3	0	6.231118941136679	0	true
sp|Q9BY42|RTF2_HUMAN	13	0	7.979611413968483	0	true
sp|Q9BY43|CHM4A_HUMAN	11	0	10.36312070898039	0	true
sp|Q9BY44|EIF2A_HUMAN	27	0	9.840154015558937	0	true
sp|Q9BY66|KDM5D_HUMAN	1	12	4.956715367748129	0	true
sp|Q9BY77|PDIP3_HUMAN	18	0	9.454111298501571	0	true
sp|Q9BY89|K1671_HUMAN	38	0	4.638358668159452	0	true
sp|Q9BYB4|GNB1L_HUMAN	6	0	5.2718251063409065	0	true
sp|Q9BYC8|RM32_HUMAN	4	0	8.662230959506113	0	true
sp|Q9BYC9|RM20_HUMAN	9	0	8.523856576127429	0	true
sp|Q9BYD1|RM13_HUMAN	13	0	9.010019535426466	0	true
sp|Q9BYD2|RM09_HUMAN	8	0	9.647956921230907	0	true
sp|Q9BYD3|RM04_HUMAN	11	0	8.20130139272347	0	true
sp|Q9BYD6|RM01_HUMAN	10	0	10.368782703944309	0	true
sp|Q9BYE7|PCGF6_HUMAN	4	0	2.7650003961392358	0	true
sp|Q9BYG3|MK67I_HUMAN	16	0	9.98425405901763	0	true
sp|Q9BYG5|PAR6B_HUMAN	5	2	4.929962877416766	0	true
sp|Q9BYI3|HYCCI_HUMAN	6	1	4.108595971907762	0	true
sp|Q9BYJ9|YTHD1_HUMAN	8	7	9.683768739155445	0	true
sp|Q9BYK8|HELZ2_HUMAN	47	0	6.194276154882921	0	true
sp|Q9BYM8|HOIL1_HUMAN	10	0	2.759174118423172	0	true
sp|Q9BYN0|SRXN1_HUMAN	8	0	6.3231992559885	0	true
sp|Q9BYN8|RT26_HUMAN	10	0	7.896290948462386	0	true
sp|Q9BYP7|WNK3_HUMAN	1	2	2.6875360069504	0	true
sp|Q9BYT8|NEUL_HUMAN	25	0	7.551398766620417	0	true
sp|Q9BYV8|CEP41_HUMAN	6	0	4.742482367533409	0	true
sp|Q9BYW2|SETD2_HUMAN	29	0	5.4283906299439915	0	true
sp|Q9BYX2|TBD2A_HUMAN	19	0	7.7986643145739825	0	true
sp|Q9BYX4|IFIH1_HUMAN	4	0	3.587696561737603	0	true
sp|Q9BYX7|ACTBM_HUMAN	0	5	8.625007237941068	0	true
sp|Q9BZ23|PANK2_HUMAN	4	1	4.305696806910577	0	true
sp|Q9BZ29|DOCK9_HUMAN	18	1	4.19768961590506	0	true
sp|Q9BZ67|FRMD8_HUMAN	9	0	5.760689793779611	0	true
sp|Q9BZ71|PITM3_HUMAN	8	0	4.258754235594907	0	true
sp|Q9BZ72|PITM2_HUMAN	4	0	2.0161169811996515	0	true
sp|Q9BZ95|NSD3_HUMAN	19	0	5.231602857984499	0	true
sp|Q9BZC7|ABCA2_HUMAN	6	0	2.963819226663865	0	true
sp|Q9BZD4|NUF2_HUMAN	7	0	3.926658955336354	0	true
sp|Q9BZE1|RM37_HUMAN	20	0	10.1664434555371	0	true
sp|Q9BZE2|PUS3_HUMAN	8	0	2.5931829289941786	0	true
sp|Q9BZE4|GTPB4_HUMAN	34	0	9.01893714685505	0	true
sp|Q9BZE9|ASPC1_HUMAN	9	0	7.382855012499296	0	true
sp|Q9BZF1|OSBL8_HUMAN	18	4	9.472662565481237	0	true
sp|Q9BZF3|OSBL6_HUMAN	7	1	3.1527872544266744	0	true
sp|Q9BZF9|UACA_HUMAN	47	0	8.12686918413044	0	true
sp|Q9BZG1|RAB34_HUMAN	11	0	10.828794624233693	0	true
sp|Q9BZG8|DPH1_HUMAN	10	0	6.35558007363867	0	true
sp|Q9BZH6|WDR11_HUMAN	39	0	9.55361609870947	0	true
sp|Q9BZI7|REN3B_HUMAN	17	0	7.7716624793592235	0	true
sp|Q9BZJ0|CRNL1_HUMAN	22	0	9.62665575412072	0	true
sp|Q9BZK7|TBL1R_HUMAN	11	5	9.524364226287101	0	true
sp|Q9BZL1|UBL5_HUMAN	5	0	6.317819289917189	0	true
sp|Q9BZL4|PP12C_HUMAN	20	1	5.677351487559847	0	true
sp|Q9BZL6|KPCD2_HUMAN	6	4	3.460540848469298	0	true
sp|Q9BZM1|PG12A_HUMAN	2	0	4.493105348301089	0	true
sp|Q9BZM4|ULBP3_HUMAN	7	0	3.7912892436357635	0	true
sp|Q9BZP6|CHIA_HUMAN	1	0	7.52839498619756	0	true
sp|Q9BZQ6|EDEM3_HUMAN	13	0	4.784872603840861	0	true
sp|Q9BZV1|UBXN6_HUMAN	12	0	5.680053067564539	0	true
sp|Q9BZX2|UCK2_HUMAN	8	2	9.782252709716392	0	true
sp|Q9BZZ5|API5_HUMAN	26	0	10.070078358619101	0	true
sp|Q9C005|DPY30_HUMAN	2	0	7.066611572633501	0	true
sp|Q9C029|TRIM7_HUMAN	9	0	2.8695932114390454	0	true
sp|Q9C035|TRIM5_HUMAN	5	0	2.1195134520473258	0	true
sp|Q9C037|TRIM4_HUMAN	7	0	4.14391549890747	0	true
sp|Q9C040|TRIM2_HUMAN	2	0	2.451551161296601	0	true
sp|Q9C086|IN80B_HUMAN	4	0	4.472113845395803	0	true
sp|Q9C0B0|UNK_HUMAN	13	0	5.209896842692161	0	true
sp|Q9C0B1|FTO_HUMAN	24	0	8.633025795243878	0	true
sp|Q9C0B5|ZDHC5_HUMAN	17	0	8.967104269805164	0	true
sp|Q9C0B7|TNG6_HUMAN	13	0	4.4802959198040355	0	true
sp|Q9C0C2|TB182_HUMAN	66	0	10.390324080964994	0	true
sp|Q9C0C4|SEM4C_HUMAN	6	0	3.465217769534297	0	true
sp|Q9C0C7|AMRA1_HUMAN	8	0	2.8659922152474246	0	true
sp|Q9C0C9|UBE2O_HUMAN	36	0	9.493513938707974	0	true
sp|Q9C0D3|ZY11B_HUMAN	9	0	4.313682064178507	0	true
sp|Q9C0D5|TANC1_HUMAN	46	0	7.7396059972580336	0	true
sp|Q9C0D6|FHDC1_HUMAN	1	0	2.5170785987956457	0	true
sp|Q9C0D9|EPT1_HUMAN	1	0	4.087645277382528	0	true
sp|Q9C0E2|XPO4_HUMAN	27	0	6.276368982865037	0	true
sp|Q9C0E8|LNP_HUMAN	18	0	6.07448182768063	0	true
sp|Q9C0F0|ASXL3_HUMAN	2	0	2.2566704789709533	0	true
sp|Q9C0F1|CEP44_HUMAN	10	0	6.399731912576229	0	true
sp|Q9C0G6|DYH6_HUMAN	6	0	2.469626000643691	0	true
sp|Q9C0H2|TTYH3_HUMAN	2	0	2.3668761327537107	0	true
sp|Q9C0H5|RHG39_HUMAN	5	0	2.624968749149618	0	true
sp|Q9C0I1|MTMRC_HUMAN	11	0	4.427261891439162	0	true
sp|Q9C0J8|WDR33_HUMAN	27	0	7.563485094001021	0	true
sp|Q9C0K1|S39A8_HUMAN	4	0	6.01107396890451	0	true
sp|Q9GZL7|WDR12_HUMAN	17	0	11.104304152180138	0	true
sp|Q9GZM5|YIPF3_HUMAN	2	0	4.74740147392977	0	true
sp|Q9GZN1|ARP6_HUMAN	9	0	3.8998878404872466	0	true
sp|Q9GZN8|ADSSP_HUMAN	7	0	8.322090851783289	0	true
sp|Q9GZP0|PDGFD_HUMAN	1	0	3.169500383758468	0	true
sp|Q9GZP4|PITH1_HUMAN	11	0	8.736151961329076	0	true
sp|Q9GZP8|IMUP_HUMAN	3	0	6.520451492906381	0	true
sp|Q9GZP9|DERL2_HUMAN	4	0	4.281995967766052	0	true
sp|Q9GZQ3|COMD5_HUMAN	4	0	6.8082441177335395	0	true
sp|Q9GZR1|SENP6_HUMAN	6	0	3.4181946447121665	0	true
sp|Q9GZR2|REXO4_HUMAN	21	0	8.19899709739919	0	true
sp|Q9GZR7|DDX24_HUMAN	33	0	9.002691424155511	0	true
sp|Q9GZS1|RPA49_HUMAN	14	0	8.31744449370308	0	true
sp|Q9GZS3|SKI8_HUMAN	12	0	10.325731458865162	0	true
sp|Q9GZT3|SLIRP_HUMAN	8	0	9.407344023727827	0	true
sp|Q9GZT4|SRR_HUMAN	4	0	3.4846118727776294	0	true
sp|Q9GZT6|CC90B_HUMAN	7	0	5.05840125741669	0	true
sp|Q9GZT8|NIF3L_HUMAN	14	0	8.46219894536071	0	true
sp|Q9GZT9|EGLN1_HUMAN	11	0	5.112828979512935	0	true
sp|Q9GZU7|CTDS1_HUMAN	2	0	2.5524830718273246	0	true
sp|Q9GZU8|PIP30_HUMAN	10	0	9.661709307081008	0	true
sp|Q9GZV4|IF5A2_HUMAN	1	4	9.841706129600656	0	true
sp|Q9GZY4|COA1_HUMAN	3	0	2.0225184191315475	0	true
sp|Q9GZY8|MFF_HUMAN	14	0	9.518217489975674	0	true
sp|Q9GZZ1|NAA50_HUMAN	12	0	9.225552864400287	0	true
sp|Q9GZZ9|UBA5_HUMAN	10	0	8.973027263324527	0	true
sp|Q9H000|MKRN2_HUMAN	7	1	5.964063127488846	0	true
sp|Q9H008|LHPP_HUMAN	9	0	4.665476091485876	0	true
sp|Q9H019|MFR1L_HUMAN	3	0	3.5013994280948784	0	true
sp|Q9H061|T126A_HUMAN	6	0	8.55899665626728	0	true
sp|Q9H063|MAF1_HUMAN	2	0	3.805881295384583	0	true
sp|Q9H074|PAIP1_HUMAN	15	0	9.727352106638127	0	true
sp|Q9H078|CLPB_HUMAN	24	0	9.783492021953327	0	true
sp|Q9H081|MIS12_HUMAN	8	0	8.532129898068764	0	true
sp|Q9H082|RB33B_HUMAN	4	0	2.951871233970992	0	true
sp|Q9H089|LSG1_HUMAN	27	0	8.531764689492832	0	true
sp|Q9H098|F107B_HUMAN	7	0	9.216549254592532	0	true
sp|Q9H0A0|NAT10_HUMAN	40	0	10.059482488384193	0	true
sp|Q9H0A8|COMD4_HUMAN	7	0	7.933169032512804	0	true
sp|Q9H0B6|KLC2_HUMAN	22	8	9.990025534509693	0	true
sp|Q9H0C2|ADT4_HUMAN	1	2	5.824901849477406	0	true
sp|Q9H0C8|ILKAP_HUMAN	13	0	7.787108027785531	0	true
sp|Q9H0D6|XRN2_HUMAN	31	0	10.459854668118972	0	true
sp|Q9H0E2|TOLIP_HUMAN	7	0	9.11930457591356	0	true
sp|Q9H0E3|SP130_HUMAN	11	0	4.851167408796795	0	true
sp|Q9H0E9|BRD8_HUMAN	19	0	3.3459660552260764	0	true
sp|Q9H0F6|SHRPN_HUMAN	5	0	2.721059838028711	0	true
sp|Q9H0F7|ARL6_HUMAN	6	0	7.334784320757994	0	true
sp|Q9H0G5|NSRP1_HUMAN	15	0	6.890963754931781	0	true
sp|Q9H0H0|INT2_HUMAN	18	0	8.200747350236128	0	true
sp|Q9H0H5|RGAP1_HUMAN	23	0	8.234991969401605	0	true
sp|Q9H0I9|TKTL2_HUMAN	1	0	2.404123768625562	0	true
sp|Q9H0J9|PAR12_HUMAN	11	0	3.9436606005582227	0	true
sp|Q9H0K6|PUS7L_HUMAN	18	0	6.858953717942883	0	true
sp|Q9H0L4|CSTFT_HUMAN	10	6	8.44682945951634	0	true
sp|Q9H0M0|WWP1_HUMAN	2	4	7.17901680688632	0	true
sp|Q9H0N5|PHS2_HUMAN	4	0	4.763771575948968	0	true
sp|Q9H0P0|5NT3A_HUMAN	18	0	10.240597354131936	0	true
sp|Q9H0R1|AP5M1_HUMAN	4	0	2.8098797077863855	0	true
sp|Q9H0R4|HDHD2_HUMAN	5	0	8.14538078483065	0	true
sp|Q9H0R6|GATA_HUMAN	13	0	5.2195811775078536	0	true
sp|Q9H0R8|GBRL1_HUMAN	2	0	2.973784900638938	0	true
sp|Q9H0S4|DDX47_HUMAN	19	0	9.472608085704826	0	true
sp|Q9H0U3|MAGT1_HUMAN	7	0	7.803128884686595	0	true
sp|Q9H0U4|RAB1B_HUMAN	3	11	10.375284427498285	0	true
sp|Q9H0U6|RM18_HUMAN	5	0	8.376052513888208	0	true
sp|Q9H0U9|TSYL1_HUMAN	6	0	2.8949130396540554	0	true
sp|Q9H0V9|LMA2L_HUMAN	10	0	7.6837486056230135	0	true
sp|Q9H0W8|SMG9_HUMAN	14	0	5.396316183496505	0	true
sp|Q9H0W9|CK054_HUMAN	11	0	9.824605390414447	0	true
sp|Q9H0X4|F234A_HUMAN	7	0	5.6485797174057835	0	true
sp|Q9H0X9|OSBL5_HUMAN	10	4	4.401571795926562	0	true
sp|Q9H115|SNAB_HUMAN	2	2	8.062581998309275	0	true
sp|Q9H147|TDIF1_HUMAN	7	0	3.9132967325446195	0	true
sp|Q9H173|SIL1_HUMAN	13	0	7.906262875581094	0	true
sp|Q9H1A3|METL9_HUMAN	4	0	2.321876514912123	0	true
sp|Q9H1A4|APC1_HUMAN	45	0	7.6170491574771075	0	true
sp|Q9H1B5|XYLT2_HUMAN	6	0	3.4851955813885716	0	true
sp|Q9H1B7|I2BPL_HUMAN	18	4	8.63981095665481	0	true
sp|Q9H1C4|UN93B_HUMAN	6	0	5.91207839986723	0	true
sp|Q9H1C7|CYTM1_HUMAN	2	0	3.5838893730299044	0	true
sp|Q9H1D9|RPC6_HUMAN	10	0	8.092354651099546	0	true
sp|Q9H1E3|NUCKS_HUMAN	10	0	8.412817698087201	0	true
sp|Q9H1E5|TMX4_HUMAN	5	0	5.427433951772699	0	true
sp|Q9H1H9|KI13A_HUMAN	16	4	7.5881911924853185	0	true
sp|Q9H1I8|ASCC2_HUMAN	16	0	7.2434783554564115	0	true
sp|Q9H1J1|REN3A_HUMAN	3	0	2.8970899471498153	0	true
sp|Q9H1K0|RBNS5_HUMAN	17	0	3.7805127498566757	0	true
sp|Q9H1K1|ISCU_HUMAN	5	0	6.8268339710228085	0	true
sp|Q9H1P3|OSBL2_HUMAN	10	0	5.261121048357573	0	true
sp|Q9H1Y0|ATG5_HUMAN	8	0	7.4421404647239155	0	true
sp|Q9H1Z4|WDR13_HUMAN	16	0	7.6364371049537905	0	true
sp|Q9H201|EPN3_HUMAN	1	1	9.429305036915475	0	true
sp|Q9H204|MED28_HUMAN	5	0	4.350473594131184	0	true
sp|Q9H211|CDT1_HUMAN	5	0	2.392033839338559	0	true
sp|Q9H223|EHD4_HUMAN	19	4	8.153355977033273	0	true
sp|Q9H227|GBA3_HUMAN	1	0	4.568939763624502	0	true
sp|Q9H237|PORCN_HUMAN	1	0	2.2123146279564896	0	true
sp|Q9H254|SPTN4_HUMAN	3	3	7.657110919970545	0	true
sp|Q9H267|VP33B_HUMAN	20	0	6.588406290560688	0	true
sp|Q9H269|VPS16_HUMAN	20	0	6.807273076993832	0	true
sp|Q9H270|VPS11_HUMAN	21	0	5.337486921897506	0	true
sp|Q9H299|SH3L3_HUMAN	4	0	9.87330213805115	0	true
sp|Q9H2A2|AL8A1_HUMAN	2	0	1.9447623591106349	0	true
sp|Q9H2C0|GAN_HUMAN	18	0	4.373314889177391	0	true
sp|Q9H2D1|S2532_HUMAN	4	0	5.717737389252116	0	true
sp|Q9H2D6|TARA_HUMAN	21	1	6.64994778771471	0	true
sp|Q9H2F5|EPC1_HUMAN	5	1	2.9590759847267796	0	true
sp|Q9H2G2|SLK_HUMAN	48	2	9.429105914265982	0	true
sp|Q9H2G9|GO45_HUMAN	3	0	2.792590329213011	0	true
sp|Q9H2H8|PPIL3_HUMAN	8	0	8.142546586884166	0	true
sp|Q9H2H9|S38A1_HUMAN	7	0	7.781932561347635	0	true
sp|Q9H2J4|PDCL3_HUMAN	9	0	6.990384241213576	0	true
sp|Q9H2J7|S6A15_HUMAN	16	0	9.868039741886019	0	true
sp|Q9H2K0|IF3M_HUMAN	5	0	5.221556835907712	0	true
sp|Q9H2K8|TAOK3_HUMAN	17	1	6.503174841143055	0	true
sp|Q9H2M9|RBGPR_HUMAN	29	0	7.346838277253191	0	true
sp|Q9H2P0|ADNP_HUMAN	45	0	9.953841060990827	0	true
sp|Q9H2P9|DPH5_HUMAN	8	0	6.851977721725379	0	true
sp|Q9H2T7|RBP17_HUMAN	1	1	2.5957774824544124	0	true
sp|Q9H2U1|DHX36_HUMAN	35	1	10.13481992317205	0	true
sp|Q9H2U2|IPYR2_HUMAN	18	0	10.598121436102335	0	true
sp|Q9H2V7|SPNS1_HUMAN	4	0	9.483559098520402	0	true
sp|Q9H2W6|RM46_HUMAN	13	0	8.914051508395616	0	true
sp|Q9H2X9|S12A5_HUMAN	0	4	6.6889915525805	0	true
sp|Q9H2Y7|ZN106_HUMAN	14	1	3.2967227674145807	0	true
sp|Q9H300|PARL_HUMAN	7	0	5.822252910214501	0	true
sp|Q9H307|PININ_HUMAN	31	1	10.36916124529291	0	true
sp|Q9H329|E41LB_HUMAN	3	0	3.0568869772696843	0	true
sp|Q9H330|TM245_HUMAN	7	0	9.308620464780914	0	true
sp|Q9H3C7|GGNB2_HUMAN	5	0	3.5974804184788174	0	true
sp|Q9H3F6|BACD3_HUMAN	5	1	2.959056352920608	0	true
sp|Q9H3G5|CPVL_HUMAN	10	0	9.35296663506837	0	true
sp|Q9H3H1|MOD5_HUMAN	12	0	2.044331143630584	0	true
sp|Q9H3H3|CK068_HUMAN	11	0	7.600258855395684	0	true
sp|Q9H3H5|GPT_HUMAN	4	0	5.553490152198723	0	true
sp|Q9H3K2|GHITM_HUMAN	9	0	7.261060481881609	0	true
sp|Q9H3K6|BOLA2_HUMAN	4	0	10.642741481076543	0	true
sp|Q9H3N1|TMX1_HUMAN	10	0	8.016865175963785	0	true
sp|Q9H3N8|HRH4_HUMAN	1	0	5.479373680774819	0	true
sp|Q9H3P2|NELFA_HUMAN	14	0	9.20462428988831	0	true
sp|Q9H3P7|GCP60_HUMAN	16	0	9.112227695275104	0	true
sp|Q9H3Q1|BORG4_HUMAN	5	0	6.991455921367713	0	true
sp|Q9H3R5|CENPH_HUMAN	3	0	4.217190188723544	0	true
sp|Q9H3S7|PTN23_HUMAN	41	0	9.213820816702734	0	true
sp|Q9H3U1|UN45A_HUMAN	43	0	9.657840964899924	0	true
sp|Q9H3U5|MFSD1_HUMAN	2	0	7.91302064436521	0	true
sp|Q9H3Z4|DNJC5_HUMAN	3	0	9.195726201602184	0	true
sp|Q9H410|DSN1_HUMAN	14	0	6.2425202040672865	0	true
sp|Q9H444|CHM4B_HUMAN	11	0	10.624555569435929	0	true
sp|Q9H446|RWDD1_HUMAN	5	0	6.190976038270135	0	true
sp|Q9H467|CUED2_HUMAN	4	0	5.880817428870043	0	true
sp|Q9H469|FXL15_HUMAN	5	0	5.020035904165855	0	true
sp|Q9H477|RBSK_HUMAN	4	0	5.822566798648727	0	true
sp|Q9H488|OFUT1_HUMAN	12	0	9.036859556084348	0	true
sp|Q9H490|PIGU_HUMAN	5	0	7.713696065109902	0	true
sp|Q9H497|TOR3A_HUMAN	4	0	2.7115950323185385	0	true
sp|Q9H4A3|WNK1_HUMAN	26	3	9.26397586237601	0	true
sp|Q9H4A4|AMPB_HUMAN	29	0	10.043983702244724	0	true
sp|Q9H4A5|GLP3L_HUMAN	4	0	6.425101960260386	0	true
sp|Q9H4A6|GOLP3_HUMAN	9	0	8.633194141369996	0	true
sp|Q9H4B0|OSGL1_HUMAN	5	0	3.3510911211193637	0	true
sp|Q9H4B7|TBB1_HUMAN	4	6	8.727184070898044	0	true
sp|Q9H4E5|RHOJ_HUMAN	1	1	5.792179197097966	0	true
sp|Q9H4E7|DEFI6_HUMAN	1	0	1.9882779144716956	0	true
sp|Q9H4F1|SIA7D_HUMAN	3	0	2.7862668595492694	0	true
sp|Q9H4F8|SMOC1_HUMAN	16	0	5.582439284109711	0	true
sp|Q9H4G0|E41L1_HUMAN	30	3	8.137944429670501	0	true
sp|Q9H4I2|ZHX3_HUMAN	7	1	2.8020012700991046	0	true
sp|Q9H4I3|TRABD_HUMAN	8	0	5.0545072601035645	0	true
sp|Q9H4I9|EMRE_HUMAN	1	0	2.9337339925202044	0	true
sp|Q9H4K7|MTG2_HUMAN	6	0	4.124980987082368	0	true
sp|Q9H4L4|SENP3_HUMAN	16	0	8.704219523657349	0	true
sp|Q9H4L5|OSBL3_HUMAN	18	1	5.358798890068587	0	true
sp|Q9H4L7|SMRCD_HUMAN	20	0	6.576442439464151	0	true
sp|Q9H4M9|EHD1_HUMAN	19	8	10.322655115406944	0	true
sp|Q9H4P4|RNF41_HUMAN	5	0	2.311865569505487	0	true
sp|Q9H4Z3|CAPAM_HUMAN	11	0	6.173810073050458	0	true
sp|Q9H501|ESF1_HUMAN	24	0	9.2852970205846	0	true
sp|Q9H553|ALG2_HUMAN	7	0	10.043904944759174	0	true
sp|Q9H568|ACTL8_HUMAN	15	0	5.2378571862134535	0	true
sp|Q9H582|ZN644_HUMAN	17	0	5.038538444250518	0	true
sp|Q9H583|HEAT1_HUMAN	62	0	9.685491575292799	0	true
sp|Q9H5H4|ZN768_HUMAN	13	0	4.62907093253212	0	true
sp|Q9H5J8|TAF1D_HUMAN	2	0	2.9612844373963108	0	true
sp|Q9H5K3|SG196_HUMAN	5	0	4.583291086545299	0	true
sp|Q9H5N1|RABE2_HUMAN	14	0	7.820252855095115	0	true
sp|Q9H5Q4|TFB2M_HUMAN	16	0	9.398912563904357	0	true
sp|Q9H5V8|CDCP1_HUMAN	17	0	4.762222932334901	0	true
sp|Q9H5V9|STEEP_HUMAN	9	0	7.067136172153625	0	true
sp|Q9H5X1|CIA2A_HUMAN	4	0	7.281287777777889	0	true
sp|Q9H5Z1|DHX35_HUMAN	8	0	3.429658828578347	0	true
sp|Q9H633|RPP21_HUMAN	3	0	4.355561937611961	0	true
sp|Q9H694|BICC1_HUMAN	3	0	1.9824334147379716	0	true
sp|Q9H6D7|HAUS4_HUMAN	12	0	6.825809236051933	0	true
sp|Q9H6E4|CC134_HUMAN	4	0	6.705639263624423	0	true
sp|Q9H6E5|STPAP_HUMAN	13	0	4.300655861400445	0	true
sp|Q9H6F5|CCD86_HUMAN	19	0	10.964653986149933	0	true
sp|Q9H6H4|REEP4_HUMAN	3	0	7.126379482638569	0	true
sp|Q9H6J7|CSTP1_HUMAN	2	0	1.9967864960922808	0	true
sp|Q9H6K1|ILRUN_HUMAN	4	0	3.190193545985643	0	true
sp|Q9H6L2|TM231_HUMAN	2	0	2.751123048059697	0	true
sp|Q9H6N6|MYH16_HUMAN	1	1	5.989585542789587	0	true
sp|Q9H6P5|TASP1_HUMAN	1	0	4.067723392017196	0	true
sp|Q9H6Q4|CIAO3_HUMAN	10	2	4.548199742063579	0	true
sp|Q9H6R0|DHX33_HUMAN	23	0	8.042302653058576	0	true
sp|Q9H6R4|NOL6_HUMAN	23	0	9.958979223929308	0	true
sp|Q9H6R6|ZDHC6_HUMAN	8	0	5.283460588057775	0	true
sp|Q9H6R7|WDCP_HUMAN	10	0	2.235937556424628	0	true
sp|Q9H6S0|YTDC2_HUMAN	36	0	7.506086199725093	0	true
sp|Q9H6S1|AZI2_HUMAN	7	0	5.992949105061177	0	true
sp|Q9H6S3|ES8L2_HUMAN	25	0	6.676067413724505	0	true
sp|Q9H6T0|ESRP2_HUMAN	13	0	6.9330561888839135	0	true
sp|Q9H6T3|RPAP3_HUMAN	29	0	8.798076205900985	0	true
sp|Q9H6U6|BCAS3_HUMAN	14	0	5.602366683426808	0	true
sp|Q9H6U8|ALG9_HUMAN	8	0	8.125231825961903	0	true
sp|Q9H6V9|LDAH_HUMAN	7	0	8.572562463390208	0	true
sp|Q9H6W3|RIOX1_HUMAN	11	0	6.809982864627355	0	true
sp|Q9H6X2|ANTR1_HUMAN	6	0	3.873872910637342	0	true
sp|Q9H6Y2|WDR55_HUMAN	12	0	7.762206774062795	0	true
sp|Q9H6Y7|RN167_HUMAN	6	0	5.978178381126338	0	true
sp|Q9H6Z4|RANB3_HUMAN	19	0	10.530214006681932	0	true
sp|Q9H773|DCTP1_HUMAN	9	0	9.432593527287874	0	true
sp|Q9H777|RNZ1_HUMAN	3	0	2.59170229957822	0	true
sp|Q9H788|SH24A_HUMAN	19	0	9.52212084853956	0	true
sp|Q9H792|PEAK1_HUMAN	22	0	4.576261825728034	0	true
sp|Q9H7B2|RPF2_HUMAN	12	0	10.113122810855709	0	true
sp|Q9H7B4|SMYD3_HUMAN	10	0	5.154154995746966	0	true
sp|Q9H7C9|AAMDC_HUMAN	6	0	7.2259808270534736	0	true
sp|Q9H7D0|DOCK5_HUMAN	46	2	7.775256899340202	0	true
sp|Q9H7D7|WDR26_HUMAN	17	0	7.539079870387406	0	true
sp|Q9H7E2|TDRD3_HUMAN	18	0	7.415678592521331	0	true
sp|Q9H7E9|CH033_HUMAN	7	0	9.834865562611425	0	true
sp|Q9H7F0|AT133_HUMAN	12	0	4.866821941082753	0	true
sp|Q9H7H0|MET17_HUMAN	6	0	3.3568149121470876	0	true
sp|Q9H7L9|SDS3_HUMAN	7	0	7.436073358636209	0	true
sp|Q9H7N4|SFR19_HUMAN	21	1	7.970229566754318	0	true
sp|Q9H7X7|IFT22_HUMAN	4	0	3.0368531098657896	0	true
sp|Q9H7Y0|DIK2B_HUMAN	1	0	2.179613056177488	0	true
sp|Q9H7Z3|NRDE2_HUMAN	16	0	4.264545947050401	0	true
sp|Q9H7Z6|KAT8_HUMAN	5	1	3.704943098903726	0	true
sp|Q9H7Z7|PGES2_HUMAN	17	0	9.619864576715742	0	true
sp|Q9H813|PACC1_HUMAN	2	0	3.8655383780301094	0	true
sp|Q9H814|PHAX_HUMAN	12	0	9.530158756277398	0	true
sp|Q9H825|METL8_HUMAN	2	0	2.775043478828114	0	true
sp|Q9H832|UBE2Z_HUMAN	13	0	9.316592146052306	0	true
sp|Q9H840|GEMI7_HUMAN	1	0	2.298610950144675	0	true
sp|Q9H845|ACAD9_HUMAN	28	0	9.722603891319789	0	true
sp|Q9H853|TBA4B_HUMAN	1	1	6.783597262334324	0	true
sp|Q9H857|NT5D2_HUMAN	15	0	6.281380936383599	0	true
sp|Q9H869|YYAP1_HUMAN	6	5	7.350557174082327	0	true
sp|Q9H871|RMD5A_HUMAN	7	0	4.809313168381514	0	true
sp|Q9H875|PKRI1_HUMAN	4	0	3.873368653860069	0	true
sp|Q9H8G2|CAAP1_HUMAN	5	0	7.059808175149762	0	true
sp|Q9H8H0|NOL11_HUMAN	27	0	9.278783159063433	0	true
sp|Q9H8H2|DDX31_HUMAN	28	0	8.236871125715407	0	true
sp|Q9H8H3|TMT1A_HUMAN	6	0	9.156273414856033	0	true
sp|Q9H8K7|PAAT_HUMAN	5	0	3.219918014242367	0	true
sp|Q9H8M2|BRD9_HUMAN	3	0	3.206111187224692	0	true
sp|Q9H8M5|CNNM2_HUMAN	12	6	7.694759554184204	0	true
sp|Q9H8M7|MINY3_HUMAN	3	0	4.700384544375861	0	true
sp|Q9H8P0|SR5A3_HUMAN	2	0	2.627255493304093	0	true
sp|Q9H8T0|AKTIP_HUMAN	2	0	4.335580617533963	0	true
sp|Q9H8U3|ZFAN3_HUMAN	2	0	2.4698285339050434	0	true
sp|Q9H8V3|ECT2_HUMAN	19	0	6.592362972537199	0	true
sp|Q9H8W3|F204A_HUMAN	4	0	1.897954827445552	0	true
sp|Q9H8W4|PKHF2_HUMAN	9	0	3.3160979268897046	0	true
sp|Q9H8Y5|ANKZ1_HUMAN	19	0	7.209666554916017	0	true
sp|Q9H8Y8|GORS2_HUMAN	9	1	8.709900808418922	0	true
sp|Q9H900|ZWILC_HUMAN	12	0	7.628838462744598	0	true
sp|Q9H902|REEP1_HUMAN	1	0	4.073519736048429	0	true
sp|Q9H910|JUPI2_HUMAN	8	0	8.019053011967587	0	true
sp|Q9H930|SP14L_HUMAN	6	3	5.811453385614203	0	true
sp|Q9H936|GHC1_HUMAN	9	0	8.010211348397046	0	true
sp|Q9H944|MED20_HUMAN	5	0	5.749961325970965	0	true
sp|Q9H967|WDR76_HUMAN	23	0	6.409887869749144	0	true
sp|Q9H974|QTRT2_HUMAN	11	0	7.169179209409407	0	true
sp|Q9H977|WDR54_HUMAN	5	0	4.098966126156273	0	true
sp|Q9H981|ARP8_HUMAN	22	0	6.359409793100953	0	true
sp|Q9H993|ARMT1_HUMAN	13	0	8.264396415127802	0	true
sp|Q9H999|PANK3_HUMAN	2	1	2.401727621629194	0	true
sp|Q9H9A5|CNO10_HUMAN	23	0	8.831508291931744	0	true
sp|Q9H9A6|LRC40_HUMAN	28	0	9.285848321479675	0	true
sp|Q9H9A7|RMI1_HUMAN	9	0	3.1379354122164167	0	true
sp|Q9H9B1|EHMT1_HUMAN	29	1	7.4277849118416075	0	true
sp|Q9H9B4|SFXN1_HUMAN	12	1	10.137057884288119	0	true
sp|Q9H9C1|SPE39_HUMAN	18	0	9.14178186141986	0	true
sp|Q9H9E3|COG4_HUMAN	24	0	6.8519527383167045	0	true
sp|Q9H9F9|ARP5_HUMAN	15	0	6.284788573770499	0	true
sp|Q9H9G7|AGO3_HUMAN	11	10	10.260663532615768	0	true
sp|Q9H9H4|VP37B_HUMAN	7	0	5.495880453634727	0	true
sp|Q9H9J2|RM44_HUMAN	14	0	7.613077964835626	0	true
sp|Q9H9J4|UBP42_HUMAN	7	0	2.124765661099187	0	true
sp|Q9H9L3|I20L2_HUMAN	12	0	8.321077623805149	0	true
sp|Q9H9L4|KANL2_HUMAN	6	0	3.692195832038221	0	true
sp|Q9H9P8|L2HDH_HUMAN	16	0	10.182533502252348	0	true
sp|Q9H9Q2|CSN7B_HUMAN	10	0	9.838216246479533	0	true
sp|Q9H9Q4|NHEJ1_HUMAN	3	0	5.665359563583634	0	true
sp|Q9H9S3|S61A2_HUMAN	1	4	6.349978761887751	0	true
sp|Q9H9S4|CB39L_HUMAN	1	2	5.871895349985105	0	true
sp|Q9H9T3|ELP3_HUMAN	23	0	8.296997069325105	0	true
sp|Q9H9Y2|RPF1_HUMAN	13	0	8.536732474878995	0	true
sp|Q9H9Y6|RPA2_HUMAN	35	0	7.62826541035513	0	true
sp|Q9HA47|UCK1_HUMAN	4	2	5.696383679055666	0	true
sp|Q9HA64|KT3K_HUMAN	8	0	10.269908250284622	0	true
sp|Q9HA65|TBC17_HUMAN	11	0	5.59749559574255	0	true
sp|Q9HA77|SYCM_HUMAN	15	0	9.367714071541503	0	true
sp|Q9HAB3|S52A2_HUMAN	2	0	2.6100168896567637	0	true
sp|Q9HAB8|PPCS_HUMAN	12	0	8.539764861373964	0	true
sp|Q9HAD4|WDR41_HUMAN	3	0	2.381000808456573	0	true
sp|Q9HAF1|EAF6_HUMAN	5	0	6.450521586659777	0	true
sp|Q9HAH1|ZN556_HUMAN	2	0	2.1010986494433848	0	true
sp|Q9HAJ7|SP30L_HUMAN	3	0	4.8106669990602455	0	true
sp|Q9HAN9|NMNA1_HUMAN	7	0	5.846925294561401	0	true
sp|Q9HAS0|NJMU_HUMAN	14	0	7.873355868472237	0	true
sp|Q9HAT2|SIAE_HUMAN	5	0	3.0327772709316587	0	true
sp|Q9HAU0|PKHA5_HUMAN	15	0	2.8884236285563913	0	true
sp|Q9HAU4|SMUF2_HUMAN	4	1	2.6547148958209785	0	true
sp|Q9HAU5|RENT2_HUMAN	32	0	6.721085682151674	0	true
sp|Q9HAU6|TCTP8_HUMAN	1	1	6.815276401019834	0	true
sp|Q9HAV0|GBB4_HUMAN	9	5	8.17739962784382	0	true
sp|Q9HAV4|XPO5_HUMAN	39	0	10.52941148617125	0	true
sp|Q9HAV7|GRPE1_HUMAN	11	0	10.265944887361462	0	true
sp|Q9HAW0|BRF2_HUMAN	2	0	2.949538465323348	0	true
sp|Q9HAW4|CLSPN_HUMAN	6	0	2.8851217580077133	0	true
sp|Q9HAZ1|CLK4_HUMAN	1	3	5.284479254594834	0	true
sp|Q9HB07|MYG1_HUMAN	14	0	9.791987933875552	0	true
sp|Q9HB19|PKHA2_HUMAN	14	0	4.076648515123811	0	true
sp|Q9HB21|PKHA1_HUMAN	11	0	4.768085345003225	0	true
sp|Q9HB40|RISC_HUMAN	8	0	6.629001601314731	0	true
sp|Q9HB58|SP110_HUMAN	2	0	2.5745081882051433	0	true
sp|Q9HB71|CYBP_HUMAN	17	0	9.728812278112963	0	true
sp|Q9HB90|RRAGC_HUMAN	12	0	8.577775447275457	0	true
sp|Q9HBD1|RC3H2_HUMAN	9	3	2.9718408713293436	0	true
sp|Q9HBE1|PATZ1_HUMAN	10	1	4.192888736090005	0	true
sp|Q9HBG6|IF122_HUMAN	8	0	2.689560353693936	0	true
sp|Q9HBH0|RHOF_HUMAN	9	0	6.981153745913757	0	true
sp|Q9HBH1|DEFM_HUMAN	6	0	6.680239266538354	0	true
sp|Q9HBH5|RDH14_HUMAN	11	0	5.9868450417629	0	true
sp|Q9HBI1|PARVB_HUMAN	5	2	9.511524994247157	0	true
sp|Q9HBL7|PLRKT_HUMAN	5	0	3.8287353730793754	0	true
sp|Q9HBL8|NMRL1_HUMAN	9	0	6.830043261280795	0	true
sp|Q9HBM0|VEZA_HUMAN	11	0	5.671634407777513	0	true
sp|Q9HBM1|SPC25_HUMAN	7	0	5.572308512351645	0	true
sp|Q9HBM6|TAF9B_HUMAN	5	7	7.846172615307671	0	true
sp|Q9HBR0|S38AA_HUMAN	9	0	2.1763813157774163	0	true
sp|Q9HBU6|EKI1_HUMAN	5	1	3.0513252647110267	0	true
sp|Q9HC07|TM165_HUMAN	5	0	6.1199619436275245	0	true
sp|Q9HC21|TPC_HUMAN	11	0	6.250670561108385	0	true
sp|Q9HC35|EMAL4_HUMAN	31	0	8.004752033287966	0	true
sp|Q9HC36|MRM3_HUMAN	11	0	7.0651069213797095	0	true
sp|Q9HC38|GLOD4_HUMAN	14	0	8.804228756265848	0	true
sp|Q9HC52|CBX8_HUMAN	14	0	6.976613002268752	0	true
sp|Q9HC62|SENP2_HUMAN	8	0	4.009483614526711	0	true
sp|Q9HC78|ZBT20_HUMAN	2	0	2.2132745308978845	0	true
sp|Q9HC98|NEK6_HUMAN	1	2	5.036119391424848	0	true
sp|Q9HCB6|SPON1_HUMAN	2	0	2.3345229616704306	0	true
sp|Q9HCC0|MCCB_HUMAN	22	0	9.189716907974686	0	true
sp|Q9HCD5|NCOA5_HUMAN	18	0	8.00712528126608	0	true
sp|Q9HCD6|TANC2_HUMAN	24	0	4.306382481452951	0	true
sp|Q9HCE0|EPG5_HUMAN	4	0	1.9100205202632552	0	true
sp|Q9HCE1|MOV10_HUMAN	43	0	10.523692159498726	0	true
sp|Q9HCE3|ZN532_HUMAN	4	0	4.279522207600276	0	true
sp|Q9HCE5|MET14_HUMAN	9	0	7.023537472901884	0	true
sp|Q9HCE7|SMUF1_HUMAN	1	1	7.079203383512513	0	true
sp|Q9HCG8|CWC22_HUMAN	27	0	7.699146292812877	0	true
sp|Q9HCH0|NCK5L_HUMAN	6	1	2.4608407036840707	0	true
sp|Q9HCI7|MSL2_HUMAN	2	0	2.203030204014802	0	true
sp|Q9HCJ1|ANKH_HUMAN	5	0	2.6791453761532744	0	true
sp|Q9HCJ3|RAVR2_HUMAN	4	0	2.2736845141708897	0	true
sp|Q9HCK4|ROBO2_HUMAN	2	2	2.9872114873830524	0	true
sp|Q9HCK5|AGO4_HUMAN	0	9	10.260663532615768	0	true
sp|Q9HCK8|CHD8_HUMAN	36	10	8.457481022446819	0	true
sp|Q9HCL0|PCD18_HUMAN	3	0	2.3285887186489482	0	true
sp|Q9HCL2|GPAT1_HUMAN	6	0	3.8412320432268783	0	true
sp|Q9HCM2|PLXA4_HUMAN	2	4	2.416214568567924	0	true
sp|Q9HCN4|GPN1_HUMAN	6	0	6.947384277032322	0	true
sp|Q9HCN8|SDF2L_HUMAN	9	0	9.638138565783118	0	true
sp|Q9HCP0|KC1G1_HUMAN	2	5	3.3153341366713995	0	true
sp|Q9HCS7|SYF1_HUMAN	34	0	9.417474859463566	0	true
sp|Q9HCU5|SEC12_HUMAN	12	0	9.82268382526696	0	true
sp|Q9HCU8|DPOD4_HUMAN	4	0	3.2154255711479376	0	true
sp|Q9HCU9|BRMS1_HUMAN	4	0	4.092976483066309	0	true
sp|Q9HCY8|S10AE_HUMAN	6	0	11.162393314733663	0	true
sp|Q9HD15|SRA1_HUMAN	7	0	9.386078130707721	0	true
sp|Q9HD20|AT131_HUMAN	34	0	9.31651865757354	0	true
sp|Q9HD23|MRS2_HUMAN	8	0	2.727117048939637	0	true
sp|Q9HD26|GOPC_HUMAN	12	0	5.4023164919663715	0	true
sp|Q9HD33|RM47_HUMAN	10	0	6.226914687513852	0	true
sp|Q9HD34|LYRM4_HUMAN	3	0	6.763348029519975	0	true
sp|Q9HD40|SPCS_HUMAN	8	0	4.629662301245065	0	true
sp|Q9HD42|CHM1A_HUMAN	5	0	5.428009874632804	0	true
sp|Q9HD45|TM9S3_HUMAN	15	0	9.81558360481159	0	true
sp|Q9HD47|MOG1_HUMAN	4	0	8.08707104199438	0	true
sp|Q9HDC9|APMAP_HUMAN	13	0	9.68650416972128	0	true
sp|Q9NNW5|WDR6_HUMAN	15	0	5.024075373214836	0	true
sp|Q9NNW7|TRXR2_HUMAN	9	1	10.025745293096291	0	true
sp|Q9NNX1|TUFT1_HUMAN	5	0	4.715415489032343	0	true
sp|Q9NP50|SHCAF_HUMAN	5	0	4.003617382737086	0	true
sp|Q9NP58|ABCB6_HUMAN	11	0	5.199823950171868	0	true
sp|Q9NP61|ARFG3_HUMAN	7	0	5.1139963499671035	0	true
sp|Q9NP64|ZCC17_HUMAN	6	0	5.096109386187938	0	true
sp|Q9NP66|HM20A_HUMAN	5	0	7.228254880104459	0	true
sp|Q9NP72|RAB18_HUMAN	11	0	10.297047430828089	0	true
sp|Q9NP73|ALG13_HUMAN	4	0	4.364555593004886	0	true
sp|Q9NP77|SSU72_HUMAN	9	0	7.406560884209241	0	true
sp|Q9NP79|VTA1_HUMAN	10	0	7.519231747197551	0	true
sp|Q9NP80|PLPL8_HUMAN	11	1	4.4370502156413005	0	true
sp|Q9NP81|SYSM_HUMAN	16	0	9.39292032037323	0	true
sp|Q9NP92|RT30_HUMAN	15	0	9.651027061413243	0	true
sp|Q9NP97|DLRB1_HUMAN	4	0	10.771979368186432	0	true
sp|Q9NPA0|EMC7_HUMAN	7	0	8.669827638991345	0	true
sp|Q9NPA3|M1IP1_HUMAN	7	0	8.253956005685255	0	true
sp|Q9NPA8|ENY2_HUMAN	6	0	9.782880466539407	0	true
sp|Q9NPB6|PAR6A_HUMAN	1	2	3.0276678444561997	0	true
sp|Q9NPB8|GPCP1_HUMAN	4	0	2.350519207683174	0	true
sp|Q9NPC7|MYNN_HUMAN	2	0	1.9513699013673576	0	true
sp|Q9NPD3|EXOS4_HUMAN	6	0	8.90525103848252	0	true
sp|Q9NPD8|UBE2T_HUMAN	8	0	6.94780996342611	0	true
sp|Q9NPE2|NGRN_HUMAN	12	0	2.2621134789972004	0	true
sp|Q9NPE3|NOP10_HUMAN	4	0	7.469699523898569	0	true
sp|Q9NPF0|CD320_HUMAN	6	0	7.747222480870648	0	true
sp|Q9NPF4|OSGEP_HUMAN	11	0	9.94202727714407	0	true
sp|Q9NPF5|DMAP1_HUMAN	14	0	7.729024423923706	0	true
sp|Q9NPG4|PCD12_HUMAN	5	0	8.83603236556009	0	true
sp|Q9NPG8|ZDHC4_HUMAN	1	0	2.396469423841743	0	true
sp|Q9NPH0|PPA6_HUMAN	9	0	6.474471042296652	0	true
sp|Q9NPH2|INO1_HUMAN	2	0	4.141418763357263	0	true
sp|Q9NPH3|IL1AP_HUMAN	2	0	3.9560975455182694	0	true
sp|Q9NPI1|BRD7_HUMAN	16	0	5.017188047890133	0	true
sp|Q9NPI6|DCP1A_HUMAN	14	0	7.314540753036848	0	true
sp|Q9NPJ3|ACO13_HUMAN	3	0	8.913514018901193	0	true
sp|Q9NPJ6|MED4_HUMAN	10	0	7.60456126287588	0	true
sp|Q9NPL8|TIDC1_HUMAN	9	0	7.634347591980245	0	true
sp|Q9NPQ8|RIC8A_HUMAN	16	1	7.877281804174508	0	true
sp|Q9NPR2|SEM4B_HUMAN	3	0	2.486860259454318	0	true
sp|Q9NPR9|GP108_HUMAN	6	0	6.261425576274537	0	true
sp|Q9NQ29|LUC7L_HUMAN	8	6	10.884955215192093	0	true
sp|Q9NQ34|TMM9B_HUMAN	2	1	4.3373115224021745	0	true
sp|Q9NQ39|RS10L_HUMAN	1	5	10.052748532639695	0	true
sp|Q9NQ48|LZTL1_HUMAN	12	0	7.637358421240858	0	true
sp|Q9NQ50|RM40_HUMAN	7	0	8.60141951135181	0	true
sp|Q9NQ55|SSF1_HUMAN	14	0	8.796141589107096	0	true
sp|Q9NQ86|TRI36_HUMAN	3	0	2.602647141311509	0	true
sp|Q9NQ88|TIGAR_HUMAN	10	0	8.484589251239264	0	true
sp|Q9NQ89|FERY3_HUMAN	2	0	1.9476907601049958	0	true
sp|Q9NQ92|COPRS_HUMAN	1	0	2.2893134339986454	0	true
sp|Q9NQA3|WASH6_HUMAN	1	6	7.310712556128149	0	true
sp|Q9NQB0|TF7L2_HUMAN	3	0	3.127670300804945	0	true
sp|Q9NQC1|JADE2_HUMAN	2	2	2.2183131748143166	0	true
sp|Q9NQC3|RTN4_HUMAN	7	0	9.334656568699447	0	true
sp|Q9NQC7|CYLD_HUMAN	8	0	2.0152562583245075	0	true
sp|Q9NQE9|HINT3_HUMAN	6	0	6.491672339188718	0	true
sp|Q9NQG1|MANBL_HUMAN	1	0	8.039039923956995	0	true
sp|Q9NQG5|RPR1B_HUMAN	11	0	10.90354688940381	0	true
sp|Q9NQG6|MID51_HUMAN	6	0	3.0618008106507135	0	true
sp|Q9NQH7|XPP3_HUMAN	5	0	4.912768825662605	0	true
sp|Q9NQP4|PFD4_HUMAN	2	0	7.0412622513749845	0	true
sp|Q9NQQ7|S35C2_HUMAN	1	0	3.980555189232434	0	true
sp|Q9NQR4|NIT2_HUMAN	20	0	8.999944745833378	0	true
sp|Q9NQS1|AVEN_HUMAN	10	0	6.9038763361191435	0	true
sp|Q9NQS3|NECT3_HUMAN	3	0	5.059736040927414	0	true
sp|Q9NQS7|INCE_HUMAN	26	0	7.277038436988769	0	true
sp|Q9NQT4|EXOS5_HUMAN	8	0	8.996730018177356	0	true
sp|Q9NQT5|EXOS3_HUMAN	8	0	8.677101139448949	0	true
sp|Q9NQT8|KI13B_HUMAN	25	4	7.5881911924853185	0	true
sp|Q9NQV6|PRD10_HUMAN	6	0	3.348605317326193	0	true
sp|Q9NQW6|ANLN_HUMAN	32	0	6.064791614988182	0	true
sp|Q9NQW7|XPP1_HUMAN	23	1	8.80683373447111	0	true
sp|Q9NQX3|GEPH_HUMAN	28	0	9.072470988173885	0	true
sp|Q9NQX4|MYO5C_HUMAN	3	3	3.37261925694885	0	true
sp|Q9NQY0|BIN3_HUMAN	3	0	3.3885114850938782	0	true
sp|Q9NQZ2|SAS10_HUMAN	9	0	8.757452387087627	0	true
sp|Q9NQZ5|STAR7_HUMAN	6	0	5.952605549571043	0	true
sp|Q9NR09|BIRC6_HUMAN	74	0	8.361323134775413	0	true
sp|Q9NR12|PDLI7_HUMAN	14	0	7.184726234244789	0	true
sp|Q9NR19|ACSA_HUMAN	19	0	9.00669285726171	0	true
sp|Q9NR22|ANM8_HUMAN	1	3	9.344417398093864	0	true
sp|Q9NR28|DBLOH_HUMAN	8	0	7.690457705493719	0	true
sp|Q9NR30|DDX21_HUMAN	39	2	9.810115229734603	0	true
sp|Q9NR31|SAR1A_HUMAN	8	3	10.662522821385245	0	true
sp|Q9NR33|DPOE4_HUMAN	4	0	7.119584913410536	0	true
sp|Q9NR45|SIAS_HUMAN	16	0	10.542053734577934	0	true
sp|Q9NR46|SHLB2_HUMAN	16	1	8.47481814855052	0	true
sp|Q9NR50|EI2BG_HUMAN	19	0	9.00550240958705	0	true
sp|Q9NR56|MBNL1_HUMAN	6	3	11.279712086971449	0	true
sp|Q9NR77|PXMP2_HUMAN	4	0	4.58302860790372	0	true
sp|Q9NRA0|SPHK2_HUMAN	7	0	3.0159960339182286	0	true
sp|Q9NRA2|S17A5_HUMAN	4	0	3.259506682399954	0	true
sp|Q9NRA8|4ET_HUMAN	16	0	7.021535620489423	0	true
sp|Q9NRB3|CHSTC_HUMAN	1	0	2.322360643751847	0	true
sp|Q9NRC1|ST7_HUMAN	7	0	2.9079065178909067	0	true
sp|Q9NRC8|SIR7_HUMAN	5	0	2.5454782155654474	0	true
sp|Q9NRD1|FBX6_HUMAN	2	0	2.2590593157909633	0	true
sp|Q9NRF2|SH2B1_HUMAN	6	0	2.8266734974848666	0	true
sp|Q9NRF8|PYRG2_HUMAN	24	5	9.918421130412975	0	true
sp|Q9NRF9|DPOE3_HUMAN	5	0	9.589224820805065	0	true
sp|Q9NRG0|CHRC1_HUMAN	2	0	5.933429649748052	0	true
sp|Q9NRG1|PRDC1_HUMAN	4	0	5.7564017076256135	0	true
sp|Q9NRG4|SMYD2_HUMAN	7	0	4.0118527424680295	0	true
sp|Q9NRG7|D39U1_HUMAN	5	0	3.3584240543494754	0	true
sp|Q9NRG9|AAAS_HUMAN	14	0	9.205698300790186	0	true
sp|Q9NRH2|SNRK_HUMAN	6	0	2.413613542145378	0	true
sp|Q9NRK6|ABCBA_HUMAN	16	1	8.459264101784036	0	true
sp|Q9NRL2|BAZ1A_HUMAN	39	0	8.059436745078667	0	true
sp|Q9NRL3|STRN4_HUMAN	12	2	5.723557627668907	0	true
sp|Q9NRM2|ZN277_HUMAN	3	0	2.0038157786068136	0	true
sp|Q9NRN5|OLFL3_HUMAN	6	0	5.124791948722422	0	true
sp|Q9NRN7|ADPPT_HUMAN	12	0	8.310955970429118	0	true
sp|Q9NRN9|METL5_HUMAN	4	0	3.036037194723046	0	true
sp|Q9NRP2|COXM2_HUMAN	3	0	8.002774440983984	0	true
sp|Q9NRP4|SDHF3_HUMAN	2	0	2.926062366711511	0	true
sp|Q9NRQ5|SMCO4_HUMAN	1	0	3.959305550928983	0	true
sp|Q9NRR4|RNC_HUMAN	12	0	3.9636570785932834	0	true
sp|Q9NRR5|UBQL4_HUMAN	10	4	9.681529901772505	0	true
sp|Q9NRS6|SNX15_HUMAN	8	0	6.968917267390546	0	true
sp|Q9NRU3|CNNM1_HUMAN	1	2	6.3727070502310195	0	true
sp|Q9NRV9|HEBP1_HUMAN	11	0	9.86365778467274	0	true
sp|Q9NRW7|VPS45_HUMAN	19	0	8.079869617711509	0	true
sp|Q9NRX1|PNO1_HUMAN	9	0	9.957926298884322	0	true
sp|Q9NRX2|RM17_HUMAN	10	0	7.79153519832857	0	true
sp|Q9NRX4|PHP14_HUMAN	6	0	9.118796096049735	0	true
sp|Q9NRX5|SERC1_HUMAN	4	0	4.014775382036206	0	true
sp|Q9NRY2|SOSSC_HUMAN	3	0	7.969288212053335	0	true
sp|Q9NRY4|RHG35_HUMAN	20	0	5.899051668474317	0	true
sp|Q9NRY5|F1142_HUMAN	24	0	8.945222818385124	0	true
sp|Q9NRZ7|PLCC_HUMAN	8	0	4.927272848602418	0	true
sp|Q9NRZ9|HELLS_HUMAN	34	1	8.949408227774517	0	true
sp|Q9NS00|C1GLT_HUMAN	3	0	2.38345028670446	0	true
sp|Q9NS18|GLRX2_HUMAN	2	0	2.8679981421942657	0	true
sp|Q9NS56|TOPRS_HUMAN	3	0	2.7851777485248026	0	true
sp|Q9NS69|TOM22_HUMAN	4	0	8.831894988741599	0	true
sp|Q9NS73|MBIP1_HUMAN	2	0	4.101045633718151	0	true
sp|Q9NS86|LANC2_HUMAN	13	0	8.128250686501511	0	true
sp|Q9NS87|KIF15_HUMAN	28	0	7.275110685081524	0	true
sp|Q9NS91|RAD18_HUMAN	16	0	4.515143986559585	0	true
sp|Q9NS93|TM7S3_HUMAN	5	0	3.3447872803232075	0	true
sp|Q9NSC5|HOME3_HUMAN	6	0	6.171871994434142	0	true
sp|Q9NSD9|SYFB_HUMAN	29	0	11.209571795655211	0	true
sp|Q9NSE4|SYIM_HUMAN	36	0	9.467816147792888	0	true
sp|Q9NSG2|FIRRM_HUMAN	2	0	6.050510178190327	0	true
sp|Q9NSI2|SLX9_HUMAN	8	0	7.577100183590328	0	true
sp|Q9NSI6|BRWD1_HUMAN	14	3	7.063812974029561	0	true
sp|Q9NSK0|KLC4_HUMAN	19	6	8.900977057581176	0	true
sp|Q9NSP4|CENPM_HUMAN	2	0	3.0913655439029997	0	true
sp|Q9NSU2|TREX1_HUMAN	8	0	3.3815424570465162	0	true
sp|Q9NSV4|DIAP3_HUMAN	32	0	7.049169107273005	0	true
sp|Q9NSY0|NRBP2_HUMAN	2	0	3.664632467250949	0	true
sp|Q9NSY1|BMP2K_HUMAN	6	1	2.4975601506959184	0	true
sp|Q9NT62|ATG3_HUMAN	7	0	9.26055776659598	0	true
sp|Q9NTG7|SIR3_HUMAN	3	0	2.2068306286202333	0	true
sp|Q9NTI5|PDS5B_HUMAN	48	6	9.797193096455553	0	true
sp|Q9NTJ3|SMC4_HUMAN	59	0	11.588229305117727	0	true
sp|Q9NTJ4|MA2C1_HUMAN	7	0	2.282510053838159	0	true
sp|Q9NTJ5|SAC1_HUMAN	23	0	7.80184708559304	0	true
sp|Q9NTK5|OLA1_HUMAN	23	0	9.469720036160835	0	true
sp|Q9NTM9|CUTC_HUMAN	8	0	9.878158348335589	0	true
sp|Q9NTW7|ZF64B_HUMAN	2	0	2.8192047899575736	0	true
sp|Q9NTX5|ECHD1_HUMAN	12	0	8.631559656144681	0	true
sp|Q9NTZ6|RBM12_HUMAN	25	0	9.359003261775868	0	true
sp|Q9NU19|TB22B_HUMAN	5	0	3.0472293789556613	0	true
sp|Q9NU22|MDN1_HUMAN	118	0	8.41251301003352	0	true
sp|Q9NU23|LYRM2_HUMAN	5	0	5.077310324182152	0	true
sp|Q9NU53|GINM1_HUMAN	1	0	2.228282594793724	0	true
sp|Q9NUA8|ZBT40_HUMAN	9	0	3.4152021745534484	0	true
sp|Q9NUD5|ZCHC3_HUMAN	12	0	5.969116464081338	0	true
sp|Q9NUE0|ZDH18_HUMAN	3	0	2.0711670734944345	0	true
sp|Q9NUG6|PDRG1_HUMAN	3	0	5.780878914387196	0	true
sp|Q9NUI1|DECR2_HUMAN	15	0	6.7109210297500015	0	true
sp|Q9NUJ1|ABHDA_HUMAN	11	0	9.225483677502496	0	true
sp|Q9NUJ3|T11L1_HUMAN	12	0	5.855448601288385	0	true
sp|Q9NUK0|MBNL3_HUMAN	2	3	5.812787457891034	0	true
sp|Q9NUL3|STAU2_HUMAN	18	1	8.29370330388768	0	true
sp|Q9NUL5|SHFL_HUMAN	4	0	3.8398485413184646	0	true
sp|Q9NUL7|DDX28_HUMAN	19	0	7.860520574739278	0	true
sp|Q9NUM4|T106B_HUMAN	6	0	7.36441471209883	0	true
sp|Q9NUN5|LMBD1_HUMAN	2	0	7.660112219580278	0	true
sp|Q9NUP1|BL1S4_HUMAN	7	0	7.56615680141282	0	true
sp|Q9NUP7|TRM13_HUMAN	10	0	3.6954426935704014	0	true
sp|Q9NUP9|LIN7C_HUMAN	9	0	6.726462801828959	0	true
sp|Q9NUQ2|PLCE_HUMAN	10	0	7.700750037499737	0	true
sp|Q9NUQ3|TXLNG_HUMAN	23	0	8.481059697467654	0	true
sp|Q9NUQ6|SPS2L_HUMAN	14	0	4.394356869349146	0	true
sp|Q9NUQ7|UFSP2_HUMAN	11	0	7.108892420605936	0	true
sp|Q9NUQ8|ABCF3_HUMAN	26	0	10.95334494513959	0	true
sp|Q9NUQ9|CYRIB_HUMAN	14	0	10.210433376685707	0	true
sp|Q9NUS5|AP5S1_HUMAN	4	0	2.4763402162833352	0	true
sp|Q9NUT2|MITOS_HUMAN	5	1	4.49389978114296	0	true
sp|Q9NUU6|OTULL_HUMAN	3	0	2.151051105369134	0	true
sp|Q9NUU7|DD19A_HUMAN	3	20	9.388206915453093	0	true
sp|Q9NUW8|TYDP1_HUMAN	18	0	6.749030772728643	0	true
sp|Q9NUX5|POTE1_HUMAN	8	0	2.700996390305271	0	true
sp|Q9NUY8|TBC23_HUMAN	13	0	7.921432336692372	0	true
sp|Q9NV06|DCA13_HUMAN	19	0	8.399864453545808	0	true
sp|Q9NV31|IMP3_HUMAN	6	0	9.00096939112974	0	true
sp|Q9NV35|NUD15_HUMAN	6	0	4.3454233268603275	0	true
sp|Q9NV56|MRGBP_HUMAN	6	0	9.561806945929456	0	true
sp|Q9NV58|RN19A_HUMAN	6	0	2.333965414464393	0	true
sp|Q9NV66|TYW1_HUMAN	6	0	3.3809656954022085	0	true
sp|Q9NV70|EXOC1_HUMAN	26	0	6.374269036965378	0	true
sp|Q9NV88|INT9_HUMAN	16	0	7.160572517414374	0	true
sp|Q9NV96|CC50A_HUMAN	7	0	7.356969479656318	0	true
sp|Q9NVA1|UQCC1_HUMAN	6	0	4.675485502024659	0	true
sp|Q9NVA2|SEP11_HUMAN	6	10	9.765258839726899	0	true
sp|Q9NVC3|S38A7_HUMAN	2	0	2.8523896499539863	0	true
sp|Q9NVC6|MED17_HUMAN	19	0	4.655091305970615	0	true
sp|Q9NVD7|PARVA_HUMAN	11	2	12.016579808278333	0	true
sp|Q9NVE7|PANK4_HUMAN	21	0	5.907044850917494	0	true
sp|Q9NVF7|FBX28_HUMAN	5	0	5.994901991748044	0	true
sp|Q9NVG8|TBC13_HUMAN	18	0	8.78093836497558	0	true
sp|Q9NVH0|EXD2_HUMAN	16	0	7.458278612681518	0	true
sp|Q9NVH1|DJC11_HUMAN	20	0	8.195091344585714	0	true
sp|Q9NVH2|INT7_HUMAN	21	0	8.900843948193957	0	true
sp|Q9NVI1|FANCI_HUMAN	51	0	8.633771632230568	0	true
sp|Q9NVI7|ATD3A_HUMAN	8	20	10.234105288012083	0	true
sp|Q9NVJ2|ARL8B_HUMAN	5	5	8.533402297789658	0	true
sp|Q9NVK5|FGOP2_HUMAN	4	0	3.6529878959918034	0	true
sp|Q9NVM4|ANM7_HUMAN	7	0	4.873617382343002	0	true
sp|Q9NVM6|DJC17_HUMAN	10	0	7.708730589045943	0	true
sp|Q9NVM9|INT13_HUMAN	34	0	7.920056081851067	0	true
sp|Q9NVN3|RIC8B_HUMAN	3	1	7.807484275871395	0	true
sp|Q9NVN8|GNL3L_HUMAN	18	0	7.2289305447038785	0	true
sp|Q9NVP1|DDX18_HUMAN	25	0	9.965437046300375	0	true
sp|Q9NVP2|ASF1B_HUMAN	5	1	5.142878568866924	0	true
sp|Q9NVQ4|FAIM1_HUMAN	6	0	3.7858713964079698	0	true
sp|Q9NVR0|KLH11_HUMAN	8	0	2.932264769540669	0	true
sp|Q9NVR2|INT10_HUMAN	20	0	5.44326240064836	0	true
sp|Q9NVR5|KTU_HUMAN	11	0	5.1784741187514145	0	true
sp|Q9NVS2|RT18A_HUMAN	11	0	7.202147591857488	0	true
sp|Q9NVS9|PNPO_HUMAN	12	0	9.765559711176106	0	true
sp|Q9NVT9|ARMC1_HUMAN	8	0	6.505287596876657	0	true
sp|Q9NVU0|RPC5_HUMAN	18	0	9.17450469915391	0	true
sp|Q9NVU7|SDA1_HUMAN	20	0	9.42199692936575	0	true
sp|Q9NVV0|TM38B_HUMAN	5	0	4.0687042017119595	0	true
sp|Q9NVV4|PAPD1_HUMAN	16	0	6.36456014314686	0	true
sp|Q9NVV9|THAP1_HUMAN	1	0	2.050012244688512	0	true
sp|Q9NVW2|RNF12_HUMAN	5	0	4.368881356380814	0	true
sp|Q9NVX0|HAUS2_HUMAN	7	0	4.167387951845578	0	true
sp|Q9NVX2|NLE1_HUMAN	15	0	8.7184880261612	0	true
sp|Q9NVX7|KBTB4_HUMAN	12	0	5.457856323062795	0	true
sp|Q9NVZ3|NECP2_HUMAN	7	0	6.8135923184082055	0	true
sp|Q9NW08|RPC2_HUMAN	26	0	7.892686779037235	0	true
sp|Q9NW13|RBM28_HUMAN	29	0	10.481340754948224	0	true
sp|Q9NW15|ANO10_HUMAN	5	0	5.427710434110166	0	true
sp|Q9NW38|FANCL_HUMAN	4	0	2.709678398124649	0	true
sp|Q9NW64|RBM22_HUMAN	16	0	10.287396860856997	0	true
sp|Q9NW68|BSDC1_HUMAN	7	0	5.467489195731659	0	true
sp|Q9NW75|GPTC2_HUMAN	3	0	3.3758315893519657	0	true
sp|Q9NW81|DMAC2_HUMAN	4	0	6.352793964948998	0	true
sp|Q9NW82|WDR70_HUMAN	22	0	11.017544483984205	0	true
sp|Q9NW97|TMM51_HUMAN	1	0	2.1546260131468453	0	true
sp|Q9NWA0|MED9_HUMAN	5	0	9.414410053787275	0	true
sp|Q9NWB6|ARGL1_HUMAN	10	0	6.95192069320483	0	true
sp|Q9NWD8|TM248_HUMAN	2	0	2.3235410957687668	0	true
sp|Q9NWH9|SLTM_HUMAN	42	0	9.848604477626527	0	true
sp|Q9NWK9|BCD1_HUMAN	5	0	3.2512504909781463	0	true
sp|Q9NWM0|SMOX_HUMAN	8	0	3.421895243040318	0	true
sp|Q9NWR8|MCUB_HUMAN	5	0	2.8856619474940195	0	true
sp|Q9NWS0|PIHD1_HUMAN	7	0	8.979740807072444	0	true
sp|Q9NWS8|RMND1_HUMAN	10	0	7.488704296058812	0	true
sp|Q9NWT1|PK1IP_HUMAN	16	0	8.752156694952605	0	true
sp|Q9NWT6|HIF1N_HUMAN	8	0	6.24185121677394	0	true
sp|Q9NWT8|AKIP_HUMAN	1	0	1.8934360952367384	0	true
sp|Q9NWU1|OXSM_HUMAN	10	0	6.938491135358085	0	true
sp|Q9NWU2|GID8_HUMAN	5	0	6.3170237813381	0	true
sp|Q9NWU5|RM22_HUMAN	10	0	8.5036209895006	0	true
sp|Q9NWV4|CZIB_HUMAN	10	0	8.85699212107622	0	true
sp|Q9NWV8|BABA1_HUMAN	12	0	7.494709420910187	0	true
sp|Q9NWW5|CLN6_HUMAN	2	0	6.86044085743704	0	true
sp|Q9NWW6|NRK1_HUMAN	2	0	2.613381393885672	0	true
sp|Q9NWX5|ASB6_HUMAN	4	0	3.535870863561631	0	true
sp|Q9NWX6|THG1_HUMAN	9	0	6.614793918083725	0	true
sp|Q9NWY4|HPF1_HUMAN	14	0	7.892611965532595	0	true
sp|Q9NWZ3|IRAK4_HUMAN	10	0	3.216889597199382	0	true
sp|Q9NWZ5|UCKL1_HUMAN	14	0	4.605578015266227	0	true
sp|Q9NWZ8|GEMI8_HUMAN	5	0	4.643022051824744	0	true
sp|Q9NX00|TM160_HUMAN	3	0	5.488586785700345	0	true
sp|Q9NX01|TXN4B_HUMAN	4	0	4.813003000051199	0	true
sp|Q9NX04|AIRIM_HUMAN	2	0	2.1279695699179113	0	true
sp|Q9NX05|F120C_HUMAN	19	2	8.178810418884817	0	true
sp|Q9NX07|TSAP1_HUMAN	4	0	4.527231735769412	0	true
sp|Q9NX08|COMD8_HUMAN	6	0	8.483320189168245	0	true
sp|Q9NX14|NDUBB_HUMAN	4	0	7.702411387432608	0	true
sp|Q9NX18|SDHF2_HUMAN	8	0	8.135948895474725	0	true
sp|Q9NX20|RM16_HUMAN	9	0	8.100811832636719	0	true
sp|Q9NX24|NHP2_HUMAN	6	0	8.355869055808924	0	true
sp|Q9NX40|OCAD1_HUMAN	8	0	8.700420010347122	0	true
sp|Q9NX46|ADPRS_HUMAN	11	0	9.424457553358467	0	true
sp|Q9NX47|MARH5_HUMAN	8	0	6.8395106023154515	0	true
sp|Q9NX55|HYPK_HUMAN	5	0	7.767152792538982	0	true
sp|Q9NX58|LYAR_HUMAN	19	0	11.423131261957927	0	true
sp|Q9NX61|T161A_HUMAN	4	0	5.137502400842016	0	true
sp|Q9NX62|IMPA3_HUMAN	9	0	8.512753469038174	0	true
sp|Q9NX63|MIC19_HUMAN	15	0	10.970084766757997	0	true
sp|Q9NX70|MED29_HUMAN	4	0	7.833979603480735	0	true
sp|Q9NX74|DUS2_HUMAN	20	0	7.0023291871145865	0	true
sp|Q9NX76|CKLF6_HUMAN	1	0	2.283019539009867	0	true
sp|Q9NXA8|SIR5_HUMAN	6	0	4.04491151415441	0	true
sp|Q9NXC5|MIOS_HUMAN	28	0	5.617832698044632	0	true
sp|Q9NXD2|MTMRA_HUMAN	7	0	5.700489010762583	0	true
sp|Q9NXE4|NSMA3_HUMAN	27	0	8.554973434255704	0	true
sp|Q9NXE8|CWC25_HUMAN	7	0	5.471079384139117	0	true
sp|Q9NXF1|TEX10_HUMAN	28	0	10.328106160720093	0	true
sp|Q9NXF7|DCA16_HUMAN	4	0	5.062797835711157	0	true
sp|Q9NXG2|THUM1_HUMAN	17	0	9.754665527352952	0	true
sp|Q9NXG6|P4HTM_HUMAN	7	0	5.827022541068272	0	true
sp|Q9NXH8|TOR4A_HUMAN	9	0	5.8334356934354465	0	true
sp|Q9NXH9|TRM1_HUMAN	24	0	9.314067181267504	0	true
sp|Q9NXJ5|PGPI_HUMAN	2	0	3.8061699658906596	0	true
sp|Q9NXK8|FXL12_HUMAN	3	0	3.1342613757748357	0	true
sp|Q9NXN4|GDAP2_HUMAN	9	0	4.362391708203456	0	true
sp|Q9NXR1|NDE1_HUMAN	9	0	4.670973431963212	0	true
sp|Q9NXR7|BABA2_HUMAN	10	0	9.299359891571832	0	true
sp|Q9NXR8|ING3_HUMAN	3	0	6.690039323085826	0	true
sp|Q9NXS2|QPCTL_HUMAN	7	0	6.139228063923904	0	true
sp|Q9NXU5|ARL15_HUMAN	5	0	3.614522314120852	0	true
sp|Q9NXV2|KCTD5_HUMAN	2	0	2.9866002940504073	0	true
sp|Q9NXV6|CARF_HUMAN	28	0	10.950997251728582	0	true
sp|Q9NXW2|DJB12_HUMAN	12	0	7.314206217105595	0	true
sp|Q9NXW9|ALKB4_HUMAN	5	0	3.796978925558909	0	true
sp|Q9NXX6|NSE4A_HUMAN	11	0	3.800177553007529	0	true
sp|Q9NY12|GAR1_HUMAN	7	0	9.412771479918929	0	true
sp|Q9NY26|S39A1_HUMAN	1	0	3.197647380483569	0	true
sp|Q9NY27|PP4R2_HUMAN	14	0	7.557646788781178	0	true
sp|Q9NY33|DPP3_HUMAN	28	0	10.985468882191517	0	true
sp|Q9NY35|CLDN1_HUMAN	6	0	7.174388963503277	0	true
sp|Q9NY47|CA2D2_HUMAN	2	2	4.948166119191486	0	true
sp|Q9NY61|AATF_HUMAN	14	0	7.929796338766211	0	true
sp|Q9NY93|DDX56_HUMAN	22	0	9.07323790619191	0	true
sp|Q9NYB0|TE2IP_HUMAN	23	0	9.04699328268578	0	true
sp|Q9NYB9|ABI2_HUMAN	8	3	4.754379635705741	0	true
sp|Q9NYD6|HXC10_HUMAN	6	0	3.945793430994403	0	true
sp|Q9NYF3|FA53C_HUMAN	1	0	3.1505699104577998	0	true
sp|Q9NYF8|BCLF1_HUMAN	30	1	10.004196657991804	0	true
sp|Q9NYG2|ZDHC3_HUMAN	2	0	3.9263123318618938	0	true
sp|Q9NYG5|APC11_HUMAN	2	0	6.471084287891623	0	true
sp|Q9NYH9|UTP6_HUMAN	28	0	10.138000959316107	0	true
sp|Q9NYJ1|COA4_HUMAN	6	0	7.966636295236107	0	true
sp|Q9NYJ8|TAB2_HUMAN	5	0	8.309932337551887	0	true
sp|Q9NYK5|RM39_HUMAN	19	0	9.845136305770623	0	true
sp|Q9NYL2|M3K20_HUMAN	16	0	7.263929484688633	0	true
sp|Q9NYL4|FKB11_HUMAN	5	0	7.855424495700942	0	true
sp|Q9NYL9|TMOD3_HUMAN	18	0	10.274526065613946	0	true
sp|Q9NYP3|DONS_HUMAN	2	0	3.5228759807101118	0	true
sp|Q9NYP7|ELOV5_HUMAN	3	0	5.88612629306406	0	true
sp|Q9NYP9|MS18A_HUMAN	3	0	4.736682491926277	0	true
sp|Q9NYR9|KBRS2_HUMAN	4	0	4.700174648053559	0	true
sp|Q9NYT0|PLEK2_HUMAN	9	0	8.518867192246221	0	true
sp|Q9NYU1|UGGG2_HUMAN	25	2	4.328627801012965	0	true
sp|Q9NYU2|UGGG1_HUMAN	48	2	10.140022796820354	0	true
sp|Q9NYV4|CDK12_HUMAN	32	2	8.135276537803641	0	true
sp|Q9NYV6|RRN3_HUMAN	11	0	3.460230953205152	0	true
sp|Q9NYW8|RBAK_HUMAN	1	2	7.22616602928	0	true
sp|Q9NYY8|FAKD2_HUMAN	16	0	5.448517519790836	0	true
sp|Q9NYZ1|TV23B_HUMAN	4	0	6.119235972687314	0	true
sp|Q9NYZ3|GTSE1_HUMAN	12	0	3.6366275600240034	0	true
sp|Q9NZ01|TECR_HUMAN	10	0	8.2337836875649	0	true
sp|Q9NZ08|ERAP1_HUMAN	32	0	9.601220740405196	0	true
sp|Q9NZ09|UBAP1_HUMAN	10	0	4.897944903986152	0	true
sp|Q9NZ32|ARP10_HUMAN	12	0	6.839874546651083	0	true
sp|Q9NZ43|USE1_HUMAN	9	0	8.057615553680549	0	true
sp|Q9NZ45|CISD1_HUMAN	5	0	9.632344320539149	0	true
sp|Q9NZ52|GGA3_HUMAN	9	2	7.022112409221614	0	true
sp|Q9NZ53|PDXL2_HUMAN	3	0	2.120812272378222	0	true
sp|Q9NZ63|TLS1_HUMAN	15	0	9.234689537031382	0	true
sp|Q9NZB2|F120A_HUMAN	43	2	10.193193045622278	0	true
sp|Q9NZC3|GDE1_HUMAN	7	0	3.2952942768935625	0	true
sp|Q9NZC7|WWOX_HUMAN	8	0	2.862719787985804	0	true
sp|Q9NZC9|SMAL1_HUMAN	13	0	3.2061901782383364	0	true
sp|Q9NZD2|GLTP_HUMAN	9	0	5.577747441581607	0	true
sp|Q9NZD8|SPG21_HUMAN	9	0	6.490395426901523	0	true
sp|Q9NZE8|RM35_HUMAN	5	0	7.866205860540456	0	true
sp|Q9NZI6|TF2L1_HUMAN	1	1	7.796585312189947	0	true
sp|Q9NZI7|UBIP1_HUMAN	9	1	5.074290182060594	0	true
sp|Q9NZI8|IF2B1_HUMAN	22	2	10.041017611475255	0	true
sp|Q9NZJ0|DTL_HUMAN	16	0	5.869479169527302	0	true
sp|Q9NZJ4|SACS_HUMAN	30	0	3.3192948799817947	0	true
sp|Q9NZJ5|E2AK3_HUMAN	6	0	2.911600152723537	0	true
sp|Q9NZJ6|COQ3_HUMAN	5	0	8.40867332133704	0	true
sp|Q9NZJ7|MTCH1_HUMAN	9	0	6.908687060646127	0	true
sp|Q9NZJ9|NUDT4_HUMAN	5	1	7.315873957284579	0	true
sp|Q9NZL4|HPBP1_HUMAN	15	0	10.155044751478492	0	true
sp|Q9NZL9|MAT2B_HUMAN	19	0	9.512869391917326	0	true
sp|Q9NZM1|MYOF_HUMAN	100	1	10.020241002463699	0	true
sp|Q9NZM3|ITSN2_HUMAN	26	4	4.6269499081453525	0	true
sp|Q9NZM5|NOP53_HUMAN	6	0	8.402898275615401	0	true
sp|Q9NZN3|EHD3_HUMAN	1	10	8.641334699367752	0	true
sp|Q9NZN4|EHD2_HUMAN	9	2	6.790154904523678	0	true
sp|Q9NZN5|ARHGC_HUMAN	12	0	2.818111077070518	0	true
sp|Q9NZN8|CNOT2_HUMAN	11	0	7.8502039074131	0	true
sp|Q9NZQ3|SPN90_HUMAN	19	0	8.130350363317815	0	true
sp|Q9NZT2|OGFR_HUMAN	20	0	10.44235279477126	0	true
sp|Q9NZV1|CRIM1_HUMAN	8	0	5.369302827641603	0	true
sp|Q9NZW5|PALS2_HUMAN	18	2	5.2814192474062045	0	true
sp|Q9NZZ3|CHMP5_HUMAN	3	0	7.31718879320614	0	true
sp|Q9P000|COMD9_HUMAN	10	0	8.21820447081658	0	true
sp|Q9P003|CNIH4_HUMAN	1	0	10.352844842753358	0	true
sp|Q9P013|CWC15_HUMAN	8	0	8.08762429777764	0	true
sp|Q9P015|RM15_HUMAN	18	0	10.647175608393743	0	true
sp|Q9P016|THYN1_HUMAN	13	0	6.912622756359435	0	true
sp|Q9P021|CRIPT_HUMAN	3	0	5.045654682524899	0	true
sp|Q9P031|TAP26_HUMAN	9	0	6.112761379420287	0	true
sp|Q9P032|NDUF4_HUMAN	12	0	7.678007335274416	0	true
sp|Q9P035|HACD3_HUMAN	7	0	8.814677104089418	0	true
sp|Q9P086|MED11_HUMAN	3	0	3.675302408046987	0	true
sp|Q9P0I2|EMC3_HUMAN	5	0	8.894339602840386	0	true
sp|Q9P0J0|NDUAD_HUMAN	6	0	7.464325777245289	0	true
sp|Q9P0J1|PDP1_HUMAN	16	0	5.352470100348336	0	true
sp|Q9P0J7|KCMF1_HUMAN	5	0	8.52696213814016	0	true
sp|Q9P0K7|RAI14_HUMAN	21	0	5.432493913128367	0	true
sp|Q9P0L0|VAPA_HUMAN	12	1	10.122371671186066	0	true
sp|Q9P0L2|MARK1_HUMAN	1	9	9.094676027732014	0	true
sp|Q9P0M6|H2AW_HUMAN	1	2	10.132399927242453	0	true
sp|Q9P0M9|RM27_HUMAN	5	0	8.202019001493847	0	true
sp|Q9P0N9|TBCD7_HUMAN	4	0	3.631447245898124	0	true
sp|Q9P0P0|RN181_HUMAN	2	0	2.8419847502722257	0	true
sp|Q9P0R6|GSKIP_HUMAN	3	0	6.100914132374253	0	true
sp|Q9P0S9|TM14C_HUMAN	1	0	6.195591117729144	0	true
sp|Q9P0T4|ZN581_HUMAN	3	0	2.0426165431776537	0	true
sp|Q9P0T7|TMEM9_HUMAN	4	1	5.596535667531111	0	true
sp|Q9P0U3|SENP1_HUMAN	11	0	6.889176098059397	0	true
sp|Q9P0U4|CXXC1_HUMAN	20	0	5.219691291002111	0	true
sp|Q9P0V3|SH3B4_HUMAN	10	0	3.3851248314959843	0	true
sp|Q9P0V9|SEP10_HUMAN	11	1	9.765258839726899	0	true
sp|Q9P0W2|HM20B_HUMAN	10	0	7.010186556429267	0	true
sp|Q9P107|GMIP_HUMAN	13	0	5.115205193596125	0	true
sp|Q9P1U0|RPA12_HUMAN	1	0	3.2265185565855243	0	true
sp|Q9P1U1|ARP3B_HUMAN	8	3	5.24001747301095	0	true
sp|Q9P1Y5|CAMP3_HUMAN	14	0	4.215205987477405	0	true
sp|Q9P1Y6|PHRF1_HUMAN	9	1	3.3370250002993593	0	true
sp|Q9P1Z0|ZBTB4_HUMAN	6	0	2.160502388945026	0	true
sp|Q9P1Z2|CACO1_HUMAN	2	0	3.4980662249588623	0	true
sp|Q9P1Z9|CC180_HUMAN	4	0	3.0082981825391903	0	true
sp|Q9P206|NHSL3_HUMAN	23	0	5.751415431466138	0	true
sp|Q9P209|CEP72_HUMAN	4	0	2.5263210001946588	0	true
sp|Q9P212|PLCE1_HUMAN	3	0	1.949896593414638	0	true
sp|Q9P215|POGK_HUMAN	8	0	3.8562374246123765	0	true
sp|Q9P219|DAPLE_HUMAN	18	0	2.6453212207573986	0	true
sp|Q9P227|RHG23_HUMAN	6	0	5.4711265027147284	0	true
sp|Q9P242|NYAP2_HUMAN	2	0	2.935267735477478	0	true
sp|Q9P253|VPS18_HUMAN	26	0	7.696257850749578	0	true
sp|Q9P258|RCC2_HUMAN	24	0	10.557313962944015	0	true
sp|Q9P260|RELCH_HUMAN	31	0	8.684164536697072	0	true
sp|Q9P265|DIP2B_HUMAN	41	4	8.825269189691669	0	true
sp|Q9P270|SLAI2_HUMAN	10	0	7.8307217687856046	0	true
sp|Q9P273|TEN3_HUMAN	1	1	2.8878440648350647	0	true
sp|Q9P275|UBP36_HUMAN	35	0	7.863742560809278	0	true
sp|Q9P287|BCCIP_HUMAN	12	0	9.82123734755389	0	true
sp|Q9P289|STK26_HUMAN	7	7	10.870313160024985	0	true
sp|Q9P2B2|FPRP_HUMAN	25	0	7.114586496205184	0	true
sp|Q9P2B4|CT2NL_HUMAN	20	0	4.374084499151508	0	true
sp|Q9P2C4|TM181_HUMAN	3	0	7.314522503989857	0	true
sp|Q9P2D0|IBTK_HUMAN	27	0	4.893183892314874	0	true
sp|Q9P2D1|CHD7_HUMAN	18	11	4.397032345413034	0	true
sp|Q9P2D3|HTR5B_HUMAN	25	0	6.8325618584296475	0	true
sp|Q9P2E3|ZNFX1_HUMAN	21	0	6.8362923319106494	0	true
sp|Q9P2E5|CHPF2_HUMAN	3	0	3.54783979416602	0	true
sp|Q9P2E9|RRBP1_HUMAN	52	1	10.481306474847276	0	true
sp|Q9P2G1|AKIB1_HUMAN	5	0	2.557794102075379	0	true
sp|Q9P2H0|CE126_HUMAN	2	0	3.5173873859764333	0	true
sp|Q9P2I0|CPSF2_HUMAN	28	0	10.105392801613682	0	true
sp|Q9P2J3|KLHL9_HUMAN	1	6	3.731552005602196	0	true
sp|Q9P2J5|SYLC_HUMAN	53	0	10.24889017515655	0	true
sp|Q9P2J8|ZN624_HUMAN	1	2	7.22616602928	0	true
sp|Q9P2J9|PDP2_HUMAN	5	0	3.19153352358046	0	true
sp|Q9P2K2|TXD16_HUMAN	2	0	2.8012086827303215	0	true
sp|Q9P2K3|RCOR3_HUMAN	7	5	6.270357276973019	0	true
sp|Q9P2K8|E2AK4_HUMAN	21	0	6.043132265179326	0	true
sp|Q9P2L0|WDR35_HUMAN	4	0	2.174536460615623	0	true
sp|Q9P2M7|CING_HUMAN	2	1	2.6603681028177992	0	true
sp|Q9P2N5|RBM27_HUMAN	30	1	9.162151025764498	0	true
sp|Q9P2N6|KANL3_HUMAN	5	0	3.589001115513326	0	true
sp|Q9P2N7|KLH13_HUMAN	2	6	3.731552005602196	0	true
sp|Q9P2P6|STAR9_HUMAN	1	1	5.914820102308272	0	true
sp|Q9P2R3|ANFY1_HUMAN	32	0	8.553096180084879	0	true
sp|Q9P2R6|RERE_HUMAN	4	0	3.155966601119565	0	true
sp|Q9P2R7|SUCB1_HUMAN	16	0	9.824994307076988	0	true
sp|Q9P2S2|NRX2A_HUMAN	1	0	2.190634987610494	0	true
sp|Q9P2S5|WRP73_HUMAN	4	0	2.7021650282285026	0	true
sp|Q9P2T1|GMPR2_HUMAN	6	1	7.766657703247373	0	true
sp|Q9P2W1|HOP2_HUMAN	3	0	2.9146612249931874	0	true
sp|Q9P2W9|STX18_HUMAN	7	0	4.979882133270645	0	true
sp|Q9P2X0|DPM3_HUMAN	2	0	8.386379833747032	0	true
sp|Q9P2X3|IMPCT_HUMAN	9	0	5.167557044641521	0	true
sp|Q9P2Y4|ZN219_HUMAN	5	0	2.0281229357983945	0	true
sp|Q9P2Y5|UVRAG_HUMAN	12	0	4.28553389002807	0	true
sp|Q9UBB4|ATX10_HUMAN	14	0	9.793680872636516	0	true
sp|Q9UBB5|MBD2_HUMAN	13	0	7.451165933281844	0	true
sp|Q9UBB6|NCDN_HUMAN	15	0	6.639647692915552	0	true
sp|Q9UBB9|TFP11_HUMAN	30	0	8.61929667004058	0	true
sp|Q9UBC1|IKBL1_HUMAN	3	1	5.989585542789587	0	true
sp|Q9UBC2|EP15R_HUMAN	35	0	7.972426021941538	0	true
sp|Q9UBC5|MYO1A_HUMAN	1	2	5.402200015809663	0	true
sp|Q9UBD5|ORC3_HUMAN	21	1	8.346198273253156	0	true
sp|Q9UBE0|SAE1_HUMAN	17	0	10.515356317505798	0	true
sp|Q9UBF2|COPG2_HUMAN	29	5	8.298480632909573	0	true
sp|Q9UBF6|RBX2_HUMAN	1	0	8.97405736211978	0	true
sp|Q9UBF8|PI4KB_HUMAN	12	0	7.710090025842459	0	true
sp|Q9UBG0|MRC2_HUMAN	10	0	7.589376903206639	0	true
sp|Q9UBH6|S53A1_HUMAN	10	0	6.108060160467306	0	true
sp|Q9UBI1|COMD3_HUMAN	10	0	8.844607668045855	0	true
sp|Q9UBI4|STML1_HUMAN	4	0	1.9216862371870926	0	true
sp|Q9UBI6|GBG12_HUMAN	4	0	8.923434142418449	0	true
sp|Q9UBK7|RBL2A_HUMAN;sp|Q9UNT1|RBL2B_HUMAN	4	0	2.553215608884358	0	true
sp|Q9UBK8|MTRR_HUMAN	16	0	10.083928667620528	0	true
sp|Q9UBK9|UXT_HUMAN	4	0	7.412199355604211	0	true
sp|Q9UBL3|ASH2L_HUMAN	19	0	9.102751768767241	0	true
sp|Q9UBM1|PEMT_HUMAN	1	0	3.3388198625628687	0	true
sp|Q9UBM7|DHCR7_HUMAN	8	0	9.13429444006536	0	true
sp|Q9UBN7|HDAC6_HUMAN	7	0	6.243532480930437	0	true
sp|Q9UBP0|SPAST_HUMAN	17	0	7.325021405475977	0	true
sp|Q9UBP6|TRMB_HUMAN	10	0	7.711038485820935	0	true
sp|Q9UBQ0|VPS29_HUMAN	6	0	8.651952104888142	0	true
sp|Q9UBQ5|EIF3K_HUMAN	8	0	10.807691288375318	0	true
sp|Q9UBQ6|EXTL2_HUMAN	3	0	3.4149963613015273	0	true
sp|Q9UBQ7|GRHPR_HUMAN	14	0	10.935345756189767	0	true
sp|Q9UBR2|CATZ_HUMAN	5	0	8.306208702415502	0	true
sp|Q9UBS0|KS6B2_HUMAN	6	0	1.904742855853024	0	true
sp|Q9UBS4|DJB11_HUMAN	14	0	9.36215511826551	0	true
sp|Q9UBS8|RNF14_HUMAN	10	0	3.2947728723656398	0	true
sp|Q9UBT2|SAE2_HUMAN	25	0	10.560385298539412	0	true
sp|Q9UBT6|POLK_HUMAN	4	0	2.3699470583276985	0	true
sp|Q9UBT7|CTNL1_HUMAN	7	0	6.095559453564759	0	true
sp|Q9UBU6|FA8A1_HUMAN	7	0	3.8957929315545896	0	true
sp|Q9UBU7|DBF4A_HUMAN	1	0	3.385518449129572	0	true
sp|Q9UBU8|MO4L1_HUMAN	13	2	8.066253466248972	0	true
sp|Q9UBU9|NXF1_HUMAN	24	0	10.031454573694072	0	true
sp|Q9UBV2|SE1L1_HUMAN	18	0	7.273628483632939	0	true
sp|Q9UBV7|B4GT7_HUMAN	3	0	6.715054260230809	0	true
sp|Q9UBV8|PEF1_HUMAN	5	0	7.595282981197595	0	true
sp|Q9UBW7|ZMYM2_HUMAN	21	1	4.263966235835549	0	true
sp|Q9UBW8|CSN7A_HUMAN	12	0	9.5410507341988	0	true
sp|Q9UBX1|CATF_HUMAN	1	0	1.9312656642018209	0	true
sp|Q9UBX3|DIC_HUMAN	12	0	10.502188160163202	0	true
sp|Q9UBX5|FBLN5_HUMAN	7	0	3.322489607594656	0	true
sp|Q9UBZ4|APEX2_HUMAN	9	0	5.83692852611195	0	true
sp|Q9UDT6|CLIP2_HUMAN	1	5	9.43845231143706	0	true
sp|Q9UDW1|QCR9_HUMAN	2	0	5.072330000577889	0	true
sp|Q9UDX4|S14L3_HUMAN	1	2	6.823449405484412	0	true
sp|Q9UDX5|MTFP1_HUMAN	6	0	5.7932662013638225	0	true
sp|Q9UDY2|ZO2_HUMAN	46	1	10.154954254794252	0	true
sp|Q9UDY4|DNJB4_HUMAN	10	1	9.801966116132153	0	true
sp|Q9UDY8|MALT1_HUMAN	17	0	5.936071358933081	0	true
sp|Q9UEE9|CFDP1_HUMAN	7	0	7.287810939125072	0	true
sp|Q9UEG4|ZN629_HUMAN	19	1	4.47396202086979	0	true
sp|Q9UER7|DAXX_HUMAN	9	0	5.526157692485021	0	true
sp|Q9UET6|TRM7_HUMAN	4	0	6.096548949043233	0	true
sp|Q9UEU0|VTI1B_HUMAN	7	0	5.0544685858217955	0	true
sp|Q9UEW8|STK39_HUMAN	7	4	6.705172348038449	0	true
sp|Q9UEY8|ADDG_HUMAN	16	0	7.412396825733994	0	true
sp|Q9UFB7|ZBT47_HUMAN	1	2	3.028724056489963	0	true
sp|Q9UFC0|LRWD1_HUMAN	16	0	9.15062344892816	0	true
sp|Q9UFF9|CNOT8_HUMAN	1	1	2.691529620023969	0	true
sp|Q9UFG5|CS025_HUMAN	3	0	5.988924030440732	0	true
sp|Q9UFN0|NPS3A_HUMAN	9	0	8.647215972004753	0	true
sp|Q9UFW8|CGBP1_HUMAN	8	0	6.786100998183501	0	true
sp|Q9UG56|PISD_HUMAN	4	0	5.0842918115135	0	true
sp|Q9UG63|ABCF2_HUMAN	27	0	10.106414181761863	0	true
sp|Q9UGC7|RF1ML_HUMAN	4	0	4.833259730409863	0	true
sp|Q9UGH3|S23A2_HUMAN	2	0	1.9407027968178243	0	true
sp|Q9UGI8|TES_HUMAN	22	0	9.920936209164045	0	true
sp|Q9UGI9|AAKG3_HUMAN	1	1	2.487986787165759	0	true
sp|Q9UGJ1|GCP4_HUMAN	17	0	5.48870661918812	0	true
sp|Q9UGK8|SRGEF_HUMAN	5	0	4.49227528992499	0	true
sp|Q9UGM3|DMBT1_HUMAN	1	0	2.2593820414649244	0	true
sp|Q9UGM6|SYWM_HUMAN	9	0	6.353916214177558	0	true
sp|Q9UGN5|PARP2_HUMAN	16	0	5.896733599714072	0	true
sp|Q9UGP4|LIMD1_HUMAN	18	1	9.817936308248559	0	true
sp|Q9UGP5|DPOLL_HUMAN	5	0	4.45225283756321	0	true
sp|Q9UGP8|SEC63_HUMAN	33	0	9.602784273304598	0	true
sp|Q9UGR2|Z3H7B_HUMAN	16	1	5.052876254598199	0	true
sp|Q9UGU0|TCF20_HUMAN	25	0	6.2098897898491145	0	true
sp|Q9UGU5|HMGX4_HUMAN	5	0	3.675142205100172	0	true
sp|Q9UGV2|NDRG3_HUMAN	11	0	8.881117028431065	0	true
sp|Q9UGY1|NOL12_HUMAN	7	0	2.347262475785071	0	true
sp|Q9UH62|ARMX3_HUMAN	10	0	9.207794482925546	0	true
sp|Q9UH65|SWP70_HUMAN	32	0	8.256030577535277	0	true
sp|Q9UH99|SUN2_HUMAN	15	1	5.984008813738388	0	true
sp|Q9UHA2|S18L2_HUMAN	1	0	6.594765291301302	0	true
sp|Q9UHA3|RLP24_HUMAN	4	0	6.716953252879323	0	true
sp|Q9UHA4|LTOR3_HUMAN	3	0	4.177370612600666	0	true
sp|Q9UHB4|NDOR1_HUMAN	11	0	6.0527736362624385	0	true
sp|Q9UHB6|LIMA1_HUMAN	35	0	8.069316293557197	0	true
sp|Q9UHB7|AFF4_HUMAN	19	0	6.8045074998210096	0	true
sp|Q9UHB9|SRP68_HUMAN	34	0	10.815097046999021	0	true
sp|Q9UHC1|MLH3_HUMAN	4	0	2.8768413421534422	0	true
sp|Q9UHC7|MKRN1_HUMAN	3	1	5.884438062334961	0	true
sp|Q9UHD1|CHRD1_HUMAN	17	0	10.935203449350304	0	true
sp|Q9UHD2|TBK1_HUMAN	17	0	5.628163616603515	0	true
sp|Q9UHD8|SEPT9_HUMAN	36	1	11.134156043781903	0	true
sp|Q9UHD9|UBQL2_HUMAN	7	5	10.537886773952708	0	true
sp|Q9UHG3|PCYOX_HUMAN	17	0	10.508495521693822	0	true
sp|Q9UHI6|DDX20_HUMAN	24	0	8.764133806628214	0	true
sp|Q9UHI8|ATS1_HUMAN	7	0	4.966583035863505	0	true
sp|Q9UHJ6|SHPK_HUMAN	5	0	4.162158215541686	0	true
sp|Q9UHK0|NUFP1_HUMAN	2	0	2.6108505700572526	0	true
sp|Q9UHK6|AMACR_HUMAN	10	0	5.087285162836815	0	true
sp|Q9UHL4|DPP2_HUMAN	12	0	5.259018673443678	0	true
sp|Q9UHL9|GT2D1_HUMAN	5	0	2.9820812094787708	0	true
sp|Q9UHN1|DPOG2_HUMAN	10	0	7.7805050505205555	0	true
sp|Q9UHP3|UBP25_HUMAN	17	0	3.7460518943402685	0	true
sp|Q9UHQ1|NARF_HUMAN	5	2	1.9512000862133423	0	true
sp|Q9UHQ4|BAP29_HUMAN	9	0	6.989202735073062	0	true
sp|Q9UHQ9|NB5R1_HUMAN	14	0	8.881300111670795	0	true
sp|Q9UHR4|BI2L1_HUMAN	22	0	8.906500141547456	0	true
sp|Q9UHR5|S30BP_HUMAN	10	0	7.105120662912349	0	true
sp|Q9UHR6|ZNHI2_HUMAN	14	0	7.716847638494555	0	true
sp|Q9UHV7|MED13_HUMAN	16	0	3.6725968307516617	0	true
sp|Q9UHV9|PFD2_HUMAN	5	0	9.536203782653292	0	true
sp|Q9UHW5|GPN3_HUMAN	6	0	4.110873086132586	0	true
sp|Q9UHW9|S12A6_HUMAN	9	5	6.6889915525805	0	true
sp|Q9UHX1|PUF60_HUMAN	20	0	10.23728345110898	0	true
sp|Q9UHX3|AGRE2_HUMAN	4	1	5.9236031077470015	0	true
sp|Q9UHY1|NRBP_HUMAN	11	0	6.545126263164833	0	true
sp|Q9UHY7|ENOPH_HUMAN	6	0	8.888182624622207	0	true
sp|Q9UHY8|FEZ2_HUMAN	5	0	6.270120834869621	0	true
sp|Q9UI09|NDUAC_HUMAN	8	0	6.89367053828265	0	true
sp|Q9UI10|EI2BD_HUMAN	17	0	9.783635102357941	0	true
sp|Q9UI12|VATH_HUMAN	20	0	8.120990468002285	0	true
sp|Q9UI14|PRAF1_HUMAN	2	0	2.761047385198328	0	true
sp|Q9UI15|TAGL3_HUMAN	1	1	7.871137429721498	0	true
sp|Q9UI26|IPO11_HUMAN	19	0	8.318760476355077	0	true
sp|Q9UI30|TR112_HUMAN	5	0	9.62744400266941	0	true
sp|Q9UI43|MRM2_HUMAN	3	0	2.556572784568577	0	true
sp|Q9UIA9|XPO7_HUMAN	35	1	10.572978603497734	0	true
sp|Q9UIC8|LCMT1_HUMAN	11	0	6.89620057899901	0	true
sp|Q9UID3|VPS51_HUMAN	21	0	9.382256349287143	0	true
sp|Q9UIF7|MUTYH_HUMAN	4	0	3.12744697537855	0	true
sp|Q9UIF9|BAZ2A_HUMAN	23	0	8.162246159449177	0	true
sp|Q9UIG0|BAZ1B_HUMAN	67	0	9.655142639108156	0	true
sp|Q9UII2|ATIF1_HUMAN	8	0	7.53363836623833	0	true
sp|Q9UII4|HERC5_HUMAN	18	0	5.0822555926805775	0	true
sp|Q9UIJ7|KAD3_HUMAN	18	0	7.4970032559931425	0	true
sp|Q9UIK4|DAPK2_HUMAN	2	0	2.633231464918753	0	true
sp|Q9UIM3|FKBPL_HUMAN	3	0	4.399501301756296	0	true
sp|Q9UIQ6|LCAP_HUMAN	25	0	8.15581373476254	0	true
sp|Q9UIS9|MBD1_HUMAN	10	0	5.870769094769306	0	true
sp|Q9UIU6|SIX4_HUMAN	6	0	3.19827903823184	0	true
sp|Q9UIV1|CNOT7_HUMAN	8	1	8.551385622528771	0	true
sp|Q9UIW2|PLXA1_HUMAN	9	3	6.830776541516726	0	true
sp|Q9UIY3|RWD2A_HUMAN	2	0	2.121698125048377	0	true
sp|Q9UJ41|RABX5_HUMAN	14	0	7.766441356992276	0	true
sp|Q9UJ68|MSRA_HUMAN	4	0	6.71905935542775	0	true
sp|Q9UJ70|NAGK_HUMAN	13	0	7.698169889310251	0	true
sp|Q9UJ83|HACL1_HUMAN	18	0	7.921195185918644	0	true
sp|Q9UJA2|CRLS1_HUMAN	1	0	2.0571727079959645	0	true
sp|Q9UJA5|TRM6_HUMAN	18	0	10.654043621294912	0	true
sp|Q9UJC3|HOOK1_HUMAN	16	1	9.461435962255452	0	true
sp|Q9UJF2|NGAP_HUMAN	13	1	5.970264124789477	0	true
sp|Q9UJG1|MSPD1_HUMAN	3	0	5.6236053773829	0	true
sp|Q9UJK0|TSR3_HUMAN	4	0	4.284041656307147	0	true
sp|Q9UJS0|S2513_HUMAN	21	7	9.573182249339927	0	true
sp|Q9UJT0|TBE_HUMAN	5	0	3.3830981706907615	0	true
sp|Q9UJU6|DBNL_HUMAN	20	0	10.611240601893625	0	true
sp|Q9UJV9|DDX41_HUMAN	28	0	6.898212918791647	0	true
sp|Q9UJW0|DCTN4_HUMAN	13	0	7.84107545814792	0	true
sp|Q9UJX2|CDC23_HUMAN	21	0	8.764863662414108	0	true
sp|Q9UJX3|APC7_HUMAN	20	0	9.195940155971543	0	true
sp|Q9UJX4|APC5_HUMAN	25	0	5.408319814858798	0	true
sp|Q9UJX5|APC4_HUMAN	16	0	7.938240639911694	0	true
sp|Q9UJX6|ANC2_HUMAN	19	0	7.660448053655453	0	true
sp|Q9UJY1|HSPB8_HUMAN	5	0	4.570940278347241	0	true
sp|Q9UJY4|GGA2_HUMAN	1	2	3.5484924422303754	0	true
sp|Q9UJY5|GGA1_HUMAN	8	2	4.517359193457227	0	true
sp|Q9UJZ1|STML2_HUMAN	12	0	10.363316596400702	0	true
sp|Q9UK22|FBX2_HUMAN	9	0	8.663557201807878	0	true
sp|Q9UK23|NAGPA_HUMAN	6	0	4.166288505523104	0	true
sp|Q9UK39|NOCT_HUMAN	2	0	2.8051970991052677	0	true
sp|Q9UK41|VPS28_HUMAN	9	0	9.062151569351151	0	true
sp|Q9UK45|LSM7_HUMAN	3	0	5.843764600053653	0	true
sp|Q9UK53|ING1_HUMAN	5	0	3.8680980035593233	0	true
sp|Q9UK58|CCNL1_HUMAN	1	0	6.772944025003744	0	true
sp|Q9UK59|DBR1_HUMAN	18	0	8.303433070056991	0	true
sp|Q9UK61|TASOR_HUMAN	44	0	6.869185038749411	0	true
sp|Q9UK73|FEM1B_HUMAN	5	0	3.721740533415696	0	true
sp|Q9UK76|JUPI1_HUMAN	7	0	9.237064205272581	0	true
sp|Q9UK97|FBX9_HUMAN	4	0	3.9213770056992234	0	true
sp|Q9UK99|FBX3_HUMAN	9	0	6.258163361014287	0	true
sp|Q9UKA9|PTBP2_HUMAN	4	0	5.03060598096111	0	true
sp|Q9UKB3|DJC12_HUMAN	7	0	7.258409508407017	0	true
sp|Q9UKD1|GMEB2_HUMAN	5	1	5.885102392897872	0	true
sp|Q9UKD2|MRT4_HUMAN	13	0	8.280246390488466	0	true
sp|Q9UKE5|TNIK_HUMAN	1	8	5.857253295581034	0	true
sp|Q9UKF6|CPSF3_HUMAN	22	0	8.887885314809726	0	true
sp|Q9UKG1|DP13A_HUMAN	22	0	9.669730646631171	0	true
sp|Q9UKG9|OCTC_HUMAN	2	0	2.088591757840059	0	true
sp|Q9UKI8|TLK1_HUMAN	6	4	2.3945017781289217	0	true
sp|Q9UKJ3|GPTC8_HUMAN	32	1	7.121410737894421	0	true
sp|Q9UKK3|PARP4_HUMAN	18	0	6.181992305434034	0	true
sp|Q9UKK6|NXT1_HUMAN	4	0	7.46672298481775	0	true
sp|Q9UKK9|NUDT5_HUMAN	11	0	10.133922724144197	0	true
sp|Q9UKL0|RCOR1_HUMAN	10	5	8.807173434597233	0	true
sp|Q9UKL3|C8AP2_HUMAN	9	0	3.4743777279625863	0	true
sp|Q9UKM7|MA1B1_HUMAN	12	0	4.753147004713183	0	true
sp|Q9UKM9|RALY_HUMAN	14	0	7.87073242990785	0	true
sp|Q9UKN8|TF3C4_HUMAN	35	0	9.225489803883246	0	true
sp|Q9UKR5|ERG28_HUMAN	4	0	5.2505060218966095	0	true
sp|Q9UKS6|PACN3_HUMAN	15	0	9.743028257427861	0	true
sp|Q9UKT5|FBX4_HUMAN	7	0	5.548001471067531	0	true
sp|Q9UKT8|FBXW2_HUMAN	3	0	3.5183958264560813	0	true
sp|Q9UKU7|ACAD8_HUMAN	10	0	4.282045004540202	0	true
sp|Q9UKV3|ACINU_HUMAN	41	1	8.924913106606274	0	true
sp|Q9UKV5|AMFR_HUMAN	4	0	2.751358762000765	0	true
sp|Q9UKV8|AGO2_HUMAN	26	9	10.392476011136438	0	true
sp|Q9UKX2|MYH2_HUMAN	1	2	7.039224974914747	0	true
sp|Q9UKX3|MYH13_HUMAN	2	2	7.039224974914747	0	true
sp|Q9UKX7|NUP50_HUMAN	23	0	9.978342966442598	0	true
sp|Q9UKY1|ZHX1_HUMAN	15	0	6.394863667568746	0	true
sp|Q9UKY7|CDV3_HUMAN	6	0	9.045615965982252	0	true
sp|Q9UKZ1|CNO11_HUMAN	10	0	8.132827015122684	0	true
sp|Q9UKZ9|PCOC2_HUMAN	4	0	3.6827423199637765	0	true
sp|Q9UL03|INT6_HUMAN	34	0	8.30269574169766	0	true
sp|Q9UL12|SARDH_HUMAN	1	1	3.6817311475208143	0	true
sp|Q9UL15|BAG5_HUMAN	12	0	7.902547075431912	0	true
sp|Q9UL18|AGO1_HUMAN	10	11	10.260663532615768	0	true
sp|Q9UL25|RAB21_HUMAN	10	0	9.712380751799978	0	true
sp|Q9UL26|RB22A_HUMAN	9	2	8.410142929395187	0	true
sp|Q9UL33|TPC2L_HUMAN	6	0	7.341025712801593	0	true
sp|Q9UL40|ZN346_HUMAN	9	0	8.392323577112249	0	true
sp|Q9UL45|BL1S6_HUMAN	2	0	2.3452269150845124	0	true
sp|Q9UL46|PSME2_HUMAN	13	0	10.530493497441496	0	true
sp|Q9UL54|TAOK2_HUMAN	10	3	3.5840355916134383	0	true
sp|Q9UL63|MKLN1_HUMAN	14	0	3.4085615318843145	0	true
sp|Q9UL68|MYT1L_HUMAN	3	0	2.059536042479761	0	true
sp|Q9ULA0|DNPEP_HUMAN	12	0	8.399015752865603	0	true
sp|Q9ULC3|RAB23_HUMAN	9	0	7.536562285600882	0	true
sp|Q9ULC4|MCTS1_HUMAN	7	0	10.321800698639098	0	true
sp|Q9ULC5|ACSL5_HUMAN	20	1	7.389607657737008	0	true
sp|Q9ULD2|MTUS1_HUMAN	7	0	2.5845071055947813	0	true
sp|Q9ULD4|BRPF3_HUMAN	4	1	2.3465474455158644	0	true
sp|Q9ULE3|DEN2A_HUMAN	1	1	2.3334753329477644	0	true
sp|Q9ULF5|S39AA_HUMAN	11	0	8.302949576106299	0	true
sp|Q9ULG1|INO80_HUMAN	18	0	4.037965076341767	0	true
sp|Q9ULG6|CCPG1_HUMAN	14	0	4.036388487456293	0	true
sp|Q9ULH0|KDIS_HUMAN	29	0	4.818760663017925	0	true
sp|Q9ULH1|ASAP1_HUMAN	9	1	4.367865209266704	0	true
sp|Q9ULH7|MRTFB_HUMAN	12	1	4.735954195803025	0	true
sp|Q9ULI0|ATD2B_HUMAN	18	3	6.956945782293608	0	true
sp|Q9ULI2|RIMKB_HUMAN	7	0	5.453551909685005	0	true
sp|Q9ULI3|HEG1_HUMAN	7	0	4.778897881071368	0	true
sp|Q9ULI4|KI26A_HUMAN	5	0	2.650468826997572	0	true
sp|Q9ULJ3|ZBT21_HUMAN	15	0	8.363411896258977	0	true
sp|Q9ULJ6|ZMIZ1_HUMAN	1	3	1.8991386307480416	0	true
sp|Q9ULJ7|ANR50_HUMAN	20	0	3.3323679591752438	0	true
sp|Q9ULJ8|NEB1_HUMAN	16	2	4.568699884196166	0	true
sp|Q9ULK4|MED23_HUMAN	24	0	6.320333310940883	0	true
sp|Q9ULK5|VANG2_HUMAN	1	1	6.187674785382347	0	true
sp|Q9ULL5|PRR12_HUMAN	18	0	4.761041294704351	0	true
sp|Q9ULM3|YETS2_HUMAN	10	0	4.09626566785884	0	true
sp|Q9ULM6|CNOT6_HUMAN	3	3	5.0094130119813745	0	true
sp|Q9ULP9|TBC24_HUMAN	8	0	5.424566789693797	0	true
sp|Q9ULQ0|STRP2_HUMAN	1	3	2.958267302023536	0	true
sp|Q9ULQ1|TPC1_HUMAN	4	0	3.445091028509882	0	true
sp|Q9ULR0|ISY1_HUMAN	7	0	8.524587864617972	0	true
sp|Q9ULT0|TTC7A_HUMAN	8	0	2.869556103172715	0	true
sp|Q9ULT8|HECD1_HUMAN	53	0	6.51152874171598	0	true
sp|Q9ULU4|ZMYD8_HUMAN	20	0	7.138980716812723	0	true
sp|Q9ULV0|MYO5B_HUMAN	10	3	5.064348088192126	0	true
sp|Q9ULV3|CIZ1_HUMAN	14	0	8.9742509617608	0	true
sp|Q9ULV4|COR1C_HUMAN	19	2	10.749516718327	0	true
sp|Q9ULW0|TPX2_HUMAN	28	1	7.2136395613261906	0	true
sp|Q9ULW3|ABT1_HUMAN	6	0	4.414872007189473	0	true
sp|Q9ULX3|NOB1_HUMAN	12	0	8.742320682486596	0	true
sp|Q9ULX6|AKP8L_HUMAN	17	0	10.204840614501606	0	true
sp|Q9ULX9|MAFF_HUMAN	4	1	3.284167089262194	0	true
sp|Q9UM00|TMCO1_HUMAN	4	0	9.884010651952773	0	true
sp|Q9UM13|APC10_HUMAN	4	0	7.244675365710617	0	true
sp|Q9UM22|EPDR1_HUMAN	6	0	7.169183459169767	0	true
sp|Q9UM47|NOTC3_HUMAN	2	1	3.8673905550426806	0	true
sp|Q9UM54|MYO6_HUMAN	38	0	10.32201392510955	0	true
sp|Q9UMN6|KMT2B_HUMAN	16	2	3.0389157275751555	0	true
sp|Q9UMR2|DD19B_HUMAN	2	20	9.388206915453093	0	true
sp|Q9UMR5|PPT2_HUMAN	5	0	6.900254533096412	0	true
sp|Q9UMS0|NFU1_HUMAN	6	0	9.058041961591472	0	true
sp|Q9UMS4|PRP19_HUMAN	11	0	10.823751169583698	0	true
sp|Q9UMS5|PHTF1_HUMAN	2	0	2.737525736371694	0	true
sp|Q9UMX0|UBQL1_HUMAN	5	7	9.681529901772505	0	true
sp|Q9UMX3|BOK_HUMAN	3	0	2.9594953805885416	0	true
sp|Q9UMX5|NENF_HUMAN	8	0	9.677161032704975	0	true
sp|Q9UMY1|UTP16_HUMAN	6	0	7.914825405414096	0	true
sp|Q9UMY4|SNX12_HUMAN	8	2	9.977282659868306	0	true
sp|Q9UMZ2|SYNRG_HUMAN	18	0	6.450616964036119	0	true
sp|Q9UN37|VPS4A_HUMAN	10	4	7.551408036673388	0	true
sp|Q9UN70|PCDGK_HUMAN	5	0	3.40540021692221	0	true
sp|Q9UN79|SOX13_HUMAN	2	1	2.3998956922458916	0	true
sp|Q9UN81|LORF1_HUMAN	3	0	4.030403437227061	0	true
sp|Q9UN86|G3BP2_HUMAN	16	1	9.719073936715173	0	true
sp|Q9UNA0|ATS5_HUMAN	2	0	2.04759129612801	0	true
sp|Q9UNA4|POLI_HUMAN	3	0	2.507378824159219	0	true
sp|Q9UNE7|CHIP_HUMAN	19	0	9.417314519362275	0	true
sp|Q9UNF0|PACN2_HUMAN	16	0	9.5045796550034	0	true
sp|Q9UNF1|MAGD2_HUMAN	17	0	9.15698460626254	0	true
sp|Q9UNH7|SNX6_HUMAN	16	1	8.230455008250457	0	true
sp|Q9UNI6|DUS12_HUMAN	12	0	9.808824656767714	0	true
sp|Q9UNK0|STX8_HUMAN	6	0	5.597251205693708	0	true
sp|Q9UNK4|PA2GD_HUMAN	1	0	3.1501992078377326	0	true
sp|Q9UNL2|SSRG_HUMAN	4	0	9.561619618478717	0	true
sp|Q9UNL4|ING4_HUMAN	2	1	3.5657388819049	0	true
sp|Q9UNM6|PSD13_HUMAN	20	0	9.923183499545889	0	true
sp|Q9UNN5|FAF1_HUMAN	21	0	7.596126512178992	0	true
sp|Q9UNN8|EPCR_HUMAN	7	0	6.783260538263416	0	true
sp|Q9UNP9|PPIE_HUMAN	12	1	6.868057796275942	0	true
sp|Q9UNQ2|DIM1_HUMAN	16	0	10.959498284168902	0	true
sp|Q9UNS1|TIM_HUMAN	19	0	4.0975090738135584	0	true
sp|Q9UNS2|CSN3_HUMAN	17	0	10.936078246934136	0	true
sp|Q9UNW1|MINP1_HUMAN	12	0	6.114922436062946	0	true
sp|Q9UNX3|RL26L_HUMAN	2	7	8.685610290738712	0	true
sp|Q9UNX4|WDR3_HUMAN	34	0	8.43870827217627	0	true
sp|Q9UNY4|TTF2_HUMAN	22	0	3.7571792448156534	0	true
sp|Q9UNZ2|NSF1C_HUMAN	24	0	9.42966610670008	0	true
sp|Q9UNZ5|L10K_HUMAN	2	0	7.333341857615782	0	true
sp|Q9UP52|TFR2_HUMAN	1	1	5.403296140848535	0	true
sp|Q9UP83|COG5_HUMAN	15	0	6.317261303808088	0	true
sp|Q9UP95|S12A4_HUMAN	19	6	6.6889915525805	0	true
sp|Q9UPI3|FLVC2_HUMAN	2	0	4.266547658470966	0	true
sp|Q9UPM8|AP4E1_HUMAN	12	0	4.79645946366794	0	true
sp|Q9UPM9|B9D1_HUMAN	1	0	2.8442265617250375	0	true
sp|Q9UPN3|MACF1_HUMAN	151	5	10.694189101417756	0	true
sp|Q9UPN4|CP131_HUMAN	25	0	6.966907218682718	0	true
sp|Q9UPN6|SCAF8_HUMAN	20	2	8.411360883448324	0	true
sp|Q9UPN7|PP6R1_HUMAN	22	0	7.722160782279127	0	true
sp|Q9UPN9|TRI33_HUMAN	30	1	10.650381734885785	0	true
sp|Q9UPP1|PHF8_HUMAN	15	3	6.415556349009775	0	true
sp|Q9UPQ0|LIMC1_HUMAN	54	1	10.9797434825114	0	true
sp|Q9UPQ3|AGAP1_HUMAN	3	2	8.727133530871736	0	true
sp|Q9UPQ8|DOLK_HUMAN	2	0	4.112896975911579	0	true
sp|Q9UPQ9|TNR6B_HUMAN	21	0	6.165453821981745	0	true
sp|Q9UPR3|SMG5_HUMAN	8	0	5.3856855871227625	0	true
sp|Q9UPS6|SET1B_HUMAN	7	1	3.3310916032613327	0	true
sp|Q9UPS8|ANR26_HUMAN	4	0	1.9712631952873636	0	true
sp|Q9UPT5|EXOC7_HUMAN	26	0	7.642782651225999	0	true
sp|Q9UPT8|ZC3H4_HUMAN	26	0	8.814211947277105	0	true
sp|Q9UPT9|UBP22_HUMAN	7	0	2.094922455968653	0	true
sp|Q9UPU5|UBP24_HUMAN	54	0	7.380542179307191	0	true
sp|Q9UPU7|TBD2B_HUMAN	13	0	3.917430455202036	0	true
sp|Q9UPW0|FOXJ3_HUMAN	5	1	5.301074629586177	0	true
sp|Q9UPW5|CBPC1_HUMAN	7	0	3.9920904617702475	0	true
sp|Q9UPY3|DICER_HUMAN	44	0	7.6832367321230315	0	true
sp|Q9UPY5|XCT_HUMAN	6	0	5.956410947963416	0	true
sp|Q9UPY8|MARE3_HUMAN	2	2	6.9514986104363725	0	true
sp|Q9UPZ3|HPS5_HUMAN	18	0	6.8271203876577715	0	true
sp|Q9UQ13|SHOC2_HUMAN	6	0	9.31454921080957	0	true
sp|Q9UQ16|DYN3_HUMAN	1	10	8.741303668192662	0	true
sp|Q9UQ35|SRRM2_HUMAN	62	0	10.17823537446478	0	true
sp|Q9UQ49|NEUR3_HUMAN	4	0	3.912842106664148	0	true
sp|Q9UQ80|PA2G4_HUMAN	24	0	10.741316510916793	0	true
sp|Q9UQ84|EXO1_HUMAN	8	0	3.770333894178314	0	true
sp|Q9UQ88|CD11A_HUMAN	1	24	8.625551467305925	0	true
sp|Q9UQ90|SPG7_HUMAN	18	0	5.303088591534748	0	true
sp|Q9UQB8|BAIP2_HUMAN	13	0	3.2888342420242105	0	true
sp|Q9UQE7|SMC3_HUMAN	66	0	11.17335387609751	0	true
sp|Q9UQN3|CHM2B_HUMAN	5	1	6.431666900222557	0	true
sp|Q9UQR0|SCML2_HUMAN	23	0	7.355962489353469	0	true
sp|Q9UQR1|ZN148_HUMAN	17	0	5.813019495114656	0	true
sp|Q9Y217|MTMR6_HUMAN	19	0	6.794248161624913	0	true
sp|Q9Y221|NIP7_HUMAN	9	0	8.790995704321661	0	true
sp|Q9Y223|GLCNE_HUMAN	24	0	8.892774503316282	0	true
sp|Q9Y224|RTRAF_HUMAN	15	0	10.469568236349646	0	true
sp|Q9Y230|RUVB2_HUMAN	24	0	10.35325842523858	0	true
sp|Q9Y232|CDYL_HUMAN	15	0	8.020068416008966	0	true
sp|Q9Y237|PIN4_HUMAN	5	0	7.977999651492486	0	true
sp|Q9Y240|CLC11_HUMAN	4	0	7.914157476794161	0	true
sp|Q9Y244|POMP_HUMAN	5	0	5.857933174385424	0	true
sp|Q9Y247|FA50B_HUMAN	1	5	9.512857005469511	0	true
sp|Q9Y248|PSF2_HUMAN	6	0	7.931692475829613	0	true
sp|Q9Y251|HPSE_HUMAN	1	0	2.284159431195337	0	true
sp|Q9Y256|FACE2_HUMAN	1	0	7.164360255483176	0	true
sp|Q9Y262|EIF3L_HUMAN	25	0	10.68102628167267	0	true
sp|Q9Y263|PLAP_HUMAN	42	0	9.951158652525603	0	true
sp|Q9Y265|RUVB1_HUMAN	26	0	11.093517825256091	0	true
sp|Q9Y266|NUDC_HUMAN	25	0	9.153254261410101	0	true
sp|Q9Y276|BCS1_HUMAN	13	0	5.083999705377433	0	true
sp|Q9Y277|VDAC3_HUMAN	13	0	8.57081163737164	0	true
sp|Q9Y281|COF2_HUMAN	10	3	9.963820711856332	0	true
sp|Q9Y282|ERGI3_HUMAN	10	0	10.569387496383886	0	true
sp|Q9Y285|SYFA_HUMAN	16	0	11.125245423990386	0	true
sp|Q9Y289|SC5A6_HUMAN	6	0	3.3104501805751183	0	true
sp|Q9Y291|RT33_HUMAN	3	0	9.49506809217228	0	true
sp|Q9Y294|ASF1A_HUMAN	3	1	5.468326989524924	0	true
sp|Q9Y295|DRG1_HUMAN	17	0	10.154449424721125	0	true
sp|Q9Y296|TPPC4_HUMAN	7	0	4.9125705419216725	0	true
sp|Q9Y2A7|NCKP1_HUMAN	37	1	8.48804431772905	0	true
sp|Q9Y2B0|CNPY2_HUMAN	11	0	8.459005138120814	0	true
sp|Q9Y2C2|UST_HUMAN	4	0	2.6607446849611454	0	true
sp|Q9Y2C3|B3GT5_HUMAN	1	0	2.337729267384507	0	true
sp|Q9Y2C4|EXOG_HUMAN	6	0	3.4768177036573213	0	true
sp|Q9Y2C9|TLR6_HUMAN	2	0	2.0841355007118634	0	true
sp|Q9Y2D2|S35A3_HUMAN	3	0	3.5681450805108623	0	true
sp|Q9Y2D4|EXC6B_HUMAN	11	3	5.354957072926784	0	true
sp|Q9Y2D8|ADIP_HUMAN	6	0	3.2342864608289337	0	true
sp|Q9Y2D9|ZN652_HUMAN	2	2	3.070833203633316	0	true
sp|Q9Y2E4|DIP2C_HUMAN	0	4	3.0271640356395584	0	true
sp|Q9Y2G3|AT11B_HUMAN	13	1	4.221501373430068	0	true
sp|Q9Y2G5|OFUT2_HUMAN	10	0	3.947175854529534	0	true
sp|Q9Y2G8|DJC16_HUMAN	10	0	3.2442022123636067	0	true
sp|Q9Y2G9|SBNO2_HUMAN	2	6	3.2941975845802336	0	true
sp|Q9Y2H0|DLGP4_HUMAN	11	0	3.817637776109492	0	true
sp|Q9Y2H1|ST38L_HUMAN	2	2	3.2567675141140504	0	true
sp|Q9Y2H5|PKHA6_HUMAN	4	0	4.560562511524711	0	true
sp|Q9Y2H6|FND3A_HUMAN	25	0	8.513025166208346	0	true
sp|Q9Y2I1|NISCH_HUMAN	5	0	4.382937611350103	0	true
sp|Q9Y2I7|FYV1_HUMAN	18	0	2.6622758138748144	0	true
sp|Q9Y2I8|WDR37_HUMAN	5	0	3.5330640034192493	0	true
sp|Q9Y2J2|E41L3_HUMAN	0	6	6.49787009106037	0	true
sp|Q9Y2K1|ZBTB1_HUMAN	8	0	3.8998139360672743	0	true
sp|Q9Y2K6|UBP20_HUMAN	5	0	2.2085063582100375	0	true
sp|Q9Y2K7|KDM2A_HUMAN	33	2	8.06374982770705	0	true
sp|Q9Y2L1|RRP44_HUMAN	39	0	10.72581944295105	0	true
sp|Q9Y2L5|TPPC8_HUMAN	26	0	5.093625733475084	0	true
sp|Q9Y2L9|LRCH1_HUMAN	9	1	4.684090409985575	0	true
sp|Q9Y2M0|FAN1_HUMAN	6	0	2.6794295023892474	0	true
sp|Q9Y2P8|RCL1_HUMAN	15	0	5.95855469006014	0	true
sp|Q9Y2Q3|GSTK1_HUMAN	11	0	9.493343710835747	0	true
sp|Q9Y2Q5|LTOR2_HUMAN	6	0	6.955270936543612	0	true
sp|Q9Y2Q9|RT28_HUMAN	8	0	8.085329790187837	0	true
sp|Q9Y2R0|COA3_HUMAN	4	0	7.572106400433204	0	true
sp|Q9Y2R4|DDX52_HUMAN	19	0	8.188266558284084	0	true
sp|Q9Y2R5|RT17_HUMAN	4	0	9.59919420607121	0	true
sp|Q9Y2R9|RT07_HUMAN	11	0	8.65737535573008	0	true
sp|Q9Y2S6|TMA7_HUMAN	3	0	6.515388368328039	0	true
sp|Q9Y2S7|PDIP2_HUMAN	12	0	9.255655464364068	0	true
sp|Q9Y2T2|AP3M1_HUMAN	11	2	8.758613874832866	0	true
sp|Q9Y2T3|GUAD_HUMAN	24	0	9.432872916488565	0	true
sp|Q9Y2U5|M3K2_HUMAN	6	0	3.2348635334763753	0	true
sp|Q9Y2U8|MAN1_HUMAN	24	0	8.335253144595717	0	true
sp|Q9Y2V2|CHSP1_HUMAN	4	0	10.591396882228313	0	true
sp|Q9Y2V7|COG6_HUMAN	13	0	6.73731045826373	0	true
sp|Q9Y2W1|TR150_HUMAN	36	1	10.08791780353084	0	true
sp|Q9Y2W2|WBP11_HUMAN	19	0	8.48068624736659	0	true
sp|Q9Y2X0|MED16_HUMAN	11	0	7.440854745681363	0	true
sp|Q9Y2X3|NOP58_HUMAN	24	0	9.618642615014123	0	true
sp|Q9Y2X7|GIT1_HUMAN	20	4	7.536799014163049	0	true
sp|Q9Y2X9|ZN281_HUMAN	11	0	6.11684360397803	0	true
sp|Q9Y2Y0|AR2BP_HUMAN	7	0	6.455301168889608	0	true
sp|Q9Y2Y1|RPC10_HUMAN	3	0	5.172028916590792	0	true
sp|Q9Y2Z0|SGT1_HUMAN	18	0	10.367362640401161	0	true
sp|Q9Y2Z2|MTO1_HUMAN	14	0	4.327966979314975	0	true
sp|Q9Y2Z4|SYYM_HUMAN	17	0	10.93606259517628	0	true
sp|Q9Y2Z9|COQ6_HUMAN	11	0	6.507967295656548	0	true
sp|Q9Y303|NAGA_HUMAN	9	0	4.464573785795573	0	true
sp|Q9Y305|ACOT9_HUMAN	21	0	9.962881871355972	0	true
sp|Q9Y312|AAR2_HUMAN	8	0	9.857443881859055	0	true
sp|Q9Y314|NOSIP_HUMAN	14	0	7.9618680138704745	0	true
sp|Q9Y315|DEOC_HUMAN	16	0	10.242305716514503	0	true
sp|Q9Y316|MEMO1_HUMAN	11	0	7.439681796326449	0	true
sp|Q9Y320|TMX2_HUMAN	8	0	4.761068511528246	0	true
sp|Q9Y324|FCF1_HUMAN	6	0	7.96906126324123	0	true
sp|Q9Y333|LSM2_HUMAN	7	0	8.6447452709932	0	true
sp|Q9Y343|SNX24_HUMAN	3	0	3.0410313232749173	0	true
sp|Q9Y371|SHLB1_HUMAN	11	1	8.80728165438537	0	true
sp|Q9Y375|CIA30_HUMAN	10	0	6.588004225907198	0	true
sp|Q9Y376|CAB39_HUMAN	13	2	7.321318131635082	0	true
sp|Q9Y383|LC7L2_HUMAN	12	6	10.033361643307092	0	true
sp|Q9Y385|UB2J1_HUMAN	3	0	6.134742747600597	0	true
sp|Q9Y388|RBMX2_HUMAN	10	0	4.7680574732902254	0	true
sp|Q9Y394|DHRS7_HUMAN	11	0	7.834703031442219	0	true
sp|Q9Y399|RT02_HUMAN	12	0	6.7393849891217625	0	true
sp|Q9Y3A2|UTP11_HUMAN	11	0	7.776708417816361	0	true
sp|Q9Y3A3|PHOCN_HUMAN	8	0	7.400695905095312	0	true
sp|Q9Y3A4|RRP7A_HUMAN	11	0	8.83523418590463	0	true
sp|Q9Y3A5|SBDS_HUMAN	18	0	9.49717112172286	0	true
sp|Q9Y3A6|TMED5_HUMAN	4	0	7.3930821875883375	0	true
sp|Q9Y3B2|EXOS1_HUMAN	9	0	9.742971719322194	0	true
sp|Q9Y3B3|TMED7_HUMAN	7	0	8.631473055162175	0	true
sp|Q9Y3B4|SF3B6_HUMAN	6	0	9.196691460214394	0	true
sp|Q9Y3B6|EMC9_HUMAN	1	0	5.045294594578457	0	true
sp|Q9Y3B7|RM11_HUMAN	12	0	8.367713581612369	0	true
sp|Q9Y3B8|ORN_HUMAN	10	0	7.640968883488662	0	true
sp|Q9Y3B9|RRP15_HUMAN	11	0	8.684473016809951	0	true
sp|Q9Y3C0|WASC3_HUMAN	3	0	7.1850868838055515	0	true
sp|Q9Y3C1|NOP16_HUMAN	10	0	9.399878972137538	0	true
sp|Q9Y3C4|TPRKB_HUMAN	6	0	7.406890642383067	0	true
sp|Q9Y3C6|PPIL1_HUMAN	7	0	9.137740336094392	0	true
sp|Q9Y3C8|UFC1_HUMAN	6	0	7.27639410053403	0	true
sp|Q9Y3D0|CIA2B_HUMAN	6	0	9.652365293577134	0	true
sp|Q9Y3D2|MSRB2_HUMAN	4	0	4.643335940861326	0	true
sp|Q9Y3D3|RT16_HUMAN	5	0	7.601527020128804	0	true
sp|Q9Y3D5|RT18C_HUMAN	4	0	8.491125072379575	0	true
sp|Q9Y3D6|FIS1_HUMAN	3	0	9.157607769671158	0	true
sp|Q9Y3D7|TIM16_HUMAN	4	0	10.583810794177971	0	true
sp|Q9Y3D8|KAD6_HUMAN	6	0	6.6849681811671315	0	true
sp|Q9Y3D9|RT23_HUMAN	9	0	7.971641319057991	0	true
sp|Q9Y3E0|GOT1B_HUMAN	3	0	9.773015267316122	0	true
sp|Q9Y3E1|HDGR3_HUMAN	5	2	7.100487412964892	0	true
sp|Q9Y3E2|BOLA1_HUMAN	5	0	5.9157768587175905	0	true
sp|Q9Y3E5|PTH2_HUMAN	6	0	10.331058630282344	0	true
sp|Q9Y3E7|CHMP3_HUMAN	6	0	7.039427618411508	0	true
sp|Q9Y3F4|STRAP_HUMAN	20	0	9.981859311235258	0	true
sp|Q9Y3I0|RTCB_HUMAN	23	0	10.910564484890754	0	true
sp|Q9Y3I1|FBX7_HUMAN	8	0	8.014169258342617	0	true
sp|Q9Y3L5|RAP2C_HUMAN	5	1	8.91615437943259	0	true
sp|Q9Y3P9|RBGP1_HUMAN	35	1	8.607514321716046	0	true
sp|Q9Y3Q3|TMED3_HUMAN	5	0	6.130643699098763	0	true
sp|Q9Y3Q8|T22D4_HUMAN	8	2	4.920276852834741	0	true
sp|Q9Y3S1|WNK2_HUMAN	2	3	4.96048434601314	0	true
sp|Q9Y3S2|ZN330_HUMAN	6	0	6.330844177425642	0	true
sp|Q9Y3T6|R3HC1_HUMAN	5	0	3.298929753594368	0	true
sp|Q9Y3T9|NOC2L_HUMAN	22	0	8.667130028443243	0	true
sp|Q9Y3U8|RL36_HUMAN	5	0	6.945899759664499	0	true
sp|Q9Y3X0|CCDC9_HUMAN	10	0	6.231456460438155	0	true
sp|Q9Y3Y2|CHTOP_HUMAN	5	0	10.503854554145988	0	true
sp|Q9Y3Z3|SAMH1_HUMAN	31	0	9.236142431565524	0	true
sp|Q9Y421|FA32A_HUMAN	2	0	1.9371754801642287	0	true
sp|Q9Y426|C2CD2_HUMAN	3	0	2.7131860761070827	0	true
sp|Q9Y446|PKP3_HUMAN	30	0	7.979337962153053	0	true
sp|Q9Y448|SKAP_HUMAN	5	0	2.0389051128279236	0	true
sp|Q9Y450|HBS1L_HUMAN	24	0	8.601608806615202	0	true
sp|Q9Y463|DYR1B_HUMAN	2	4	6.186045503617034	0	true
sp|Q9Y478|AAKB1_HUMAN	7	1	5.9644274804181805	0	true
sp|Q9Y483|MTF2_HUMAN	10	0	4.385780331970043	0	true
sp|Q9Y484|WIPI4_HUMAN	5	0	5.252541755257394	0	true
sp|Q9Y485|DMXL1_HUMAN	14	1	3.0334527627996857	0	true
sp|Q9Y487|VPP2_HUMAN	15	2	8.043033185569927	0	true
sp|Q9Y490|TLN1_HUMAN	100	15	11.462148809548058	0	true
sp|Q9Y496|KIF3A_HUMAN	12	1	6.277800965578244	0	true
sp|Q9Y4A5|TRRAP_HUMAN	82	0	8.185363466701798	0	true
sp|Q9Y4B4|ARIP4_HUMAN	11	0	3.492577032390679	0	true
sp|Q9Y4B5|MTCL1_HUMAN	21	2	5.599710849060174	0	true
sp|Q9Y4B6|DCAF1_HUMAN	38	0	8.730335134898045	0	true
sp|Q9Y4C1|KDM3A_HUMAN	13	1	4.22927087382879	0	true
sp|Q9Y4C2|TCAF1_HUMAN	15	0	4.516149135969206	0	true
sp|Q9Y4C8|RBM19_HUMAN	19	0	9.387102486975065	0	true
sp|Q9Y4D1|DAAM1_HUMAN	7	1	2.18816535599307	0	true
sp|Q9Y4D7|PLXD1_HUMAN	5	2	2.3187669887783913	0	true
sp|Q9Y4D8|HECD4_HUMAN	26	0	3.54810000821909	0	true
sp|Q9Y4E1|WAC2C_HUMAN	8	23	9.03905895006261	0	true
sp|Q9Y4E5|ZN451_HUMAN	19	0	5.775532767642949	0	true
sp|Q9Y4E6|WDR7_HUMAN	19	0	4.161547625542056	0	true
sp|Q9Y4E8|UBP15_HUMAN	34	2	9.408899042569457	0	true
sp|Q9Y4F3|MARF1_HUMAN	11	0	3.3929207240235457	0	true
sp|Q9Y4F5|C170B_HUMAN	22	1	4.179180436915756	0	true
sp|Q9Y4G6|TLN2_HUMAN	49	15	8.895442855374405	0	true
sp|Q9Y4G8|RPGF2_HUMAN	2	3	3.1957221596879855	0	true
sp|Q9Y4H2|IRS2_HUMAN	27	0	8.015284195581968	0	true
sp|Q9Y4I1|MYO5A_HUMAN	4	3	3.37261925694885	0	true
sp|Q9Y4J8|DTNA_HUMAN	1	4	2.4475750220671957	0	true
sp|Q9Y4K0|LOXL2_HUMAN	4	0	2.730055724750557	0	true
sp|Q9Y4K1|CRBG1_HUMAN	29	0	6.131827133403242	0	true
sp|Q9Y4K3|TRAF6_HUMAN	7	0	5.586377897696939	0	true
sp|Q9Y4L1|HYOU1_HUMAN	39	0	11.279852328240496	0	true
sp|Q9Y4P1|ATG4B_HUMAN	6	0	6.845375687886365	0	true
sp|Q9Y4P3|TBL2_HUMAN	23	0	10.279586292957843	0	true
sp|Q9Y4P8|WIPI2_HUMAN	8	0	5.405682838030082	0	true
sp|Q9Y4R8|TELO2_HUMAN	29	0	7.286575422401987	0	true
sp|Q9Y4U1|MMAC_HUMAN	3	0	2.5766187329276393	0	true
sp|Q9Y4W2|LAS1L_HUMAN	32	0	10.813914247834937	0	true
sp|Q9Y4W6|AFG32_HUMAN	32	1	8.085298163804657	0	true
sp|Q9Y4X0|AMMR1_HUMAN	1	3	2.012771190746875	0	true
sp|Q9Y4X5|ARI1_HUMAN	19	0	9.101789487338129	0	true
sp|Q9Y4Y9|LSM5_HUMAN	1	0	9.101642942408521	0	true
sp|Q9Y4Z0|LSM4_HUMAN	6	0	9.284740711642621	0	true
sp|Q9Y508|RN114_HUMAN	10	0	8.328211935447584	0	true
sp|Q9Y512|SAM50_HUMAN	20	0	10.540764731706613	0	true
sp|Q9Y520|PRC2C_HUMAN	78	2	10.152035915977928	0	true
sp|Q9Y530|OARD1_HUMAN	7	0	7.429023084658549	0	true
sp|Q9Y535|RPC8_HUMAN	2	0	5.621236838534275	0	true
sp|Q9Y546|LRC42_HUMAN	3	0	3.523204206818267	0	true
sp|Q9Y547|IFT25_HUMAN	2	0	8.54163949386675	0	true
sp|Q9Y548|YIPF1_HUMAN	2	0	1.9121251537583357	0	true
sp|Q9Y570|PPME1_HUMAN	17	0	8.832438312327502	0	true
sp|Q9Y576|ASB1_HUMAN	2	0	2.3674988343243566	0	true
sp|Q9Y580|RBM7_HUMAN	13	0	10.060271601879332	0	true
sp|Q9Y584|TIM22_HUMAN	3	0	4.155720164881421	0	true
sp|Q9Y597|KCTD3_HUMAN	11	0	3.0525457586110285	0	true
sp|Q9Y5A6|ZSC21_HUMAN	1	1	3.30448878078858	0	true
sp|Q9Y5A7|NUB1_HUMAN	17	0	6.927038026133487	0	true
sp|Q9Y5A9|YTHD2_HUMAN	10	5	11.265437215602201	0	true
sp|Q9Y5B0|CTDP1_HUMAN	18	0	5.901506661605824	0	true
sp|Q9Y5B6|PAXB1_HUMAN	23	0	9.54187786553739	0	true
sp|Q9Y5B8|NDK7_HUMAN	14	0	6.362554297139495	0	true
sp|Q9Y5B9|SP16H_HUMAN	46	0	10.926822086594177	0	true
sp|Q9Y5C1|ANGL3_HUMAN	6	0	6.860902463569921	0	true
sp|Q9Y5J1|UTP18_HUMAN	18	0	8.388899487060927	0	true
sp|Q9Y5J5|PHLA3_HUMAN	4	0	4.32903150344444	0	true
sp|Q9Y5J6|T10B_HUMAN	7	0	7.476520174935417	0	true
sp|Q9Y5J7|TIM9_HUMAN	4	0	10.706476531326679	0	true
sp|Q9Y5J9|TIM8B_HUMAN	4	0	6.331150047090556	0	true
sp|Q9Y5K1|SPO11_HUMAN	2	0	3.8041676757065837	0	true
sp|Q9Y5K5|UCHL5_HUMAN	15	0	10.244130849318935	0	true
sp|Q9Y5K6|CD2AP_HUMAN	24	0	7.777941347573836	0	true
sp|Q9Y5K8|VATD_HUMAN	8	0	10.308189197872514	0	true
sp|Q9Y5L0|TNPO3_HUMAN	26	0	9.692958856194462	0	true
sp|Q9Y5L4|TIM13_HUMAN	6	0	9.147524971037019	0	true
sp|Q9Y5M8|SRPRB_HUMAN	12	0	10.852908291857828	0	true
sp|Q9Y5N5|N6MT1_HUMAN	3	0	6.584280071465002	0	true
sp|Q9Y5P4|CERT_HUMAN	19	0	7.6172858544905715	0	true
sp|Q9Y5P6|GMPPB_HUMAN	11	0	6.511744050189435	0	true
sp|Q9Y5P8|P2R3B_HUMAN	5	0	2.7681916339658814	0	true
sp|Q9Y5Q0|FADS3_HUMAN	3	0	3.3949839892882947	0	true
sp|Q9Y5Q8|TF3C5_HUMAN	18	0	6.939025439050815	0	true
sp|Q9Y5Q9|TF3C3_HUMAN	21	0	8.931660162978684	0	true
sp|Q9Y5R8|TPPC1_HUMAN	5	0	3.681660059743642	0	true
sp|Q9Y5S2|MRCKB_HUMAN	48	7	9.74550975069035	0	true
sp|Q9Y5S9|RBM8A_HUMAN	7	0	8.274609258757879	0	true
sp|Q9Y5T5|UBP16_HUMAN	16	0	6.224697948419643	0	true
sp|Q9Y5U2|TSSC4_HUMAN	5	0	6.843154662130439	0	true
sp|Q9Y5U9|IR3IP_HUMAN	1	0	5.5341306803287935	0	true
sp|Q9Y5V0|ZN706_HUMAN	3	0	6.3716915184740515	0	true
sp|Q9Y5W9|SNX11_HUMAN	5	0	2.1027328797978413	0	true
sp|Q9Y5X1|SNX9_HUMAN	15	0	8.956437700836783	0	true
sp|Q9Y5X2|SNX8_HUMAN	12	0	7.089327152340358	0	true
sp|Q9Y5X3|SNX5_HUMAN	19	1	8.522242078260048	0	true
sp|Q9Y5Y0|FLVC1_HUMAN	8	0	6.724545417518981	0	true
sp|Q9Y5Y2|NUBP2_HUMAN	6	0	6.418182404334212	0	true
sp|Q9Y5Y5|PEX16_HUMAN	7	0	6.149549281778297	0	true
sp|Q9Y5Z4|HEBP2_HUMAN	5	0	5.83698551578618	0	true
sp|Q9Y5Z7|HCFC2_HUMAN	8	1	7.122419220232501	0	true
sp|Q9Y5Z9|UBIA1_HUMAN	4	0	6.682141295810022	0	true
sp|Q9Y605|MOFA1_HUMAN	4	0	7.5077287808861	0	true
sp|Q9Y606|PUS1_HUMAN	22	0	9.976889713823063	0	true
sp|Q9Y608|LRRF2_HUMAN	12	1	8.897004004911631	0	true
sp|Q9Y613|FHOD1_HUMAN	30	0	8.577896453344847	0	true
sp|Q9Y617|SERC_HUMAN	18	0	9.909099541694697	0	true
sp|Q9Y618|NCOR2_HUMAN	32	2	3.6640611797690736	0	true
sp|Q9Y619|ORNT1_HUMAN	9	0	5.835532989692912	0	true
sp|Q9Y620|RA54B_HUMAN	6	0	3.7274838451750996	0	true
sp|Q9Y623|MYH4_HUMAN	1	1	7.039224974914747	0	true
sp|Q9Y624|JAM1_HUMAN	13	0	7.5000264002711114	0	true
sp|Q9Y639|NPTN_HUMAN	7	0	9.559162234201942	0	true
sp|Q9Y653|AGRG1_HUMAN	7	0	6.2384304358768885	0	true
sp|Q9Y657|SPIN1_HUMAN	7	4	6.839809753812029	0	true
sp|Q9Y664|KPTN_HUMAN	4	0	3.5192016637680914	0	true
sp|Q9Y666|S12A7_HUMAN	12	2	4.486085313260761	0	true
sp|Q9Y672|ALG6_HUMAN	5	0	6.6028086155321875	0	true
sp|Q9Y673|ALG5_HUMAN	7	0	7.490580649034358	0	true
sp|Q9Y676|RT18B_HUMAN	10	0	7.021991901163259	0	true
sp|Q9Y678|COPG1_HUMAN	38	5	9.418223990829357	0	true
sp|Q9Y679|AUP1_HUMAN	8	0	9.085671253188494	0	true
sp|Q9Y680|FKBP7_HUMAN	4	0	2.240467900863905	0	true
sp|Q9Y692|GMEB1_HUMAN	7	1	3.7446487142528904	0	true
sp|Q9Y696|CLIC4_HUMAN	15	0	10.027585022703214	0	true
sp|Q9Y697|NFS1_HUMAN	19	0	8.595466987260638	0	true
sp|Q9Y6A1|POMT1_HUMAN	9	0	5.311140645370312	0	true
sp|Q9Y6A4|CFA20_HUMAN	8	0	7.162127173783185	0	true
sp|Q9Y6A5|TACC3_HUMAN	16	0	8.833521429681412	0	true
sp|Q9Y6A9|SPCS1_HUMAN	1	0	5.1964372248597615	0	true
sp|Q9Y6B6|SAR1B_HUMAN	4	3	7.9052520682950345	0	true
sp|Q9Y6B7|AP4B1_HUMAN	14	0	6.259922850904563	0	true
sp|Q9Y6C9|MTCH2_HUMAN	13	0	10.308789789365855	0	true
sp|Q9Y6D0|SELK_HUMAN	2	0	5.169161461719026	0	true
sp|Q9Y6D5|BIG2_HUMAN	40	14	8.100385832382804	0	true
sp|Q9Y6D6|BIG1_HUMAN	29	14	8.100385832382804	0	true
sp|Q9Y6D9|MD1L1_HUMAN	28	0	9.532431731873052	0	true
sp|Q9Y6E0|STK24_HUMAN	9	6	10.870313160024985	0	true
sp|Q9Y6E2|5MP1_HUMAN	24	1	7.843367864077208	0	true
sp|Q9Y6G3|RM42_HUMAN	3	0	7.0716361515345465	0	true
sp|Q9Y6G5|COMDA_HUMAN	7	0	6.658110272656782	0	true
sp|Q9Y6G9|DC1L1_HUMAN	23	1	9.883485282454334	0	true
sp|Q9Y6H1|CHCH2_HUMAN	4	0	9.756093182702589	0	true
sp|Q9Y6I3|EPN1_HUMAN	10	1	10.373361171889234	0	true
sp|Q9Y6I4|UBP3_HUMAN	16	0	9.88758891069448	0	true
sp|Q9Y6I9|TX264_HUMAN	4	0	5.058386425506842	0	true
sp|Q9Y6J0|CABIN_HUMAN	11	0	2.1641436635971822	0	true
sp|Q9Y6J9|TAF6L_HUMAN	10	0	5.536175606497733	0	true
sp|Q9Y6K0|CEPT1_HUMAN	3	0	5.795250323808602	0	true
sp|Q9Y6K1|DNM3A_HUMAN	7	1	5.076014585836146	0	true
sp|Q9Y6K5|OAS3_HUMAN	36	0	9.839938100637967	0	true
sp|Q9Y6K8|KAD5_HUMAN	1	1	7.374263435184251	0	true
sp|Q9Y6K9|NEMO_HUMAN	14	0	9.934731276476898	0	true
sp|Q9Y6L7|TLL2_HUMAN	1	2	2.7929878332923574	0	true
sp|Q9Y6M0|TEST_HUMAN	8	0	6.833226164368099	0	true
sp|Q9Y6M4|KC1G3_HUMAN	2	6	3.8973144323101403	0	true
sp|Q9Y6M5|ZNT1_HUMAN	12	0	9.207127048668854	0	true
sp|Q9Y6M7|S4A7_HUMAN	16	0	4.5237987824234756	0	true
sp|Q9Y6M9|NDUB9_HUMAN	8	0	8.720498705550272	0	true
sp|Q9Y6N1|COX11_HUMAN	3	0	5.355228055824041	0	true
sp|Q9Y6N5|SQOR_HUMAN	24	0	9.694459628870645	0	true
sp|Q9Y6N7|ROBO1_HUMAN	10	2	3.152609342952112	0	true
sp|Q9Y6Q3|ZFP37_HUMAN	0	3	7.22616602928	0	true
sp|Q9Y6Q9|NCOA3_HUMAN	12	0	3.4436093953862965	0	true
sp|Q9Y6R0|NUMBL_HUMAN	7	4	5.375590554982032	0	true
sp|Q9Y6R4|M3K4_HUMAN	2	0	3.41167798489326	0	true
sp|Q9Y6V7|DDX49_HUMAN	9	0	7.000672736592152	0	true
sp|Q9Y6W3|CAN7_HUMAN	27	0	7.5891744221832855	0	true
sp|Q9Y6W5|WASF2_HUMAN	13	0	6.862636164986154	0	true
sp|Q9Y6X3|SCC4_HUMAN	9	0	4.786550908225285	0	true
sp|Q9Y6X8|ZHX2_HUMAN	10	1	3.7927721607792306	0	true
sp|Q9Y6X9|MORC2_HUMAN	19	0	6.2025559538904735	0	true
sp|Q9Y6Y0|NS1BP_HUMAN	11	0	6.898659540459411	0	true
sp|Q9Y6Y8|S23IP_HUMAN	29	1	9.190600912901465	0	true
sp|Q9Y6Z7|COL10_HUMAN	3	0	2.698741637252623	0	true
tr|A0A2R8YFR7|A0A2R8YFR7_HUMAN	22	0	5.475991946078857	0	true
tr|A0AAG2UWQ9|A0AAG2UWQ9_HUMAN	36	0	9.764279082236541	0	true
tr|B3KNS4|B3KNS4_HUMAN	4	0	2.1056886788357847	0	true
tr|Q9HB66|Q9HB66_HUMAN	1	0	2.8968041575901817	0	true
sp|A0A1B0GTK5|F236D_HUMAN;sp|P0DP71|F236C_HUMAN	1	0	1.5953235775643564	0.00012181751735899622	true
sp|A0A1B0GTL2|CT204_HUMAN	1	0	1.5329215821002047	0.00012181751735899622	true
sp|A0AVF1|IFT56_HUMAN	2	0	1.514674524663213	0.00012181751735899622	true
sp|A2AJT9|BCLA3_HUMAN	2	0	1.5784805560360204	0.00012181751735899622	true
sp|A2RUR9|C144A_HUMAN	3	0	1.5141757033666237	0.00012181751735899622	true
sp|A6NDY2|F90AA_HUMAN;sp|A6NJQ4|F90A8_HUMAN;sp|P0C7W8|F90AD_HUMAN;sp|P0C7X0|F90AO_HUMAN;tr|A0AAG2UYG2|A0AAG2UYG2_HUMAN	1	0	1.874609267665159	0.00012181751735899622	true
sp|A6NEH6|TM247_HUMAN	1	0	1.7623543046913792	0.00012181751735899622	true
sp|A6NGN9|IGLO5_HUMAN	2	0	1.4411528871982136	0.00012181751735899622	true
sp|A6NK59|ASB14_HUMAN	1	0	1.8353895107937817	0.00012181751735899622	true
sp|A6NNL5|CO061_HUMAN	3	0	1.6112532280395562	0.00012181751735899622	true
sp|A8K855|EFCB7_HUMAN	3	0	1.5963627842293362	0.00012181751735899622	true
sp|A8MZA4|GG6L6_HUMAN;sp|H0YM25|GG6LV_HUMAN;sp|P0DX00|GG6LX_HUMAN;sp|P0DX01|GG6LY_HUMAN;sp|P0DX02|GG6LZ_HUMAN;sp|Q8N7Z2|GG6L1_HUMAN	3	1	1.8261796940943182	0.00012181751735899622	true
sp|B2RTY4|MYO9A_HUMAN	4	2	1.836821330949484	0.00012181751735899622	true
sp|O00180|KCNK1_HUMAN	1	0	1.7469722691360603	0.00012181751735899622	true
sp|O00327|BMAL1_HUMAN	3	0	1.7490175139064776	0.00012181751735899622	true
sp|O00329|PK3CD_HUMAN	1	1	1.4475101932596883	0.00012181751735899622	true
sp|O00522|KRIT1_HUMAN	5	0	1.8074495539026911	0.00012181751735899622	true
sp|O00716|E2F3_HUMAN	2	1	1.5271322595070336	0.00012181751735899622	true
sp|O14786|NRP1_HUMAN	3	0	1.7284445906900752	0.00012181751735899622	true
sp|O14832|PAHX_HUMAN	4	0	1.603080233257552	0.00012181751735899622	true
sp|O15050|TRNK1_HUMAN	8	0	1.6772250858256161	0.00012181751735899622	true
sp|O15063|GRRE1_HUMAN	3	0	1.8244459920389313	0.00012181751735899622	true
sp|O15078|CE290_HUMAN	3	0	1.8644373355974957	0.00012181751735899622	true
sp|O15335|CHAD_HUMAN	2	0	1.7360315899407164	0.00012181751735899622	true
sp|O15534|PER1_HUMAN	2	0	1.558066226788661	0.00012181751735899622	true
sp|O43155|FLRT2_HUMAN	1	0	1.5772418785259732	0.00012181751735899622	true
sp|O43167|ZBT24_HUMAN	3	0	1.5897425970717738	0.00012181751735899622	true
sp|O43286|B4GT5_HUMAN	2	0	1.782204067418833	0.00012181751735899622	true
sp|O43295|SRGP3_HUMAN	2	0	1.464216107901216	0.00012181751735899622	true
sp|O43296|ZN264_HUMAN	2	3	1.855232051854852	0.00012181751735899622	true
sp|O43303|CP110_HUMAN	6	0	1.8476647787201996	0.00012181751735899622	true
sp|O43766|LIAS_HUMAN	3	0	1.3321569957646195	0.00012181751735899622	true
sp|O43822|CF410_HUMAN	2	0	1.4889775982612168	0.00012181751735899622	true
sp|O60229|KALRN_HUMAN	1	2	1.6690393093900613	0.00012181751735899622	true
sp|O60346|PHLP1_HUMAN	4	0	1.8099339210562648	0.00012181751735899622	true
sp|O60494|CUBN_HUMAN	2	0	1.82400325880575	0.00012181751735899622	true
sp|O60503|ADCY9_HUMAN	2	0	1.6180416443833172	0.00012181751735899622	true
sp|O60512|B4GT3_HUMAN	3	0	1.61455325189237	0.00012181751735899622	true
sp|O60674|JAK2_HUMAN	3	0	1.3938989301764204	0.00012181751735899622	true
sp|O75081|MTG16_HUMAN	1	1	1.569182357876348	0.00012181751735899622	true
sp|O75386|TULP3_HUMAN	2	0	1.491137796415372	0.00012181751735899622	true
sp|O75387|LAT3_HUMAN	1	0	1.6791262509619334	0.00012181751735899622	true
sp|O75808|CAN15_HUMAN	6	0	1.7278507064151811	0.00012181751735899622	true
sp|O75911|DHRS3_HUMAN	3	0	1.638056725270743	0.00012181751735899622	true
sp|O76039|CDKL5_HUMAN	2	0	1.4248095179151388	0.00012181751735899622	true
sp|O94810|RGS11_HUMAN	2	0	1.3200210461592092	0.00012181751735899622	true
sp|O94889|KLH18_HUMAN	2	0	1.4250893777318336	0.00012181751735899622	true
sp|O94898|LRIG2_HUMAN	2	0	1.4012814895740733	0.00012181751735899622	true
sp|O94972|TRI37_HUMAN	3	0	1.676375103605855	0.00012181751735899622	true
sp|O95153|RIMB1_HUMAN	3	0	1.4237808587685772	0.00012181751735899622	true
sp|O95405|ZFYV9_HUMAN	2	0	1.3610191546918242	0.00012181751735899622	true
sp|O95455|TGDS_HUMAN	1	1	1.5644487106181721	0.00012181751735899622	true
sp|O95490|AGRL2_HUMAN	1	0	1.4720122435266663	0.00012181751735899622	true
sp|O95503|CBX6_HUMAN	2	0	1.7895362573253413	0.00012181751735899622	true
sp|O95633|FSTL3_HUMAN	2	0	1.5891887381675933	0.00012181751735899622	true
sp|O95759|TBCD8_HUMAN	4	0	1.4983272591973544	0.00012181751735899622	true
sp|O95772|STR3N_HUMAN	1	0	1.4064343458221995	0.00012181751735899622	true
sp|O95822|DCMC_HUMAN	2	0	1.7117727298553473	0.00012181751735899622	true
sp|P00439|PH4H_HUMAN	3	0	1.3602940537938832	0.00012181751735899622	true
sp|P00451|FA8_HUMAN	5	0	1.54801862234484	0.00012181751735899622	true
sp|P01042|KNG1_HUMAN	1	0	1.7629904933843794	0.00012181751735899622	true
sp|P01137|TGFB1_HUMAN	2	0	1.8545407658095396	0.00012181751735899622	true
sp|P03999|OPSB_HUMAN	1	0	1.3233875353007283	0.00012181751735899622	true
sp|P05120|PAI2_HUMAN	1	0	1.4750673031533768	0.00012181751735899622	true
sp|P05156|CFAI_HUMAN	1	0	1.7605638356749136	0.00012181751735899622	true
sp|P05187|PPB1_HUMAN;sp|P10696|PPBN_HUMAN	2	0	1.5875220448835614	0.00012181751735899622	true
sp|P05452|TETN_HUMAN	2	0	1.4969491708630778	0.00012181751735899622	true
sp|P08247|SYPH_HUMAN	1	0	1.5096223077524702	0.00012181751735899622	true
sp|P08254|MMP3_HUMAN	2	0	1.4155002207561342	0.00012181751735899622	true
sp|P08582|TRFM_HUMAN	4	0	1.5697229106089003	0.00012181751735899622	true
sp|P08922|ROS1_HUMAN	2	0	1.4360917628568186	0.00012181751735899622	true
sp|P08F94|PKHD1_HUMAN	1	0	1.5861878492793093	0.00012181751735899622	true
sp|P09601|HMOX1_HUMAN	3	0	1.8087750742629598	0.00012181751735899622	true
sp|P0C870|JMJD7_HUMAN	2	0	1.4318170851742371	0.00012181751735899622	true
sp|P11474|ERR1_HUMAN	3	0	1.3984659503807257	0.00012181751735899622	true
sp|P13056|NR2C1_HUMAN	4	0	1.4677423082767347	0.00012181751735899622	true
sp|P14616|INSRR_HUMAN	2	1	1.395357025128861	0.00012181751735899622	true
sp|P15918|RAG1_HUMAN	2	0	1.5185689618889926	0.00012181751735899622	true
sp|P17097|ZNF7_HUMAN	1	1	1.855232051854852	0.00012181751735899622	true
sp|P19113|DCHS_HUMAN	1	0	1.4553598836168105	0.00012181751735899622	true
sp|P20061|TCO1_HUMAN	1	0	1.7523549159027876	0.00012181751735899622	true
sp|P20248|CCNA2_HUMAN	3	0	1.3799734240554957	0.00012181751735899622	true
sp|P22105|TENX_HUMAN	3	0	1.879698040214948	0.00012181751735899622	true
sp|P22492|H1T_HUMAN	1	2	1.7290585299403571	0.00012181751735899622	true
sp|P22748|CAH4_HUMAN	1	0	1.5092215866479524	0.00012181751735899622	true
sp|P24278|ZBT25_HUMAN	1	0	1.777511050804512	0.00012181751735899622	true
sp|P24394|IL4RA_HUMAN	2	0	1.6339605672494244	0.00012181751735899622	true
sp|P28300|LYOX_HUMAN	2	0	1.749347566857659	0.00012181751735899622	true
sp|P28562|DUS1_HUMAN	1	0	1.6075556749472768	0.00012181751735899622	true
sp|P29475|NOS1_HUMAN	1	0	1.822229069863689	0.00012181751735899622	true
sp|P31276|HXC13_HUMAN	1	0	1.6359831809155987	0.00012181751735899622	true
sp|P34947|GRK5_HUMAN	1	0	1.464264314965269	0.00012181751735899622	true
sp|P37059|DHB2_HUMAN	1	0	1.8082096654061368	0.00012181751735899622	true
sp|P39059|COFA1_HUMAN	2	0	1.7834715447873806	0.00012181751735899622	true
sp|P40189|IL6RB_HUMAN	4	0	1.4666841470070562	0.00012181751735899622	true
sp|P41273|TNFL9_HUMAN	1	0	1.3519485514590395	0.00012181751735899622	true
sp|P42338|PK3CB_HUMAN	1	1	1.4475101932596883	0.00012181751735899622	true
sp|P42568|AF9_HUMAN	3	0	1.5913669151663798	0.00012181751735899622	true
sp|P42680|TEC_HUMAN	3	0	1.8153766376672327	0.00012181751735899622	true
sp|P42702|LIFR_HUMAN	6	0	1.4435257684349627	0.00012181751735899622	true
sp|P43652|AFAM_HUMAN	1	0	1.8501050678024682	0.00012181751735899622	true
sp|P45844|ABCG1_HUMAN	5	0	1.4605714331690203	0.00012181751735899622	true
sp|P50539|MXI1_HUMAN	1	0	1.589578640383127	0.00012181751735899622	true
sp|P51451|BLK_HUMAN	2	1	1.8790605042070427	0.00012181751735899622	true
sp|P51795|CLCN5_HUMAN	3	1	1.549886228732055	0.00012181751735899622	true
sp|P53355|DAPK1_HUMAN	3	0	1.702061578876502	0.00012181751735899622	true
sp|P53370|NUDT6_HUMAN	1	0	1.4741245042188669	0.00012181751735899622	true
sp|P54852|EMP3_HUMAN	2	0	1.5327731763886492	0.00012181751735899622	true
sp|P55285|CADH6_HUMAN	4	0	1.5607998943477854	0.00012181751735899622	true
sp|P56524|HDAC4_HUMAN	5	0	1.4394758849361429	0.00012181751735899622	true
sp|P57059|SIK1_HUMAN	4	0	1.4249531051189384	0.00012181751735899622	true
sp|P57103|NAC3_HUMAN	1	0	1.7075280943940399	0.00012181751735899622	true
sp|P57768|SNX16_HUMAN	1	0	1.4944045289333001	0.00012181751735899622	true
sp|P57775|FBXW4_HUMAN	3	0	1.3401533694339447	0.00012181751735899622	true
sp|P58550|FXYD8_HUMAN	1	0	1.534270915266093	0.00012181751735899622	true
sp|P61952|GBG11_HUMAN	2	0	1.4817698673154696	0.00012181751735899622	true
sp|P78329|CP4F2_HUMAN	1	0	1.5483521656181598	0.00012181751735899622	true
sp|P78333|GPC5_HUMAN	1	0	1.854010566316948	0.00012181751735899622	true
sp|Q00597|FANCC_HUMAN	2	0	1.4358662754644724	0.00012181751735899622	true
sp|Q01094|E2F1_HUMAN	1	0	1.6495072463624676	0.00012181751735899622	true
sp|Q02083|NAAA_HUMAN	2	0	1.8517054321750044	0.00012181751735899622	true
sp|Q02224|CENPE_HUMAN	5	0	1.327885602092841	0.00012181751735899622	true
sp|Q02535|ID3_HUMAN	2	0	1.3266933787318096	0.00012181751735899622	true
sp|Q04771|ACVR1_HUMAN	1	0	1.7083535558574523	0.00012181751735899622	true
sp|Q05823|RN5A_HUMAN	7	0	1.8229024853611298	0.00012181751735899622	true
sp|Q05D60|DEUP1_HUMAN	2	0	1.6534415259568271	0.00012181751735899622	true
sp|Q08188|TGM3_HUMAN	1	0	1.5007622215056344	0.00012181751735899622	true
sp|Q0VGE8|ZN816_HUMAN	1	2	1.8679419077086188	0.00012181751735899622	true
sp|Q12815|TROAP_HUMAN	1	0	1.3491721974217394	0.00012181751735899622	true
sp|Q13029|PRDM2_HUMAN	3	0	1.422009454349613	0.00012181751735899622	true
sp|Q13105|ZBT17_HUMAN	4	0	1.6976781617091241	0.00012181751735899622	true
sp|Q13207|TBX2_HUMAN	1	2	1.87177744401865	0.00012181751735899622	true
sp|Q13480|GAB1_HUMAN	2	0	1.657761450667857	0.00012181751735899622	true
sp|Q13489|BIRC3_HUMAN	1	6	1.7651165359816876	0.00012181751735899622	true
sp|Q13794|APR_HUMAN	1	0	1.4258200971576187	0.00012181751735899622	true
sp|Q13829|BACD2_HUMAN	3	1	1.5598346118571758	0.00012181751735899622	true
sp|Q13873|BMPR2_HUMAN	2	0	1.4506670922466456	0.00012181751735899622	true
sp|Q14188|TFDP2_HUMAN	1	1	1.3509246716819723	0.00012181751735899622	true
sp|Q14209|E2F2_HUMAN	1	1	1.4199141792567527	0.00012181751735899622	true
sp|Q14296|FASTK_HUMAN	5	0	1.337381383496506	0.00012181751735899622	true
sp|Q14393|GAS6_HUMAN	3	0	1.3480577814169301	0.00012181751735899622	true
sp|Q14517|FAT1_HUMAN	14	0	1.770710658963509	0.00012181751735899622	true
sp|Q14680|MELK_HUMAN	2	0	1.5237473826810668	0.00012181751735899622	true
sp|Q14681|KCTD2_HUMAN	2	0	1.7288836263468508	0.00012181751735899622	true
sp|Q14781|CBX2_HUMAN	4	0	1.7982128369094468	0.00012181751735899622	true
sp|Q14865|ARI5B_HUMAN	2	0	1.413030233364028	0.00012181751735899622	true
sp|Q15120|PDK3_HUMAN	3	0	1.7678739803283012	0.00012181751735899622	true
sp|Q15131|CDK10_HUMAN	3	0	1.7664920400849518	0.00012181751735899622	true
sp|Q15166|PON3_HUMAN	1	0	1.6138609406387687	0.00012181751735899622	true
sp|Q16206|ENOX2_HUMAN	2	0	1.7402659299352603	0.00012181751735899622	true
sp|Q16270|IBP7_HUMAN	3	0	1.7394943814302355	0.00012181751735899622	true
sp|Q16394|EXT1_HUMAN	4	0	1.6527797600998821	0.00012181751735899622	true
sp|Q16514|TAF12_HUMAN	3	0	1.5493732028590819	0.00012181751735899622	true
sp|Q1MSJ5|CSPP1_HUMAN	4	0	1.607957686689373	0.00012181751735899622	true
sp|Q1W6H9|F110C_HUMAN	1	0	1.7459084157931426	0.00012181751735899622	true
sp|Q29980|MICB_HUMAN	1	0	1.7631869357293166	0.00012181751735899622	true
sp|Q2M218|ZN630_HUMAN;sp|Q96RE9|ZN300_HUMAN	0	3	1.855232051854852	0.00012181751735899622	true
sp|Q2NKJ3|CTC1_HUMAN	4	0	1.4215787669320268	0.00012181751735899622	true
sp|Q2QGD7|ZXDC_HUMAN	1	1	1.8165064758950982	0.00012181751735899622	true
sp|Q2TAK8|PWP3A_HUMAN	2	0	1.6372735648214036	0.00012181751735899622	true
sp|Q2TB18|ASTE1_HUMAN	2	0	1.50787726814006	0.00012181751735899622	true
sp|Q2YD98|UVSSA_HUMAN	1	0	1.737361713804315	0.00012181751735899622	true
sp|Q3B820|F161A_HUMAN	2	0	1.513812615593577	0.00012181751735899622	true
sp|Q3MIT2|PUS10_HUMAN	3	0	1.7886211755008257	0.00012181751735899622	true
sp|Q3MIX3|ADCK5_HUMAN	2	0	1.5408674963109432	0.00012181751735899622	true
sp|Q3MJ13|WDR72_HUMAN	2	0	1.3523049500952975	0.00012181751735899622	true
sp|Q3ZCN5|OTOGL_HUMAN	1	0	1.8531755467553803	0.00012181751735899622	true
sp|Q4G0X4|KCD21_HUMAN	1	1	1.4878140860170896	0.00012181751735899622	true
sp|Q4LDG9|DNAL1_HUMAN	2	0	1.5596895082837914	0.00012181751735899622	true
sp|Q58EX7|PKHG4_HUMAN	5	0	1.6615143513286432	0.00012181751735899622	true
sp|Q5BJF6|ODFP2_HUMAN	2	0	1.8095146241277362	0.00012181751735899622	true
sp|Q5CZA5|ZN805_HUMAN	1	3	1.855232051854852	0.00012181751735899622	true
sp|Q5EBL2|ZN628_HUMAN	1	0	1.5364108301971922	0.00012181751735899622	true
sp|Q5GH76|XKR4_HUMAN	1	0	1.4965597784727445	0.00012181751735899622	true
sp|Q5H9F3|BCORL_HUMAN	3	0	1.7426717525366842	0.00012181751735899622	true
sp|Q5JR59|MTUS2_HUMAN	3	0	1.4340011656318912	0.00012181751735899622	true
sp|Q5JWR5|DOP1A_HUMAN	3	0	1.679196316504526	0.00012181751735899622	true
sp|Q5QJ74|TBCEL_HUMAN	3	0	1.4918457721381229	0.00012181751735899622	true
sp|Q5S007|LRRK2_HUMAN	5	0	1.5871359308972193	0.00012181751735899622	true
sp|Q5SYE7|NHSL1_HUMAN	4	0	1.7196366069786155	0.00012181751735899622	true
sp|Q5T2T1|MPP7_HUMAN	3	0	1.6757836144612124	0.00012181751735899622	true
sp|Q5T6S3|PHF19_HUMAN	3	0	1.7310807329917726	0.00012181751735899622	true
sp|Q5T7M9|DIK1A_HUMAN	1	0	1.42527090141763	0.00012181751735899622	true
sp|Q5T7N3|KANK4_HUMAN	1	1	1.5885065352759349	0.00012181751735899622	true
sp|Q5TC84|OGRL1_HUMAN	2	0	1.368950679304448	0.00012181751735899622	true
sp|Q5TGY3|AHDC1_HUMAN	11	0	1.531478385574081	0.00012181751735899622	true
sp|Q5U5Q3|MEX3C_HUMAN	1	1	1.4199340042414657	0.00012181751735899622	true
sp|Q5VIY5|ZN468_HUMAN	1	1	1.8679419077086188	0.00012181751735899622	true
sp|Q5VSG8|MANEL_HUMAN	2	0	1.474556832262053	0.00012181751735899622	true
sp|Q5VTE6|ANGE2_HUMAN	3	0	1.8229217717379238	0.00012181751735899622	true
sp|Q5VUJ6|LRCH2_HUMAN	1	1	1.361680111017563	0.00012181751735899622	true
sp|Q5VUY0|ADCL3_HUMAN	1	0	1.550690101382359	0.00012181751735899622	true
sp|Q5VZI3|TM268_HUMAN	2	0	1.320154618403296	0.00012181751735899622	true
sp|Q5XG87|PAPD7_HUMAN	3	1	1.8591408518708328	0.00012181751735899622	true
sp|Q5XX13|FBW10_HUMAN	2	0	1.4897865443523708	0.00012181751735899622	true
sp|Q67FW5|QTGAL_HUMAN	1	0	1.5616507329781657	0.00012181751735899622	true
sp|Q6AI12|ANR40_HUMAN	3	0	1.3891523764436444	0.00012181751735899622	true
sp|Q6FIF0|ZFAN6_HUMAN	3	0	1.7410729908101539	0.00012181751735899622	true
sp|Q6IEG0|SNR48_HUMAN	3	0	1.8700296997348074	0.00012181751735899622	true
sp|Q6IPM2|IQCE_HUMAN	1	0	1.446607390708006	0.00012181751735899622	true
sp|Q6J9G0|STYK1_HUMAN	2	0	1.3212390925584516	0.00012181751735899622	true
sp|Q6NSJ2|PHLB3_HUMAN	2	0	1.428428627772452	0.00012181751735899622	true
sp|Q6NZ36|FAP20_HUMAN	3	0	1.8032064403414596	0.00012181751735899622	true
sp|Q6P2D0|ZFP1_HUMAN	1	2	1.855232051854852	0.00012181751735899622	true
sp|Q6PCD5|RFWD3_HUMAN	3	0	1.5068660540344538	0.00012181751735899622	true
sp|Q6PD74|AAGAB_HUMAN	4	0	1.6953292437692626	0.00012181751735899622	true
sp|Q6PI47|KCD18_HUMAN	1	0	1.5721710780680718	0.00012181751735899622	true
sp|Q6PJ61|FBX46_HUMAN	3	0	1.507189261036991	0.00012181751735899622	true
sp|Q6PJG9|LRFN4_HUMAN	4	0	1.5843791568769514	0.00012181751735899622	true
sp|Q6PJP8|DCR1A_HUMAN	2	0	1.6588595569526232	0.00012181751735899622	true
sp|Q6PRD1|GP179_HUMAN	1	0	1.49734738803667	0.00012181751735899622	true
sp|Q6Q759|SPG17_HUMAN	1	0	1.5034883539844979	0.00012181751735899622	true
sp|Q6TDU7|DNAI7_HUMAN	1	0	1.637175125278449	0.00012181751735899622	true
sp|Q6TFL3|CC171_HUMAN	1	0	1.6610692029587923	0.00012181751735899622	true
sp|Q6UW56|ARAID_HUMAN	1	0	1.342763359375007	0.00012181751735899622	true
sp|Q6UWZ7|ABRX1_HUMAN	5	0	1.5074859534998668	0.00012181751735899622	true
sp|Q6UY14|ATL4_HUMAN	2	0	1.6412916941060298	0.00012181751735899622	true
sp|Q6ZMQ8|LMTK1_HUMAN	5	0	1.7350360920336967	0.00012181751735899622	true
sp|Q6ZN18|AEBP2_HUMAN	7	0	1.7884964091377986	0.00012181751735899622	true
sp|Q6ZS86|GLPK5_HUMAN	1	0	1.4738866281898666	0.00012181751735899622	true
sp|Q6ZSS7|MFSD6_HUMAN	4	0	1.8466482839830864	0.00012181751735899622	true
sp|Q6ZTR5|CFA47_HUMAN	3	0	1.6594244780836973	0.00012181751735899622	true
sp|Q6ZTW0|TPGS1_HUMAN	2	0	1.660015997526751	0.00012181751735899622	true
sp|Q6ZU80|CE128_HUMAN	4	0	1.5338420396842112	0.00012181751735899622	true
sp|Q6ZUT3|FRMD7_HUMAN	1	0	1.728917363712558	0.00012181751735899622	true
sp|Q6ZV73|FGD6_HUMAN	3	0	1.344378880668587	0.00012181751735899622	true
sp|Q6ZVF9|GRIN3_HUMAN	2	0	1.54610203698509	0.00012181751735899622	true
sp|Q70IA8|MOB3C_HUMAN	2	0	1.3862592237540563	0.00012181751735899622	true
sp|Q71F56|MD13L_HUMAN	5	0	1.7816619279613737	0.00012181751735899622	true
sp|Q7L2R6|ZN765_HUMAN	1	0	1.6478151712086404	0.00012181751735899622	true
sp|Q7Z4F1|LRP10_HUMAN	2	0	1.610189833530438	0.00012181751735899622	true
sp|Q7Z6I6|RHG30_HUMAN	2	0	1.3534523246848418	0.00012181751735899622	true
sp|Q7Z6J8|UBE3D_HUMAN	4	0	1.7343915096160474	0.00012181751735899622	true
sp|Q7Z7B0|FLIP1_HUMAN	2	1	1.799790794948321	0.00012181751735899622	true
sp|Q7Z7G8|VP13B_HUMAN	7	0	1.3899520494115918	0.00012181751735899622	true
sp|Q7Z7M9|GALT5_HUMAN	2	0	1.6929710428972815	0.00012181751735899622	true
sp|Q86SQ9|DHDDS_HUMAN	3	0	1.5352267701743472	0.00012181751735899622	true
sp|Q86T24|KAISO_HUMAN	7	0	1.6126019930186666	0.00012181751735899622	true
sp|Q86T29|ZN605_HUMAN	0	2	1.855232051854852	0.00012181751735899622	true
sp|Q86UQ0|ZN589_HUMAN	2	1	1.8500150321631585	0.00012181751735899622	true
sp|Q86UW9|DTX2_HUMAN	2	0	1.8257611347286304	0.00012181751735899622	true
sp|Q86VZ2|WDR5B_HUMAN	1	0	1.8216138542406006	0.00012181751735899622	true
sp|Q86VZ5|SMS1_HUMAN	2	0	1.447888870664414	0.00012181751735899622	true
sp|Q86WS4|RDIC1_HUMAN	1	0	1.8322987378217193	0.00012181751735899622	true
sp|Q86X02|CDR2L_HUMAN	4	0	1.831503349621871	0.00012181751735899622	true
sp|Q86XJ1|GA2L3_HUMAN	2	0	1.450008735038156	0.00012181751735899622	true
sp|Q86XN8|MEX3D_HUMAN	2	1	1.4199340042414657	0.00012181751735899622	true
sp|Q86XX4|FRAS1_HUMAN	3	0	1.4864671359847628	0.00012181751735899622	true
sp|Q8IXQ5|KLHL7_HUMAN	5	0	1.500862148373691	0.00012181751735899622	true
sp|Q8IZD9|DOCK3_HUMAN	1	0	1.834203747839221	0.00012181751735899622	true
sp|Q8IZJ1|UNC5B_HUMAN	3	0	1.6306118133300034	0.00012181751735899622	true
sp|Q8IZM8|ZN654_HUMAN	6	0	1.4294951725933223	0.00012181751735899622	true
sp|Q8IZS8|CA2D3_HUMAN	1	0	1.5304323640393493	0.00012181751735899622	true
sp|Q8N0Z9|VSI10_HUMAN	2	0	1.5589007331915103	0.00012181751735899622	true
sp|Q8N1G1|REXO1_HUMAN	5	0	1.5346422513783686	0.00012181751735899622	true
sp|Q8N427|TXND3_HUMAN	1	0	1.681921111577548	0.00012181751735899622	true
sp|Q8N465|D2HDH_HUMAN	2	0	1.5864574747907465	0.00012181751735899622	true
sp|Q8N4B4|FBX39_HUMAN	1	0	1.4672214041275538	0.00012181751735899622	true
sp|Q8N4M1|CTL3_HUMAN	1	0	1.5690968429599124	0.00012181751735899622	true
sp|Q8N4P2|IT70B_HUMAN	2	0	1.6169539605705934	0.00012181751735899622	true
sp|Q8N554|ZN276_HUMAN	2	0	1.5439358445704376	0.00012181751735899622	true
sp|Q8N653|LZTR1_HUMAN	3	0	1.4477470353887463	0.00012181751735899622	true
sp|Q8N6G5|CGAT2_HUMAN	1	1	1.3979939994537087	0.00012181751735899622	true
sp|Q8N720|ZN655_HUMAN	2	0	1.4464204157873133	0.00012181751735899622	true
sp|Q8N988|ZN557_HUMAN	3	2	1.8679419077086188	0.00012181751735899622	true
sp|Q8N9L1|ZIC4_HUMAN	1	2	1.8416569956187634	0.00012181751735899622	true
sp|Q8NA47|CCD63_HUMAN	1	0	1.348562945345268	0.00012181751735899622	true
sp|Q8NA56|TTC29_HUMAN	1	0	1.3693769335146393	0.00012181751735899622	true
sp|Q8NAN2|MIGA1_HUMAN	4	0	1.6988217180631224	0.00012181751735899622	true
sp|Q8NB42|ZN527_HUMAN	1	1	1.855232051854852	0.00012181751735899622	true
sp|Q8NB66|UN13C_HUMAN	1	1	1.6852360061041425	0.00012181751735899622	true
sp|Q8NBW4|S38A9_HUMAN	2	0	1.7072940232904332	0.00012181751735899622	true
sp|Q8NCD3|HJURP_HUMAN	3	0	1.6937170170096225	0.00012181751735899622	true
sp|Q8NDA2|HMCN2_HUMAN	3	0	1.5624689718747546	0.00012181751735899622	true
sp|Q8NDG6|TDRD9_HUMAN	3	0	1.4841607145778268	0.00012181751735899622	true
sp|Q8NDW4|ZN248_HUMAN	0	2	1.43453058832505	0.00012181751735899622	true
sp|Q8NEF3|CC112_HUMAN	2	0	1.4897383381481555	0.00012181751735899622	true
sp|Q8NEL9|DDHD1_HUMAN	4	0	1.424808232077404	0.00012181751735899622	true
sp|Q8NEZ4|KMT2C_HUMAN	8	0	1.3990975461587043	0.00012181751735899622	true
sp|Q8NG11|TSN14_HUMAN	1	0	1.4376803105278912	0.00012181751735899622	true
sp|Q8TAD7|OCC1_HUMAN	1	0	1.8395040032224423	0.00012181751735899622	true
sp|Q8TAK5|GABP2_HUMAN	3	0	1.5098515262752672	0.00012181751735899622	true
sp|Q8TB24|RIN3_HUMAN	1	0	1.4780436098328624	0.00012181751735899622	true
sp|Q8TB40|ABHD4_HUMAN	3	0	1.5840459757050855	0.00012181751735899622	true
sp|Q8TCN5|ZN507_HUMAN	5	0	1.7196614682784321	0.00012181751735899622	true
sp|Q8TCU4|ALMS1_HUMAN	6	0	1.6081247112995274	0.00012181751735899622	true
sp|Q8TD07|RAE1E_HUMAN	2	0	1.4892101992758644	0.00012181751735899622	true
sp|Q8TD55|PKHO2_HUMAN	1	0	1.5759544335837976	0.00012181751735899622	true
sp|Q8TD57|DYH3_HUMAN	3	0	1.779790939869655	0.00012181751735899622	true
sp|Q8TDR0|MIPT3_HUMAN	2	0	1.429928157336386	0.00012181751735899622	true
sp|Q8TDX9|PK1L1_HUMAN	2	0	1.867861198577155	0.00012181751735899622	true
sp|Q8TDZ2|MICA1_HUMAN	3	0	1.7152866528987225	0.00012181751735899622	true
sp|Q8TE04|PANK1_HUMAN	2	0	1.804256392180683	0.00012181751735899622	true
sp|Q8TEA7|TBCK_HUMAN	2	0	1.8335800957034212	0.00012181751735899622	true
sp|Q8TEJ3|SH3R3_HUMAN	1	0	1.7952678742256314	0.00012181751735899622	true
sp|Q8TET4|GANC_HUMAN	2	0	1.328581941714151	0.00012181751735899622	true
sp|Q8TEV9|SMCR8_HUMAN	4	0	1.8671727150447055	0.00012181751735899622	true
sp|Q8TF40|FNIP1_HUMAN	3	0	1.4265184553036776	0.00012181751735899622	true
sp|Q8TF47|ZFP90_HUMAN	1	1	1.4209644573293314	0.00012181751735899622	true
sp|Q8WTP8|AEN_HUMAN	1	0	1.420105656550276	0.00012181751735899622	true
sp|Q8WUJ0|STYX_HUMAN	1	0	1.3453070606427648	0.00012181751735899622	true
sp|Q8WUP2|FBLI1_HUMAN	2	0	1.7384810110845987	0.00012181751735899622	true
sp|Q8WV07|LTO1_HUMAN	3	0	1.325547149750557	0.00012181751735899622	true
sp|Q8WV93|AFG1L_HUMAN	2	0	1.6435022295150559	0.00012181751735899622	true
sp|Q8WVB3|HEXD_HUMAN	2	0	1.3273926718637323	0.00012181751735899622	true
sp|Q8WVI0|UQCC5_HUMAN	1	0	1.7298087312381532	0.00012181751735899622	true
sp|Q8WW33|GTSF1_HUMAN	1	0	1.464622360689733	0.00012181751735899622	true
sp|Q8WWL2|SPIR2_HUMAN	3	0	1.6475671375879295	0.00012181751735899622	true
sp|Q8WXB1|MT21A_HUMAN	3	0	1.795244544890207	0.00012181751735899622	true
sp|Q8WXI4|ACO11_HUMAN	3	0	1.3220819334739444	0.00012181751735899622	true
sp|Q8WZA2|RPGF4_HUMAN	1	0	1.5765560948896753	0.00012181751735899622	true
sp|Q92539|LPIN2_HUMAN	5	2	1.8291359531928224	0.00012181751735899622	true
sp|Q92567|F168A_HUMAN	1	0	1.4080140034020583	0.00012181751735899622	true
sp|Q92569|P55G_HUMAN	2	1	1.7596846144472362	0.00012181751735899622	true
sp|Q92622|RUBIC_HUMAN	4	0	1.4885821555976322	0.00012181751735899622	true
sp|Q92698|RAD54_HUMAN	3	0	1.4201525189475532	0.00012181751735899622	true
sp|Q92736|RYR2_HUMAN	2	0	1.5771352461352746	0.00012181751735899622	true
sp|Q92839|HYAS1_HUMAN	1	0	1.8245023623038121	0.00012181751735899622	true
sp|Q92966|SNPC3_HUMAN	3	0	1.8750017175345026	0.00012181751735899622	true
sp|Q969K4|ABTB1_HUMAN	1	0	1.3610279568158614	0.00012181751735899622	true
sp|Q969V5|MUL1_HUMAN	3	0	1.6943751458380494	0.00012181751735899622	true
sp|Q969V6|MRTFA_HUMAN	2	1	1.7961457584351002	0.00012181751735899622	true
sp|Q969X0|RIPL2_HUMAN	2	1	1.4550443882402075	0.00012181751735899622	true
sp|Q96AB6|NTAN1_HUMAN	4	0	1.6072409728602384	0.00012181751735899622	true
sp|Q96BD8|SKA1_HUMAN	3	0	1.3960033492419242	0.00012181751735899622	true
sp|Q96BQ1|FAM3D_HUMAN	1	0	1.5251850448576452	0.00012181751735899622	true
sp|Q96BS2|CHP3_HUMAN	1	0	1.5268325189692167	0.00012181751735899622	true
sp|Q96C12|ARMC5_HUMAN	5	0	1.5772422611875065	0.00012181751735899622	true
sp|Q96C55|ZN524_HUMAN	2	0	1.4226847029162526	0.00012181751735899622	true
sp|Q96CN4|EVI5L_HUMAN	4	0	1.8020721563335336	0.00012181751735899622	true
sp|Q96CN5|LRC45_HUMAN	2	0	1.3429985239280047	0.00012181751735899622	true
sp|Q96CX2|KCD12_HUMAN	4	0	1.4560854918829456	0.00012181751735899622	true
sp|Q96DT6|ATG4C_HUMAN	5	0	1.7058335521793822	0.00012181751735899622	true
sp|Q96DU7|IP3KC_HUMAN	4	0	1.70305750344925	0.00012181751735899622	true
sp|Q96DW6|S2538_HUMAN	1	0	1.8318056319573897	0.00012181751735899622	true
sp|Q96F44|TRI11_HUMAN	2	0	1.3759606189266549	0.00012181751735899622	true
sp|Q96F85|CNRP1_HUMAN	1	0	1.4614282780412493	0.00012181751735899622	true
sp|Q96FT9|IFT43_HUMAN	2	0	1.491696088512622	0.00012181751735899622	true
sp|Q96GJ1|TRM2B_HUMAN	2	0	1.5973903190542884	0.00012181751735899622	true
sp|Q96GY3|LIN37_HUMAN	3	0	1.3845541117300317	0.00012181751735899622	true
sp|Q96HH9|GRM2B_HUMAN	1	0	1.609112892369222	0.00012181751735899622	true
sp|Q96JF6|ZN594_HUMAN	3	1	1.855232051854852	0.00012181751735899622	true
sp|Q96JP9|CDHR1_HUMAN	1	0	1.525755036552622	0.00012181751735899622	true
sp|Q96JQ2|CLMN_HUMAN	2	0	1.6281554189978102	0.00012181751735899622	true
sp|Q96K80|ZC3HA_HUMAN	3	0	1.5334700977468374	0.00012181751735899622	true
sp|Q96KC2|ARL5B_HUMAN;sp|Q9Y689|ARL5A_HUMAN	2	0	1.4207682261309165	0.00012181751735899622	true
sp|Q96KS0|EGLN2_HUMAN	2	0	1.7655145647245263	0.00012181751735899622	true
sp|Q96LB3|IFT74_HUMAN	6	0	1.6119157965125233	0.00012181751735899622	true
sp|Q96M89|CC138_HUMAN	2	0	1.5287177381809833	0.00012181751735899622	true
sp|Q96N76|HUTU_HUMAN	1	0	1.7406905258967655	0.00012181751735899622	true
sp|Q96NE9|FRMD6_HUMAN	1	0	1.568908359260831	0.00012181751735899622	true
sp|Q96NL8|CF418_HUMAN	1	0	1.5791146287131816	0.00012181751735899622	true
sp|Q96NU7|HUTI_HUMAN	1	0	1.599594541855981	0.00012181751735899622	true
sp|Q96NZ8|WFKN1_HUMAN	1	0	1.5132950644974146	0.00012181751735899622	true
sp|Q96P31|FCRL3_HUMAN	1	0	1.3814084696258895	0.00012181751735899622	true
sp|Q96PQ0|SORC2_HUMAN	8	0	1.753904737290794	0.00012181751735899622	true
sp|Q96Q45|TM237_HUMAN	5	0	1.400489336840361	0.00012181751735899622	true
sp|Q96RR4|KKCC2_HUMAN	6	0	1.815816088572122	0.00012181751735899622	true
sp|Q96RU8|TRIB1_HUMAN	2	0	1.4728134164843487	0.00012181751735899622	true
sp|Q96RW7|HMCN1_HUMAN	5	0	1.5167116200731907	0.00012181751735899622	true
sp|Q96T49|PP16B_HUMAN	2	0	1.4524631167774225	0.00012181751735899622	true
sp|Q99490|AGAP2_HUMAN	2	0	1.387474549455783	0.00012181751735899622	true
sp|Q99541|PLIN2_HUMAN	3	0	1.6733848963638154	0.00012181751735899622	true
sp|Q99583|MNT_HUMAN	2	0	1.7322541807317344	0.00012181751735899622	true
sp|Q99683|M3K5_HUMAN	4	0	1.5794249781094534	0.00012181751735899622	true
sp|Q99704|DOK1_HUMAN	1	0	1.580969852066111	0.00012181751735899622	true
sp|Q99956|DUS9_HUMAN	3	0	1.524198700340872	0.00012181751735899622	true
sp|Q99985|SEM3C_HUMAN	1	0	1.8386074998462034	0.00012181751735899622	true
sp|Q9BQS7|HEPH_HUMAN	2	0	1.357737563796802	0.00012181751735899622	true
sp|Q9BSJ1|TRI51_HUMAN	1	0	1.6773808933309056	0.00012181751735899622	true
sp|Q9BTX3|TM208_HUMAN	1	0	1.5783865619062412	0.00012181751735899622	true
sp|Q9BVA6|FICD_HUMAN	1	0	1.5494707994605312	0.00012181751735899622	true
sp|Q9BWC9|CC106_HUMAN	1	0	1.7597286443856042	0.00012181751735899622	true
sp|Q9BWG6|SCNM1_HUMAN	5	0	1.4585777034787095	0.00012181751735899622	true
sp|Q9BWL3|CA043_HUMAN	2	0	1.4064739741270467	0.00012181751735899622	true
sp|Q9BX46|RBM24_HUMAN;sp|Q9H0Z9|RBM38_HUMAN	1	0	1.7966001870730721	0.00012181751735899622	true
sp|Q9BX70|BTBD2_HUMAN	1	2	1.6951950681996013	0.00012181751735899622	true
sp|Q9BXS4|TMM59_HUMAN	4	0	1.7057599866139197	0.00012181751735899622	true
sp|Q9BXX3|AN30A_HUMAN	2	0	1.7915150672086868	0.00012181751735899622	true
sp|Q9BY50|SC11C_HUMAN	2	0	1.549262731282266	0.00012181751735899622	true
sp|Q9BZB8|CPEB1_HUMAN	2	0	1.3897943389242928	0.00012181751735899622	true
sp|Q9BZQ4|NMNA2_HUMAN	1	0	1.5217387748126703	0.00012181751735899622	true
sp|Q9C0D2|CE295_HUMAN	2	0	1.5255813926699047	0.00012181751735899622	true
sp|Q9GZN7|ROGDI_HUMAN	2	0	1.6723448742852778	0.00012181751735899622	true
sp|Q9H009|NACA2_HUMAN	1	0	1.7839361253255042	0.00012181751735899622	true
sp|Q9H0C5|BTBD1_HUMAN	1	2	1.6951950681996013	0.00012181751735899622	true
sp|Q9H160|ING2_HUMAN	3	0	1.3359119181314323	0.00012181751735899622	true
sp|Q9H1X3|DJC25_HUMAN	1	0	1.7077083702735576	0.00012181751735899622	true
sp|Q9H2G4|TSYL2_HUMAN	1	0	1.376291732674889	0.00012181751735899622	true
sp|Q9H3J6|MTRFR_HUMAN	1	0	1.4520577751026307	0.00012181751735899622	true
sp|Q9H3M7|TXNIP_HUMAN	2	0	1.5843992706309455	0.00012181751735899622	true
sp|Q9H3R1|NDST4_HUMAN	2	0	1.8313390720040117	0.00012181751735899622	true
sp|Q9H425|CA198_HUMAN	2	0	1.3442785280336724	0.00012181751735899622	true
sp|Q9H4B6|SAV1_HUMAN	3	0	1.690579058016353	0.00012181751735899622	true
sp|Q9H4H8|FA83D_HUMAN	2	0	1.5211529425519823	0.00012181751735899622	true
sp|Q9H5U6|ZCHC4_HUMAN	4	0	1.5802065078856509	0.00012181751735899622	true
sp|Q9H5V7|IKZF5_HUMAN	3	0	1.670930647191716	0.00012181751735899622	true
sp|Q9H6A0|DEN2D_HUMAN	2	0	1.3915426149415855	0.00012181751735899622	true
sp|Q9H6A9|PCX3_HUMAN	3	0	1.5493965860181766	0.00012181751735899622	true
sp|Q9H6I2|SOX17_HUMAN	1	1	1.5053188344851514	0.00012181751735899622	true
sp|Q9H6K4|OPA3_HUMAN	6	0	1.7629444785569175	0.00012181751735899622	true
sp|Q9H707|ZN552_HUMAN	1	2	1.855232051854852	0.00012181751735899622	true
sp|Q9H7C4|SYNCI_HUMAN	5	0	1.5253139940518732	0.00012181751735899622	true
sp|Q9H7F4|T185B_HUMAN	2	0	1.8044114993358324	0.00012181751735899622	true
sp|Q9H7P9|PKHG2_HUMAN	1	0	1.3673087750537904	0.00012181751735899622	true
sp|Q9H7X3|ZN696_HUMAN	1	2	1.3789661330668843	0.00012181751735899622	true
sp|Q9H8E8|CSR2B_HUMAN	2	0	1.5147111457878268	0.00012181751735899622	true
sp|Q9H9D4|ZN408_HUMAN	1	0	1.807395754501064	0.00012181751735899622	true
sp|Q9HB20|PKHA3_HUMAN	1	0	1.627839200801639	0.00012181751735899622	true
sp|Q9HB96|FANCE_HUMAN	7	0	1.3686675570034175	0.00012181751735899622	true
sp|Q9HCK1|ZDBF2_HUMAN	3	0	1.3997000632138301	0.00012181751735899622	true
sp|Q9HCM7|FBSL_HUMAN	3	0	1.5560558179643293	0.00012181751735899622	true
sp|Q9HDC5|JPH1_HUMAN	3	0	1.732562785556035	0.00012181751735899622	true
sp|Q9NP71|MLXPL_HUMAN	3	0	1.3200633641983794	0.00012181751735899622	true
sp|Q9NP74|PALMD_HUMAN	3	0	1.5734186110277095	0.00012181751735899622	true
sp|Q9NPG3|UBN1_HUMAN	8	0	1.5024433850701309	0.00012181751735899622	true
sp|Q9NQ11|AT132_HUMAN	1	0	1.7106850922265204	0.00012181751735899622	true
sp|Q9NQ76|MEPE_HUMAN	1	0	1.414033604460775	0.00012181751735899622	true
sp|Q9NQX7|ITM2C_HUMAN	1	0	1.5287490171573184	0.00012181751735899622	true
sp|Q9NRA1|PDGFC_HUMAN	2	0	1.7467797856578333	0.00012181751735899622	true
sp|Q9NS98|SEM3G_HUMAN	2	0	1.7377772677119159	0.00012181751735899622	true
sp|Q9NSB4|KRT82_HUMAN	1	0	1.5139578520443193	0.00012181751735899622	true
sp|Q9NSK7|CS012_HUMAN	2	0	1.3790033844258447	0.00012181751735899622	true
sp|Q9NT22|EMIL3_HUMAN	3	0	1.4460752148370757	0.00012181751735899622	true
sp|Q9NVE5|UBP40_HUMAN	5	0	1.3911894075792193	0.00012181751735899622	true
sp|Q9NVH6|TMLH_HUMAN	2	0	1.84074963722081	0.00012181751735899622	true
sp|Q9NWM8|FKB14_HUMAN	4	0	1.40307825091913	0.00012181751735899622	true
sp|Q9NX95|SYBU_HUMAN	1	0	1.546461555244778	0.00012181751735899622	true
sp|Q9NXC2|GFOD1_HUMAN	1	1	1.48582783125074	0.00012181751735899622	true
sp|Q9NXT0|ZN586_HUMAN	0	4	1.855232051854852	0.00012181751735899622	true
sp|Q9NYA1|SPHK1_HUMAN	2	0	1.7300933974266173	0.00012181751735899622	true
sp|Q9NYC9|DYH9_HUMAN	2	0	1.4296178461642979	0.00012181751735899622	true
sp|Q9NYM9|BET1L_HUMAN	2	0	1.4426320995862387	0.00012181751735899622	true
sp|Q9NYQ6|CELR1_HUMAN	1	0	1.4546352993348146	0.00012181751735899622	true
sp|Q9NYQ7|CELR3_HUMAN	1	0	1.4674899938632733	0.00012181751735899622	true
sp|Q9NYQ8|FAT2_HUMAN	1	0	1.8178256101338326	0.00012181751735899622	true
sp|Q9NZ71|RTEL1_HUMAN	4	0	1.5991529796975805	0.00012181751735899622	true
sp|Q9P0B6|CC167_HUMAN	1	0	1.8026176569903773	0.00012181751735899622	true
sp|Q9P0K8|FOXJ2_HUMAN	3	1	1.592065409435316	0.00012181751735899622	true
sp|Q9P0P8|MRES1_HUMAN	3	0	1.7644585637183785	0.00012181751735899622	true
sp|Q9P0S2|COX16_HUMAN	3	0	1.5826919438771316	0.00012181751735899622	true
sp|Q9P1Q0|VPS54_HUMAN	3	0	1.5799196577108985	0.00012181751735899622	true
sp|Q9P246|STIM2_HUMAN	5	0	1.3572860389024834	0.00012181751735899622	true
sp|Q9UI08|EVL_HUMAN	1	0	1.3373634985763034	0.00012181751735899622	true
sp|Q9UI33|SCNBA_HUMAN	2	0	1.3670274299930558	0.00012181751735899622	true
sp|Q9UJ78|ZMYM5_HUMAN	1	1	1.4076625016697992	0.00012181751735899622	true
sp|Q9UJW8|ZN180_HUMAN	1	1	1.855232051854852	0.00012181751735899622	true
sp|Q9UKA4|AKA11_HUMAN	4	0	1.6043797626256415	0.00012181751735899622	true
sp|Q9UKB1|FBW1B_HUMAN	2	1	1.8723256938680501	0.00012181751735899622	true
sp|Q9UKY4|POMT2_HUMAN	6	0	1.5317751175370633	0.00012181751735899622	true
sp|Q9UL16|CFA45_HUMAN	2	0	1.4371119264299879	0.00012181751735899622	true
sp|Q9ULC8|ZDHC8_HUMAN	2	0	1.4999458205285792	0.00012181751735899622	true
sp|Q9ULM0|PKHH1_HUMAN	2	0	1.6916180909899612	0.00012181751735899622	true
sp|Q9ULW2|FZD10_HUMAN	1	0	1.7737987239710096	0.00012181751735899622	true
sp|Q9UMF0|ICAM5_HUMAN	2	0	1.5113171310405573	0.00012181751735899622	true
sp|Q9UN36|NDRG2_HUMAN	2	0	1.7629956539234877	0.00012181751735899622	true
sp|Q9UNK9|ANGE1_HUMAN	2	0	1.8745482349660851	0.00012181751735899622	true
sp|Q9UPV9|TRAK1_HUMAN	2	0	1.875611899177223	0.00012181751735899622	true
sp|Q9UPZ9|CILK1_HUMAN	1	1	1.8790605042070427	0.00012181751735899622	true
sp|Q9UQ53|MGT4B_HUMAN	5	0	1.468560529824126	0.00012181751735899622	true
sp|Q9UQB9|AURKC_HUMAN	1	1	1.4099897372616248	0.00012181751735899622	true
sp|Q9Y234|LIPT_HUMAN	2	0	1.8570227180454766	0.00012181751735899622	true
sp|Q9Y2B1|RXLT1_HUMAN	2	0	1.6008167714814634	0.00012181751735899622	true
sp|Q9Y2B5|VP9D1_HUMAN	2	0	1.6737348400596208	0.00012181751735899622	true
sp|Q9Y2E8|SL9A8_HUMAN	2	0	1.7569551040525706	0.00012181751735899622	true
sp|Q9Y2F5|ICE1_HUMAN	8	0	1.6506522157946237	0.00012181751735899622	true
sp|Q9Y2G4|ANKR6_HUMAN	1	0	1.5428799108484785	0.00012181751735899622	true
sp|Q9Y2J4|AMOL2_HUMAN	2	1	1.4882493076473873	0.00012181751735899622	true
sp|Q9Y2T1|AXIN2_HUMAN	2	0	1.3369951877420108	0.00012181751735899622	true
sp|Q9Y2U9|KLDC2_HUMAN	4	0	1.8474055858529432	0.00012181751735899622	true
sp|Q9Y2V0|CDIN1_HUMAN	2	0	1.476156057952018	0.00012181751735899622	true
sp|Q9Y3B1|PLD3B_HUMAN	2	0	1.6137804081971125	0.00012181751735899622	true
sp|Q9Y3C7|MED31_HUMAN	2	0	1.760494646900398	0.00012181751735899622	true
sp|Q9Y3P4|RHBD3_HUMAN	1	0	1.639636237879133	0.00012181751735899622	true
sp|Q9Y592|CEP83_HUMAN	1	0	1.8109888393943465	0.00012181751735899622	true
sp|Q9Y5W8|SNX13_HUMAN	2	0	1.5033963983091094	0.00012181751735899622	true
sp|Q9Y6P5|SESN1_HUMAN	2	0	1.5974775853317524	0.00012181751735899622	true
tr|A0A7P0TAN4|A0A7P0TAN4_HUMAN	0	2	1.8679419077086188	0.00012181751735899622	true
sp|A0A0J9YWL9|TX13C_HUMAN	3	0	1.157233137656061	0.00023789699060306887	true
sp|A0A455ZAR2|PNT87_HUMAN	1	0	1.1590781969782165	0.00023789699060306887	true
sp|A1A5D9|BICL2_HUMAN	1	0	1.204050024081988	0.00023789699060306887	true
sp|A5PKW4|PSD1_HUMAN	2	0	1.1238469529837691	0.00023789699060306887	true
sp|A6NDR6|ME3L1_HUMAN;sp|Q99687|MEIS3_HUMAN	1	1	1.2850734023678982	0.00023789699060306887	true
sp|A6NGA9|TM202_HUMAN	1	0	1.2829499661927652	0.00023789699060306887	true
sp|A6NGE4|DC8L1_HUMAN	1	1	1.2033712969726549	0.00023789699060306887	true
sp|A6NNW6|ENO4_HUMAN	1	0	1.2744262359338976	0.00023789699060306887	true
sp|O00409|FOXN3_HUMAN	1	1	1.2100820390114593	0.00023789699060306887	true
sp|O15194|CTDSL_HUMAN	1	0	1.289747716765468	0.00023789699060306887	true
sp|O15417|TNC18_HUMAN	2	0	1.3155425282872582	0.00023789699060306887	true
sp|O60248|SOX15_HUMAN	1	0	1.2693311913502847	0.00023789699060306887	true
sp|O60290|ZN862_HUMAN	1	0	1.2652080108242245	0.00023789699060306887	true
sp|O60496|DOK2_HUMAN	1	0	1.1384181475425763	0.00023789699060306887	true
sp|O60809|PRA10_HUMAN;sp|O60811|PRAM2_HUMAN;sp|O95521|PRAM1_HUMAN;sp|Q5SWL7|PRA14_HUMAN;sp|Q5VTA0|PRA17_HUMAN;sp|Q5VWM6|PRA13_HUMAN	0	2	1.271034324684743	0.00023789699060306887	true
sp|O75173|ATS4_HUMAN	1	0	1.2663632350808074	0.00023789699060306887	true
sp|O75363|BCAS1_HUMAN	1	0	1.1384501745372209	0.00023789699060306887	true
sp|O75473|LGR5_HUMAN	1	0	1.121335685725322	0.00023789699060306887	true
sp|O75618|DEDD_HUMAN	1	0	1.2678933615728287	0.00023789699060306887	true
sp|O75907|DGAT1_HUMAN	1	0	1.2372762621365432	0.00023789699060306887	true
sp|O76027|ANXA9_HUMAN	2	0	1.2778761926043407	0.00023789699060306887	true
sp|O76038|SEGN_HUMAN	1	0	1.1857661022329515	0.00023789699060306887	true
sp|O94759|TRPM2_HUMAN	1	0	1.1380219211852851	0.00023789699060306887	true
sp|O94813|SLIT2_HUMAN	2	0	1.1266326195263237	0.00023789699060306887	true
sp|O94885|SASH1_HUMAN	2	0	1.2148001009064469	0.00023789699060306887	true
sp|O95409|ZIC2_HUMAN	1	1	1.249078892194522	0.00023789699060306887	true
sp|O95522|PRA12_HUMAN	1	1	1.271034324684743	0.00023789699060306887	true
sp|O95835|LATS1_HUMAN	4	0	1.292554471683018	0.00023789699060306887	true
sp|P00326|ADH1G_HUMAN	2	0	1.2598749229573225	0.00023789699060306887	true
sp|P05231|IL6_HUMAN	2	0	1.2731141683521403	0.00023789699060306887	true
sp|P05413|FABPH_HUMAN	2	0	1.2965103560580602	0.00023789699060306887	true
sp|P06703|S10A6_HUMAN	1	0	1.2678345818498817	0.00023789699060306887	true
sp|P09467|F16P1_HUMAN	3	0	1.1610264273214246	0.00023789699060306887	true
sp|P0DKB5|TPBGL_HUMAN	1	0	1.251085999443167	0.00023789699060306887	true
sp|P10075|GLI4_HUMAN	1	1	1.247320396365795	0.00023789699060306887	true
sp|P12724|ECP_HUMAN	1	0	1.1279814981910727	0.00023789699060306887	true
sp|P12757|SKIL_HUMAN	1	0	1.2356668001027806	0.00023789699060306887	true
sp|P14410|SUIS_HUMAN	1	0	1.265800818754016	0.00023789699060306887	true
sp|P15173|MYOG_HUMAN	1	0	1.3157348211362225	0.00023789699060306887	true
sp|P21817|RYR1_HUMAN	1	0	1.1476616402275681	0.00023789699060306887	true
sp|P23743|DGKA_HUMAN	4	0	1.1412187715939792	0.00023789699060306887	true
sp|P28329|CLAT_HUMAN	1	0	1.1978989513349005	0.00023789699060306887	true
sp|P28907|CD38_HUMAN	1	0	1.1331539342288677	0.00023789699060306887	true
sp|P30305|MPIP2_HUMAN	1	0	1.2134554190153304	0.00023789699060306887	true
sp|P32926|DSG3_HUMAN	1	0	1.1429498287425037	0.00023789699060306887	true
sp|P33151|CADH5_HUMAN	1	0	1.1344035016700027	0.00023789699060306887	true
sp|P48745|CCN3_HUMAN	2	0	1.28868253428257	0.00023789699060306887	true
sp|P51589|CP2J2_HUMAN	2	0	1.2123900217932013	0.00023789699060306887	true
sp|P51911|CNN1_HUMAN	1	1	1.3059830476870848	0.00023789699060306887	true
sp|P52746|ZN142_HUMAN	1	0	1.1682351735157146	0.00023789699060306887	true
sp|P52848|NDST1_HUMAN	2	0	1.1593776793490782	0.00023789699060306887	true
sp|P53816|PLAT3_HUMAN	1	0	1.242103715639411	0.00023789699060306887	true
sp|P55160|NCKPL_HUMAN	1	1	1.3088615902256844	0.00023789699060306887	true
sp|P80188|NGAL_HUMAN	1	0	1.1280652559812907	0.00023789699060306887	true
sp|Q008S8|ECT2L_HUMAN	1	0	1.2344714608697815	0.00023789699060306887	true
sp|Q03181|PPARD_HUMAN	1	0	1.2054714293362336	0.00023789699060306887	true
sp|Q05481|ZNF91_HUMAN	2	0	1.1341521604294231	0.00023789699060306887	true
sp|Q06278|AOXA_HUMAN	2	0	1.2498290409418182	0.00023789699060306887	true
sp|Q06481|APLP2_HUMAN	2	0	1.123605569862468	0.00023789699060306887	true
sp|Q09328|MGT5A_HUMAN	5	0	1.3012440653615842	0.00023789699060306887	true
sp|Q0P651|ABD18_HUMAN	1	0	1.254201517703154	0.00023789699060306887	true
sp|Q12794|HYAL1_HUMAN	2	0	1.2622360174205396	0.00023789699060306887	true
sp|Q12796|PNRC1_HUMAN	2	0	1.3015125983225373	0.00023789699060306887	true
sp|Q12851|M4K2_HUMAN	1	0	1.2662114229786616	0.00023789699060306887	true
sp|Q13133|NR1H3_HUMAN	2	1	1.2994542918278063	0.00023789699060306887	true
sp|Q14596|NBR1_HUMAN	3	0	1.1739323533275536	0.00023789699060306887	true
sp|Q14CB8|RHG19_HUMAN	3	0	1.2119007058397007	0.00023789699060306887	true
sp|Q15413|RYR3_HUMAN	5	0	1.1186888837439126	0.00023789699060306887	true
sp|Q15697|ZN174_HUMAN	1	0	1.294295239307191	0.00023789699060306887	true
sp|Q16829|DUS7_HUMAN	1	0	1.1956010657992575	0.00023789699060306887	true
sp|Q17RW2|COOA1_HUMAN	1	0	1.1822797354536212	0.00023789699060306887	true
sp|Q38SD2|LRRK1_HUMAN	3	0	1.2065437990309549	0.00023789699060306887	true
sp|Q495M3|S36A2_HUMAN	1	0	1.119047111394676	0.00023789699060306887	true
sp|Q4L180|FIL1L_HUMAN	1	0	1.31049839114054	0.00023789699060306887	true
sp|Q4L235|ACSF4_HUMAN	2	0	1.2197708014670925	0.00023789699060306887	true
sp|Q52LW3|RHG29_HUMAN	2	0	1.1343389871899388	0.00023789699060306887	true
sp|Q5HY64|FA47C_HUMAN	1	1	1.2942980438553933	0.00023789699060306887	true
sp|Q5SWH9|TMM69_HUMAN	1	0	1.1251726508226279	0.00023789699060306887	true
sp|Q5TIA1|MEI1_HUMAN	3	0	1.2745889535120116	0.00023789699060306887	true
sp|Q68BL7|OLM2A_HUMAN	2	0	1.2621470697888932	0.00023789699060306887	true
sp|Q69YI7|NAIF1_HUMAN	1	0	1.1173380936962711	0.00023789699060306887	true
sp|Q6DJT9|PLAG1_HUMAN	2	0	1.120294823218913	0.00023789699060306887	true
sp|Q6DKJ4|NXN_HUMAN	3	0	1.1725878187810044	0.00023789699060306887	true
sp|Q6MZW2|FSTL4_HUMAN	1	0	1.1831992355184844	0.00023789699060306887	true
sp|Q6N021|TET2_HUMAN	1	0	1.3157748287240925	0.00023789699060306887	true
sp|Q6NTE8|MRNIP_HUMAN	2	0	1.1372594044861843	0.00023789699060306887	true
sp|Q6P3W2|DJC24_HUMAN	1	0	1.1713692777050393	0.00023789699060306887	true
sp|Q6PII5|HAGHL_HUMAN	1	0	1.2038646715571226	0.00023789699060306887	true
sp|Q6V0L0|CP26C_HUMAN	1	0	1.1316949983478197	0.00023789699060306887	true
sp|Q6V9R5|ZN562_HUMAN	1	1	1.2147078401640403	0.00023789699060306887	true
sp|Q6ZMT9|DTHD1_HUMAN	2	0	1.2813140982700624	0.00023789699060306887	true
sp|Q6ZNB5|XNDC1_HUMAN	1	0	1.2142230189560197	0.00023789699060306887	true
sp|Q702N8|XIRP1_HUMAN	3	0	1.140088660215577	0.00023789699060306887	true
sp|Q76N32|CEP68_HUMAN	1	0	1.1706801937134945	0.00023789699060306887	true
sp|Q7RTP0|NIPA1_HUMAN	1	0	1.2458023162999174	0.00023789699060306887	true
sp|Q7Z403|TMC6_HUMAN	2	0	1.1540377154654995	0.00023789699060306887	true
sp|Q86TM3|DDX53_HUMAN	2	0	1.2955304141853146	0.00023789699060306887	true
sp|Q86UP3|ZFHX4_HUMAN	1	2	1.2164042057055726	0.00023789699060306887	true
sp|Q86VX9|MON1A_HUMAN	2	1	1.1788957013448176	0.00023789699060306887	true
sp|Q86WI1|PKHL1_HUMAN	2	0	1.2863053431767255	0.00023789699060306887	true
sp|Q86WV5|TEN1L_HUMAN	1	0	1.192538379459808	0.00023789699060306887	true
sp|Q8IVS8|GLCTK_HUMAN	2	0	1.1315194758664888	0.00023789699060306887	true
sp|Q8IYF3|TEX11_HUMAN	1	0	1.318301271682782	0.00023789699060306887	true
sp|Q8IZD6|S22AF_HUMAN	1	0	1.2817968767821015	0.00023789699060306887	true
sp|Q8N1P7|CRBG2_HUMAN	2	0	1.1865997066932412	0.00023789699060306887	true
sp|Q8N271|PROM2_HUMAN	1	0	1.2680715361596047	0.00023789699060306887	true
sp|Q8N394|TMTC2_HUMAN	1	0	1.1916074523308364	0.00023789699060306887	true
sp|Q8N3Y7|RDHE2_HUMAN	1	0	1.151707114443784	0.00023789699060306887	true
sp|Q8N4C7|STX19_HUMAN	1	0	1.272604658038275	0.00023789699060306887	true
sp|Q8N539|FBCD1_HUMAN	1	0	1.2036555145196928	0.00023789699060306887	true
sp|Q8N5J2|MINY1_HUMAN	3	0	1.225735671649463	0.00023789699060306887	true
sp|Q8N6W0|CELF5_HUMAN	1	0	1.2195541917121275	0.00023789699060306887	true
sp|Q8N7A1|KLDC1_HUMAN	1	0	1.1572621283706965	0.00023789699060306887	true
sp|Q8N8R3|S2529_HUMAN	2	0	1.1563544432434762	0.00023789699060306887	true
sp|Q8N961|ABTB2_HUMAN	2	0	1.246838073327106	0.00023789699060306887	true
sp|Q8N9S9|SNX31_HUMAN	2	0	1.1531829024863756	0.00023789699060306887	true
sp|Q8NA70|FA47B_HUMAN	1	1	1.2942980438553933	0.00023789699060306887	true
sp|Q8NBJ9|SIDT2_HUMAN	4	0	1.224134267321613	0.00023789699060306887	true
sp|Q8NDW8|TT21A_HUMAN	2	0	1.2829608513323085	0.00023789699060306887	true
sp|Q8NEM0|MCPH1_HUMAN	2	0	1.1563718269151797	0.00023789699060306887	true
sp|Q8TAD2|IL17D_HUMAN	1	0	1.2101108354786123	0.00023789699060306887	true
sp|Q8TB22|SPT20_HUMAN	4	0	1.2182969854360055	0.00023789699060306887	true
sp|Q8TBZ2|MYBPP_HUMAN	1	0	1.302568284048936	0.00023789699060306887	true
sp|Q8TDC3|BRSK1_HUMAN	1	0	1.2966108988630265	0.00023789699060306887	true
sp|Q8TEK3|DOT1L_HUMAN	6	0	1.2929236087881455	0.00023789699060306887	true
sp|Q8WW24|TEKT4_HUMAN	2	0	1.2018657556173213	0.00023789699060306887	true
sp|Q8WWB5|PIHD2_HUMAN	2	0	1.279808580672054	0.00023789699060306887	true
sp|Q8WXK1|ASB15_HUMAN	1	0	1.277841284866822	0.00023789699060306887	true
sp|Q92949|FOXJ1_HUMAN	1	1	1.2100820390114593	0.00023789699060306887	true
sp|Q969F1|TF3C6_HUMAN	1	0	1.2345160212073671	0.00023789699060306887	true
sp|Q96A29|FUCT1_HUMAN	1	0	1.119911475888264	0.00023789699060306887	true
sp|Q96AG3|S2546_HUMAN	2	0	1.2677385365723501	0.00023789699060306887	true
sp|Q96AX9|MIB2_HUMAN	3	0	1.1417274936539938	0.00023789699060306887	true
sp|Q96B77|TM186_HUMAN	1	0	1.1253210495024017	0.00023789699060306887	true
sp|Q96D09|GASP2_HUMAN	2	0	1.1725712096959369	0.00023789699060306887	true
sp|Q96E09|PBIR1_HUMAN	2	0	1.2148942927691755	0.00023789699060306887	true
sp|Q96J66|MRP8_HUMAN	2	2	1.117595220445232	0.00023789699060306887	true
sp|Q96JQ0|PCD16_HUMAN	3	0	1.1539631304602107	0.00023789699060306887	true
sp|Q96L42|KCNH8_HUMAN	1	0	1.2112575207697254	0.00023789699060306887	true
sp|Q96LT7|CI072_HUMAN	2	0	1.29020788900933	0.00023789699060306887	true
sp|Q96M63|ODAD1_HUMAN	1	0	1.2495350097256304	0.00023789699060306887	true
sp|Q96MN5|TEAN2_HUMAN	3	0	1.2106148905820409	0.00023789699060306887	true
sp|Q96PQ6|ZN317_HUMAN	1	1	1.247320396365795	0.00023789699060306887	true
sp|Q96PY6|NEK1_HUMAN	3	0	1.1695363947158457	0.00023789699060306887	true
sp|Q96QE2|MYCT_HUMAN	3	0	1.2514194942229555	0.00023789699060306887	true
sp|Q96S06|LMF1_HUMAN	3	0	1.18077630627663	0.00023789699060306887	true
sp|Q96SL4|GPX7_HUMAN	1	0	1.3099021667135455	0.00023789699060306887	true
sp|Q99435|NELL2_HUMAN	2	0	1.2698380075649838	0.00023789699060306887	true
sp|Q99542|MMP19_HUMAN	1	0	1.1453559436742395	0.00023789699060306887	true
sp|Q99942|RNF5_HUMAN	3	0	1.2288939727344594	0.00023789699060306887	true
sp|Q9BQT8|ODC_HUMAN	3	0	1.3179050345726293	0.00023789699060306887	true
sp|Q9BRN9|TM2D3_HUMAN	3	0	1.2065102348634211	0.00023789699060306887	true
sp|Q9BSJ5|CQ080_HUMAN	3	0	1.209424769583521	0.00023789699060306887	true
sp|Q9BYC5|FUT8_HUMAN	7	0	1.2945344637572653	0.00023789699060306887	true
sp|Q9C073|F117A_HUMAN	1	0	1.2800400553070779	0.00023789699060306887	true
sp|Q9C0G0|ZN407_HUMAN	5	0	1.2047803878003769	0.00023789699060306887	true
sp|Q9GZV5|WWTR1_HUMAN	1	0	1.2095358054348868	0.00023789699060306887	true
sp|Q9H0V1|TM168_HUMAN	1	0	1.145963029674646	0.00023789699060306887	true
sp|Q9H116|GZF1_HUMAN	2	0	1.256002792562271	0.00023789699060306887	true
sp|Q9H1U4|MEGF9_HUMAN	2	0	1.261297093895282	0.00023789699060306887	true
sp|Q9H334|FOXP1_HUMAN	2	0	1.1714020362776796	0.00023789699060306887	true
sp|Q9H489|TSY26_HUMAN	1	0	1.2884284457770834	0.00023789699060306887	true
sp|Q9H790|EXO5_HUMAN	3	0	1.1263856596917718	0.00023789699060306887	true
sp|Q9H8Y1|VRTN_HUMAN	2	0	1.2360098353843658	0.00023789699060306887	true
sp|Q9HB09|B2L12_HUMAN	1	0	1.3023480698701086	0.00023789699060306887	true
sp|Q9HCE9|ANO8_HUMAN	2	0	1.2524840539857174	0.00023789699060306887	true
sp|Q9NQ33|ASCL3_HUMAN	1	0	1.2892630411961297	0.00023789699060306887	true
sp|Q9NR48|ASH1L_HUMAN	10	0	1.2731292029260932	0.00023789699060306887	true
sp|Q9NRM7|LATS2_HUMAN	1	0	1.2141531530372993	0.00023789699060306887	true
sp|Q9NRX6|KISHB_HUMAN	1	0	1.2309758511826048	0.00023789699060306887	true
sp|Q9NS23|RASF1_HUMAN	2	0	1.2081591470629078	0.00023789699060306887	true
sp|Q9NW07|ZN358_HUMAN	2	0	1.1931053017979898	0.00023789699060306887	true
sp|Q9NZ56|FMN2_HUMAN	1	0	1.1248420046507897	0.00023789699060306887	true
sp|Q9P296|C5AR2_HUMAN	1	0	1.293884137689027	0.00023789699060306887	true
sp|Q9P2F8|SI1L2_HUMAN	1	1	1.2674137575291315	0.00023789699060306887	true
sp|Q9P2K1|C2D2A_HUMAN	4	0	1.2825411195184782	0.00023789699060306887	true
sp|Q9UBC3|DNM3B_HUMAN	2	1	1.2737087087857686	0.00023789699060306887	true
sp|Q9UH92|MLX_HUMAN	3	0	1.2243447877650715	0.00023789699060306887	true
sp|Q9UHC9|NPCL1_HUMAN	2	0	1.3056002464816128	0.00023789699060306887	true
sp|Q9UHN6|CEIP2_HUMAN	3	0	1.1742376777516184	0.00023789699060306887	true
sp|Q9UID6|ZN639_HUMAN	2	0	1.2008996334610689	0.00023789699060306887	true
sp|Q9UIG8|SO3A1_HUMAN	2	0	1.2548415542522302	0.00023789699060306887	true
sp|Q9UJJ9|GNPTG_HUMAN	4	0	1.2045214690854025	0.00023789699060306887	true
sp|Q9UL36|ZN236_HUMAN	3	0	1.1872845594351966	0.00023789699060306887	true
sp|Q9ULE0|WWC3_HUMAN	8	1	1.3029405531447116	0.00023789699060306887	true
sp|Q9UM11|FZR1_HUMAN	1	0	1.1978634419609395	0.00023789699060306887	true
sp|Q9UP38|FZD1_HUMAN	1	0	1.1874863850916884	0.00023789699060306887	true
sp|Q9UPQ4|TRI35_HUMAN	2	0	1.1576761707297187	0.00023789699060306887	true
sp|Q9UPU9|SMAG1_HUMAN	1	1	1.2142851053489072	0.00023789699060306887	true
sp|Q9Y219|JAG2_HUMAN	2	0	1.262717116313206	0.00023789699060306887	true
sp|Q9Y297|FBW1A_HUMAN	1	1	1.1482040566171083	0.00023789699060306887	true
sp|Q9Y2H2|SAC2_HUMAN	7	0	1.2854540071278673	0.00023789699060306887	true
sp|Q9Y2Q0|AT8A1_HUMAN	1	0	1.1988494338909892	0.00023789699060306887	true
sp|Q9Y3R5|DOP1B_HUMAN	2	0	1.141834528369585	0.00023789699060306887	true
sp|Q9Y5N6|ORC6_HUMAN	2	0	1.2301898984055384	0.00023789699060306887	true
sp|Q9Y5Y9|SCNAA_HUMAN	1	0	1.279126631005814	0.00023789699060306887	true
sp|Q9Y661|HS3S4_HUMAN	2	0	1.1888729007231276	0.00023789699060306887	true
sp|Q9Y6H3|ATP23_HUMAN	1	0	1.1552063376379191	0.00023789699060306887	true
sp|A0A087WXM9|MEIKN_HUMAN	2	0	0.9668954570269936	0.0003382187147688839	true
sp|A0A1B0GUS0|CS085_HUMAN	1	0	0.951023753733033	0.0003382187147688839	true
sp|A0A5F9ZHS7|NFILZ_HUMAN	1	0	0.9070909920345964	0.0003382187147688839	true
sp|A0AV02|S12A8_HUMAN	1	0	1.0897043202833874	0.0003382187147688839	true
sp|A1L4H1|SRCRL_HUMAN	2	0	0.9278380426230896	0.0003382187147688839	true
sp|A2PYH4|HFM1_HUMAN	1	0	0.8010670785866961	0.0003382187147688839	true
sp|A2RRH5|WDR27_HUMAN	1	0	0.8386375048947327	0.0003382187147688839	true
sp|A6NC98|CC88B_HUMAN	1	0	1.0833734478706216	0.0003382187147688839	true
sp|A6NCJ1|TKTI1_HUMAN	1	0	0.9098329391159046	0.0003382187147688839	true
sp|A6NCS6|CB072_HUMAN	1	0	0.7111757075683001	0.0003382187147688839	true
sp|A6NDB9|PALM3_HUMAN	2	0	0.8562108544185324	0.0003382187147688839	true
sp|A6NDL7|MT21E_HUMAN	1	0	0.8827267405296285	0.0003382187147688839	true
sp|A6NGU5|GGT3_HUMAN;sp|P19440|GGT1_HUMAN;sp|P36268|GGT2_HUMAN	1	0	0.8735759766291251	0.0003382187147688839	true
sp|A6NKB5|PCX2_HUMAN	2	0	0.8022650528196705	0.0003382187147688839	true
sp|A6NKC0|F90A7_HUMAN	1	0	0.6913337583629771	0.0003382187147688839	true
sp|A6PVS8|LRIQ3_HUMAN	1	0	0.686996731936861	0.0003382187147688839	true
sp|A8K0R7|ZN839_HUMAN	1	0	0.9223823711280162	0.0003382187147688839	true
sp|A8MPS7|YDJC_HUMAN	1	0	0.8923141285614817	0.0003382187147688839	true
sp|A8MPX8|PP2D1_HUMAN	2	0	1.07148311259284	0.0003382187147688839	true
sp|A8MT65|ZN891_HUMAN	1	0	0.9857019924764956	0.0003382187147688839	true
sp|B1ANS9|WDR64_HUMAN	2	0	0.6164948419519323	0.0003382187147688839	true
sp|O00559|RCAS1_HUMAN	3	0	0.7811902360218268	0.0003382187147688839	true
sp|O14495|PLPP3_HUMAN	3	0	1.1009867268444085	0.0003382187147688839	true
sp|O14514|AGRB1_HUMAN	1	0	0.728295449923444	0.0003382187147688839	true
sp|O14599|VCY2_HUMAN	2	0	0.8299267765091319	0.0003382187147688839	true
sp|O14817|TSN4_HUMAN	1	0	0.9320954248936265	0.0003382187147688839	true
sp|O14827|RGRF2_HUMAN	2	0	0.7804054102510276	0.0003382187147688839	true
sp|O15054|KDM6B_HUMAN	1	0	0.7930159516127726	0.0003382187147688839	true
sp|O15209|ZBT22_HUMAN	1	0	0.7923793603115701	0.0003382187147688839	true
sp|O15327|INP4B_HUMAN	1	0	1.0374987446687884	0.0003382187147688839	true
sp|O43187|IRAK2_HUMAN	2	0	0.6882664381721424	0.0003382187147688839	true
sp|O43194|GPR39_HUMAN	2	0	0.6593663204854873	0.0003382187147688839	true
sp|O43307|ARHG9_HUMAN	1	1	0.9959911450218117	0.0003382187147688839	true
sp|O43520|AT8B1_HUMAN	1	0	1.0496402933006974	0.0003382187147688839	true
sp|O43529|CHSTA_HUMAN	1	0	0.6964808621694357	0.0003382187147688839	true
sp|O43542|XRCC3_HUMAN	1	0	1.053138270117546	0.0003382187147688839	true
sp|O43734|CIKS_HUMAN	2	0	0.8424822290411661	0.0003382187147688839	true
sp|O43759|SNG1_HUMAN	2	0	0.7392796006710608	0.0003382187147688839	true
sp|O43826|G6PT1_HUMAN	1	0	0.7130395020423246	0.0003382187147688839	true
sp|O60281|ZN292_HUMAN	1	0	1.0421062768667868	0.0003382187147688839	true
sp|O60292|SI1L3_HUMAN	2	0	0.8421274600806261	0.0003382187147688839	true
sp|O60308|CE104_HUMAN	1	0	0.8383679183929122	0.0003382187147688839	true
sp|O60423|AT8B3_HUMAN	1	0	1.0461599922828437	0.0003382187147688839	true
sp|O60513|B4GT4_HUMAN	2	0	1.0798744926343329	0.0003382187147688839	true
sp|O60883|G37L1_HUMAN	1	0	0.8158962769382557	0.0003382187147688839	true
sp|O60909|B4GT2_HUMAN	2	0	0.8820956109175138	0.0003382187147688839	true
sp|O75031|HSF2B_HUMAN	2	0	0.6515460237354068	0.0003382187147688839	true
sp|O75094|SLIT3_HUMAN	2	0	0.7928255532888454	0.0003382187147688839	true
sp|O75167|PHAR2_HUMAN	1	0	0.7473936658617684	0.0003382187147688839	true
sp|O75460|ERN1_HUMAN	4	0	1.0423166785134168	0.0003382187147688839	true
sp|O75486|SUPT3_HUMAN	1	0	0.6588651370617217	0.0003382187147688839	true
sp|O75751|S22A3_HUMAN	1	0	0.8297700448375201	0.0003382187147688839	true
sp|O75764|TCEA3_HUMAN	2	0	0.7742190767117592	0.0003382187147688839	true
sp|O75820|ZN189_HUMAN	1	1	0.8009508424578892	0.0003382187147688839	true
sp|O75829|CNMD_HUMAN	1	0	0.7341388239790222	0.0003382187147688839	true
sp|O75901|RASF9_HUMAN	1	0	0.8348379547138743	0.0003382187147688839	true
sp|O76013|KRT36_HUMAN	1	0	0.7070637327019229	0.0003382187147688839	true
sp|O76074|PDE5A_HUMAN	2	0	0.9018619123307201	0.0003382187147688839	true
sp|O94819|KBTBB_HUMAN	2	0	0.8865392448787099	0.0003382187147688839	true
sp|O94856|NFASC_HUMAN	1	0	1.026657620989878	0.0003382187147688839	true
sp|O94911|ABCA8_HUMAN	1	0	0.7972541704721452	0.0003382187147688839	true
sp|O94955|RHBT3_HUMAN	2	0	1.0160026193202856	0.0003382187147688839	true
sp|O94991|SLIK5_HUMAN	1	0	1.1088266024545106	0.0003382187147688839	true
sp|O95171|SCEL_HUMAN	2	0	0.7512841325099227	0.0003382187147688839	true
sp|O95567|CV031_HUMAN	1	0	0.9891247626458286	0.0003382187147688839	true
sp|P00973|OAS1_HUMAN	2	0	0.7910895684342789	0.0003382187147688839	true
sp|P01721|LV657_HUMAN	1	0	0.9173594649478218	0.0003382187147688839	true
sp|P05060|SCG1_HUMAN	1	0	1.0646462708585898	0.0003382187147688839	true
sp|P05408|7B2_HUMAN	1	0	0.893148853392428	0.0003382187147688839	true
sp|P09958|FURIN_HUMAN	1	0	1.0905233015656464	0.0003382187147688839	true
sp|P0C874|S31D3_HUMAN;sp|Q6ZQQ2|S31D1_HUMAN;sp|Q6ZUB0|S31D4_HUMAN	1	0	0.8119971328657266	0.0003382187147688839	true
sp|P0CJ79|ZN888_HUMAN	2	0	0.6306720724055627	0.0003382187147688839	true
sp|P10323|ACRO_HUMAN	1	0	0.9338499257551456	0.0003382187147688839	true
sp|P11137|MTAP2_HUMAN	2	0	0.5996869368531768	0.0003382187147688839	true
sp|P11836|CD20_HUMAN	1	0	0.7598653724315834	0.0003382187147688839	true
sp|P12524|MYCL_HUMAN	1	0	0.7290308603547554	0.0003382187147688839	true
sp|P13196|HEM1_HUMAN	2	0	1.0717203837173126	0.0003382187147688839	true
sp|P15976|GATA1_HUMAN	2	0	0.8912484702701994	0.0003382187147688839	true
sp|P16112|PGCA_HUMAN	1	0	0.8106462592256644	0.0003382187147688839	true
sp|P16260|GDC_HUMAN	2	0	0.9146428778487179	0.0003382187147688839	true
sp|P16499|PDE6A_HUMAN	2	0	0.8047851118966795	0.0003382187147688839	true
sp|P16581|LYAM2_HUMAN	1	0	0.7302322047777495	0.0003382187147688839	true
sp|P17098|ZNF8_HUMAN	2	0	0.9931307835986712	0.0003382187147688839	true
sp|P17509|HXB6_HUMAN	2	0	0.6961767535566843	0.0003382187147688839	true
sp|P18505|GBRB1_HUMAN	1	0	0.9419503184126907	0.0003382187147688839	true
sp|P19878|NCF2_HUMAN	1	1	0.633281112726663	0.0003382187147688839	true
sp|P20929|NEBU_HUMAN	4	0	1.0168426888053363	0.0003382187147688839	true
sp|P21579|SYT1_HUMAN	1	0	0.9506925803232409	0.0003382187147688839	true
sp|P21580|TNAP3_HUMAN	2	0	0.8130682439890036	0.0003382187147688839	true
sp|P21860|ERBB3_HUMAN	2	0	1.0958028694331294	0.0003382187147688839	true
sp|P23677|IP3KA_HUMAN	2	0	0.6740611157753255	0.0003382187147688839	true
sp|P24592|IBP6_HUMAN	1	0	0.7585264446826945	0.0003382187147688839	true
sp|P25391|LAMA1_HUMAN	4	0	0.9565463679856585	0.0003382187147688839	true
sp|P27169|PON1_HUMAN	1	0	1.025896479544287	0.0003382187147688839	true
sp|P34096|RNAS4_HUMAN	1	0	0.8255092075147348	0.0003382187147688839	true
sp|P35711|SOX5_HUMAN	1	1	0.9406885523756566	0.0003382187147688839	true
sp|P35713|SOX18_HUMAN	1	1	1.055916722403529	0.0003382187147688839	true
sp|P41002|CCNF_HUMAN	1	0	0.8706122646874865	0.0003382187147688839	true
sp|P41212|ETV6_HUMAN	2	0	0.8479377667649016	0.0003382187147688839	true
sp|P46952|3HAO_HUMAN	1	0	1.014659694585626	0.0003382187147688839	true
sp|P48546|GIPR_HUMAN	1	0	1.060699143446673	0.0003382187147688839	true
sp|P49758|RGS6_HUMAN	2	0	0.7118706415944621	0.0003382187147688839	true
sp|P49895|IOD1_HUMAN	1	0	1.0719167590230647	0.0003382187147688839	true
sp|P50549|ETV1_HUMAN	2	0	0.8089767560284861	0.0003382187147688839	true
sp|P50607|TUB_HUMAN	1	0	0.7677090179180243	0.0003382187147688839	true
sp|P51654|GPC3_HUMAN	2	0	0.821029619108318	0.0003382187147688839	true
sp|P51787|KCNQ1_HUMAN	1	0	0.8014328416311077	0.0003382187147688839	true
sp|P51956|NEK3_HUMAN	2	0	1.0230705203497852	0.0003382187147688839	true
sp|P52737|ZN136_HUMAN	2	0	0.7798246475211408	0.0003382187147688839	true
sp|P53804|TTC3_HUMAN	3	0	0.6061077416646222	0.0003382187147688839	true
sp|P53814|SMTN_HUMAN	2	0	1.0713940514250495	0.0003382187147688839	true
sp|P55286|CADH8_HUMAN	2	0	0.6208362659863131	0.0003382187147688839	true
sp|P55291|CAD15_HUMAN	2	0	0.6765480146600147	0.0003382187147688839	true
sp|P55317|FOXA1_HUMAN;sp|P55318|FOXA3_HUMAN	1	0	0.7935749615761478	0.0003382187147688839	true
sp|P57679|EVC_HUMAN	1	0	0.7731952043602144	0.0003382187147688839	true
sp|P57682|KLF3_HUMAN	3	1	1.0579923380241645	0.0003382187147688839	true
sp|P59768|GBG2_HUMAN	1	0	0.8105407077349617	0.0003382187147688839	true
sp|P61550|ENVT1_HUMAN	1	0	0.8759255822715609	0.0003382187147688839	true
sp|P86452|ZBED6_HUMAN	2	0	0.718285015299259	0.0003382187147688839	true
sp|P98161|PKD1_HUMAN	2	0	0.7908586746278747	0.0003382187147688839	true
sp|P98164|LRP2_HUMAN	2	0	1.074896004821813	0.0003382187147688839	true
sp|P98174|FGD1_HUMAN	3	0	0.9967146663137141	0.0003382187147688839	true
sp|Q01432|AMPD3_HUMAN	2	1	0.8943823647219075	0.0003382187147688839	true
sp|Q06455|MTG8_HUMAN	1	1	0.9923171441717017	0.0003382187147688839	true
sp|Q06609|RAD51_HUMAN	2	0	1.0796159428682484	0.0003382187147688839	true
sp|Q09013|DMPK_HUMAN	1	1	0.8021879500510737	0.0003382187147688839	true
sp|Q0VDD8|DYH14_HUMAN	2	0	0.6865971001567746	0.0003382187147688839	true
sp|Q12772|SRBP2_HUMAN	1	1	0.7818957892443832	0.0003382187147688839	true
sp|Q12864|CAD17_HUMAN	2	0	0.6835114723355308	0.0003382187147688839	true
sp|Q12929|EPS8_HUMAN	1	0	0.7271517690679477	0.0003382187147688839	true
sp|Q13023|AKAP6_HUMAN	1	0	0.7826849601388026	0.0003382187147688839	true
sp|Q13166|CATR1_HUMAN	1	0	0.9152523001578791	0.0003382187147688839	true
sp|Q13224|NMDE2_HUMAN	1	0	0.87783718377576	0.0003382187147688839	true
sp|Q13233|M3K1_HUMAN	1	0	1.0355982976751592	0.0003382187147688839	true
sp|Q13402|MYO7A_HUMAN	3	0	1.0510353898738845	0.0003382187147688839	true
sp|Q13541|4EBP1_HUMAN	2	0	0.8860373672110845	0.0003382187147688839	true
sp|Q13835|PKP1_HUMAN	1	0	1.0593257566686816	0.0003382187147688839	true
sp|Q13972|RGRF1_HUMAN	2	0	0.6784553218713644	0.0003382187147688839	true
sp|Q14005|IL16_HUMAN	1	0	0.678669566962782	0.0003382187147688839	true
sp|Q14050|CO9A3_HUMAN	1	0	0.6880002056138941	0.0003382187147688839	true
sp|Q14397|GCKR_HUMAN	1	0	0.8060079218303817	0.0003382187147688839	true
sp|Q14524|SCN5A_HUMAN	2	0	0.7491558207754783	0.0003382187147688839	true
sp|Q14542|S29A2_HUMAN	1	0	0.9451747676500734	0.0003382187147688839	true
sp|Q14714|SSPN_HUMAN	1	0	0.8725506910476556	0.0003382187147688839	true
sp|Q15858|SCN9A_HUMAN	1	0	0.8792694694983973	0.0003382187147688839	true
sp|Q16236|NF2L2_HUMAN	2	0	0.6433612652221461	0.0003382187147688839	true
sp|Q16533|SNPC1_HUMAN	1	0	0.8250728288595416	0.0003382187147688839	true
sp|Q16600|ZN239_HUMAN	2	0	0.9238362398819089	0.0003382187147688839	true
sp|Q17RR3|LIPR3_HUMAN	1	0	0.8324824319897715	0.0003382187147688839	true
sp|Q1X8D7|LRC36_HUMAN	3	0	1.1022894588019212	0.0003382187147688839	true
sp|Q2KHM9|MOONR_HUMAN	3	0	1.073829509464146	0.0003382187147688839	true
sp|Q2M3C7|SPKAP_HUMAN	4	0	0.6472791126291527	0.0003382187147688839	true
sp|Q2M3G0|ABCB5_HUMAN	2	0	0.9028199122967548	0.0003382187147688839	true
sp|Q2TAC2|CCD57_HUMAN	2	0	0.8203967051575967	0.0003382187147688839	true
sp|Q30154|DRB5_HUMAN	2	0	0.8835316022715733	0.0003382187147688839	true
sp|Q3B8N5|PROX2_HUMAN	1	0	0.8407730860688174	0.0003382187147688839	true
sp|Q3LIE5|ADPRM_HUMAN	1	0	0.8229919819036715	0.0003382187147688839	true
sp|Q3SXM0|DC4L1_HUMAN	1	0	0.7321621762901347	0.0003382187147688839	true
sp|Q3SYC2|MOGT2_HUMAN	2	0	0.9808438260915435	0.0003382187147688839	true
sp|Q494U1|PKHN1_HUMAN	1	0	0.711237659831687	0.0003382187147688839	true
sp|Q496Y0|LONF3_HUMAN	2	0	0.8951879280655483	0.0003382187147688839	true
sp|Q49AG3|ZBED5_HUMAN	2	0	0.7165564629046237	0.0003382187147688839	true
sp|Q4FZB7|KMT5B_HUMAN	3	0	0.9111558573114673	0.0003382187147688839	true
sp|Q502W7|CCD38_HUMAN	2	0	0.639559078551405	0.0003382187147688839	true
sp|Q504T8|MIDN_HUMAN	2	0	1.0949161073364717	0.0003382187147688839	true
sp|Q53TQ3|IN80D_HUMAN	3	0	0.7147451624033185	0.0003382187147688839	true
sp|Q56UN5|M3K19_HUMAN	1	0	0.9634502422593257	0.0003382187147688839	true
sp|Q5EB52|MEST_HUMAN	1	0	1.0671168066985521	0.0003382187147688839	true
sp|Q5FWF4|ZRAB3_HUMAN	2	0	0.884496703289524	0.0003382187147688839	true
sp|Q5H9S7|DCA17_HUMAN	2	0	0.8014366620578516	0.0003382187147688839	true
sp|Q5HYA8|MKS3_HUMAN	1	0	0.9426166962426615	0.0003382187147688839	true
sp|Q5JST6|EFHC2_HUMAN	1	0	0.6165331307557665	0.0003382187147688839	true
sp|Q5JVG8|ZN506_HUMAN	1	0	0.733871707579916	0.0003382187147688839	true
sp|Q5JXA9|SIRB2_HUMAN	1	0	0.7246112672062358	0.0003382187147688839	true
sp|Q5NUL3|FFAR4_HUMAN	1	0	0.8567069138378718	0.0003382187147688839	true
sp|Q5SNV9|CA167_HUMAN	1	0	0.7642867938070217	0.0003382187147688839	true
sp|Q5SQQ9|VAX1_HUMAN;sp|Q9UIW0|VAX2_HUMAN	1	0	1.0314949331186003	0.0003382187147688839	true
sp|Q5SVS4|KMCP1_HUMAN	2	0	1.040333567168954	0.0003382187147688839	true
sp|Q5SW24|DACT2_HUMAN	1	0	0.8936990746342763	0.0003382187147688839	true
sp|Q5SZK8|FREM2_HUMAN	3	0	0.6826967930741169	0.0003382187147688839	true
sp|Q5T2R2|DPS1_HUMAN	2	0	0.7812748449159748	0.0003382187147688839	true
sp|Q5TB30|DEP1A_HUMAN	1	0	0.979703690542226	0.0003382187147688839	true
sp|Q5THR3|EFCB6_HUMAN	2	0	1.0210239437057789	0.0003382187147688839	true
sp|Q5VST9|OBSCN_HUMAN	2	0	0.6796687722061765	0.0003382187147688839	true
sp|Q5VU97|CAHD1_HUMAN	2	0	0.6315211968595801	0.0003382187147688839	true
sp|Q5VWK5|IL23R_HUMAN	1	0	0.9761167954759317	0.0003382187147688839	true
sp|Q5W041|ARMC3_HUMAN	1	0	0.7298770845738999	0.0003382187147688839	true
sp|Q68DU8|KCD16_HUMAN	1	0	0.854377139519947	0.0003382187147688839	true
sp|Q68G75|LEMD1_HUMAN	1	0	0.6861929713526601	0.0003382187147688839	true
sp|Q6H3X3|ULBP5_HUMAN	2	0	1.0966849477429967	0.0003382187147688839	true
sp|Q6IMN6|CAPR2_HUMAN	1	0	0.9560264870454867	0.0003382187147688839	true
sp|Q6IQ23|PKHA7_HUMAN	3	0	0.9458513016137715	0.0003382187147688839	true
sp|Q6IQ26|DEN5A_HUMAN	1	0	0.766822830796811	0.0003382187147688839	true
sp|Q6JEL2|KLH10_HUMAN	2	0	1.0126053729810123	0.0003382187147688839	true
sp|Q6NSZ9|ZSC25_HUMAN	1	0	1.0842686883095536	0.0003382187147688839	true
sp|Q6NV74|CRCDL_HUMAN	1	0	1.1013601647038405	0.0003382187147688839	true
sp|Q6NVV9|ADAM5_HUMAN	1	0	0.7032086682094842	0.0003382187147688839	true
sp|Q6P461|ACSM6_HUMAN	2	0	0.8791077999423573	0.0003382187147688839	true
sp|Q6PCT2|FXL19_HUMAN	3	0	0.789763864551402	0.0003382187147688839	true
sp|Q6PIF6|MYO7B_HUMAN	3	0	0.977128899034196	0.0003382187147688839	true
sp|Q6PJF5|RHDF2_HUMAN	2	0	0.9930002355036311	0.0003382187147688839	true
sp|Q6QHC5|DEGS2_HUMAN	1	0	0.694021794001779	0.0003382187147688839	true
sp|Q6SZW1|SARM1_HUMAN	2	0	0.7894685361363494	0.0003382187147688839	true
sp|Q6U736|OPN5_HUMAN	1	0	1.0763544913976297	0.0003382187147688839	true
sp|Q6UWV6|ENPP7_HUMAN	1	0	0.787784948446824	0.0003382187147688839	true
sp|Q6X9E4|FBW12_HUMAN	1	0	0.6887409931201056	0.0003382187147688839	true
sp|Q6XYQ8|SYT10_HUMAN	1	0	0.7944767221652591	0.0003382187147688839	true
sp|Q6ZMT1|STAC2_HUMAN	2	0	1.0980570988761342	0.0003382187147688839	true
sp|Q6ZN54|DEFI8_HUMAN	1	0	0.7639483542355024	0.0003382187147688839	true
sp|Q6ZNE5|BAKOR_HUMAN	1	0	1.0637407668836112	0.0003382187147688839	true
sp|Q6ZQQ6|WDR87_HUMAN	2	0	0.857661033559353	0.0003382187147688839	true
sp|Q6ZRC1|CD050_HUMAN	1	0	0.9596900315901256	0.0003382187147688839	true
sp|Q6ZRR7|LRRC9_HUMAN	1	0	0.7650210061771535	0.0003382187147688839	true
sp|Q6ZS11|RINL_HUMAN	1	0	1.0120455757906843	0.0003382187147688839	true
sp|Q6ZWT7|MBOA2_HUMAN	2	0	0.6934177235692698	0.0003382187147688839	true
sp|Q70EL1|UBP54_HUMAN	4	0	1.0376040679198335	0.0003382187147688839	true
sp|Q76I76|SSH2_HUMAN	3	0	0.6709756545344524	0.0003382187147688839	true
sp|Q76M96|CCD80_HUMAN	1	0	0.9589032397773802	0.0003382187147688839	true
sp|Q7L0J3|SV2A_HUMAN	1	0	0.9182496871578338	0.0003382187147688839	true
sp|Q7L8S5|OTU6A_HUMAN	1	0	0.7015849648100639	0.0003382187147688839	true
sp|Q7Z2Z1|TICRR_HUMAN	2	0	0.6885745553569668	0.0003382187147688839	true
sp|Q7Z3D4|LYSM3_HUMAN	1	0	0.7091344026722236	0.0003382187147688839	true
sp|Q7Z3E2|CC186_HUMAN	2	0	0.9337528160959627	0.0003382187147688839	true
sp|Q7Z3H4|SAMD7_HUMAN	1	0	0.7006811893384685	0.0003382187147688839	true
sp|Q7Z407|CSMD3_HUMAN	2	0	0.6690153087225174	0.0003382187147688839	true
sp|Q7Z442|PK1L2_HUMAN	2	0	0.869127796578351	0.0003382187147688839	true
sp|Q7Z494|NPHP3_HUMAN	2	0	0.7140832725914461	0.0003382187147688839	true
sp|Q7Z5H3|RHG22_HUMAN	1	0	0.9671267450840977	0.0003382187147688839	true
sp|Q7Z5U6|WDR53_HUMAN	3	0	0.9648056007274627	0.0003382187147688839	true
sp|Q7Z7G1|CLNK_HUMAN	1	0	0.891102584751173	0.0003382187147688839	true
sp|Q86SG6|NEK8_HUMAN	1	0	0.7022806263735192	0.0003382187147688839	true
sp|Q86SJ2|AMGO2_HUMAN	1	0	1.1086491924563344	0.0003382187147688839	true
sp|Q86T65|DAAM2_HUMAN	1	1	1.007355544709416	0.0003382187147688839	true
sp|Q86TV6|TTC7B_HUMAN	4	0	1.0975457497393626	0.0003382187147688839	true
sp|Q86UQ4|ABCAD_HUMAN	3	0	1.1166979343213541	0.0003382187147688839	true
sp|Q86UU1|PHLB1_HUMAN	3	0	0.7139151624854831	0.0003382187147688839	true
sp|Q86UX2|ITIH5_HUMAN	4	0	0.7914311560398928	0.0003382187147688839	true
sp|Q86V40|TIKI1_HUMAN	2	0	0.787722045037538	0.0003382187147688839	true
sp|Q86V59|PNM8A_HUMAN	2	0	0.7131563301397873	0.0003382187147688839	true
sp|Q86VF7|NRAP_HUMAN	3	0	1.0976094704719621	0.0003382187147688839	true
sp|Q86VG3|IFTAP_HUMAN	1	0	0.9325444058690704	0.0003382187147688839	true
sp|Q86VQ6|TRXR3_HUMAN	1	0	0.6914507495110089	0.0003382187147688839	true
sp|Q86XM0|CTSRD_HUMAN	2	0	0.7890469760682289	0.0003382187147688839	true
sp|Q86XN6|ZN761_HUMAN	1	1	0.9104980491705761	0.0003382187147688839	true
sp|Q86XN7|PRSR1_HUMAN	2	0	1.0932337021641583	0.0003382187147688839	true
sp|Q86XP1|DGKH_HUMAN	2	0	0.8968420362884071	0.0003382187147688839	true
sp|Q86XR8|CEP57_HUMAN	2	0	0.797125125025755	0.0003382187147688839	true
sp|Q86YC2|PALB2_HUMAN	3	0	1.006176554254119	0.0003382187147688839	true
sp|Q86YG4|NT5D4_HUMAN	1	0	0.9077334332818279	0.0003382187147688839	true
sp|Q86YV5|PRAG1_HUMAN	1	0	1.0286937692461953	0.0003382187147688839	true
sp|Q86Z14|KLOTB_HUMAN	1	0	1.0276235798280198	0.0003382187147688839	true
sp|Q8IUC6|TCAM1_HUMAN	1	0	0.8053175940079144	0.0003382187147688839	true
sp|Q8IUZ5|AT2L2_HUMAN	4	0	1.0566314198571791	0.0003382187147688839	true
sp|Q8IV03|LUR1L_HUMAN	1	0	0.7028838101291834	0.0003382187147688839	true
sp|Q8IV61|GRP3_HUMAN	1	0	0.6801743155195228	0.0003382187147688839	true
sp|Q8IVF4|DYH10_HUMAN	2	0	0.7162233708155612	0.0003382187147688839	true
sp|Q8IVF6|AN18A_HUMAN	1	0	0.8089502317324486	0.0003382187147688839	true
sp|Q8IVG5|SAM9L_HUMAN	3	2	0.9825939768421259	0.0003382187147688839	true
sp|Q8IVH8|M4K3_HUMAN	3	0	1.0332535109177081	0.0003382187147688839	true
sp|Q8IVL0|NAV3_HUMAN	1	0	1.0765044299404938	0.0003382187147688839	true
sp|Q8IVL6|P3H3_HUMAN	2	0	1.0165901964554214	0.0003382187147688839	true
sp|Q8IVM8|S22A9_HUMAN	1	0	0.9613715189075134	0.0003382187147688839	true
sp|Q8IVU3|HERC6_HUMAN	1	1	0.6657324805149776	0.0003382187147688839	true
sp|Q8IW93|ARHGJ_HUMAN	1	0	0.9254725417241415	0.0003382187147688839	true
sp|Q8IXL6|FA20C_HUMAN	1	1	0.851850852028276	0.0003382187147688839	true
sp|Q8IY63|AMOL1_HUMAN	1	1	0.9653925555180982	0.0003382187147688839	true
sp|Q8IY92|SLX4_HUMAN	1	0	0.8682442613837634	0.0003382187147688839	true
sp|Q8IYE0|CC146_HUMAN	1	0	0.9478770929653584	0.0003382187147688839	true
sp|Q8IYR0|CF206_HUMAN	1	0	0.7206718303163223	0.0003382187147688839	true
sp|Q8IYW2|CFA46_HUMAN	2	0	0.681139642788702	0.0003382187147688839	true
sp|Q8IZ13|F200C_HUMAN	2	0	0.9638060135750723	0.0003382187147688839	true
sp|Q8IZD2|KMT2E_HUMAN	3	0	0.9710048397936138	0.0003382187147688839	true
sp|Q8IZD4|DCP1B_HUMAN	2	0	0.6556669478128763	0.0003382187147688839	true
sp|Q8N0U4|F185A_HUMAN	2	0	1.0961482050161817	0.0003382187147688839	true
sp|Q8N141|ZFP82_HUMAN	1	0	0.8328372329800702	0.0003382187147688839	true
sp|Q8N165|PDK1L_HUMAN	2	0	0.7298088062476623	0.0003382187147688839	true
sp|Q8N1I8|CAAS1_HUMAN	1	0	0.8392772684346136	0.0003382187147688839	true
sp|Q8N1W1|ARG28_HUMAN	1	1	0.9693365662795528	0.0003382187147688839	true
sp|Q8N283|ANR35_HUMAN	2	0	0.7666407339192952	0.0003382187147688839	true
sp|Q8N2A8|PLD6_HUMAN	2	0	1.0481990645481825	0.0003382187147688839	true
sp|Q8N3Z0|PRS35_HUMAN	1	0	0.9028513872170809	0.0003382187147688839	true
sp|Q8N4W9|ZN808_HUMAN	2	0	0.7823902180134041	0.0003382187147688839	true
sp|Q8N587|ZN561_HUMAN	1	1	0.7603947736849486	0.0003382187147688839	true
sp|Q8N5Z5|KCD17_HUMAN	2	0	0.7970466688548047	0.0003382187147688839	true
sp|Q8N608|DPP10_HUMAN	1	0	1.0578858095809833	0.0003382187147688839	true
sp|Q8N6G2|TEX26_HUMAN	1	0	0.7118974465766342	0.0003382187147688839	true
sp|Q8N782|ZN525_HUMAN	1	1	1.0328574995815685	0.0003382187147688839	true
sp|Q8N960|CE120_HUMAN	3	0	0.9280581258716326	0.0003382187147688839	true
sp|Q8N9W4|GG6L2_HUMAN	1	1	0.948111965447399	0.0003382187147688839	true
sp|Q8N9W5|DAAF3_HUMAN	1	0	1.037483048738724	0.0003382187147688839	true
sp|Q8NBH2|KY_HUMAN	1	0	0.9317704387180535	0.0003382187147688839	true
sp|Q8NC69|KCTD6_HUMAN	1	0	0.9222591893388009	0.0003382187147688839	true
sp|Q8NCM8|DYHC2_HUMAN	8	0	1.055217626038809	0.0003382187147688839	true
sp|Q8NCR0|B3GL2_HUMAN	1	0	0.8998087134369679	0.0003382187147688839	true
sp|Q8NDH2|CC168_HUMAN	3	0	0.9648229467676491	0.0003382187147688839	true
sp|Q8NES3|LFNG_HUMAN	2	0	0.926090973538601	0.0003382187147688839	true
sp|Q8NEY1|NAV1_HUMAN	2	0	0.9469368673973884	0.0003382187147688839	true
sp|Q8NFW9|MYRIP_HUMAN	1	0	1.1090416153345506	0.0003382187147688839	true
sp|Q8NH59|O51Q1_HUMAN	1	0	0.9133598649518765	0.0003382187147688839	true
sp|Q8TAB5|CA216_HUMAN	1	0	0.803612517691293	0.0003382187147688839	true
sp|Q8TBJ5|FEZF2_HUMAN	2	0	1.0734701628263867	0.0003382187147688839	true
sp|Q8TC56|GAR3_HUMAN	1	0	1.1165411013854578	0.0003382187147688839	true
sp|Q8TD22|SFXN5_HUMAN	2	0	1.046987073534639	0.0003382187147688839	true
sp|Q8TE57|ATS16_HUMAN	1	0	0.9914025885553808	0.0003382187147688839	true
sp|Q8TE69|EOLA1_HUMAN;sp|Q96DE9|EOLA2_HUMAN	2	0	1.031354503446417	0.0003382187147688839	true
sp|Q8TEE9|SAP25_HUMAN	1	0	0.8843263020047539	0.0003382187147688839	true
sp|Q8TES7|FBF1_HUMAN	2	0	0.6358922199659021	0.0003382187147688839	true
sp|Q8TF30|WHAMM_HUMAN	2	0	0.7458644822137726	0.0003382187147688839	true
sp|Q8TF72|SHRM3_HUMAN	5	0	0.6384378734497227	0.0003382187147688839	true
sp|Q8WVD3|RN138_HUMAN	1	0	1.0077201210787952	0.0003382187147688839	true
sp|Q8WVZ7|RN133_HUMAN	1	0	0.7976890691468213	0.0003382187147688839	true
sp|Q8WWZ4|ABCAA_HUMAN	1	0	1.0014267381991386	0.0003382187147688839	true
sp|Q8WX94|NALP7_HUMAN	2	0	0.6794748767215859	0.0003382187147688839	true
sp|Q8WXR4|MYO3B_HUMAN	1	0	0.8748597651590438	0.0003382187147688839	true
sp|Q8WXX0|DYH7_HUMAN	1	0	1.1107891357692357	0.0003382187147688839	true
sp|Q8WYA1|BMAL2_HUMAN	1	0	0.8645800025509855	0.0003382187147688839	true
sp|Q8WYQ9|ZCH14_HUMAN	2	0	0.7774466322047372	0.0003382187147688839	true
sp|Q92624|APBP2_HUMAN	2	0	0.6127925708826505	0.0003382187147688839	true
sp|Q92791|SC65_HUMAN	1	0	0.7107373151206045	0.0003382187147688839	true
sp|Q92823|NRCAM_HUMAN	2	0	0.9022473375955354	0.0003382187147688839	true
sp|Q92858|ATOH1_HUMAN	1	0	1.069559382455305	0.0003382187147688839	true
sp|Q93088|BHMT1_HUMAN	4	0	0.9542000770719912	0.0003382187147688839	true
sp|Q93097|WNT2B_HUMAN	1	0	0.8821872461140061	0.0003382187147688839	true
sp|Q96A19|C102A_HUMAN	1	0	1.0722762406299933	0.0003382187147688839	true
sp|Q96A46|MFRN2_HUMAN	1	0	0.8916147283776047	0.0003382187147688839	true
sp|Q96AV8|E2F7_HUMAN	3	0	0.6252682916337781	0.0003382187147688839	true
sp|Q96BY6|DOC10_HUMAN	3	1	1.0781886491890245	0.0003382187147688839	true
sp|Q96C34|RUND1_HUMAN	1	0	0.9386531644125632	0.0003382187147688839	true
sp|Q96CG3|TIFA_HUMAN	1	0	1.0774525360459855	0.0003382187147688839	true
sp|Q96DM1|PGBD4_HUMAN	1	0	1.0944357684823964	0.0003382187147688839	true
sp|Q96DT5|DYH11_HUMAN	2	0	0.6568433010946512	0.0003382187147688839	true
sp|Q96F45|ZN503_HUMAN	2	0	0.9407960868329206	0.0003382187147688839	true
sp|Q96F83|CLBA1_HUMAN	1	0	0.7001093120392303	0.0003382187147688839	true
sp|Q96FI4|NEIL1_HUMAN	2	0	0.7623728899911439	0.0003382187147688839	true
sp|Q96GC6|ZN274_HUMAN	1	0	0.948287024456705	0.0003382187147688839	true
sp|Q96GE4|CEP95_HUMAN	1	0	1.001681402086187	0.0003382187147688839	true
sp|Q96IY4|CBPB2_HUMAN	1	0	0.7010955477455875	0.0003382187147688839	true
sp|Q96JB1|DYH8_HUMAN	3	0	0.6405435939397375	0.0003382187147688839	true
sp|Q96KV7|WDR90_HUMAN	1	0	0.7283519277907772	0.0003382187147688839	true
sp|Q96L73|NSD1_HUMAN	5	0	1.0931024490153665	0.0003382187147688839	true
sp|Q96LW2|KS6R_HUMAN	1	0	0.8002666742687943	0.0003382187147688839	true
sp|Q96LZ7|RMD2_HUMAN	2	0	0.6942207785431944	0.0003382187147688839	true
sp|Q96M91|CFA53_HUMAN	2	0	0.7089423951485974	0.0003382187147688839	true
sp|Q96MK3|FA20A_HUMAN	1	1	0.851850852028276	0.0003382187147688839	true
sp|Q96MU8|KREM1_HUMAN	1	0	0.7984280429403762	0.0003382187147688839	true
sp|Q96N23|CFA54_HUMAN	3	0	0.8405266156039339	0.0003382187147688839	true
sp|Q96NT0|CC115_HUMAN	1	0	1.086365356200556	0.0003382187147688839	true
sp|Q96NW7|LRRC7_HUMAN	1	1	0.9612604744425548	0.0003382187147688839	true
sp|Q96PN6|ADCYA_HUMAN	2	0	0.9434017288725137	0.0003382187147688839	true
sp|Q96PP8|GBP5_HUMAN	2	1	1.0412771308481374	0.0003382187147688839	true
sp|Q96PV7|F193B_HUMAN	1	0	1.0601926459239368	0.0003382187147688839	true
sp|Q96Q89|KI20B_HUMAN	2	0	0.9030036271917614	0.0003382187147688839	true
sp|Q96QH2|PRAM_HUMAN	1	0	0.6914868995778929	0.0003382187147688839	true
sp|Q96RV3|PCX1_HUMAN	3	0	0.638801884900182	0.0003382187147688839	true
sp|Q96ST8|CEP89_HUMAN	2	0	0.9037825491661302	0.0003382187147688839	true
sp|Q99075|HBEGF_HUMAN	1	0	0.8217767113010458	0.0003382187147688839	true
sp|Q99457|NP1L3_HUMAN	1	0	0.8417856183047323	0.0003382187147688839	true
sp|Q99466|NOTC4_HUMAN	1	0	0.7899919761376257	0.0003382187147688839	true
sp|Q99550|MPP9_HUMAN	2	0	0.7691988111546193	0.0003382187147688839	true
sp|Q99941|ATF6B_HUMAN	1	0	0.8777570973675013	0.0003382187147688839	true
sp|Q9BQ49|SMIM7_HUMAN	1	0	0.7051072505695604	0.0003382187147688839	true
sp|Q9BQ65|USB1_HUMAN	2	0	0.8461897149244608	0.0003382187147688839	true
sp|Q9BQ90|KLDC3_HUMAN	2	0	0.7267215852930662	0.0003382187147688839	true
sp|Q9BQA5|HINFP_HUMAN	1	0	0.8003417558365319	0.0003382187147688839	true
sp|Q9BSK4|FEM1A_HUMAN	2	0	1.0632472920472658	0.0003382187147688839	true
sp|Q9BU70|TRMO_HUMAN	2	0	1.0467583603526027	0.0003382187147688839	true
sp|Q9BUD6|SPON2_HUMAN	2	0	1.0542695552551256	0.0003382187147688839	true
sp|Q9BUG6|ZSA5A_HUMAN	1	0	0.823320873591123	0.0003382187147688839	true
sp|Q9BXN1|ASPN_HUMAN	1	0	0.946021355398215	0.0003382187147688839	true
sp|Q9BXR5|TLR10_HUMAN	1	0	0.948142864979322	0.0003382187147688839	true
sp|Q9BXT8|RNF17_HUMAN	1	0	0.7536954603881789	0.0003382187147688839	true
sp|Q9BY84|DUS16_HUMAN	1	0	0.9631119892977438	0.0003382187147688839	true
sp|Q9BZW7|TSG10_HUMAN	2	0	0.6731435373248306	0.0003382187147688839	true
sp|Q9C0K0|BC11B_HUMAN	1	0	0.8737366023712356	0.0003382187147688839	true
sp|Q9C0K7|STRAB_HUMAN	1	0	0.9647635368284176	0.0003382187147688839	true
sp|Q9GZU1|MCLN1_HUMAN	1	0	0.8165344957119236	0.0003382187147688839	true
sp|Q9GZV3|SC5A7_HUMAN	1	0	0.8374883902043356	0.0003382187147688839	true
sp|Q9H015|S22A4_HUMAN	2	0	1.0750559904832433	0.0003382187147688839	true
sp|Q9H079|KTBL1_HUMAN	1	0	0.607381170976232	0.0003382187147688839	true
sp|Q9H093|NUAK2_HUMAN	1	0	0.7470990923986287	0.0003382187147688839	true
sp|Q9H0I2|ENKD1_HUMAN	3	0	1.0707990653584558	0.0003382187147688839	true
sp|Q9H0J4|QRIC2_HUMAN	2	0	0.6451199384942436	0.0003382187147688839	true
sp|Q9H251|CAD23_HUMAN	2	0	0.8126522486178854	0.0003382187147688839	true
sp|Q9H3R0|KDM4C_HUMAN	1	0	0.8592849497288759	0.0003382187147688839	true
sp|Q9H665|IGFR1_HUMAN	1	0	0.7727233166871365	0.0003382187147688839	true
sp|Q9H6F2|TM38A_HUMAN	1	0	0.9258281739482898	0.0003382187147688839	true
sp|Q9HAV5|TNR27_HUMAN	1	0	0.7973847603480557	0.0003382187147688839	true
sp|Q9HBF4|ZFYV1_HUMAN	2	0	1.0163235540182076	0.0003382187147688839	true
sp|Q9HCJ0|TNR6C_HUMAN	1	1	0.9359547292935098	0.0003382187147688839	true
sp|Q9HCS5|E41LA_HUMAN	3	0	0.7278009087652486	0.0003382187147688839	true
sp|Q9HCX4|TRPC7_HUMAN	1	0	0.6890409174182262	0.0003382187147688839	true
sp|Q9NNX6|CD209_HUMAN	1	0	0.856638731058997	0.0003382187147688839	true
sp|Q9NP87|DPOLM_HUMAN	1	0	0.8597084746130169	0.0003382187147688839	true
sp|Q9NPC8|SIX2_HUMAN	1	0	0.6824867613746692	0.0003382187147688839	true
sp|Q9NPI8|FANCF_HUMAN	2	0	1.0132536859028651	0.0003382187147688839	true
sp|Q9NQ84|GPC5C_HUMAN	1	0	0.8525498686865544	0.0003382187147688839	true
sp|Q9NQR7|CC177_HUMAN	1	0	1.06477072771043	0.0003382187147688839	true
sp|Q9NQZ6|ZC4H2_HUMAN	1	0	0.7095165037971398	0.0003382187147688839	true
sp|Q9NR80|ARHG4_HUMAN	2	1	0.8901732765459274	0.0003382187147688839	true
sp|Q9NRC6|SPTN5_HUMAN	2	0	1.054496042735164	0.0003382187147688839	true
sp|Q9NRE2|TSH2_HUMAN	1	0	0.9247384071893135	0.0003382187147688839	true
sp|Q9NRH1|YAE1_HUMAN	4	0	0.8815172481218515	0.0003382187147688839	true
sp|Q9NRJ7|PCDBG_HUMAN	1	0	0.7548090686986215	0.0003382187147688839	true
sp|Q9NS15|LTBP3_HUMAN	1	0	0.8860003614249351	0.0003382187147688839	true
sp|Q9NT68|TEN2_HUMAN	2	1	0.9803081683091777	0.0003382187147688839	true
sp|Q9NU02|ANKE1_HUMAN	1	0	0.7917315400372879	0.0003382187147688839	true
sp|Q9NUV7|SPTC3_HUMAN	1	0	0.7262983734653119	0.0003382187147688839	true
sp|Q9NVR7|TBCC1_HUMAN	3	0	1.056653075013893	0.0003382187147688839	true
sp|Q9NWQ9|CN119_HUMAN	1	0	0.7100767525923882	0.0003382187147688839	true
sp|Q9NWW7|CB042_HUMAN	2	0	0.9193223151363282	0.0003382187147688839	true
sp|Q9NYF5|FA13B_HUMAN	1	0	1.1099410789796824	0.0003382187147688839	true
sp|Q9NYX4|CALY_HUMAN	1	0	0.7961555823773643	0.0003382187147688839	true
sp|Q9NZA1|CLIC5_HUMAN	1	0	0.601888239372217	0.0003382187147688839	true
sp|Q9NZK5|ADA2_HUMAN	2	0	0.7766363233232012	0.0003382187147688839	true
sp|Q9NZP8|C1RL_HUMAN	2	0	0.736039119546294	0.0003382187147688839	true
sp|Q9NZR2|LRP1B_HUMAN	2	0	0.9518738025046032	0.0003382187147688839	true
sp|Q9P0N8|MARH2_HUMAN	1	0	1.102224478429986	0.0003382187147688839	true
sp|Q9P1W3|CSC1_HUMAN	1	0	0.902420454483119	0.0003382187147688839	true
sp|Q9P225|DYH2_HUMAN	2	0	1.0722160628409536	0.0003382187147688839	true
sp|Q9P2D6|F135A_HUMAN	1	0	0.8614898460546497	0.0003382187147688839	true
sp|Q9P2H5|UBP35_HUMAN	1	0	0.7253360827222831	0.0003382187147688839	true
sp|Q9P2K6|KLH42_HUMAN	1	0	0.9853394185830572	0.0003382187147688839	true
sp|Q9UBN4|TRPC4_HUMAN	1	0	0.8233670378361708	0.0003382187147688839	true
sp|Q9UDX3|S14L4_HUMAN	3	0	0.8436642155293133	0.0003382187147688839	true
sp|Q9UGL1|KDM5B_HUMAN	2	1	0.9837015752290617	0.0003382187147688839	true
sp|Q9UH17|ABC3B_HUMAN	3	0	1.019624667464695	0.0003382187147688839	true
sp|Q9UHG0|DCDC2_HUMAN	1	0	0.7391048036258753	0.0003382187147688839	true
sp|Q9UHH9|IP6K2_HUMAN	1	0	0.7505247397807383	0.0003382187147688839	true
sp|Q9UHJ3|SMBT1_HUMAN	2	0	0.6990930305530196	0.0003382187147688839	true
sp|Q9UI17|M2GD_HUMAN	2	0	0.9896236284962091	0.0003382187147688839	true
sp|Q9UI36|DACH1_HUMAN	1	0	0.7988893121993025	0.0003382187147688839	true
sp|Q9UIF8|BAZ2B_HUMAN	4	0	1.027828515626102	0.0003382187147688839	true
sp|Q9UIX4|KCNG1_HUMAN	1	0	0.7626194048438228	0.0003382187147688839	true
sp|Q9UJM3|ERRFI_HUMAN	2	0	0.9629091603373763	0.0003382187147688839	true
sp|Q9UK10|ZN225_HUMAN	1	0	0.7263816967019895	0.0003382187147688839	true
sp|Q9UKF7|PITC1_HUMAN	1	0	0.8820746160123117	0.0003382187147688839	true
sp|Q9UKL6|PPCT_HUMAN	2	0	1.007576569262545	0.0003382187147688839	true
sp|Q9UKW4|VAV3_HUMAN	1	0	1.0150729040457624	0.0003382187147688839	true
sp|Q9UKZ4|TEN1_HUMAN	2	0	0.996235046900836	0.0003382187147688839	true
sp|Q9ULD9|ZN608_HUMAN	1	0	0.7525527962024025	0.0003382187147688839	true
sp|Q9ULI1|NWD2_HUMAN	3	0	0.6044775890637548	0.0003382187147688839	true
sp|Q9ULL8|SHRM4_HUMAN	1	0	0.8711072144447783	0.0003382187147688839	true
sp|Q9ULR3|PPM1H_HUMAN	2	0	0.6356639254509695	0.0003382187147688839	true
sp|Q9UPC5|GPR34_HUMAN	1	0	0.9437664686563859	0.0003382187147688839	true
sp|Q9UPR5|NAC2_HUMAN	1	0	0.8842965580586888	0.0003382187147688839	true
sp|Q9UPU3|SORC3_HUMAN	2	0	0.7499663137846199	0.0003382187147688839	true
sp|Q9UPW6|SATB2_HUMAN	1	0	1.061487801872533	0.0003382187147688839	true
sp|Q9Y227|ENTP4_HUMAN	1	0	1.0235087578738167	0.0003382187147688839	true
sp|Q9Y264|ANGP4_HUMAN	1	0	0.7562748905845927	0.0003382187147688839	true
sp|Q9Y2E5|MA2B2_HUMAN	3	0	1.0185242258627087	0.0003382187147688839	true
sp|Q9Y2M2|SSUH2_HUMAN	1	0	0.6963026207930185	0.0003382187147688839	true
sp|Q9Y2P4|S27A6_HUMAN	1	0	0.9011447720109265	0.0003382187147688839	true
sp|Q9Y2W6|TDRKH_HUMAN	2	0	0.7740213930243619	0.0003382187147688839	true
sp|Q9Y3M8|STA13_HUMAN	1	0	1.0238402241387692	0.0003382187147688839	true
sp|Q9Y4C4|MFHA1_HUMAN	3	0	0.7047074707331441	0.0003382187147688839	true
sp|Q9Y4F4|TGRM1_HUMAN	2	0	0.6368134272294728	0.0003382187147688839	true
sp|Q9Y4I5|MTL5_HUMAN	1	0	1.0274205825585083	0.0003382187147688839	true
sp|Q9Y4X4|KLF12_HUMAN	1	1	0.9566406387753934	0.0003382187147688839	true
sp|Q9Y644|RFNG_HUMAN	1	0	0.9035571432962386	0.0003382187147688839	true
sp|Q9Y6T7|DGKB_HUMAN	1	0	1.082452781516332	0.0003382187147688839	true
sp|Q9Y6V0|PCLO_HUMAN	3	0	0.5980250346853999	0.0003382187147688839	true
tr|A0A9L9PXP3|A0A9L9PXP3_HUMAN	1	0	0.7305720447017282	0.0003382187147688839	true
tr|M0QZD8|M0QZD8_HUMAN	1	0	0.8341983680059774	0.0003382187147688839	true
sp|A0PK00|T120B_HUMAN	2	0	0.49310045888771353	0.0004482797265493668	true
sp|O14529|CUX2_HUMAN	1	1	0.5796816517442305	0.0004482797265493668	true
sp|O60303|KATIP_HUMAN	2	0	0.37564433465109676	0.0004482797265493668	true
sp|O75095|MEGF6_HUMAN	2	0	0.3764658034473749	0.0004482797265493668	true
sp|O75896|TUSC2_HUMAN	2	0	0.5853273757213088	0.0004482797265493668	true
sp|P20807|CAN3_HUMAN	1	0	0.5398118698010472	0.0004482797265493668	true
sp|P41180|CASR_HUMAN	2	0	0.562314659067181	0.0004482797265493668	true
sp|P41218|MNDA_HUMAN	2	0	0.4535388905524619	0.0004482797265493668	true
sp|P48736|PK3CG_HUMAN	2	0	0.41638359978563894	0.0004482797265493668	true
sp|P49908|SEPP1_HUMAN	2	0	0.5736268570381877	0.0004482797265493668	true
sp|P63252|KCNJ2_HUMAN	2	0	0.553837982127745	0.0004482797265493668	true
sp|Q12879|NMDE1_HUMAN	2	0	0.5349366718083437	0.0004482797265493668	true
sp|Q13127|REST_HUMAN	2	0	0.5007294082496438	0.0004482797265493668	true
sp|Q14201|BTG3_HUMAN	2	0	0.5822087038979809	0.0004482797265493668	true
sp|Q14593|ZN273_HUMAN	2	0	0.5290038630134406	0.0004482797265493668	true
sp|Q1L5Z9|LONF2_HUMAN	2	0	0.5021869068138664	0.0004482797265493668	true
sp|Q5HYC2|BRD10_HUMAN	2	0	0.4472106477336231	0.0004482797265493668	true
sp|Q5T3U5|MRP7_HUMAN	4	0	0.547048640063369	0.0004482797265493668	true
sp|Q5T749|KPRP_HUMAN	2	0	0.5529258707264704	0.0004482797265493668	true
sp|Q5T7N2|LITD1_HUMAN	1	0	0.4349667075584767	0.0004482797265493668	true
sp|Q5TCX8|M3K21_HUMAN	2	0	0.4982197040668464	0.0004482797265493668	true
sp|Q5XKL5|BTBD8_HUMAN	2	0	0.4541093924995204	0.0004482797265493668	true
sp|Q6ICG6|K0930_HUMAN	2	0	0.4910391684083951	0.0004482797265493668	true
sp|Q7L211|ABHDD_HUMAN	1	0	0.3813503386610021	0.0004482797265493668	true
sp|Q86SQ7|SDCG8_HUMAN	1	0	0.4284998353397975	0.0004482797265493668	true
sp|Q8IUD6|RN135_HUMAN	2	0	0.42390575705598266	0.0004482797265493668	true
sp|Q8N157|AHI1_HUMAN	2	0	0.4535539141465959	0.0004482797265493668	true
sp|Q8NAT2|TDRD5_HUMAN	2	0	0.48384008037300724	0.0004482797265493668	true
sp|Q8NC26|ZN114_HUMAN	2	0	0.45239851310576384	0.0004482797265493668	true
sp|Q8NHU6|TDRD7_HUMAN	1	0	0.4474689384613649	0.0004482797265493668	true
sp|Q8TD23|ZN675_HUMAN	1	0	0.48737448038320813	0.0004482797265493668	true
sp|Q8TEW8|PAR3L_HUMAN	1	0	0.47851618994574935	0.0004482797265493668	true
sp|Q8WTW4|NPRL2_HUMAN	2	0	0.43706972801382243	0.0004482797265493668	true
sp|Q92870|APBB2_HUMAN	1	0	0.48553302088920985	0.0004482797265493668	true
sp|Q96LR7|CB050_HUMAN	2	0	0.5156490169472818	0.0004482797265493668	true
sp|Q96MD2|KICS2_HUMAN	2	0	0.5260060754714426	0.0004482797265493668	true
sp|Q96Q42|ALS2_HUMAN	2	0	0.43559750437396916	0.0004482797265493668	true
sp|Q9BR77|CCD77_HUMAN	2	0	0.542826203620234	0.0004482797265493668	true
sp|Q9BRR3|PGAP4_HUMAN	2	0	0.5094984810115849	0.0004482797265493668	true
sp|Q9BT81|SOX7_HUMAN	1	1	0.5409336728265799	0.0004482797265493668	true
sp|Q9C098|DCLK3_HUMAN	2	0	0.4801377179081937	0.0004482797265493668	true
sp|Q9C0I3|CCSE1_HUMAN	1	0	0.43588459670670116	0.0004482797265493668	true
sp|Q9H668|STN1_HUMAN	4	0	0.5895029254148134	0.0004482797265493668	true
sp|Q9NQ79|CRAC1_HUMAN	1	0	0.4140634496593942	0.0004482797265493668	true
sp|Q9NR81|ARHG3_HUMAN	2	0	0.46675248581308937	0.0004482797265493668	true
sp|Q9P2D7|DYH1_HUMAN	3	0	0.4708077269124475	0.0004482797265493668	true
sp|Q9UFE4|CCD39_HUMAN	2	0	0.5265449396070415	0.0004482797265493668	true
sp|Q9UG01|IF172_HUMAN	1	0	0.35189457277314046	0.0004482797265493668	true
sp|Q9UKT4|FBX5_HUMAN	2	0	0.4399078802929213	0.0004482797265493668	true
sp|Q9UKT7|FBXL3_HUMAN	3	0	0.5487305114705223	0.0004482797265493668	true
sp|Q9UP65|PA24C_HUMAN	2	0	0.5148153083852378	0.0004482797265493668	true
sp|Q9Y6F6|IRAG1_HUMAN	2	0	0.49008481665446924	0.0004482797265493668	true
sp|Q9Y6U3|SCIN_HUMAN	2	0	0.5041641844778069	0.0004482797265493668	true
sp|A7KAX9|RHG32_HUMAN	1	0	NaN	1	false
sp|O95786|RIGI_HUMAN	2	0	NaN	1	false
sp|Q3T906|GNPTA_HUMAN	5	0	NaN	1	false
sp|Q86XI8|ZSWM9_HUMAN	1	0	NaN	1	false
