accessions	n_unique	n_shared	best_peptide_score	group_qvalue	is_target_winner
gi|136429|sp|P00761|TRYP_PIG	4	0	6.6922593950838944	0	true
sp|A0AV96|RBM47_HUMAN	2	0	4.052280857459123	0	true
sp|A0AVT1|UBA6_HUMAN	13	0	5.905566381467572	0	true
sp|A0FGR8|ESYT2_HUMAN	12	0	4.773304252067519	0	true
sp|A0JLT2|MED19_HUMAN	1	0	1.756674396006234	0	true
sp|A0MZ66|SHOT1_HUMAN	9	0	5.089638929866503	0	true
sp|A0PJW6|TM223_HUMAN	2	0	3.2176251191804965	0	true
sp|A1L0T0|HACL2_HUMAN	7	0	9.12229692367322	0	true
sp|A2A3N6|PIPSL_HUMAN	0	6	6.6843683061756005	0	true
sp|A2RTY3|HEAT9_HUMAN	1	0	2.135383073602264	0	true
sp|A3KMH1|VWA8_HUMAN	5	0	4.4974769552375955	0	true
sp|A3KN83|SBNO1_HUMAN	2	0	1.715345434154719	0	true
sp|A4D1E9|GTPBA_HUMAN	1	0	1.4567945036353456	0	true
sp|A4D1P6|WDR91_HUMAN	1	0	1.029551750010736	0	true
sp|A5YKK6|CNOT1_HUMAN	21	0	5.092647799850499	0	true
sp|A6NCE7|MP3B2_HUMAN;sp|Q9GZQ8|MLP3B_HUMAN	1	0	3.931961184262643	0	true
sp|A6NDG6|PGP_HUMAN	6	0	3.885380529359258	0	true
sp|A6NDU8|RIMC1_HUMAN	3	0	3.4457335014961368	0	true
sp|A6NED2|RCCD1_HUMAN	1	0	3.053543173211958	0	true
sp|A6NHR9|SMHD1_HUMAN	11	0	5.220824613574559	0	true
sp|A6NIH7|U119B_HUMAN	1	0	2.21929829528596	0	true
sp|A6NKD9|CC85C_HUMAN	1	0	0.6171087750724505	0	true
sp|A6NKF1|SAC31_HUMAN	1	0	2.4461961693621044	0	true
sp|A7E2V4|ZSWM8_HUMAN	1	0	0.9274330090890499	0	true
sp|A8CG34|P121C_HUMAN;sp|Q96HA1|P121A_HUMAN	2	0	4.392444319463804	0	true
sp|A8MW92|P20L1_HUMAN	1	0	1.1865016002723712	0	true
sp|A8MWD9|RUXGL_HUMAN;sp|P62308|RUXG_HUMAN	3	0	6.990212279681949	0	true
sp|A9QM74|IMA8_HUMAN	1	0	6.704899494036632	0	true
sp|B0I1T2|MYO1G_HUMAN	20	0	6.694698779681259	0	true
sp|B7ZW38|HNRC3_HUMAN;sp|O60812|HNRC1_HUMAN;sp|P0DMR1|HNRC4_HUMAN	1	7	9.04327481446285	0	true
sp|C4AMC7|WASH3_HUMAN;sp|Q6VEQ5|WASH2_HUMAN	1	1	1.7462137430614852	0	true
sp|E9PAV3|NACAM_HUMAN	4	0	9.792939150328055	0	true
sp|E9PRG8|CK098_HUMAN	1	0	0.8315959067274986	0	true
sp|L0R819|ASURF_HUMAN	1	0	0.5719471078154497	0	true
sp|O00115|DNS2A_HUMAN	2	0	4.227896711233196	0	true
sp|O00116|ADAS_HUMAN	11	0	6.838333948939308	0	true
sp|O00139|KIF2A_HUMAN	7	0	5.859436362409237	0	true
sp|O00148|DX39A_HUMAN	8	10	7.603292043114471	0	true
sp|O00151|PDLI1_HUMAN	2	0	1.9539397608671403	0	true
sp|O00154|BACH_HUMAN	9	0	5.388076253965269	0	true
sp|O00159|MYO1C_HUMAN	12	1	5.185302802883404	0	true
sp|O00161|SNP23_HUMAN	4	0	3.1366067548323646	0	true
sp|O00165|HAX1_HUMAN	3	0	0.7943727350356344	0	true
sp|O00170|AIP_HUMAN	8	0	4.990340690934621	0	true
sp|O00178|GTPB1_HUMAN	4	0	3.261176548347438	0	true
sp|O00186|STXB3_HUMAN	5	0	4.944451894757372	0	true
sp|O00193|SMAP_HUMAN	1	0	2.173073247856824	0	true
sp|O00194|RB27B_HUMAN	2	0	6.028726769400197	0	true
sp|O00203|AP3B1_HUMAN	9	0	5.097451038690601	0	true
sp|O00217|NDUS8_HUMAN	4	0	5.256068725118179	0	true
sp|O00231|PSD11_HUMAN	17	0	7.776944842730543	0	true
sp|O00232|PSD12_HUMAN	14	0	7.246135586175044	0	true
sp|O00233|PSMD9_HUMAN	5	0	4.031087351470952	0	true
sp|O00255|MEN1_HUMAN	3	0	3.5274474211528584	0	true
sp|O00257|CBX4_HUMAN	3	0	2.5378502488166728	0	true
sp|O00264|PGRC1_HUMAN	7	1	8.736450023822686	0	true
sp|O00267|SPT5H_HUMAN	16	0	5.667994610744298	0	true
sp|O00273|DFFA_HUMAN	6	0	9.833744748768362	0	true
sp|O00299|CLIC1_HUMAN	9	0	9.288707590363549	0	true
sp|O00303|EIF3F_HUMAN	11	0	8.114574025624206	0	true
sp|O00308|WWP2_HUMAN	1	0	3.0244886725550795	0	true
sp|O00330|ODPX_HUMAN	5	0	4.4619381482066665	0	true
sp|O00391|QSOX1_HUMAN	2	0	4.7880759498948535	0	true
sp|O00399|DCTN6_HUMAN	2	0	2.8428125772309056	0	true
sp|O00400|ACATN_HUMAN	1	0	4.232977511527746	0	true
sp|O00410|IPO5_HUMAN	25	2	7.596394620883305	0	true
sp|O00411|RPOM_HUMAN	2	0	1.203174776471338	0	true
sp|O00422|SAP18_HUMAN	5	0	7.17068767217764	0	true
sp|O00425|IF2B3_HUMAN	16	1	7.7083791297259925	0	true
sp|O00429|DNM1L_HUMAN	16	0	7.00067721681507	0	true
sp|O00442|RTCA_HUMAN	4	0	5.062411868643087	0	true
sp|O00443|P3C2A_HUMAN	3	0	1.6834052585706156	0	true
sp|O00458|IFRD1_HUMAN	4	0	4.253821443358198	0	true
sp|O00461|GOLI4_HUMAN	7	0	6.2867392423302695	0	true
sp|O00468|AGRIN_HUMAN	3	0	2.23824674038069	0	true
sp|O00483|NDUA4_HUMAN	3	0	7.047406036538258	0	true
sp|O00487|PSDE_HUMAN	6	0	8.088304220318875	0	true
sp|O00499|BIN1_HUMAN	4	0	3.906777562819677	0	true
sp|O00505|IMA4_HUMAN	3	2	6.985563550732769	0	true
sp|O00534|VMA5A_HUMAN	6	0	3.7803543958880597	0	true
sp|O00541|PESC_HUMAN	13	0	6.019371932923779	0	true
sp|O00560|SDCB1_HUMAN	1	0	3.4350908285427013	0	true
sp|O00566|MPP10_HUMAN	1	0	1.7656503515477506	0	true
sp|O00567|NOP56_HUMAN	18	0	8.187481080017958	0	true
sp|O00571|DDX3X_HUMAN	23	1	11.472353101915747	0	true
sp|O00592|PODXL_HUMAN	6	0	5.229444539275522	0	true
sp|O00625|PIR_HUMAN	4	0	5.180003466216608	0	true
sp|O00629|IMA3_HUMAN	4	2	7.329362333320318	0	true
sp|O00712|NFIB_HUMAN	1	1	3.6377151298101915	0	true
sp|O00743|PPP6_HUMAN	3	0	6.322442436671569	0	true
sp|O00764|PDXK_HUMAN	7	0	6.928985555665046	0	true
sp|O00767|SCD_HUMAN	2	0	5.031618257670016	0	true
sp|O14493|CLD4_HUMAN;sp|O15551|CLD3_HUMAN;sp|O95484|CLD9_HUMAN;sp|P56747|CLD6_HUMAN	1	0	2.403448678748757	0	true
sp|O14497|ARI1A_HUMAN	2	0	1.4445910996541713	0	true
sp|O14521|DHSD_HUMAN	1	0	3.0385233880943128	0	true
sp|O14548|CO72L_HUMAN	2	0	5.025619825464226	0	true
sp|O14561|ACPM_HUMAN	3	0	8.501026480782347	0	true
sp|O14562|UBFD1_HUMAN	3	0	3.3175193188007537	0	true
sp|O14578|CTRO_HUMAN	2	0	1.794950658006968	0	true
sp|O14579|COPE_HUMAN	5	0	6.874483284096039	0	true
sp|O14602|IF1AY_HUMAN;sp|P47813|IF1AX_HUMAN	3	0	6.125344415492039	0	true
sp|O14617|AP3D1_HUMAN	8	0	4.512718483339239	0	true
sp|O14618|CCS_HUMAN	3	0	2.6908090797794735	0	true
sp|O14639|ABLM1_HUMAN	2	0	3.099632622168187	0	true
sp|O14641|DVL2_HUMAN;sp|Q92997|DVL3_HUMAN	1	0	2.3191474879017817	0	true
sp|O14646|CHD1_HUMAN	3	1	3.5693096083352023	0	true
sp|O14656|TOR1A_HUMAN	2	0	4.051272694651407	0	true
sp|O14657|TOR1B_HUMAN	2	0	3.2096049182601534	0	true
sp|O14662|STX16_HUMAN	2	0	3.4921726531347432	0	true
sp|O14672|ADA10_HUMAN	2	0	6.014720657054548	0	true
sp|O14684|PTGES_HUMAN	3	0	5.132086471309772	0	true
sp|O14709|ZN197_HUMAN;sp|P52740|ZN132_HUMAN;sp|Q15776|ZKSC8_HUMAN;sp|Q4V348|Z658B_HUMAN;sp|Q5TYW1|ZN658_HUMAN;tr|A0A8I5KTY6|A0A8I5KTY6_HUMAN	0	2	4.459916093867758	0	true
sp|O14732|IMPA2_HUMAN	4	0	4.889918237779662	0	true
sp|O14733|MP2K7_HUMAN	1	0	1.7107442997279405	0	true
sp|O14734|ACOT8_HUMAN	2	0	1.4453911422408392	0	true
sp|O14737|PDCD5_HUMAN	6	0	7.750057092537803	0	true
sp|O14744|ANM5_HUMAN	16	0	8.386840471049826	0	true
sp|O14745|NHRF1_HUMAN	9	0	6.233986272077643	0	true
sp|O14773|TPP1_HUMAN	3	0	3.898652559916789	0	true
sp|O14776|TCRG1_HUMAN	18	1	5.812818344453989	0	true
sp|O14787|TNPO2_HUMAN	3	5	4.657986255472168	0	true
sp|O14802|RPC1_HUMAN	4	0	3.027319127870641	0	true
sp|O14818|PSA7_HUMAN	11	0	7.861431054537134	0	true
sp|O14828|SCAM3_HUMAN	4	0	8.378581377349935	0	true
sp|O14874|BCKD_HUMAN	1	0	1.6969496158166566	0	true
sp|O14880|MGST3_HUMAN	2	0	3.806371260331981	0	true
sp|O14893|GEMI2_HUMAN	1	0	2.2843975810142743	0	true
sp|O14907|TX1B3_HUMAN	1	0	5.0432210792657	0	true
sp|O14908|GIPC1_HUMAN	7	0	4.871466392293114	0	true
sp|O14920|IKKB_HUMAN	5	0	2.4542195204546866	0	true
sp|O14929|HAT1_HUMAN	6	0	7.520030839901208	0	true
sp|O14936|CSKP_HUMAN	3	0	0.8645326858870388	0	true
sp|O14949|QCR8_HUMAN	3	0	5.248520506267132	0	true
sp|O14950|ML12B_HUMAN;sp|P19105|ML12A_HUMAN	6	0	6.941530842224958	0	true
sp|O14957|QCR10_HUMAN	1	0	1.3311507106625764	0	true
sp|O14964|HGS_HUMAN	3	0	5.132931951816184	0	true
sp|O14974|MYPT1_HUMAN	16	0	9.441635853161957	0	true
sp|O14975|S27A2_HUMAN	17	0	6.772008213483941	0	true
sp|O14976|GAK_HUMAN	1	0	1.5396754592635093	0	true
sp|O14979|HNRDL_HUMAN	8	0	8.795124746005582	0	true
sp|O14980|XPO1_HUMAN	33	0	7.142436582498007	0	true
sp|O14981|BTAF1_HUMAN	5	0	3.5089754342783723	0	true
sp|O15013|ARHGA_HUMAN;sp|Q9HCE6|ARGAL_HUMAN	1	0	1.3024059730290574	0	true
sp|O15020|SPTN2_HUMAN	16	4	4.3582451158077955	0	true
sp|O15027|SC16A_HUMAN	13	0	6.7230605087307245	0	true
sp|O15031|PLXB2_HUMAN	4	0	3.641325256025082	0	true
sp|O15042|SR140_HUMAN	11	0	4.983637866552884	0	true
sp|O15067|PUR4_HUMAN	25	0	8.717602669757905	0	true
sp|O15084|ANR28_HUMAN	1	0	5.02624754570548	0	true
sp|O15111|IKKA_HUMAN	1	0	1.1505952417412564	0	true
sp|O15116|LSM1_HUMAN	1	0	2.082877231642013	0	true
sp|O15118|NPC1_HUMAN	3	0	1.8256170376410317	0	true
sp|O15119|TBX3_HUMAN	4	0	2.574926053853504	0	true
sp|O15120|PLCB_HUMAN	1	0	1.9579288978066176	0	true
sp|O15126|SCAM1_HUMAN	2	0	3.764946182869973	0	true
sp|O15127|SCAM2_HUMAN	1	0	4.598568647914568	0	true
sp|O15143|ARC1B_HUMAN	9	1	5.690511181930983	0	true
sp|O15144|ARPC2_HUMAN	9	0	4.863162691143101	0	true
sp|O15145|ARPC3_HUMAN	6	0	6.942044980852907	0	true
sp|O15160|RPAC1_HUMAN	7	0	8.095406258558228	0	true
sp|O15164|TIF1A_HUMAN	2	0	1.8216933072345138	0	true
sp|O15173|PGRC2_HUMAN	4	1	6.788087651751485	0	true
sp|O15212|PFD6_HUMAN	5	0	6.721680126110233	0	true
sp|O15213|WDR46_HUMAN	3	0	3.2207720670791815	0	true
sp|O15226|NKRF_HUMAN;tr|A0AAG2UWQ9|A0AAG2UWQ9_HUMAN	7	0	4.991219178221523	0	true
sp|O15228|GNPAT_HUMAN	1	0	1.4467708970735635	0	true
sp|O15230|LAMA5_HUMAN	1	0	4.323535908647009	0	true
sp|O15234|CASC3_HUMAN	5	0	4.302242651682962	0	true
sp|O15258|RER1_HUMAN	2	0	4.241851122757903	0	true
sp|O15260|SURF4_HUMAN	2	0	5.633903368067554	0	true
sp|O15269|SPTC1_HUMAN	2	0	1.2125930899493824	0	true
sp|O15270|SPTC2_HUMAN	4	0	3.400715801967288	0	true
sp|O15294|OGT1_HUMAN	14	0	4.521430743526407	0	true
sp|O15305|PMM2_HUMAN	6	0	6.586366486849464	0	true
sp|O15347|HMGB3_HUMAN	4	0	7.1399337754255034	0	true
sp|O15355|PPM1G_HUMAN	17	0	6.663317360716183	0	true
sp|O15357|SHIP2_HUMAN	7	0	6.259607652913735	0	true
sp|O15360|FANCA_HUMAN	1	0	1.0096699837260064	0	true
sp|O15371|EIF3D_HUMAN	14	0	7.84478760452352	0	true
sp|O15372|EIF3H_HUMAN	7	0	8.609005162211599	0	true
sp|O15381|NVL_HUMAN	6	0	3.420897546874998	0	true
sp|O15382|BCAT2_HUMAN	6	0	4.544298066536343	0	true
sp|O15397|IPO8_HUMAN	8	1	5.386900787122792	0	true
sp|O15400|STX7_HUMAN	2	0	4.101732215463474	0	true
sp|O15427|MOT4_HUMAN	6	0	6.284836479788899	0	true
sp|O15431|COPT1_HUMAN	1	0	1.9041143975265946	0	true
sp|O15438|MRP3_HUMAN	4	0	3.661753274153965	0	true
sp|O15446|RPA34_HUMAN	2	0	2.0332948395961354	0	true
sp|O15460|P4HA2_HUMAN	1	0	0.5784302375776271	0	true
sp|O15498|YKT6_HUMAN	3	0	3.0398040259525096	0	true
sp|O15504|NUP42_HUMAN	1	0	1.303167214164137	0	true
sp|O15511|ARPC5_HUMAN	6	0	5.818081285893621	0	true
sp|O15525|MAFG_HUMAN;sp|O60675|MAFK_HUMAN	1	0	2.055024526348969	0	true
sp|O15533|TPSN_HUMAN	4	0	5.402065493586955	0	true
sp|O15541|R113A_HUMAN	2	0	0.6086686848630234	0	true
sp|O43143|DHX15_HUMAN	23	1	8.551964998793904	0	true
sp|O43148|MCES_HUMAN	4	0	3.8840787939129897	0	true
sp|O43159|RRP8_HUMAN	9	0	4.287754271983567	0	true
sp|O43169|CYB5B_HUMAN	2	0	5.6613751883117756	0	true
sp|O43172|PRP4_HUMAN	13	0	5.6208301725964205	0	true
sp|O43175|SERA_HUMAN	20	0	9.777482111871578	0	true
sp|O43181|NDUS4_HUMAN	2	0	2.5782421084802625	0	true
sp|O43237|DC1L2_HUMAN	6	1	6.779961916573315	0	true
sp|O43242|PSMD3_HUMAN	21	0	8.556332982849026	0	true
sp|O43252|PAPS1_HUMAN	6	1	5.471671276088753	0	true
sp|O43264|ZW10_HUMAN	6	0	3.614874950949667	0	true
sp|O43290|SNUT1_HUMAN	17	0	6.9707207546518655	0	true
sp|O43292|GPAA1_HUMAN	3	0	2.7690237201926924	0	true
sp|O43293|DAPK3_HUMAN	1	0	1.330953347618982	0	true
sp|O43294|TGFI1_HUMAN	1	0	1.1626008081887718	0	true
sp|O43314|VIP2_HUMAN	3	0	2.0197926287975236	0	true
sp|O43318|M3K7_HUMAN	1	0	2.1474680683042804	0	true
sp|O43324|MCA3_HUMAN	7	0	5.756139914214044	0	true
sp|O43390|HNRPR_HUMAN	16	8	9.470373952649929	0	true
sp|O43395|PRPF3_HUMAN	9	0	4.913320828832554	0	true
sp|O43396|TXNL1_HUMAN	13	0	6.838347851350499	0	true
sp|O43399|TPD54_HUMAN	12	0	8.19409553106022	0	true
sp|O43402|EMC8_HUMAN	2	0	4.060597011619766	0	true
sp|O43414|ERI3_HUMAN	1	0	2.4761435799187286	0	true
sp|O43422|P52K_HUMAN	2	0	1.9115192859249348	0	true
sp|O43432|IF4G3_HUMAN	2	4	6.442746234484811	0	true
sp|O43447|PPIH_HUMAN	6	0	7.192508518070044	0	true
sp|O43464|HTRA2_HUMAN	2	0	3.194829749198236	0	true
sp|O43488|ARK72_HUMAN	5	0	5.807060946448056	0	true
sp|O43491|E41L2_HUMAN	9	0	5.6923063019864415	0	true
sp|O43493|TGON2_HUMAN	3	0	6.940060539904442	0	true
sp|O43504|LTOR5_HUMAN	2	0	3.9948631096002836	0	true
sp|O43505|B4GA1_HUMAN	1	0	2.8078461056682054	0	true
sp|O43567|RNF13_HUMAN	1	0	0.9301773987645835	0	true
sp|O43583|DENR_HUMAN	2	0	3.2682247052856845	0	true
sp|O43592|XPOT_HUMAN	15	0	6.5828760123234025	0	true
sp|O43598|DNPH1_HUMAN	2	0	3.2584216788156803	0	true
sp|O43615|TIM44_HUMAN	14	0	8.384299439571377	0	true
sp|O43617|TPPC3_HUMAN	5	0	2.2923674374939877	0	true
sp|O43633|CHM2A_HUMAN	3	0	4.461769313480335	0	true
sp|O43657|TSN6_HUMAN	2	0	3.243668166047975	0	true
sp|O43660|PLRG1_HUMAN	4	0	5.946912471110213	0	true
sp|O43663|PRC1_HUMAN	1	0	2.294154353449485	0	true
sp|O43665|RGS10_HUMAN	1	0	0.6076344261150748	0	true
sp|O43670|ZN207_HUMAN	3	0	7.57007537179748	0	true
sp|O43676|NDUB3_HUMAN	3	0	4.587112360821879	0	true
sp|O43678|NDUA2_HUMAN	3	0	3.3996575653191123	0	true
sp|O43681|GET3_HUMAN	5	0	6.612669463393515	0	true
sp|O43684|BUB3_HUMAN	10	0	7.174914484064705	0	true
sp|O43688|PLPP2_HUMAN	1	0	1.9140983570733419	0	true
sp|O43707|ACTN4_HUMAN	34	16	9.732201202070792	0	true
sp|O43708|MAAI_HUMAN	1	0	6.091001211849797	0	true
sp|O43709|BUD23_HUMAN	1	0	3.974022292767738	0	true
sp|O43715|TRIA1_HUMAN	2	0	1.657563075875831	0	true
sp|O43719|HTSF1_HUMAN	10	0	5.981068857753141	0	true
sp|O43747|AP1G1_HUMAN	6	0	5.725363981582284	0	true
sp|O43765|SGTA_HUMAN	5	1	6.377384057482627	0	true
sp|O43768|ENSA_HUMAN	4	1	7.477589972156119	0	true
sp|O43772|MCAT_HUMAN	1	0	1.8223338191463834	0	true
sp|O43776|SYNC_HUMAN	15	0	7.584435918892309	0	true
sp|O43795|MYO1B_HUMAN	2	1	4.249862022105988	0	true
sp|O43809|CPSF5_HUMAN	6	0	7.071101354645969	0	true
sp|O43813|LANC1_HUMAN	7	0	4.889086979092063	0	true
sp|O43815|STRN_HUMAN	2	0	2.240036218161896	0	true
sp|O43818|U3IP2_HUMAN	5	0	6.863023057224057	0	true
sp|O43819|SCO2_HUMAN	1	0	1.675270646623816	0	true
sp|O43823|AKAP8_HUMAN	4	0	5.051351878378025	0	true
sp|O43837|IDH3B_HUMAN	10	0	6.039466759442101	0	true
sp|O43847|NRDC_HUMAN	13	0	6.563891433303545	0	true
sp|O43852|CALU_HUMAN	14	0	7.509022279829779	0	true
sp|O43865|SAHH2_HUMAN	9	0	6.589522763312653	0	true
sp|O43896|KIF1C_HUMAN	1	0	2.5216203952801797	0	true
sp|O43920|NDUS5_HUMAN	4	0	5.455913205772969	0	true
sp|O43924|PDE6D_HUMAN	1	0	0.5600396977888952	0	true
sp|O43929|ORC4_HUMAN	3	0	2.5265643167947265	0	true
sp|O43933|PEX1_HUMAN	1	0	2.4032217726935983	0	true
sp|O60216|RAD21_HUMAN	13	0	5.712131721818577	0	true
sp|O60220|TIM8A_HUMAN	2	0	5.355572406090652	0	true
sp|O60231|DHX16_HUMAN	10	1	6.009160630558939	0	true
sp|O60232|ZNRD2_HUMAN	3	0	5.956680599623007	0	true
sp|O60244|MED14_HUMAN	1	0	1.5445603245324286	0	true
sp|O60256|KPRB_HUMAN	6	1	4.928459986330687	0	true
sp|O60264|SMCA5_HUMAN	21	0	8.781381304978133	0	true
sp|O60271|JIP4_HUMAN	6	0	4.2930160522549325	0	true
sp|O60287|NPA1P_HUMAN	7	0	4.82817847182817	0	true
sp|O60306|AQR_HUMAN	10	0	3.6878873728632215	0	true
sp|O60313|OPA1_HUMAN	16	0	5.292996944582342	0	true
sp|O60341|KDM1A_HUMAN	11	0	3.7406214047377375	0	true
sp|O60343|TBCD4_HUMAN	6	0	2.5253912274248895	0	true
sp|O60361|NDK8_HUMAN	1	7	9.87747166259913	0	true
sp|O60427|FADS1_HUMAN	2	0	1.7240487075806281	0	true
sp|O60437|PEPL_HUMAN	11	0	3.4044651215226818	0	true
sp|O60443|GSDME_HUMAN	7	0	3.401536598952217	0	true
sp|O60488|ACSL4_HUMAN	13	2	6.682869940501188	0	true
sp|O60493|SNX3_HUMAN	4	1	7.577961726197945	0	true
sp|O60499|STX10_HUMAN	3	0	2.3171093322613667	0	true
sp|O60502|OGA_HUMAN	10	0	6.224704622883787	0	true
sp|O60504|VINEX_HUMAN	2	0	2.7335131909232597	0	true
sp|O60506|HNRPQ_HUMAN	16	8	9.743757372195	0	true
sp|O60508|PRP17_HUMAN	6	0	4.441715397342566	0	true
sp|O60518|RNBP6_HUMAN	4	2	7.596394620883305	0	true
sp|O60524|NEMF_HUMAN	7	0	4.535654638032029	0	true
sp|O60547|GMDS_HUMAN	7	0	2.827020979742462	0	true
sp|O60563|CCNT1_HUMAN	3	0	4.285352674738255	0	true
sp|O60566|BUB1B_HUMAN	4	0	1.6930419151324259	0	true
sp|O60568|PLOD3_HUMAN	19	0	7.831524779494831	0	true
sp|O60610|DIAP1_HUMAN	22	0	5.6822571916311215	0	true
sp|O60613|SEP15_HUMAN	2	0	5.2353655231153535	0	true
sp|O60645|EXOC3_HUMAN	1	0	2.5519513439870987	0	true
sp|O60664|PLIN3_HUMAN	13	0	8.535445115873415	0	true
sp|O60678|ANM3_HUMAN	7	0	3.587973718890156	0	true
sp|O60684|IMA7_HUMAN	4	6	8.403876132076954	0	true
sp|O60701|UGDH_HUMAN	17	0	5.886255130346653	0	true
sp|O60716|CTND1_HUMAN	12	0	4.807251868206055	0	true
sp|O60749|SNX2_HUMAN	10	2	6.314266104119008	0	true
sp|O60762|DPM1_HUMAN	5	0	6.141624910361625	0	true
sp|O60763|USO1_HUMAN	13	0	6.824553744127708	0	true
sp|O60783|RT14_HUMAN	2	0	1.940062725007305	0	true
sp|O60784|TOM1_HUMAN	6	0	2.8993789598377826	0	true
sp|O60814|H2B1K_HUMAN;sp|P57053|H2BFS_HUMAN;sp|P58876|H2B1D_HUMAN;sp|P62807|H2B1C_HUMAN;sp|Q5QNW6|H2B2F_HUMAN;sp|Q93079|H2B1H_HUMAN;sp|Q99877|H2B1N_HUMAN;sp|Q99879|H2B1M_HUMAN;sp|Q99880|H2B1L_HUMAN	2	4	6.548738481315731	0	true
sp|O60825|F262_HUMAN	3	0	1.9001453297325397	0	true
sp|O60826|CCD22_HUMAN	5	0	2.483589266660372	0	true
sp|O60828|PQBP1_HUMAN	4	0	5.796067224123051	0	true
sp|O60830|TI17B_HUMAN	2	0	2.78659495076931	0	true
sp|O60832|DKC1_HUMAN	16	0	7.990179250878606	0	true
sp|O60841|IF2P_HUMAN	28	0	8.49077488138413	0	true
sp|O60869|EDF1_HUMAN	7	0	7.329611531568922	0	true
sp|O60879|DIAP2_HUMAN	6	0	3.116939313072713	0	true
sp|O60884|DNJA2_HUMAN	9	0	8.317486993099482	0	true
sp|O60885|BRD4_HUMAN	3	2	2.937066966605077	0	true
sp|O60888|CUTA_HUMAN	3	0	5.97055918332134	0	true
sp|O60907|TBL1X_HUMAN	2	3	5.528003883514292	0	true
sp|O60921|HUS1_HUMAN	2	0	3.2930702521060145	0	true
sp|O60925|PFD1_HUMAN	4	0	4.273660436565158	0	true
sp|O60927|PP1RB_HUMAN	1	0	1.3987264294014903	0	true
sp|O60934|NBN_HUMAN	8	0	4.468112348934072	0	true
sp|O60936|NOL3_HUMAN	2	0	2.9901491396673623	0	true
sp|O60942|MCE1_HUMAN	1	0	2.5193236949552755	0	true
sp|O75027|ABCB7_HUMAN	4	0	3.140402747744039	0	true
sp|O75044|SRGP2_HUMAN	3	0	3.497769960201241	0	true
sp|O75083|WDR1_HUMAN	12	0	7.9823488637328275	0	true
sp|O75116|ROCK2_HUMAN	10	3	5.771640619641588	0	true
sp|O75122|CLAP2_HUMAN	4	1	5.751929298604956	0	true
sp|O75131|CPNE3_HUMAN	9	1	5.421496914437731	0	true
sp|O75146|HIP1R_HUMAN	3	0	2.09646452759972	0	true
sp|O75150|BRE1B_HUMAN	3	1	4.839685372500094	0	true
sp|O75152|ZC11A_HUMAN	9	0	6.766065888127023	0	true
sp|O75153|CLU_HUMAN	11	0	5.301781090183288	0	true
sp|O75157|T22D2_HUMAN	1	1	3.1667855982317277	0	true
sp|O75165|DJC13_HUMAN	9	0	4.130085623396483	0	true
sp|O75175|CNOT3_HUMAN	1	0	0.8324892160353103	0	true
sp|O75179|ANR17_HUMAN	5	4	5.053090485325057	0	true
sp|O75208|COQ9_HUMAN	3	0	5.1918434059929135	0	true
sp|O75223|GGCT_HUMAN	6	0	7.733054569419494	0	true
sp|O75251|NDUS7_HUMAN	3	0	6.6078664551999875	0	true
sp|O75306|NDUS2_HUMAN	7	0	7.463217525965658	0	true
sp|O75312|ZPR1_HUMAN	6	0	4.414995044666687	0	true
sp|O75323|NIPS2_HUMAN	1	0	2.9307870206763016	0	true
sp|O75340|PDCD6_HUMAN	7	0	8.775944367904719	0	true
sp|O75347|TBCA_HUMAN	6	0	6.544819038981495	0	true
sp|O75348|VATG1_HUMAN	2	0	4.8876820338180975	0	true
sp|O75351|VPS4B_HUMAN	4	2	6.159925540847412	0	true
sp|O75352|MPU1_HUMAN	1	0	3.4596076196521257	0	true
sp|O75367|H2AY_HUMAN	13	0	9.087288079558396	0	true
sp|O75368|SH3L1_HUMAN	5	0	6.492243744699798	0	true
sp|O75369|FLNB_HUMAN	101	11	9.548055981730952	0	true
sp|O75376|NCOR1_HUMAN	4	0	2.884470969727483	0	true
sp|O75380|NDUS6_HUMAN	4	0	6.303975055437841	0	true
sp|O75381|PEX14_HUMAN	3	0	3.3581411077581245	0	true
sp|O75390|CISY_HUMAN	11	0	7.013357675817418	0	true
sp|O75391|SPAG7_HUMAN	2	0	4.796269502631476	0	true
sp|O75394|RM33_HUMAN	1	0	4.516071380746202	0	true
sp|O75396|SC22B_HUMAN	8	0	8.144965022369258	0	true
sp|O75400|PR40A_HUMAN	9	0	5.090642766617765	0	true
sp|O75431|MTX2_HUMAN	3	0	2.9281956582235997	0	true
sp|O75436|VP26A_HUMAN	9	0	5.877092114708421	0	true
sp|O75438|NDUB1_HUMAN	3	0	5.459356471150381	0	true
sp|O75439|MPPB_HUMAN	7	0	6.117017690138127	0	true
sp|O75448|MED24_HUMAN	3	0	2.097289662655287	0	true
sp|O75475|PSIP1_HUMAN	15	1	7.179119313010823	0	true
sp|O75477|ERLN1_HUMAN	6	2	5.478685909603014	0	true
sp|O75489|NDUS3_HUMAN	6	0	6.798448727915958	0	true
sp|O75494|SRS10_HUMAN	5	0	7.361421464808712	0	true
sp|O75521|ECI2_HUMAN	9	0	7.231354706333918	0	true
sp|O75530|EED_HUMAN	2	0	1.359676187732716	0	true
sp|O75531|BAF_HUMAN	7	0	10.824415368445566	0	true
sp|O75533|SF3B1_HUMAN	29	0	7.546561402125551	0	true
sp|O75534|CSDE1_HUMAN	23	0	7.422481768596987	0	true
sp|O75554|WBP4_HUMAN	2	0	2.0295902310875142	0	true
sp|O75569|PRKRA_HUMAN	5	0	4.558567251637611	0	true
sp|O75582|KS6A5_HUMAN	4	0	1.381212927099417	0	true
sp|O75592|MYCB2_HUMAN	3	0	1.0249457777795128	0	true
sp|O75607|NPM3_HUMAN	4	0	7.81793178667063	0	true
sp|O75608|LYPA1_HUMAN	2	0	8.16943447352241	0	true
sp|O75616|ERAL1_HUMAN	3	0	4.95803783775649	0	true
sp|O75629|CREG1_HUMAN	1	0	6.322595249357968	0	true
sp|O75643|U520_HUMAN	58	0	7.441701955493698	0	true
sp|O75663|TIPRL_HUMAN	5	0	6.807804040174912	0	true
sp|O75676|KS6A4_HUMAN	1	0	2.902377847606697	0	true
sp|O75683|SURF6_HUMAN	6	0	6.375646696064325	0	true
sp|O75688|PPM1B_HUMAN	2	1	4.501883467687384	0	true
sp|O75691|UTP20_HUMAN	15	0	4.05809719540743	0	true
sp|O75694|NU155_HUMAN	20	0	10.37687074187427	0	true
sp|O75695|XRP2_HUMAN	2	0	1.995866513353588	0	true
sp|O75717|WDHD1_HUMAN	12	0	6.88222495392577	0	true
sp|O75718|CRTAP_HUMAN	4	0	2.9662938654742947	0	true
sp|O75746|S2512_HUMAN	6	3	4.5022578264079876	0	true
sp|O75787|RENR_HUMAN	2	0	2.4359915606519564	0	true
sp|O75792|RNH2A_HUMAN	2	0	3.523306309448525	0	true
sp|O75794|CD123_HUMAN	2	0	2.7811880719387627	0	true
sp|O75817|POP7_HUMAN	3	0	3.0808534097803064	0	true
sp|O75818|RPP40_HUMAN	4	0	3.498603590196935	0	true
sp|O75821|EIF3G_HUMAN	16	0	7.880344298272259	0	true
sp|O75822|EIF3J_HUMAN	12	0	7.623684712326553	0	true
sp|O75828|CBR3_HUMAN	1	2	9.612529568731434	0	true
sp|O75832|PSD10_HUMAN	5	0	6.81951607181651	0	true
sp|O75844|FACE1_HUMAN	7	0	6.2239776648152745	0	true
sp|O75874|IDHC_HUMAN	11	1	7.6980651332891314	0	true
sp|O75879|GATB_HUMAN	2	0	1.2597109565407807	0	true
sp|O75880|SCO1_HUMAN	2	0	5.108784856509535	0	true
sp|O75886|STAM2_HUMAN	1	1	0.9583068769437803	0	true
sp|O75909|CCNK_HUMAN	3	0	3.7231417808825706	0	true
sp|O75915|PRAF3_HUMAN	3	0	5.4998101238117085	0	true
sp|O75928|PIAS2_HUMAN	2	0	2.8165654041090575	0	true
sp|O75934|SPF27_HUMAN	6	0	2.6304697314067287	0	true
sp|O75935|DCTN3_HUMAN	2	0	2.0587815399400156	0	true
sp|O75937|DNJC8_HUMAN	8	0	4.725104720319952	0	true
sp|O75940|SPF30_HUMAN	3	0	3.0938359113622873	0	true
sp|O75947|ATP5H_HUMAN	6	0	8.4559487236237	0	true
sp|O75955|FLOT1_HUMAN	16	0	6.20707948468919	0	true
sp|O75964|ATP5L_HUMAN	3	0	8.56633507187712	0	true
sp|O76003|GLRX3_HUMAN	11	0	7.082523462499072	0	true
sp|O76021|RL1D1_HUMAN	14	0	8.33879729422702	0	true
sp|O76031|CLPX_HUMAN	10	0	7.519875173386045	0	true
sp|O76071|CIAO1_HUMAN	5	0	5.535371388890437	0	true
sp|O76094|SRP72_HUMAN	15	0	6.977766780650647	0	true
sp|O77932|DXO_HUMAN	1	0	1.2894151834523422	0	true
sp|O94760|DDAH1_HUMAN	2	0	1.593517962500365	0	true
sp|O94763|RMP_HUMAN	1	0	1.1734640504115146	0	true
sp|O94766|B3GA3_HUMAN	1	0	0.7061410040267195	0	true
sp|O94776|MTA2_HUMAN	14	2	4.865470529647541	0	true
sp|O94804|STK10_HUMAN	2	1	5.5748025846889355	0	true
sp|O94822|LTN1_HUMAN	3	0	3.8715618337049493	0	true
sp|O94826|TOM70_HUMAN	10	0	3.695025590292834	0	true
sp|O94829|IPO13_HUMAN	2	0	2.6820830733221777	0	true
sp|O94842|TOX4_HUMAN	4	0	5.760274422048993	0	true
sp|O94855|SC24D_HUMAN	3	0	7.018972896505119	0	true
sp|O94864|ST65G_HUMAN	1	0	3.312970969754161	0	true
sp|O94874|UFL1_HUMAN	15	0	5.21298166429672	0	true
sp|O94880|PHF14_HUMAN	2	0	1.6687645670375935	0	true
sp|O94888|UBXN7_HUMAN	5	0	3.1922560491738254	0	true
sp|O94901|SUN1_HUMAN	2	0	2.4991199735726317	0	true
sp|O94903|PLPHP_HUMAN	2	0	2.284492750921332	0	true
sp|O94905|ERLN2_HUMAN	7	2	5.876811728528035	0	true
sp|O94906|PRP6_HUMAN	18	0	5.694659961953001	0	true
sp|O94913|PCF11_HUMAN	2	0	2.2504254244122754	0	true
sp|O94919|ENDD1_HUMAN	1	0	0.6726285507314337	0	true
sp|O94925|GLSK_HUMAN	6	0	6.448170229769796	0	true
sp|O94927|HAUS5_HUMAN	1	0	3.303028678854708	0	true
sp|O94966|UBP19_HUMAN	3	0	2.597238094441619	0	true
sp|O94973|AP2A2_HUMAN	6	6	5.4832354309281035	0	true
sp|O94979|SC31A_HUMAN	12	0	6.4092497895163145	0	true
sp|O94992|HEXI1_HUMAN	3	0	4.0206134844061765	0	true
sp|O95070|YIF1A_HUMAN	1	0	2.254401379688491	0	true
sp|O95071|UBR5_HUMAN	7	0	3.444146263255307	0	true
sp|O95081|AGFG2_HUMAN	2	0	2.2508504543235177	0	true
sp|O95084|PRS23_HUMAN	2	0	5.595774926541824	0	true
sp|O95104|SCAF4_HUMAN	3	1	4.59629913315327	0	true
sp|O95139|NDUB6_HUMAN	1	0	1.4305537037333813	0	true
sp|O95149|SPN1_HUMAN	2	0	0.7296121731981053	0	true
sp|O95155|UBE4B_HUMAN	8	0	4.803701902370235	0	true
sp|O95159|ZFPL1_HUMAN	2	0	2.426003316613227	0	true
sp|O95163|ELP1_HUMAN	10	0	3.0907955667308835	0	true
sp|O95167|NDUA3_HUMAN	1	0	4.343463435050772	0	true
sp|O95169|NDUB8_HUMAN	1	0	3.013462432297382	0	true
sp|O95182|NDUA7_HUMAN	4	0	3.7674640092585285	0	true
sp|O95197|RTN3_HUMAN	2	0	6.320544495970356	0	true
sp|O95202|LETM1_HUMAN	17	0	7.312985345005063	0	true
sp|O95208|EPN2_HUMAN	3	0	1.7912916122566962	0	true
sp|O95218|ZRAB2_HUMAN	10	0	4.735123117220664	0	true
sp|O95232|LC7L3_HUMAN	6	0	8.093211352185984	0	true
sp|O95239|KIF4A_HUMAN	10	0	5.050092903841587	0	true
sp|O95251|KAT7_HUMAN	3	0	1.1169802717082866	0	true
sp|O95260|ATE1_HUMAN	1	0	3.4745468048380044	0	true
sp|O95292|VAPB_HUMAN	7	1	8.33687662964947	0	true
sp|O95295|SNAPN_HUMAN	4	0	4.619700331834965	0	true
sp|O95297|MPZL1_HUMAN	2	0	5.21101478380907	0	true
sp|O95298|NDUC2_HUMAN	2	0	2.574535846966231	0	true
sp|O95299|NDUAA_HUMAN	7	0	6.246997131562539	0	true
sp|O95302|FKBP9_HUMAN	8	1	5.864684315738832	0	true
sp|O95336|6PGL_HUMAN	10	0	7.472158948309277	0	true
sp|O95340|PAPS2_HUMAN	9	1	4.045645292237856	0	true
sp|O95347|SMC2_HUMAN	28	0	5.334765715181951	0	true
sp|O95352|ATG7_HUMAN	1	0	2.2230243919054047	0	true
sp|O95359|TACC2_HUMAN	2	0	1.957114727612256	0	true
sp|O95361|TRI16_HUMAN	3	0	3.5628082017996148	0	true
sp|O95372|LYPA2_HUMAN	3	0	2.397571559833654	0	true
sp|O95373|IPO7_HUMAN	15	1	9.315212275371454	0	true
sp|O95376|ARI2_HUMAN	1	0	3.1378841718764403	0	true
sp|O95379|TFIP8_HUMAN	1	0	3.169448497572952	0	true
sp|O95391|SLU7_HUMAN	2	0	1.3788996953325372	0	true
sp|O95394|AGM1_HUMAN	8	0	4.722779362942879	0	true
sp|O95396|MOCS3_HUMAN	5	0	4.715413182241426	0	true
sp|O95400|CD2B2_HUMAN	2	0	5.884325334067245	0	true
sp|O95433|AHSA1_HUMAN	14	0	7.328156031257664	0	true
sp|O95445|APOM_HUMAN	2	0	5.531285332587786	0	true
sp|O95453|PARN_HUMAN	7	0	4.879783339304081	0	true
sp|O95456|PSMG1_HUMAN	3	0	6.682484895190815	0	true
sp|O95466|FMNL1_HUMAN	3	0	3.8145234249108984	0	true
sp|O95470|SGPL1_HUMAN	3	0	1.568999691240397	0	true
sp|O95478|NSA2_HUMAN	5	0	4.625634710043901	0	true
sp|O95486|SC24A_HUMAN	6	1	3.532904465289173	0	true
sp|O95487|SC24B_HUMAN	2	1	3.8256138600155354	0	true
sp|O95544|NADK_HUMAN	1	0	2.27564910902643	0	true
sp|O95551|TYDP2_HUMAN	2	0	3.310429476425186	0	true
sp|O95571|ETHE1_HUMAN	5	0	6.700235239935123	0	true
sp|O95573|ACSL3_HUMAN	11	2	5.803148466477043	0	true
sp|O95602|RPA1_HUMAN	7	0	2.8910265576451195	0	true
sp|O95628|CNOT4_HUMAN	1	0	1.2552018136694472	0	true
sp|O95630|STABP_HUMAN	7	0	3.2251320515094566	0	true
sp|O95677|EYA4_HUMAN	3	0	3.1539923909073564	0	true
sp|O95707|RPP29_HUMAN	2	0	1.8519406736365975	0	true
sp|O95714|HERC2_HUMAN	3	0	1.3415407962402277	0	true
sp|O95716|RAB3D_HUMAN	0	2	7.686492975594736	0	true
sp|O95747|OXSR1_HUMAN	10	0	10.042038070810156	0	true
sp|O95749|GGPPS_HUMAN	1	0	1.429163338685227	0	true
sp|O95757|HS74L_HUMAN	17	2	6.742109335572251	0	true
sp|O95758|PTBP3_HUMAN	6	2	7.3372633808305805	0	true
sp|O95777|LSM8_HUMAN	1	0	6.662457626780743	0	true
sp|O95782|AP2A1_HUMAN	21	6	6.299786518796664	0	true
sp|O95785|WIZ_HUMAN	3	0	4.194278832841087	0	true
sp|O95816|BAG2_HUMAN	12	0	7.43475405838938	0	true
sp|O95817|BAG3_HUMAN	10	0	4.980599895105168	0	true
sp|O95819|M4K4_HUMAN	2	0	3.9207352103467796	0	true
sp|O95825|QORL1_HUMAN	2	0	5.269150088340365	0	true
sp|O95831|AIFM1_HUMAN	17	0	9.188604070660858	0	true
sp|O95833|CLIC3_HUMAN	8	0	5.143136850024992	0	true
sp|O95834|EMAL2_HUMAN	4	0	5.232990530932972	0	true
sp|O95861|BPNT1_HUMAN	13	0	5.833642188439861	0	true
sp|O95865|DDAH2_HUMAN	2	0	4.77923979864377	0	true
sp|O95881|TXD12_HUMAN	4	0	7.3744388579127325	0	true
sp|O95983|MBD3_HUMAN	2	0	6.748428893953185	0	true
sp|O95985|TOP3B_HUMAN	1	0	0.644359053364021	0	true
sp|O95989|NUDT3_HUMAN	1	0	2.3759557389877326	0	true
sp|O96000|NDUBA_HUMAN	6	0	7.797008595122309	0	true
sp|O96005|CLPT1_HUMAN	3	0	3.569213509258128	0	true
sp|O96008|TOM40_HUMAN	3	0	5.968537146538786	0	true
sp|O96011|PX11B_HUMAN	3	0	3.1248551348890614	0	true
sp|O96013|PAK4_HUMAN	2	0	2.002475254886065	0	true
sp|O96019|ACL6A_HUMAN	10	0	7.309375288116967	0	true
sp|P00338|LDHA_HUMAN	13	1	10.96157953345333	0	true
sp|P00367|DHE3_HUMAN	16	0	8.36488659394347	0	true
sp|P00374|DYR_HUMAN	7	0	3.7232856589947287	0	true
sp|P00387|NB5R3_HUMAN	9	1	8.33988146103908	0	true
sp|P00390|GSHR_HUMAN	10	0	5.655076412545486	0	true
sp|P00403|COX2_HUMAN	2	0	6.669722266341019	0	true
sp|P00441|SODC_HUMAN	4	0	9.021300723621898	0	true
sp|P00488|F13A_HUMAN	1	0	0.7141506031812032	0	true
sp|P00491|PNPH_HUMAN	13	0	10.887978498143063	0	true
sp|P00492|HPRT_HUMAN	9	0	8.129850352320878	0	true
sp|P00505|AATM_HUMAN	21	0	9.878678413451727	0	true
sp|P00533|EGFR_HUMAN	19	0	5.866777432306077	0	true
sp|P00558|PGK1_HUMAN	25	0	10.490442180738949	0	true
sp|P00568|KAD1_HUMAN	11	0	8.026297271402738	0	true
sp|P00734|THRB_HUMAN	3	0	7.393308904758922	0	true
sp|P00740|FA9_HUMAN	1	0	0.8698730336144803	0	true
sp|P00742|FA10_HUMAN	2	0	4.11213364308153	0	true
sp|P00746|CFAD_HUMAN	1	0	2.8417280656511306	0	true
sp|P00747|PLMN_HUMAN	2	0	5.072672821133578	0	true
sp|P00750|TPA_HUMAN	2	0	1.1719322499093148	0	true
sp|P00846|ATP6_HUMAN	1	0	4.385864693351219	0	true
sp|P00966|ASSY_HUMAN	19	0	9.706651202508189	0	true
sp|P01008|ANT3_HUMAN	6	0	6.4053183743975275	0	true
sp|P01023|A2MG_HUMAN	3	1	7.0019511924987885	0	true
sp|P01024|CO3_HUMAN	10	0	7.811213363313039	0	true
sp|P01031|CO5_HUMAN	1	0	2.110558787871139	0	true
sp|P01033|TIMP1_HUMAN	3	0	3.0771582255504155	0	true
sp|P01111|RASN_HUMAN	5	2	6.640429315556242	0	true
sp|P01130|LDLR_HUMAN	2	0	4.248718762478761	0	true
sp|P01889|HLAB_HUMAN	1	8	9.600755962788613	0	true
sp|P01893|HLAH_HUMAN	1	6	9.600755962788613	0	true
sp|P02042|HBD_HUMAN;sp|P68871|HBB_HUMAN	2	0	9.351392220849144	0	true
sp|P02533|K1C14_HUMAN	1	14	10.354195837817477	0	true
sp|P02545|LMNA_HUMAN	44	1	10.984681563093892	0	true
sp|P02649|APOE_HUMAN	2	0	7.096808532054201	0	true
sp|P02656|APOC3_HUMAN	1	0	6.422601868003988	0	true
sp|P02675|FIBB_HUMAN	4	0	3.018669678981348	0	true
sp|P02679|FIBG_HUMAN	1	0	1.9664235701140538	0	true
sp|P02748|CO9_HUMAN	2	0	3.2455077172874307	0	true
sp|P02751|FINC_HUMAN	3	0	2.0604912084208946	0	true
sp|P02760|AMBP_HUMAN	1	0	5.544887881838438	0	true
sp|P02765|FETUA_HUMAN	3	0	7.449221593424252	0	true
sp|P02768|ALBU_HUMAN	5	0	9.300679096073418	0	true
sp|P02771|FETA_HUMAN	4	0	5.661568702168595	0	true
sp|P02786|TFR1_HUMAN	26	0	10.070800739498905	0	true
sp|P02788|TRFL_HUMAN	2	0	4.018805548601422	0	true
sp|P02794|FRIH_HUMAN	1	0	1.913501762125009	0	true
sp|P02795|MT2_HUMAN;sp|P13640|MT1G_HUMAN;sp|P80297|MT1X_HUMAN	1	1	7.89622381551718	0	true
sp|P03886|NU1M_HUMAN	1	0	2.7369532148570705	0	true
sp|P03891|NU2M_HUMAN	1	0	4.296081209917352	0	true
sp|P03897|NU3M_HUMAN	1	0	3.905070443913501	0	true
sp|P03905|NU4M_HUMAN	1	0	1.4422898729625784	0	true
sp|P03915|NU5M_HUMAN	2	0	2.361943556716267	0	true
sp|P04003|C4BPA_HUMAN	1	0	1.5884886556832762	0	true
sp|P04040|CATA_HUMAN	20	0	8.255313206808806	0	true
sp|P04062|GBA1_HUMAN	4	0	4.756851355168888	0	true
sp|P04075|ALDOA_HUMAN	18	2	11.649008929509728	0	true
sp|P04080|CYTB_HUMAN	5	0	9.009723297215945	0	true
sp|P04083|ANXA1_HUMAN	20	0	9.590645782721198	0	true
sp|P04114|APOB_HUMAN	2	0	0.9146718468196448	0	true
sp|P04150|GCR_HUMAN	5	0	4.777569258215234	0	true
sp|P04156|PRIO_HUMAN	1	0	2.3295473907955753	0	true
sp|P04179|SODM_HUMAN	8	0	8.397368378449672	0	true
sp|P04180|LCAT_HUMAN	1	0	2.839957055830871	0	true
sp|P04181|OAT_HUMAN	3	0	6.391939927934703	0	true
sp|P04183|KITH_HUMAN	4	0	2.647320492044129	0	true
sp|P04217|A1BG_HUMAN	1	0	3.6111535506489947	0	true
sp|P04406|G3P_HUMAN	16	0	10.15601584168173	0	true
sp|P04424|ARLY_HUMAN	2	0	2.924384784007135	0	true
sp|P04439|HLAA_HUMAN	2	6	9.600755962788613	0	true
sp|P04632|CPNS1_HUMAN	5	0	8.570350050626594	0	true
sp|P04732|MT1E_HUMAN	1	1	7.89622381551718	0	true
sp|P04746|AMYP_HUMAN;sp|P0DTE7|AMY1B_HUMAN;sp|P0DTE8|AMY1C_HUMAN;sp|P0DUB6|AMY1A_HUMAN;sp|P19961|AMY2B_HUMAN	3	0	2.5054586095719507	0	true
sp|P04792|HSPB1_HUMAN	10	0	8.278685380977516	0	true
sp|P04843|RPN1_HUMAN	23	0	7.819272654213201	0	true
sp|P04844|RPN2_HUMAN	12	0	7.5215777206500745	0	true
sp|P04899|GNAI2_HUMAN	7	5	7.3159094673807274	0	true
sp|P04908|H2A1B_HUMAN;sp|P0C0S8|H2A1_HUMAN;sp|P20671|H2A1D_HUMAN;sp|Q16777|H2A2C_HUMAN;sp|Q6FI13|H2A2A_HUMAN;sp|Q7L7L0|H2A3_HUMAN;sp|Q93077|H2A1C_HUMAN;sp|Q96KK5|H2A1H_HUMAN;sp|Q99878|H2A1J_HUMAN;sp|Q9BTM1|H2AJ_HUMAN	1	3	10.624056649274316	0	true
sp|P04920|B3A2_HUMAN	1	0	1.1083571772108112	0	true
sp|P05023|AT1A1_HUMAN	27	0	7.688232515679818	0	true
sp|P05026|AT1B1_HUMAN	1	0	2.212739218586304	0	true
sp|P05091|ALDH2_HUMAN	3	0	3.3909605981115813	0	true
sp|P05114|HMGN1_HUMAN	3	0	7.343662565828285	0	true
sp|P05141|ADT2_HUMAN	4	8	8.581681656217958	0	true
sp|P05155|IC1_HUMAN	2	0	5.503325405943332	0	true
sp|P05161|ISG15_HUMAN	5	0	6.902754133044475	0	true
sp|P05165|PCCA_HUMAN	2	0	2.6173571461162	0	true
sp|P05166|PCCB_HUMAN	3	0	5.429158844311068	0	true
sp|P05198|IF2A_HUMAN	17	0	8.793212803338404	0	true
sp|P05204|HMGN2_HUMAN	3	0	5.9981772168648755	0	true
sp|P05362|ICAM1_HUMAN	4	0	5.243228417607599	0	true
sp|P05386|RLA1_HUMAN	1	0	7.950632488654189	0	true
sp|P05387|RLA2_HUMAN	4	0	11.015225714864473	0	true
sp|P05388|RLA0_HUMAN;sp|Q8NHW5|RLA0L_HUMAN	8	0	9.079284261264165	0	true
sp|P05455|LA_HUMAN	18	0	8.220465407587362	0	true
sp|P05543|THBG_HUMAN	3	1	7.135926562870814	0	true
sp|P05546|HEP2_HUMAN	2	0	7.682320420421371	0	true
sp|P05549|AP2A_HUMAN	2	0	0.9931140682535029	0	true
sp|P05556|ITB1_HUMAN	16	0	7.775896308257311	0	true
sp|P05783|K1C18_HUMAN	24	3	10.662220384954217	0	true
sp|P05787|K2C8_HUMAN	26	7	10.346296667527952	0	true
sp|P06132|DCUP_HUMAN	5	0	5.8051195189720675	0	true
sp|P06241|FYN_HUMAN;sp|P07947|YES_HUMAN;sp|P07948|LYN_HUMAN;sp|P08631|HCK_HUMAN;sp|P09769|FGR_HUMAN;sp|P12931|SRC_HUMAN	1	0	2.5041550204833354	0	true
sp|P06280|AGAL_HUMAN	2	0	0.9019502993841487	0	true
sp|P06396|GELS_HUMAN	16	0	7.391972708240044	0	true
sp|P06454|PTMA_HUMAN	4	0	9.2074278912825	0	true
sp|P06493|CDK1_HUMAN	7	2	7.243788590210589	0	true
sp|P06576|ATPB_HUMAN	15	0	10.923933283406686	0	true
sp|P06703|S10A6_HUMAN	2	0	4.971261115770174	0	true
sp|P06730|IF4E_HUMAN	2	0	6.037433629909833	0	true
sp|P06733|ENOA_HUMAN	18	2	11.158293942528253	0	true
sp|P06737|PYGL_HUMAN	18	5	7.116179627703715	0	true
sp|P06744|G6PI_HUMAN	12	1	7.932319810993963	0	true
sp|P06748|NPM_HUMAN	8	0	11.077562086986738	0	true
sp|P06753|TPM3_HUMAN	2	6	7.143662952205595	0	true
sp|P06756|ITAV_HUMAN	3	0	1.4694120470951972	0	true
sp|P06865|HEXA_HUMAN	6	0	4.860584746884712	0	true
sp|P06899|H2B1J_HUMAN;sp|P23527|H2B1O_HUMAN;sp|P33778|H2B1B_HUMAN;sp|Q16778|H2B2E_HUMAN;sp|Q8N257|H2B3B_HUMAN	1	4	6.251491408304358	0	true
sp|P07093|GDN_HUMAN	1	0	2.752963557773159	0	true
sp|P07099|HYEP_HUMAN	7	0	6.417092596790207	0	true
sp|P07108|ACBP_HUMAN	4	0	4.933388975594706	0	true
sp|P07195|LDHB_HUMAN	13	1	10.356754271585713	0	true
sp|P07199|CENPB_HUMAN	3	0	2.6514148844422203	0	true
sp|P07203|GPX1_HUMAN	10	0	7.350869886221119	0	true
sp|P07237|PDIA1_HUMAN	24	0	10.480398506057425	0	true
sp|P07305|H10_HUMAN	4	0	6.701004902396104	0	true
sp|P07311|ACYP1_HUMAN	2	0	3.861088256244287	0	true
sp|P07339|CATD_HUMAN	8	0	7.221294437073034	0	true
sp|P07355|ANXA2_HUMAN	22	0	10.762801763872211	0	true
sp|P07384|CAN1_HUMAN	22	0	8.188585961826293	0	true
sp|P07437|TBB5_HUMAN	3	13	9.664216384203234	0	true
sp|P07602|SAP_HUMAN	9	0	6.388087711800706	0	true
sp|P07686|HEXB_HUMAN	8	0	4.943152429686562	0	true
sp|P07737|PROF1_HUMAN	9	0	9.381402656184473	0	true
sp|P07741|APT_HUMAN	5	0	7.224181556726294	0	true
sp|P07814|SYEP_HUMAN	47	1	9.240897000184564	0	true
sp|P07858|CATB_HUMAN	4	0	5.728519071759927	0	true
sp|P07900|HS90A_HUMAN	23	12	10.32129232854374	0	true
sp|P07910|HNRPC_HUMAN	6	7	9.598207055495061	0	true
sp|P07919|QCR6_HUMAN	3	0	7.246838833407817	0	true
sp|P07942|LAMB1_HUMAN	3	0	2.975847456586013	0	true
sp|P07951|TPM2_HUMAN	1	6	8.406869732626797	0	true
sp|P07954|FUMH_HUMAN	12	0	9.558122002690071	0	true
sp|P07992|ERCC1_HUMAN	1	0	2.5998659160781963	0	true
sp|P07996|TSP1_HUMAN	23	0	7.7727469463056265	0	true
sp|P08047|SP1_HUMAN	2	0	3.383376690406233	0	true
sp|P08069|IGF1R_HUMAN	2	0	1.435304125183384	0	true
sp|P08133|ANXA6_HUMAN	19	0	6.8148774411272335	0	true
sp|P08134|RHOC_HUMAN	1	5	8.054483672916607	0	true
sp|P08174|DAF_HUMAN	12	0	8.22504497987187	0	true
sp|P08195|4F2_HUMAN	20	0	9.490515518434977	0	true
sp|P08236|BGLR_HUMAN	6	0	4.069012131910556	0	true
sp|P08237|PFKAM_HUMAN	11	3	7.0362022844053085	0	true
sp|P08238|HS90B_HUMAN	24	13	10.698409385608358	0	true
sp|P08240|SRPRA_HUMAN	15	0	4.9323611009903345	0	true
sp|P08243|ASNS_HUMAN	19	0	8.574756963752678	0	true
sp|P08397|HEM3_HUMAN	1	0	1.6220023789077396	0	true
sp|P08559|ODPA_HUMAN	16	0	8.724705640107192	0	true
sp|P08574|CY1_HUMAN	8	0	9.272564400446683	0	true
sp|P08579|RU2B_HUMAN	2	1	7.2583416341265155	0	true
sp|P08581|MET_HUMAN	3	0	2.4656975909154943	0	true
sp|P08603|CFAH_HUMAN	2	0	2.4765972511375165	0	true
sp|P08621|RU17_HUMAN	10	0	7.872027542738768	0	true
sp|P08648|ITA5_HUMAN	4	0	3.920498767385073	0	true
sp|P08651|NFIC_HUMAN	3	1	4.285345210188091	0	true
sp|P08670|VIME_HUMAN	31	4	10.20902291474338	0	true
sp|P08697|A2AP_HUMAN	2	0	7.138077184068959	0	true
sp|P08708|RS17_HUMAN	6	0	8.407331219985256	0	true
sp|P08727|K1C19_HUMAN	16	9	9.071842172310053	0	true
sp|P08729|K2C7_HUMAN	21	7	9.407469066267634	0	true
sp|P08754|GNAI3_HUMAN	4	5	8.047342310338664	0	true
sp|P08758|ANXA5_HUMAN	11	0	12.278220153050608	0	true
sp|P08779|K1C16_HUMAN	1	7	10.354195837817477	0	true
sp|P08865|RSSA_HUMAN	9	0	10.126685790670484	0	true
sp|P08962|CD63_HUMAN	1	0	5.466171456083885	0	true
sp|P09001|RM03_HUMAN	4	0	3.8850255739304855	0	true
sp|P09012|SNRPA_HUMAN	6	1	4.797970304702707	0	true
sp|P09038|FGF2_HUMAN	3	0	4.142135283465517	0	true
sp|P09086|PO2F2_HUMAN;sp|P14859|PO2F1_HUMAN;sp|Q9UKI9|PO2F3_HUMAN	3	0	2.444227975278272	0	true
sp|P09104|ENOG_HUMAN	4	2	9.129297149670744	0	true
sp|P09110|THIK_HUMAN	2	0	7.832384541950339	0	true
sp|P09132|SRP19_HUMAN	3	0	4.592743922750942	0	true
sp|P09211|GSTP1_HUMAN	2	0	1.314968971015812	0	true
sp|P09234|RU1C_HUMAN	2	0	8.420883660007545	0	true
sp|P09382|LEG1_HUMAN	7	0	9.064223476041667	0	true
sp|P09417|DHPR_HUMAN	3	0	4.920935222333406	0	true
sp|P09429|HMGB1_HUMAN	7	3	8.887135345708293	0	true
sp|P09493|TPM1_HUMAN	3	3	8.406869732626797	0	true
sp|P09496|CLCA_HUMAN	5	0	6.222452172287764	0	true
sp|P09497|CLCB_HUMAN	5	0	5.331853985466919	0	true
sp|P09525|ANXA4_HUMAN	9	0	6.642956715647777	0	true
sp|P09543|CN37_HUMAN	7	0	4.51816593847782	0	true
sp|P09622|DLDH_HUMAN	6	0	5.588953108190811	0	true
sp|P09651|ROA1_HUMAN	16	2	10.536889311158173	0	true
sp|P09661|RU2A_HUMAN	7	0	7.007046240515493	0	true
sp|P09669|COX6C_HUMAN	3	0	3.6153683309531233	0	true
sp|P09874|PARP1_HUMAN	37	0	7.984539222831997	0	true
sp|P09884|DPOLA_HUMAN	10	0	4.804373318919179	0	true
sp|P09914|IFIT1_HUMAN;sp|Q5T764|IFT1B_HUMAN	1	0	1.0873760637140355	0	true
sp|P09960|LKHA4_HUMAN	23	0	7.58658228852966	0	true
sp|P09972|ALDOC_HUMAN	2	2	7.309097307047213	0	true
sp|P0C0L4|CO4A_HUMAN	4	0	6.345279716234908	0	true
sp|P0C0S5|H2AZ_HUMAN;sp|Q71UI9|H2AV_HUMAN	2	2	8.687997928810573	0	true
sp|P0C7P4|UCRIL_HUMAN	0	8	6.584943652889919	0	true
sp|P0CG12|DERPC_HUMAN	1	0	1.226700050370162	0	true
sp|P0DMM9|ST1A3_HUMAN;sp|P0DMN0|ST1A4_HUMAN	7	0	5.332894310842762	0	true
sp|P0DMV8|HS71A_HUMAN;sp|P0DMV9|HS71B_HUMAN	6	16	10.344395125540062	0	true
sp|P0DP23|CALM1_HUMAN;sp|P0DP24|CALM2_HUMAN;sp|P0DP25|CALM3_HUMAN	7	0	8.382805959335904	0	true
sp|P0DPB6|RPAC2_HUMAN	2	0	6.969705624587585	0	true
sp|P0DPI2|GAL3A_HUMAN	6	0	6.212100285827696	0	true
sp|P0DTL6|ZTRF1_HUMAN	1	0	3.0176444886048004	0	true
sp|P10155|RO60_HUMAN	4	0	6.655293994132391	0	true
sp|P10253|LYAG_HUMAN	8	0	5.267819532932721	0	true
sp|P10321|HLAC_HUMAN	2	6	9.256662889954015	0	true
sp|P10398|ARAF_HUMAN	10	0	3.9838009579517184	0	true
sp|P10412|H14_HUMAN	1	4	7.935342932441029	0	true
sp|P10515|ODP2_HUMAN	9	0	6.24087970948591	0	true
sp|P10586|PTPRF_HUMAN	9	0	4.348823148856555	0	true
sp|P10589|COT1_HUMAN;sp|P24468|COT2_HUMAN	2	0	0.791576682938243	0	true
sp|P10599|THIO_HUMAN	4	0	9.427253859808355	0	true
sp|P10606|COX5B_HUMAN	2	0	6.919582135087829	0	true
sp|P10619|PPGB_HUMAN	5	0	5.539667981278077	0	true
sp|P10620|MGST1_HUMAN	3	0	5.6402866737909365	0	true
sp|P10643|CO7_HUMAN	2	0	6.5027950470819	0	true
sp|P10644|KAP0_HUMAN	9	0	4.468110399155953	0	true
sp|P10768|ESTD_HUMAN	8	0	8.59669715866024	0	true
sp|P10809|CH60_HUMAN	27	0	10.65016039027453	0	true
sp|P10909|CLUS_HUMAN	9	0	6.322794517645507	0	true
sp|P11021|BIP_HUMAN	31	1	10.653276111569507	0	true
sp|P11047|LAMC1_HUMAN	5	0	4.910197129315522	0	true
sp|P11117|PPAL_HUMAN	5	0	4.748347865600664	0	true
sp|P11142|HSP7C_HUMAN	18	8	10.653276111569507	0	true
sp|P11166|GTR1_HUMAN	3	0	6.043440536949621	0	true
sp|P11169|GTR3_HUMAN;sp|Q8TDB8|GTR14_HUMAN	2	0	4.073499551532047	0	true
sp|P11171|EPB41_HUMAN	4	1	3.036790432347982	0	true
sp|P11172|UMPS_HUMAN	13	0	4.967816385566907	0	true
sp|P11177|ODPB_HUMAN	9	0	7.8932634590590345	0	true
sp|P11182|ODB2_HUMAN	5	0	6.220853563104938	0	true
sp|P11216|PYGB_HUMAN	7	4	6.790274593750001	0	true
sp|P11217|PYGM_HUMAN	1	5	6.368706385438512	0	true
sp|P11233|RALA_HUMAN	3	2	4.448721694760788	0	true
sp|P11234|RALB_HUMAN	2	2	4.448721694760788	0	true
sp|P11279|LAMP1_HUMAN	5	0	5.707056469883994	0	true
sp|P11310|ACADM_HUMAN	8	0	7.346646054430484	0	true
sp|P11387|TOP1_HUMAN	28	0	8.185591079606795	0	true
sp|P11388|TOP2A_HUMAN	24	13	8.567259613011094	0	true
sp|P11413|G6PD_HUMAN	21	0	8.823490597477155	0	true
sp|P11441|UBL4A_HUMAN	2	0	4.4652785634953585	0	true
sp|P11498|PYC_HUMAN	30	0	7.94712767990857	0	true
sp|P11532|DMD_HUMAN	4	1	5.470418800420451	0	true
sp|P11586|C1TC_HUMAN	40	1	9.18884712604604	0	true
sp|P11717|MPRI_HUMAN	15	0	4.8045635370062	0	true
sp|P11766|ADHX_HUMAN	10	0	7.367449314467071	0	true
sp|P11802|CDK4_HUMAN	4	1	4.786847998712303	0	true
sp|P11908|PRPS2_HUMAN	2	6	7.904709705932713	0	true
sp|P11940|PABP1_HUMAN	14	9	8.31037937940733	0	true
sp|P12004|PCNA_HUMAN	13	0	8.591593199835794	0	true
sp|P12081|HARS1_HUMAN	7	5	5.764714924909408	0	true
sp|P12109|CO6A1_HUMAN	6	0	5.8037796679623765	0	true
sp|P12111|CO6A3_HUMAN	1	0	1.7533459379398217	0	true
sp|P12235|ADT1_HUMAN	1	7	8.581681656217958	0	true
sp|P12236|ADT3_HUMAN	2	10	8.581681656217958	0	true
sp|P12259|FA5_HUMAN	2	0	4.216606447698288	0	true
sp|P12268|IMDH2_HUMAN	17	1	8.825889827468796	0	true
sp|P12270|TPR_HUMAN	49	0	7.498110761834856	0	true
sp|P12277|KCRB_HUMAN	9	0	8.634067943145233	0	true
sp|P12429|ANXA3_HUMAN	15	0	7.954152515263222	0	true
sp|P12694|ODBA_HUMAN	5	0	3.7275487397663665	0	true
sp|P12814|ACTN1_HUMAN	29	16	9.732201202070792	0	true
sp|P12955|PEPD_HUMAN	5	0	3.4551001883277466	0	true
sp|P12956|XRCC6_HUMAN	26	0	9.229212372442628	0	true
sp|P13010|XRCC5_HUMAN	21	0	10.428628174261698	0	true
sp|P13051|UNG_HUMAN	1	0	1.2557100577246716	0	true
sp|P13073|COX41_HUMAN	5	0	6.432009986276835	0	true
sp|P13284|GILT_HUMAN	3	0	5.469789336101162	0	true
sp|P13473|LAMP2_HUMAN	3	0	6.386066635082308	0	true
sp|P13489|RINI_HUMAN	14	0	7.907070115129842	0	true
sp|P13639|EF2_HUMAN	40	1	10.077751345353649	0	true
sp|P13645|K1C10_HUMAN	17	4	9.812217502386481	0	true
sp|P13646|K1C13_HUMAN	0	4	10.354195837817477	0	true
sp|P13667|PDIA4_HUMAN	29	0	8.731588815184782	0	true
sp|P13674|P4HA1_HUMAN	6	0	5.5866021505694325	0	true
sp|P13693|TCTP_HUMAN	8	0	8.040904306010889	0	true
sp|P13747|HLAE_HUMAN	0	4	9.600755962788613	0	true
sp|P13797|PLST_HUMAN	22	3	10.638385562132191	0	true
sp|P13798|ACPH_HUMAN	13	0	6.274405238224964	0	true
sp|P13804|ETFA_HUMAN	14	0	10.212530769588675	0	true
sp|P13807|GYS1_HUMAN	7	0	4.828908607084603	0	true
sp|P13861|KAP2_HUMAN	15	0	6.6726476501214345	0	true
sp|P13929|ENOB_HUMAN	3	2	9.129297149670744	0	true
sp|P13984|T2FB_HUMAN	2	0	3.974715707093848	0	true
sp|P13987|CD59_HUMAN	4	0	9.222169607463131	0	true
sp|P13995|MTDC_HUMAN	6	0	5.851370233752832	0	true
sp|P14136|GFAP_HUMAN	0	4	4.847174849995965	0	true
sp|P14174|MIF_HUMAN	3	0	9.101150211328363	0	true
sp|P14209|CD99_HUMAN	2	0	5.991758824725689	0	true
sp|P14314|GLU2B_HUMAN	16	0	9.371931568211508	0	true
sp|P14324|FPPS_HUMAN	9	0	7.854975328484565	0	true
sp|P14373|TRI27_HUMAN	3	0	2.918578562775903	0	true
sp|P14384|CBPM_HUMAN	7	0	4.961371375764036	0	true
sp|P14406|CX7A2_HUMAN	2	0	5.285586370366675	0	true
sp|P14550|AK1A1_HUMAN	11	0	6.64857787897756	0	true
sp|P14618|KPYM_HUMAN	30	1	11.262396450462752	0	true
sp|P14621|ACYP2_HUMAN	1	0	3.13298425429441	0	true
sp|P14625|ENPL_HUMAN	31	1	9.20951285633553	0	true
sp|P14635|CCNB1_HUMAN	2	0	1.5746537967816987	0	true
sp|P14678|RSMB_HUMAN	8	0	6.054798220304502	0	true
sp|P14735|IDE_HUMAN	16	0	5.02988986584715	0	true
sp|P14854|CX6B1_HUMAN	5	0	7.169699551878896	0	true
sp|P14866|HNRPL_HUMAN	15	1	8.247313394934253	0	true
sp|P14868|SYDC_HUMAN	25	0	6.865970639734009	0	true
sp|P14923|PLAK_HUMAN	9	0	4.213479497808818	0	true
sp|P14927|QCR7_HUMAN	3	0	6.343057141765435	0	true
sp|P15121|ALDR_HUMAN	11	0	8.306816511413395	0	true
sp|P15151|PVR_HUMAN	1	0	1.5871813903514875	0	true
sp|P15169|CBPN_HUMAN	1	0	0.7401872967875216	0	true
sp|P15170|ERF3A_HUMAN	6	8	7.145160807272228	0	true
sp|P15260|INGR1_HUMAN	1	0	3.776501582025107	0	true
sp|P15291|B4GT1_HUMAN	4	0	7.165131533290902	0	true
sp|P15311|EZRI_HUMAN	13	9	8.769739617803216	0	true
sp|P15328|FOLR1_HUMAN	9	0	9.097010299988472	0	true
sp|P15374|UCHL3_HUMAN	4	0	7.074458464552549	0	true
sp|P15529|MCP_HUMAN	3	0	4.440553764391262	0	true
sp|P15531|NDKA_HUMAN	4	5	10.255930222080801	0	true
sp|P15559|NQO1_HUMAN	4	0	6.930914820586212	0	true
sp|P15586|GNS_HUMAN	7	0	6.683640845863588	0	true
sp|P15880|RS2_HUMAN	11	0	8.996711525023214	0	true
sp|P15924|DESP_HUMAN	21	0	6.791615223066367	0	true
sp|P15927|RFA2_HUMAN	4	0	6.5976079397519	0	true
sp|P15941|MUC1_HUMAN	1	0	0.7443706117273252	0	true
sp|P15954|COX7C_HUMAN	1	0	5.311697338330006	0	true
sp|P16066|ANPRA_HUMAN	2	0	2.7380166535388706	0	true
sp|P16070|CD44_HUMAN	10	0	10.350403779000658	0	true
sp|P16083|NQO2_HUMAN	4	0	5.969441688184127	0	true
sp|P16104|H2AX_HUMAN;sp|Q96QV6|H2A1A_HUMAN	0	4	8.687997928810573	0	true
sp|P16144|ITB4_HUMAN	15	0	4.433289623763053	0	true
sp|P16152|CBR1_HUMAN	10	2	9.612529568731434	0	true
sp|P16219|ACADS_HUMAN	3	0	3.6104960244811344	0	true
sp|P16278|BGAL_HUMAN	8	0	6.951712513836057	0	true
sp|P16333|NCK1_HUMAN	1	0	1.2902952091859892	0	true
sp|P16383|GCFC2_HUMAN	3	0	1.9365410175752658	0	true
sp|P16401|H15_HUMAN	4	1	7.54021894280652	0	true
sp|P16403|H12_HUMAN	1	4	7.935342932441029	0	true
sp|P16435|NCPR_HUMAN	16	0	8.414980061023325	0	true
sp|P16455|MGMT_HUMAN	5	0	3.963058746126991	0	true
sp|P16615|AT2A2_HUMAN	28	0	10.510396764471055	0	true
sp|P16949|STMN1_HUMAN	4	2	6.884432639039574	0	true
sp|P16989|YBOX3_HUMAN	5	3	8.335695651785057	0	true
sp|P17066|HSP76_HUMAN	1	8	10.344395125540062	0	true
sp|P17096|HMGA1_HUMAN	2	0	6.375470755528599	0	true
sp|P17152|TMM11_HUMAN	2	0	5.76104986303212	0	true
sp|P17174|AATC_HUMAN	14	0	6.490818495968827	0	true
sp|P17252|KPCA_HUMAN	2	1	3.670641623577257	0	true
sp|P17275|JUNB_HUMAN	5	0	2.421296083299762	0	true
sp|P17301|ITA2_HUMAN	17	0	9.074749577348404	0	true
sp|P17480|UBF1_HUMAN	13	0	5.821182524167093	0	true
sp|P17544|ATF7_HUMAN	1	0	0.8323848085374358	0	true
sp|P17568|NDUB7_HUMAN	2	0	1.7191196546425833	0	true
sp|P17612|KAPCA_HUMAN	3	4	5.8917201028011315	0	true
sp|P17655|CAN2_HUMAN	14	0	6.711883044818615	0	true
sp|P17676|CEBPB_HUMAN	4	0	7.536592026967503	0	true
sp|P17706|PTN2_HUMAN	3	0	3.8724483848713804	0	true
sp|P17812|PYRG1_HUMAN	22	0	7.709885262008465	0	true
sp|P17813|EGLN_HUMAN	2	0	0.9767389895926799	0	true
sp|P17844|DDX5_HUMAN	18	8	8.62841624085477	0	true
sp|P17858|PFKAL_HUMAN	12	4	6.948953546873944	0	true
sp|P17931|LEG3_HUMAN	9	0	9.142101409049623	0	true
sp|P17980|PRS6A_HUMAN	14	0	8.589311032629446	0	true
sp|P17987|TCPA_HUMAN	24	0	9.068432977034682	0	true
sp|P18031|PTN1_HUMAN	9	0	4.858830431275713	0	true
sp|P18074|ERCC2_HUMAN	3	0	4.6069267611630105	0	true
sp|P18077|RL35A_HUMAN	6	0	9.036502628841443	0	true
sp|P18085|ARF4_HUMAN	4	3	7.628028085704519	0	true
sp|P18124|RL7_HUMAN	12	0	8.98271766507055	0	true
sp|P18206|VINC_HUMAN	51	0	9.376976421019366	0	true
sp|P18583|SON_HUMAN	14	0	5.968607508589107	0	true
sp|P18615|NELFE_HUMAN	6	0	5.601696809035274	0	true
sp|P18621|RL17_HUMAN	7	0	8.109514216032718	0	true
sp|P18669|PGAM1_HUMAN	11	0	9.001788135157888	0	true
sp|P18754|RCC1_HUMAN	10	0	8.506417284410118	0	true
sp|P18846|ATF1_HUMAN	2	0	3.4217728934521467	0	true
sp|P18858|DNLI1_HUMAN	12	0	7.844510574917642	0	true
sp|P18859|ATP5J_HUMAN	4	0	6.476542890539121	0	true
sp|P18887|XRCC1_HUMAN	3	0	2.816688346033853	0	true
sp|P19075|TSN8_HUMAN	1	0	4.496622851901272	0	true
sp|P19174|PLCG1_HUMAN	2	0	1.9186317238899446	0	true
sp|P19256|LFA3_HUMAN	1	0	4.944594931367159	0	true
sp|P19338|NUCL_HUMAN	26	0	9.300696491585608	0	true
sp|P19367|HXK1_HUMAN	2	2	2.712068262811562	0	true
sp|P19387|RPB3_HUMAN	5	0	5.124079044937451	0	true
sp|P19388|RPAB1_HUMAN	4	0	6.509511182470847	0	true
sp|P19404|NDUV2_HUMAN	5	0	6.430177364157937	0	true
sp|P19447|ERCC3_HUMAN	2	0	4.89755108167831	0	true
sp|P19525|E2AK2_HUMAN	12	0	4.548218897142115	0	true
sp|P19623|SPEE_HUMAN	8	0	6.744038728469558	0	true
sp|P19784|CSK22_HUMAN	6	0	5.713435309618717	0	true
sp|P19793|RXRA_HUMAN;sp|P28702|RXRB_HUMAN;sp|P48443|RXRG_HUMAN	1	0	2.171159608450372	0	true
sp|P19823|ITIH2_HUMAN	6	0	9.174946183403963	0	true
sp|P19827|ITIH1_HUMAN	2	0	6.605090471122907	0	true
sp|P20020|AT2B1_HUMAN	8	4	6.991862070689316	0	true
sp|P20042|IF2B_HUMAN	21	0	6.920271439699134	0	true
sp|P20073|ANXA7_HUMAN	15	0	6.164343319097382	0	true
sp|P20138|CD33_HUMAN	1	0	0.7866375732098516	0	true
sp|P20290|BTF3_HUMAN	4	0	9.030965799816347	0	true
sp|P20339|RAB5A_HUMAN	5	3	6.638212148347383	0	true
sp|P20340|RAB6A_HUMAN	4	0	5.751714792377909	0	true
sp|P20585|MSH3_HUMAN	4	0	1.7849115546199117	0	true
sp|P20618|PSB1_HUMAN	8	0	8.453557398186877	0	true
sp|P20645|MPRD_HUMAN	4	0	7.306091988565054	0	true
sp|P20674|COX5A_HUMAN	2	0	6.635650832843603	0	true
sp|P20700|LMNB1_HUMAN	30	2	8.342914615329885	0	true
sp|P20742|PZP_HUMAN	1	1	5.7483294238916525	0	true
sp|P20774|MIME_HUMAN	2	0	1.6512809857391644	0	true
sp|P20810|ICAL_HUMAN	14	0	8.166884999579116	0	true
sp|P20839|IMDH1_HUMAN	4	1	3.8252725441282687	0	true
sp|P20936|RASA1_HUMAN	2	0	1.796374880080896	0	true
sp|P20962|PTMS_HUMAN	4	0	7.762731973273618	0	true
sp|P21108|PRPS3_HUMAN	0	4	7.904709705932713	0	true
sp|P21127|CD11B_HUMAN;sp|Q9UQ88|CD11A_HUMAN	5	0	2.2753221486810844	0	true
sp|P21266|GSTM3_HUMAN	13	0	10.002685339032437	0	true
sp|P21281|VATB2_HUMAN	10	0	5.465487698698693	0	true
sp|P21283|VATC1_HUMAN	5	0	2.992209234370348	0	true
sp|P21291|CSRP1_HUMAN	9	0	8.977769250645888	0	true
sp|P21333|FLNA_HUMAN	100	10	10.482722943354572	0	true
sp|P21359|NF1_HUMAN	3	0	2.5071809990970304	0	true
sp|P21399|ACOHC_HUMAN	14	0	6.5459243208285915	0	true
sp|P21589|5NTD_HUMAN	5	0	5.220928690957585	0	true
sp|P21796|VDAC1_HUMAN	15	0	8.732180046908624	0	true
sp|P21912|SDHB_HUMAN	10	0	6.0581451115963265	0	true
sp|P21926|CD9_HUMAN	1	0	4.596358456623691	0	true
sp|P21964|COMT_HUMAN	5	0	5.951583999075732	0	true
sp|P21980|TGM2_HUMAN	14	0	6.343217311906447	0	true
sp|P22033|MUTA_HUMAN	4	0	2.1591729564647566	0	true
sp|P22059|OSBP1_HUMAN	8	2	7.399138121437207	0	true
sp|P22061|PIMT_HUMAN	7	0	7.228092454753053	0	true
sp|P22087|FBRL_HUMAN	12	0	8.143602747472563	0	true
sp|P22102|PUR2_HUMAN	39	0	9.52890404068936	0	true
sp|P22234|PUR6_HUMAN	16	0	9.617890750451934	0	true
sp|P22307|SCP2_HUMAN	6	0	7.218418531661635	0	true
sp|P22314|UBA1_HUMAN	38	0	9.838780385426595	0	true
sp|P22352|GPX3_HUMAN	1	0	2.4426389306506464	0	true
sp|P22392|NDKB_HUMAN	1	9	9.87747166259913	0	true
sp|P22570|ADRO_HUMAN	4	0	2.07447162553456	0	true
sp|P22626|ROA2_HUMAN	17	1	10.801389330016388	0	true
sp|P22670|RFX1_HUMAN	1	0	1.3468834980744506	0	true
sp|P22694|KAPCB_HUMAN	1	4	3.8144896387907705	0	true
sp|P22695|QCR2_HUMAN	11	0	6.700746310591326	0	true
sp|P22830|HEMH_HUMAN	5	0	2.901862811557068	0	true
sp|P23142|FBLN1_HUMAN	5	0	6.210275547993936	0	true
sp|P23193|TCEA1_HUMAN	11	0	6.812566948204993	0	true
sp|P23229|ITA6_HUMAN	9	0	6.06893283263993	0	true
sp|P23246|SFPQ_HUMAN	26	1	9.675742424125655	0	true
sp|P23258|TBG1_HUMAN	7	0	5.805071967348467	0	true
sp|P23284|PPIB_HUMAN	9	1	10.112089816678353	0	true
sp|P23368|MAOM_HUMAN	9	0	4.851315308510791	0	true
sp|P23381|SYWC_HUMAN	17	0	7.834198929586655	0	true
sp|P23396|RS3_HUMAN	17	0	8.185469846940588	0	true
sp|P23434|GCSH_HUMAN	2	0	4.692609653323676	0	true
sp|P23497|SP100_HUMAN	1	2	4.774342161069261	0	true
sp|P23511|NFYA_HUMAN	1	0	2.6437252035182737	0	true
sp|P23526|SAHH_HUMAN	21	0	9.78466455243944	0	true
sp|P23528|COF1_HUMAN	9	2	8.9230114816539	0	true
sp|P23588|IF4B_HUMAN	16	0	9.186004211940364	0	true
sp|P23634|AT2B4_HUMAN	9	4	7.2159147692931835	0	true
sp|P23743|DGKA_HUMAN	1	0	0.8509634584345107	0	true
sp|P23786|CPT2_HUMAN	8	0	6.584822032813699	0	true
sp|P23919|KTHY_HUMAN	8	0	5.0288357571536295	0	true
sp|P23921|RIR1_HUMAN	25	0	6.6823403510099	0	true
sp|P24390|ERD21_HUMAN;sp|P33947|ERD22_HUMAN	1	0	3.227973525787666	0	true
sp|P24534|EF1B_HUMAN	5	2	10.333874649596206	0	true
sp|P24539|AT5F1_HUMAN	6	0	7.268052042432594	0	true
sp|P24666|PPAC_HUMAN	6	0	7.424944812596315	0	true
sp|P24752|THIL_HUMAN	10	0	8.153646768764258	0	true
sp|P24821|TENA_HUMAN	1	0	0.7170746584482907	0	true
sp|P24928|RPB1_HUMAN	13	0	4.411613435205951	0	true
sp|P24941|CDK2_HUMAN	6	2	4.931194814027315	0	true
sp|P25098|ARBK1_HUMAN	1	0	1.7086750257488934	0	true
sp|P25205|MCM3_HUMAN	29	1	7.594343894022293	0	true
sp|P25208|NFYB_HUMAN	1	0	3.3907557530354064	0	true
sp|P25325|THTM_HUMAN	5	0	6.238663176675747	0	true
sp|P25398|RS12_HUMAN	6	0	9.251164056293684	0	true
sp|P25440|BRD2_HUMAN	1	1	1.8768345789795309	0	true
sp|P25445|TNR6_HUMAN	1	0	3.439140981229207	0	true
sp|P25490|TYY1_HUMAN	2	0	4.461350684029623	0	true
sp|P25685|DNJB1_HUMAN	8	1	6.664473679814709	0	true
sp|P25705|ATPA_HUMAN	25	0	10.551976371808452	0	true
sp|P25786|PSA1_HUMAN	13	0	9.330130141850397	0	true
sp|P25787|PSA2_HUMAN	5	0	8.92003462677342	0	true
sp|P25788|PSA3_HUMAN	9	0	9.60523740040348	0	true
sp|P25789|PSA4_HUMAN	9	0	9.461007031114459	0	true
sp|P25815|S100P_HUMAN	2	0	8.64936570382326	0	true
sp|P26006|ITA3_HUMAN	9	0	4.418709347387567	0	true
sp|P26012|ITB8_HUMAN	1	0	0.5974636546472932	0	true
sp|P26038|MOES_HUMAN	23	9	8.980642943402724	0	true
sp|P26196|DDX6_HUMAN	11	0	7.930379375340037	0	true
sp|P26358|DNMT1_HUMAN	23	0	7.61397705954763	0	true
sp|P26368|U2AF2_HUMAN	6	0	6.354830651368552	0	true
sp|P26373|RL13_HUMAN	11	0	8.266762130606415	0	true
sp|P26374|RAE2_HUMAN	1	0	0.5724172539636928	0	true
sp|P26440|IVD_HUMAN	5	0	2.556293567610521	0	true
sp|P26447|S10A4_HUMAN	5	0	8.649514745472194	0	true
sp|P26583|HMGB2_HUMAN	6	1	7.503879165097385	0	true
sp|P26599|PTBP1_HUMAN	10	2	9.41776228257249	0	true
sp|P26639|SYTC_HUMAN	29	0	8.740674937363083	0	true
sp|P26640|SYVC_HUMAN	35	0	8.20818312798081	0	true
sp|P26641|EF1G_HUMAN	18	0	9.464342446804311	0	true
sp|P26885|FKBP2_HUMAN	4	0	6.942689311924135	0	true
sp|P27105|STOM_HUMAN	8	0	6.4879744951493015	0	true
sp|P27338|AOFB_HUMAN	2	0	4.164283109333436	0	true
sp|P27348|1433T_HUMAN	9	5	9.480909915793736	0	true
sp|P27361|MK03_HUMAN	2	3	3.9372734563218694	0	true
sp|P27448|MARK3_HUMAN	2	1	2.663843507240402	0	true
sp|P27635|RL10_HUMAN	7	0	7.205191107780489	0	true
sp|P27694|RFA1_HUMAN	20	0	6.202232191332333	0	true
sp|P27695|APEX1_HUMAN	13	0	8.71179990549195	0	true
sp|P27707|DCK_HUMAN	2	0	2.0415032460433986	0	true
sp|P27708|PYR1_HUMAN	42	2	10.370907783393285	0	true
sp|P27797|CALR_HUMAN	15	0	10.41515188356364	0	true
sp|P27816|MAP4_HUMAN	28	0	8.404521505410713	0	true
sp|P27824|CALX_HUMAN	25	0	8.55242066275517	0	true
sp|P28062|PSB8_HUMAN	3	0	6.1033649771903145	0	true
sp|P28066|PSA5_HUMAN	8	0	8.19512726245562	0	true
sp|P28070|PSB4_HUMAN	5	0	9.341043534636611	0	true
sp|P28072|PSB6_HUMAN	4	0	6.919960847768331	0	true
sp|P28074|PSB5_HUMAN	9	0	10.047914994639788	0	true
sp|P28288|ABCD3_HUMAN	9	0	4.702660621135424	0	true
sp|P28290|ITPI2_HUMAN	10	0	2.7588819926701142	0	true
sp|P28331|NDUS1_HUMAN	25	0	7.561783769853872	0	true
sp|P28340|DPOD1_HUMAN	24	0	5.586675023874572	0	true
sp|P28482|MK01_HUMAN	4	3	3.9372734563218694	0	true
sp|P28715|ERCC5_HUMAN	4	0	1.9918245660519192	0	true
sp|P28799|GRN_HUMAN	2	0	5.024857840099473	0	true
sp|P28838|AMPL_HUMAN	10	0	8.324121800675716	0	true
sp|P29034|S10A2_HUMAN	1	0	0.6783245415483299	0	true
sp|P29083|T2EA_HUMAN	5	0	1.916482825796821	0	true
sp|P29084|T2EB_HUMAN	2	0	2.0459671231359775	0	true
sp|P29144|TPP2_HUMAN	22	0	6.766980517634626	0	true
sp|P29218|IMPA1_HUMAN	4	0	3.261650853065672	0	true
sp|P29317|EPHA2_HUMAN	8	0	6.8327417018940215	0	true
sp|P29353|SHC1_HUMAN	6	0	5.273105409901193	0	true
sp|P29372|3MG_HUMAN	2	0	2.1632255244884933	0	true
sp|P29401|TKT_HUMAN	23	0	10.844212021784921	0	true
sp|P29466|CASP1_HUMAN	8	0	3.9196951278836805	0	true
sp|P29508|SPB3_HUMAN	6	0	4.579275120500746	0	true
sp|P29590|PML_HUMAN	7	0	2.253822351328597	0	true
sp|P29692|EF1D_HUMAN	11	2	9.24749279683685	0	true
sp|P29992|GNA11_HUMAN	3	0	1.1822833936677657	0	true
sp|P30038|AL4A1_HUMAN	1	0	1.4511953650348786	0	true
sp|P30040|ERP29_HUMAN	10	0	7.333352898483294	0	true
sp|P30041|PRDX6_HUMAN	12	0	11.52873217667977	0	true
sp|P30043|BLVRB_HUMAN	8	0	10.415533824384196	0	true
sp|P30044|PRDX5_HUMAN	9	0	8.596571631021774	0	true
sp|P30046|DOPD_HUMAN	5	0	8.08646161386397	0	true
sp|P30047|GFRP_HUMAN	1	0	0.965322908232941	0	true
sp|P30048|PRDX3_HUMAN	6	0	9.361816214820404	0	true
sp|P30049|ATPD_HUMAN	1	0	7.566173631787956	0	true
sp|P30050|RL12_HUMAN	6	0	11.75484057433661	0	true
sp|P30084|ECHM_HUMAN	12	0	7.455105690506978	0	true
sp|P30085|KCY_HUMAN	10	0	7.602859000060646	0	true
sp|P30086|PEBP1_HUMAN	9	0	8.774449619607443	0	true
sp|P30101|PDIA3_HUMAN	25	0	10.388314382150783	0	true
sp|P30153|2AAA_HUMAN	18	5	10.82061026269089	0	true
sp|P30154|2AAB_HUMAN	2	5	10.82061026269089	0	true
sp|P30405|PPIF_HUMAN	4	0	6.053029151441263	0	true
sp|P30408|T4S1_HUMAN	1	0	6.282045315092895	0	true
sp|P30414|NKTR_HUMAN	1	0	0.5717404221649007	0	true
sp|P30419|NMT1_HUMAN	8	0	7.841384016581507	0	true
sp|P30519|HMOX2_HUMAN	6	0	5.948294087326259	0	true
sp|P30520|PURA2_HUMAN	9	0	7.933651383879908	0	true
sp|P30533|AMRP_HUMAN	7	0	5.3310916813286635	0	true
sp|P30536|TSPO_HUMAN	2	0	8.27037108001533	0	true
sp|P30566|PUR8_HUMAN	5	0	5.877915323974516	0	true
sp|P30613|KPYR_HUMAN	1	1	6.741170146948569	0	true
sp|P30622|CLIP1_HUMAN	11	0	5.849567769028701	0	true
sp|P30626|SORCN_HUMAN	8	0	5.118245149756211	0	true
sp|P30740|ILEU_HUMAN	10	0	7.092010382546594	0	true
sp|P30825|CTR1_HUMAN	2	1	5.7444671213704765	0	true
sp|P30837|AL1B1_HUMAN	6	0	5.392697570577972	0	true
sp|P30876|RPB2_HUMAN	15	0	3.6468977373713938	0	true
sp|P31040|SDHA_HUMAN	17	0	7.664678853606717	0	true
sp|P31150|GDIA_HUMAN	7	8	7.726566447502444	0	true
sp|P31153|METK2_HUMAN	13	2	9.885242624440574	0	true
sp|P31327|CPSM_HUMAN	59	2	10.81792436722299	0	true
sp|P31350|RIR2_HUMAN	8	0	7.289014731656707	0	true
sp|P31431|SDC4_HUMAN	2	0	2.439430709951183	0	true
sp|P31483|TIA1_HUMAN	5	3	7.383912514644251	0	true
sp|P31689|DNJA1_HUMAN	7	0	6.981067385429427	0	true
sp|P31930|QCR1_HUMAN	14	0	7.4619205497445815	0	true
sp|P31937|3HIDH_HUMAN	6	0	8.903431308208214	0	true
sp|P31939|PUR9_HUMAN	28	0	7.779564763931839	0	true
sp|P31942|HNRH3_HUMAN	8	1	8.70735392660986	0	true
sp|P31943|HNRH1_HUMAN	8	6	9.489690581546112	0	true
sp|P31946|1433B_HUMAN	4	6	10.549251826079358	0	true
sp|P31947|1433S_HUMAN	8	4	7.362000037654709	0	true
sp|P31948|STIP1_HUMAN	29	1	8.43449434112572	0	true
sp|P31949|S10AB_HUMAN	3	0	8.125693130698403	0	true
sp|P32004|L1CAM_HUMAN	18	0	6.868686484196404	0	true
sp|P32119|PRDX2_HUMAN	8	1	6.633593712675709	0	true
sp|P32121|ARRB2_HUMAN	2	0	2.393738788397145	0	true
sp|P32320|CDD_HUMAN	3	0	7.998178795880066	0	true
sp|P32321|DCTD_HUMAN	3	0	6.001239968787035	0	true
sp|P32322|P5CR1_HUMAN	5	1	6.085745542701516	0	true
sp|P32929|CGL_HUMAN	4	0	4.432575487172646	0	true
sp|P32969|RL9_HUMAN	7	0	9.751854010902237	0	true
sp|P33176|KINH_HUMAN	30	0	5.989527476215056	0	true
sp|P33240|CSTF2_HUMAN	3	4	5.9788625296181435	0	true
sp|P33316|DUT_HUMAN	10	0	8.665851043468413	0	true
sp|P33527|MRP1_HUMAN	5	0	3.0397710654452084	0	true
sp|P33897|ABCD1_HUMAN	3	0	5.189400219420254	0	true
sp|P33981|TTK_HUMAN	1	0	2.562975464163115	0	true
sp|P33991|MCM4_HUMAN	26	0	9.56352051894778	0	true
sp|P33992|MCM5_HUMAN	29	1	7.2786790248498	0	true
sp|P33993|MCM7_HUMAN	21	0	9.461975926508678	0	true
sp|P34059|GALNS_HUMAN	2	0	1.0616431934219948	0	true
sp|P34896|GLYC_HUMAN	8	1	7.2654254995676615	0	true
sp|P34897|GLYM_HUMAN	19	1	9.777829473196904	0	true
sp|P34931|HS71L_HUMAN	0	12	10.653276111569507	0	true
sp|P34932|HSP74_HUMAN	28	2	8.821912854520761	0	true
sp|P34949|MPI_HUMAN	10	0	6.478396103240958	0	true
sp|P35052|GPC1_HUMAN	6	0	3.3567064219049882	0	true
sp|P35080|PROF2_HUMAN	2	0	5.3357939819509514	0	true
sp|P35221|CTNA1_HUMAN	6	0	5.480110786966949	0	true
sp|P35232|PHB1_HUMAN	16	0	9.896041787222941	0	true
sp|P35237|SPB6_HUMAN	11	1	7.64548126094488	0	true
sp|P35241|RADI_HUMAN	15	10	8.134804957697046	0	true
sp|P35244|RFA3_HUMAN	4	0	4.756157047795706	0	true
sp|P35249|RFC4_HUMAN	12	0	6.452967532032729	0	true
sp|P35250|RFC2_HUMAN	10	0	6.196945470319467	0	true
sp|P35251|RFC1_HUMAN	5	0	4.828602718539755	0	true
sp|P35268|RL22_HUMAN	2	0	8.054050269744906	0	true
sp|P35269|T2FA_HUMAN	6	0	2.6439170340802756	0	true
sp|P35270|SPRE_HUMAN	8	0	8.69835610568888	0	true
sp|P35354|PGH2_HUMAN	4	0	1.0692191189424431	0	true
sp|P35443|TSP4_HUMAN	2	1	4.878825120162617	0	true
sp|P35520|CBS_HUMAN	10	0	5.936280593504084	0	true
sp|P35573|GDE_HUMAN	3	0	2.2498131903929584	0	true
sp|P35579|MYH9_HUMAN	80	9	9.246323124163151	0	true
sp|P35580|MYH10_HUMAN	3	9	9.246323124163151	0	true
sp|P35606|COPB2_HUMAN	21	0	7.6743137991705614	0	true
sp|P35610|SOAT1_HUMAN	5	0	6.154120654627885	0	true
sp|P35611|ADDA_HUMAN	1	0	0.7536331659379244	0	true
sp|P35613|BASI_HUMAN	9	0	7.590665923604832	0	true
sp|P35637|FUS_HUMAN	5	2	7.535119950531432	0	true
sp|P35658|NU214_HUMAN	29	0	5.9668806518213096	0	true
sp|P35659|DEK_HUMAN	8	0	8.689953818487494	0	true
sp|P35813|PPM1A_HUMAN	3	1	4.501883467687384	0	true
sp|P35914|HMGCL_HUMAN	3	0	2.5441707588049653	0	true
sp|P35998|PRS7_HUMAN	19	0	8.250692737880012	0	true
sp|P36404|ARL2_HUMAN	2	0	5.278317274779989	0	true
sp|P36405|ARL3_HUMAN	4	0	5.232211592679537	0	true
sp|P36507|MP2K2_HUMAN	4	5	9.021973874912428	0	true
sp|P36542|ATPG_HUMAN	10	0	8.227893226212668	0	true
sp|P36543|VATE1_HUMAN	5	0	9.007771122222334	0	true
sp|P36551|HEM6_HUMAN	4	0	1.8565546021374966	0	true
sp|P36578|RL4_HUMAN	16	0	10.163368376688387	0	true
sp|P36639|8ODP_HUMAN	3	0	2.597854079131473	0	true
sp|P36776|LONM_HUMAN	20	0	8.776833729707564	0	true
sp|P36871|PGM1_HUMAN	23	0	8.655944002951996	0	true
sp|P36873|PP1G_HUMAN	2	10	9.014760909879897	0	true
sp|P36915|GNL1_HUMAN	2	0	5.6373106108761855	0	true
sp|P36952|SPB5_HUMAN	16	0	9.754049103235253	0	true
sp|P36954|RPB9_HUMAN	2	0	2.568777142702799	0	true
sp|P36955|PEDF_HUMAN	5	0	9.502352681824352	0	true
sp|P36957|ODO2_HUMAN	10	0	6.434516362146711	0	true
sp|P36969|GPX4_HUMAN	1	0	4.276456565285945	0	true
sp|P37108|SRP14_HUMAN	5	0	8.91496778291283	0	true
sp|P37198|NUP62_HUMAN	6	0	4.772531454201571	0	true
sp|P37235|HPCL1_HUMAN	6	0	5.81552804616309	0	true
sp|P37802|TAGL2_HUMAN	13	0	8.444105565609876	0	true
sp|P37837|TALDO_HUMAN	13	0	7.992271517029918	0	true
sp|P38117|ETFB_HUMAN	14	0	8.96525168655149	0	true
sp|P38159|RBMX_HUMAN	4	11	8.973885651614745	0	true
sp|P38432|COIL_HUMAN	2	0	4.839015663109858	0	true
sp|P38435|VKGC_HUMAN	2	0	1.7004635994666926	0	true
sp|P38606|VATA_HUMAN	18	0	8.964971217643738	0	true
sp|P38646|GRP75_HUMAN	32	2	10.642404257507565	0	true
sp|P38919|IF4A3_HUMAN	15	3	8.16137387899895	0	true
sp|P38935|SMBP2_HUMAN	1	0	1.1773775103927488	0	true
sp|P39019|RS19_HUMAN	8	0	8.006479535916053	0	true
sp|P39023|RL3_HUMAN	14	0	11.636584560895926	0	true
sp|P39656|OST48_HUMAN	7	0	6.866561094435318	0	true
sp|P39687|AN32A_HUMAN	8	2	8.739914754182928	0	true
sp|P39748|FEN1_HUMAN	12	0	8.982776077062416	0	true
sp|P40121|CAPG_HUMAN	9	0	9.379227344824281	0	true
sp|P40123|CAP2_HUMAN	1	1	4.80877203299815	0	true
sp|P40222|TXLNA_HUMAN	6	0	5.816651065924605	0	true
sp|P40227|TCPZ_HUMAN	15	0	9.96145678019252	0	true
sp|P40261|NNMT_HUMAN	8	0	10.262596552109681	0	true
sp|P40424|PBX1_HUMAN;sp|P40425|PBX2_HUMAN	1	0	2.080989106594331	0	true
sp|P40429|RL13A_HUMAN	7	0	7.2886652724559875	0	true
sp|P40616|ARL1_HUMAN	4	0	5.176293691871262	0	true
sp|P40692|MLH1_HUMAN	5	0	3.7035318805152295	0	true
sp|P40763|STAT3_HUMAN	9	0	5.357102974937079	0	true
sp|P40818|UBP8_HUMAN	2	0	4.020269612856772	0	true
sp|P40855|PEX19_HUMAN	3	0	5.188980988230882	0	true
sp|P40925|MDHC_HUMAN	8	0	9.365867279292642	0	true
sp|P40926|MDHM_HUMAN	16	0	9.031445850911263	0	true
sp|P40937|RFC5_HUMAN	13	0	5.223455959571873	0	true
sp|P40938|RFC3_HUMAN	8	0	7.862933021469781	0	true
sp|P40939|ECHA_HUMAN	22	0	9.01208733658691	0	true
sp|P41091|IF2G_HUMAN	14	0	10.058007204151485	0	true
sp|P41214|EIF2D_HUMAN	8	0	7.517653316835747	0	true
sp|P41223|BUD31_HUMAN	5	0	7.219111476408286	0	true
sp|P41227|NAA10_HUMAN	9	0	5.897834444192562	0	true
sp|P41236|IPP2_HUMAN	2	0	8.00948926618399	0	true
sp|P41240|CSK_HUMAN	5	0	2.965555788035814	0	true
sp|P41247|PLPL4_HUMAN	2	0	3.3145564693343954	0	true
sp|P41250|GARS_HUMAN	22	0	7.2129765900859475	0	true
sp|P41252|SYIC_HUMAN	33	0	7.067319915964872	0	true
sp|P41567|EIF1_HUMAN	3	0	8.752506771011603	0	true
sp|P41743|KPCI_HUMAN	2	0	3.663240944378429	0	true
sp|P42025|ACTY_HUMAN	1	5	3.875260112781974	0	true
sp|P42126|ECI1_HUMAN	5	0	7.597732020498302	0	true
sp|P42166|LAP2A_HUMAN	18	0	9.069285481332473	0	true
sp|P42224|STAT1_HUMAN	10	0	5.186527330831112	0	true
sp|P42226|STAT6_HUMAN	2	0	2.066129412722786	0	true
sp|P42229|STA5A_HUMAN	1	2	3.0131883959381485	0	true
sp|P42285|MTREX_HUMAN	16	0	6.218005307114747	0	true
sp|P42330|AK1C3_HUMAN	12	2	10.85856159698279	0	true
sp|P42345|MTOR_HUMAN	10	0	4.063398888636122	0	true
sp|P42356|PI4KA_HUMAN	1	0	1.2115784735639916	0	true
sp|P42566|EPS15_HUMAN	4	0	3.8043959748107543	0	true
sp|P42574|CASP3_HUMAN	3	0	3.0765404434918007	0	true
sp|P42677|RS27_HUMAN	1	2	7.583819418321648	0	true
sp|P42684|ABL2_HUMAN	1	0	0.7877849679495924	0	true
sp|P42695|CNDD3_HUMAN	6	0	3.1737359694786016	0	true
sp|P42696|RBM34_HUMAN	6	0	6.617931100529683	0	true
sp|P42704|LPPRC_HUMAN	47	1	8.61138591713268	0	true
sp|P42765|THIM_HUMAN	11	0	7.897597003151949	0	true
sp|P42766|RL35_HUMAN	2	1	7.362404869642792	0	true
sp|P42771|CDN2A_HUMAN	3	0	8.610053575870813	0	true
sp|P42785|PCP_HUMAN	1	0	4.553152951264192	0	true
sp|P42858|HD_HUMAN	2	0	1.9169765449429887	0	true
sp|P42892|ECE1_HUMAN	3	0	2.6809124260011616	0	true
sp|P43003|EAA1_HUMAN	1	0	3.73026706895756	0	true
sp|P43034|LIS1_HUMAN	11	0	8.27749691005308	0	true
sp|P43121|MUC18_HUMAN	6	0	5.833077631450299	0	true
sp|P43243|MATR3_HUMAN	27	0	9.340277630595962	0	true
sp|P43246|MSH2_HUMAN	26	0	7.909088901468729	0	true
sp|P43304|GPDM_HUMAN	17	0	8.12251689545546	0	true
sp|P43307|SSRA_HUMAN	4	0	7.860127823354226	0	true
sp|P43353|AL3B1_HUMAN	2	1	3.290718525887505	0	true
sp|P43487|RANG_HUMAN	4	0	6.744297882031275	0	true
sp|P43490|NAMPT_HUMAN	15	0	6.9663408576027654	0	true
sp|P43686|PRS6B_HUMAN	11	1	8.62139796259657	0	true
sp|P43897|EFTS_HUMAN	8	0	7.537073340167702	0	true
sp|P45877|PPIC_HUMAN	1	1	3.5614838115448415	0	true
sp|P45880|VDAC2_HUMAN	13	0	8.390669645389291	0	true
sp|P45973|CBX5_HUMAN	8	1	6.26925950824589	0	true
sp|P45974|UBP5_HUMAN	21	0	6.595961260691419	0	true
sp|P46013|KI67_HUMAN	61	0	6.823517886311496	0	true
sp|P46020|KPB1_HUMAN	1	0	3.051344128344306	0	true
sp|P46060|RAGP1_HUMAN	18	0	7.7164724194106356	0	true
sp|P46063|RECQ1_HUMAN	21	0	7.854684529901539	0	true
sp|P46087|NOP2_HUMAN	18	0	8.096602050490532	0	true
sp|P46100|ATRX_HUMAN	7	1	4.181324058917619	0	true
sp|P46108|CRK_HUMAN	4	0	5.578250724653536	0	true
sp|P46109|CRKL_HUMAN	3	0	5.532327673635067	0	true
sp|P46199|IF2M_HUMAN	1	0	2.3663745803666503	0	true
sp|P46379|BAG6_HUMAN	8	0	5.545025111508033	0	true
sp|P46459|NSF_HUMAN	12	1	5.279878612828636	0	true
sp|P46734|MP2K3_HUMAN	3	2	4.015764758421656	0	true
sp|P46736|BRCC3_HUMAN	3	0	3.694685940967089	0	true
sp|P46776|RL27A_HUMAN	5	0	7.928793582708114	0	true
sp|P46777|RL5_HUMAN	13	0	8.643253859148967	0	true
sp|P46778|RL21_HUMAN	6	0	10.895013329086849	0	true
sp|P46779|RL28_HUMAN	6	0	7.16495837905658	0	true
sp|P46781|RS9_HUMAN	14	0	6.276557818054755	0	true
sp|P46782|RS5_HUMAN	7	0	8.426553358105814	0	true
sp|P46783|RS10_HUMAN	8	0	9.161818714557556	0	true
sp|P46926|GNPI1_HUMAN	1	2	4.593113098681724	0	true
sp|P46934|NEDD4_HUMAN	3	0	5.770935875703368	0	true
sp|P46937|YAP1_HUMAN	2	0	2.1704416555784043	0	true
sp|P46939|UTRN_HUMAN	2	1	4.30673885991478	0	true
sp|P46940|IQGA1_HUMAN	58	0	9.67928683291006	0	true
sp|P46976|GLYG_HUMAN	3	0	7.069361375051109	0	true
sp|P46977|STT3A_HUMAN	6	0	5.176740272913205	0	true
sp|P47224|MSS4_HUMAN	1	0	1.2081057568239502	0	true
sp|P47712|PA24A_HUMAN	11	0	6.043488030972479	0	true
sp|P47755|CAZA2_HUMAN	6	1	7.591829989813247	0	true
sp|P47756|CAPZB_HUMAN	9	0	7.383079166345854	0	true
sp|P47897|SYQ_HUMAN	23	1	7.364794495710791	0	true
sp|P47914|RL29_HUMAN	2	0	9.941627780209075	0	true
sp|P47985|UCRI_HUMAN	1	7	6.689522143757857	0	true
sp|P48047|ATPO_HUMAN	10	0	8.984835299164734	0	true
sp|P48059|LIMS1_HUMAN;sp|Q7Z4I7|LIMS2_HUMAN	1	0	3.0785689353064836	0	true
sp|P48147|PPCE_HUMAN	10	0	5.932290742389813	0	true
sp|P48163|MAOX_HUMAN	12	0	5.30842091339903	0	true
sp|P48382|RFX5_HUMAN	4	0	3.9203157478466015	0	true
sp|P48444|COPD_HUMAN	16	0	7.310697322903382	0	true
sp|P48506|GSH1_HUMAN	4	0	3.6435195996938967	0	true
sp|P48507|GSH0_HUMAN	6	0	5.812318787894678	0	true
sp|P48509|CD151_HUMAN	3	0	2.9293236143538994	0	true
sp|P48556|PSMD8_HUMAN	8	0	4.998168307252106	0	true
sp|P48634|PRC2A_HUMAN	10	0	3.32218164489791	0	true
sp|P48637|GSHB_HUMAN	15	0	6.831875263004178	0	true
sp|P48643|TCPE_HUMAN	26	0	7.823151714550696	0	true
sp|P48651|PTSS1_HUMAN	1	0	4.558904790158047	0	true
sp|P48681|NEST_HUMAN	2	0	1.894170747701505	0	true
sp|P48723|HSP13_HUMAN	2	0	1.0919899102804436	0	true
sp|P48729|KC1A_HUMAN	7	0	4.005769322748029	0	true
sp|P48735|IDHP_HUMAN	6	1	5.434422931875519	0	true
sp|P48739|PIPNB_HUMAN	5	0	6.159730581724302	0	true
sp|P48960|AGRE5_HUMAN	6	0	7.710282282506835	0	true
sp|P49005|DPOD2_HUMAN	6	0	5.365878729032414	0	true
sp|P49006|MRP_HUMAN	2	0	4.412589733188009	0	true
sp|P49023|PAXI_HUMAN	6	0	5.586440315186614	0	true
sp|P49189|AL9A1_HUMAN	17	0	6.730889759190802	0	true
sp|P49207|RL34_HUMAN	7	0	7.120254603306342	0	true
sp|P49257|LMAN1_HUMAN	8	0	7.4352238718570876	0	true
sp|P49321|NASP_HUMAN	21	0	9.615045782386078	0	true
sp|P49327|FAS_HUMAN	69	0	11.481443524966098	0	true
sp|P49354|FNTA_HUMAN	3	0	3.708767736866671	0	true
sp|P49366|DHYS_HUMAN	2	0	1.6342793884842663	0	true
sp|P49368|TCPG_HUMAN	26	0	7.990469000794216	0	true
sp|P49406|RM19_HUMAN	5	0	4.082925882998238	0	true
sp|P49411|EFTU_HUMAN	23	0	9.064390535587483	0	true
sp|P49419|AL7A1_HUMAN	17	0	7.131770244810806	0	true
sp|P49441|INPP_HUMAN	1	0	1.865014453341749	0	true
sp|P49458|SRP09_HUMAN	5	0	9.252102058420338	0	true
sp|P49585|PCY1A_HUMAN	7	0	6.274719766536065	0	true
sp|P49588|SYAC_HUMAN	29	0	9.364336115313659	0	true
sp|P49589|SYCC_HUMAN	20	0	8.359706161038295	0	true
sp|P49590|SYHM_HUMAN	2	5	5.674073311267052	0	true
sp|P49591|SYSC_HUMAN	12	0	7.075948054836906	0	true
sp|P49593|PPM1F_HUMAN	1	0	3.4331355034059063	0	true
sp|P49642|PRI1_HUMAN	6	0	5.352087552831429	0	true
sp|P49643|PRI2_HUMAN	5	0	3.7643618990523944	0	true
sp|P49662|CASP4_HUMAN	1	0	1.2563622963297898	0	true
sp|P49711|CTCF_HUMAN	4	0	3.1637807518017462	0	true
sp|P49720|PSB3_HUMAN	6	0	7.917825135879049	0	true
sp|P49721|PSB2_HUMAN	5	0	6.841288712831016	0	true
sp|P49736|MCM2_HUMAN	24	0	8.121621611897812	0	true
sp|P49747|COMP_HUMAN	6	1	4.88595617306136	0	true
sp|P49748|ACADV_HUMAN	27	0	9.986502445169753	0	true
sp|P49750|YLPM1_HUMAN	8	0	5.25394415596031	0	true
sp|P49753|ACOT2_HUMAN;sp|Q86TX2|ACOT1_HUMAN	8	0	4.311007704733541	0	true
sp|P49755|TMEDA_HUMAN	2	0	7.475214830526379	0	true
sp|P49756|RBM25_HUMAN	17	0	7.771938102521658	0	true
sp|P49757|NUMB_HUMAN	3	0	4.522305564922538	0	true
sp|P49770|EI2BB_HUMAN	5	0	6.65447410208204	0	true
sp|P49773|HINT1_HUMAN	7	0	8.577048733848525	0	true
sp|P49790|NU153_HUMAN	14	0	5.729192894605705	0	true
sp|P49792|RBP2_HUMAN	53	0	8.529858443011204	0	true
sp|P49821|NDUV1_HUMAN	7	0	5.643504689043076	0	true
sp|P49840|GSK3A_HUMAN	1	0	1.3002979916886126	0	true
sp|P49841|GSK3B_HUMAN	3	0	3.2109016021546934	0	true
sp|P49848|TAF6_HUMAN	1	0	0.7869957562028864	0	true
sp|P49888|ST1E1_HUMAN	1	0	1.6287895624948425	0	true
sp|P49902|5NTC_HUMAN	4	0	5.065807505834096	0	true
sp|P49903|SPS1_HUMAN	3	0	8.335892108234464	0	true
sp|P49914|MTHFS_HUMAN	1	0	4.543006787590278	0	true
sp|P49915|GUAA_HUMAN	25	0	9.063090386253032	0	true
sp|P49916|DNLI3_HUMAN	10	0	2.8395355446213144	0	true
sp|P49959|MRE11_HUMAN	9	1	6.560303295603767	0	true
sp|P50135|HNMT_HUMAN	2	0	3.1660540535100594	0	true
sp|P50151|GBG10_HUMAN	1	0	2.426811051444526	0	true
sp|P50213|IDH3A_HUMAN	12	0	7.866260741602122	0	true
sp|P50238|CRIP1_HUMAN	4	0	10.308417935530992	0	true
sp|P50336|PPOX_HUMAN	2	0	2.328763406100434	0	true
sp|P50395|GDIB_HUMAN	14	8	7.591924474524895	0	true
sp|P50402|EMD_HUMAN	7	0	6.4994750922429905	0	true
sp|P50416|CPT1A_HUMAN	18	0	8.611437899825734	0	true
sp|P50452|SPB8_HUMAN	7	1	5.111292411313613	0	true
sp|P50454|SERPH_HUMAN	13	0	8.712311625385317	0	true
sp|P50502|F10A1_HUMAN	8	0	7.088644608133036	0	true
sp|P50542|PEX5_HUMAN	2	0	2.5927897375998827	0	true
sp|P50552|VASP_HUMAN	8	0	8.553036221341673	0	true
sp|P50570|DYN2_HUMAN	18	0	5.944544748278646	0	true
sp|P50579|MAP2_HUMAN	7	0	7.390631733172593	0	true
sp|P50583|AP4A_HUMAN	3	0	5.163018540075276	0	true
sp|P50747|BPL1_HUMAN	1	0	2.4068356047147237	0	true
sp|P50748|KNTC1_HUMAN	4	0	4.586552082669297	0	true
sp|P50750|CDK9_HUMAN	3	1	5.785513024637964	0	true
sp|P50851|LRBA_HUMAN	10	0	5.48972118115679	0	true
sp|P50897|PPT1_HUMAN	5	0	3.2462144513483615	0	true
sp|P50914|RL14_HUMAN	4	0	9.193203312254495	0	true
sp|P50990|TCPQ_HUMAN	29	0	9.638922559657509	0	true
sp|P50991|TCPD_HUMAN	27	1	9.988887465832281	0	true
sp|P50995|ANX11_HUMAN	14	0	8.243736711928522	0	true
sp|P51003|PAPOA_HUMAN	4	0	4.477987718349899	0	true
sp|P51114|FXR1_HUMAN	10	2	4.98774494797553	0	true
sp|P51116|FXR2_HUMAN	4	3	6.1657450744041755	0	true
sp|P51148|RAB5C_HUMAN	5	3	9.09552527677287	0	true
sp|P51149|RAB7A_HUMAN	12	0	8.908544280033748	0	true
sp|P51151|RAB9A_HUMAN	3	1	3.7086049826362495	0	true
sp|P51153|RAB13_HUMAN	4	2	6.372310747242283	0	true
sp|P51159|RB27A_HUMAN	1	0	1.4112262780309879	0	true
sp|P51397|DAP1_HUMAN	1	0	2.105121085679176	0	true
sp|P51398|RT29_HUMAN	8	0	6.814341911854001	0	true
sp|P51452|DUS3_HUMAN	2	0	1.8442811331823878	0	true
sp|P51511|MMP15_HUMAN	1	0	0.9696816862388005	0	true
sp|P51531|SMCA2_HUMAN	1	6	4.262293489957047	0	true
sp|P51532|SMCA4_HUMAN	6	6	4.534929807611286	0	true
sp|P51553|IDH3G_HUMAN	4	0	4.630239051620366	0	true
sp|P51570|GALK1_HUMAN	6	0	6.265984256942153	0	true
sp|P51571|SSRD_HUMAN	4	0	9.65292349324008	0	true
sp|P51572|BAP31_HUMAN	9	0	5.876622655730171	0	true
sp|P51580|TPMT_HUMAN	6	0	2.959484901107228	0	true
sp|P51610|HCFC1_HUMAN	17	0	4.250727715256077	0	true
sp|P51617|IRAK1_HUMAN	1	0	1.9271692528120545	0	true
sp|P51648|AL3A2_HUMAN	6	1	6.867707031745087	0	true
sp|P51649|SSDH_HUMAN	2	0	1.5074199682395664	0	true
sp|P51659|DHB4_HUMAN	20	0	9.474232670647217	0	true
sp|P51665|PSMD7_HUMAN	4	0	7.107765097642034	0	true
sp|P51668|UB2D1_HUMAN;sp|Q9Y2X8|UB2D4_HUMAN	1	1	3.9969175276078444	0	true
sp|P51692|STA5B_HUMAN	3	2	2.341258577797806	0	true
sp|P51784|UBP11_HUMAN	2	1	2.3804352620031914	0	true
sp|P51808|DYLT3_HUMAN	1	0	4.994066615030727	0	true
sp|P51809|VAMP7_HUMAN	4	0	4.328035052205232	0	true
sp|P51812|KS6A3_HUMAN	8	4	5.086058583396768	0	true
sp|P51858|HDGF_HUMAN	13	1	9.552126660158763	0	true
sp|P51884|LUM_HUMAN	3	0	5.63091697407787	0	true
sp|P51946|CCNH_HUMAN	2	0	1.6066351040671103	0	true
sp|P51948|MAT1_HUMAN	1	0	2.0466456155040578	0	true
sp|P51970|NDUA8_HUMAN	6	0	6.265816392980522	0	true
sp|P51991|ROA3_HUMAN	9	1	8.22520073483405	0	true
sp|P52209|6PGD_HUMAN	14	0	7.873599710409023	0	true
sp|P52272|HNRPM_HUMAN	32	0	10.622013540345954	0	true
sp|P52292|IMA1_HUMAN	9	0	9.066747083796743	0	true
sp|P52294|IMA5_HUMAN	2	6	8.403876132076954	0	true
sp|P52298|NCBP2_HUMAN	2	0	3.6077654342894276	0	true
sp|P52306|GDS1_HUMAN	10	0	4.390930183991434	0	true
sp|P52434|RPAB3_HUMAN	3	0	7.293162957457197	0	true
sp|P52435|RPB11_HUMAN;sp|Q9GZM3|RPB1B_HUMAN;sp|Q9H1A7|RPB1C_HUMAN	1	0	2.5735411957253116	0	true
sp|P52564|MP2K6_HUMAN	5	2	3.4808446878113877	0	true
sp|P52565|GDIR1_HUMAN	6	0	8.39697649251297	0	true
sp|P52569|CTR2_HUMAN	6	1	4.817707325697268	0	true
sp|P52594|AGFG1_HUMAN	3	0	5.840120261120477	0	true
sp|P52597|HNRPF_HUMAN	10	2	9.004695122766366	0	true
sp|P52701|MSH6_HUMAN	30	0	7.658590867294682	0	true
sp|P52732|KIF11_HUMAN	9	0	2.7160170923818243	0	true
sp|P52735|VAV2_HUMAN	2	0	4.714657658257384	0	true
sp|P52756|RBM5_HUMAN	3	0	2.7235968567085735	0	true
sp|P52758|RIDA_HUMAN	3	0	6.085556653242075	0	true
sp|P52788|SPSY_HUMAN	13	0	7.012594599517369	0	true
sp|P52789|HXK2_HUMAN	13	2	4.973271846823741	0	true
sp|P52815|RM12_HUMAN	4	0	6.163105729033625	0	true
sp|P52888|THOP1_HUMAN	15	0	7.608770402287736	0	true
sp|P52895|AK1C2_HUMAN	1	2	6.79078918939965	0	true
sp|P52907|CAZA1_HUMAN	9	1	7.73528592305317	0	true
sp|P52943|CRIP2_HUMAN	8	0	5.712418832125606	0	true
sp|P52948|NUP98_HUMAN	17	0	7.263802921124308	0	true
sp|P53004|BIEA_HUMAN	6	0	6.0612066240382125	0	true
sp|P53007|TXTP_HUMAN	4	0	5.257585893716506	0	true
sp|P53041|PPP5_HUMAN	4	0	4.98783324479717	0	true
sp|P53350|PLK1_HUMAN	1	0	1.35400158881843	0	true
sp|P53365|ARFP2_HUMAN	2	0	6.321102388317545	0	true
sp|P53367|ARFP1_HUMAN	3	0	1.7905250145757592	0	true
sp|P53396|ACLY_HUMAN	43	0	8.752420001310538	0	true
sp|P53582|MAP11_HUMAN	8	0	6.573414743957675	0	true
sp|P53597|SUCA_HUMAN	4	0	7.196423134864159	0	true
sp|P53602|MVD1_HUMAN	3	0	4.155997502115227	0	true
sp|P53611|PGTB2_HUMAN	4	0	4.397413334707465	0	true
sp|P53618|COPB_HUMAN	26	0	7.458636962064557	0	true
sp|P53621|COPA_HUMAN	34	1	7.9085975803688155	0	true
sp|P53634|CATC_HUMAN	5	0	3.8456623657064384	0	true
sp|P53701|CCHL_HUMAN	9	0	6.869380904530942	0	true
sp|P53801|PTTG_HUMAN	2	0	2.55698205171456	0	true
sp|P53985|MOT1_HUMAN	1	0	8.987816744227244	0	true
sp|P53990|IST1_HUMAN	2	0	2.4248180241237955	0	true
sp|P53992|SC24C_HUMAN	12	0	7.054236942743199	0	true
sp|P53999|TCP4_HUMAN	6	0	7.513939267303407	0	true
sp|P54098|DPOG1_HUMAN	1	0	1.4379662551884314	0	true
sp|P54105|ICLN_HUMAN	4	0	7.473397723503619	0	true
sp|P54136|SYRC_HUMAN	28	0	8.659615242563685	0	true
sp|P54278|PMS2_HUMAN	3	0	2.5336365795847406	0	true
sp|P54289|CA2D1_HUMAN	8	0	2.9683023234334596	0	true
sp|P54577|SYYC_HUMAN	27	0	8.310673695746953	0	true
sp|P54578|UBP14_HUMAN	17	0	7.084893651631026	0	true
sp|P54619|AAKG1_HUMAN	1	0	2.0001558440997216	0	true
sp|P54652|HSP72_HUMAN	1	7	10.653276111569507	0	true
sp|P54709|AT1B3_HUMAN	8	0	5.914627328238486	0	true
sp|P54725|RD23A_HUMAN	3	2	5.6045869625537295	0	true
sp|P54727|RD23B_HUMAN	8	2	9.270557780872554	0	true
sp|P54802|ANAG_HUMAN	1	0	3.132527020331754	0	true
sp|P54819|KAD2_HUMAN	11	0	8.300498802706322	0	true
sp|P54886|P5CS_HUMAN	21	0	7.608721194230552	0	true
sp|P54920|SNAA_HUMAN	9	0	7.088463635343918	0	true
sp|P55010|IF5_HUMAN	11	0	5.976535275063718	0	true
sp|P55011|S12A2_HUMAN	3	0	4.082398408380521	0	true
sp|P55036|PSMD4_HUMAN	6	3	7.816800834241811	0	true
sp|P55039|DRG2_HUMAN	3	0	4.17253994903939	0	true
sp|P55058|PLTP_HUMAN	1	0	3.6145290850860987	0	true
sp|P55060|XPO2_HUMAN	27	0	8.460146238354277	0	true
sp|P55072|TERA_HUMAN	35	0	8.357562580454655	0	true
sp|P55081|MFAP1_HUMAN	2	1	2.004719399833745	0	true
sp|P55084|ECHB_HUMAN	17	0	7.034419704852499	0	true
sp|P55145|MANF_HUMAN	5	0	6.816118855621691	0	true
sp|P55196|AFAD_HUMAN	4	0	1.0275820342828081	0	true
sp|P55199|ELL_HUMAN	1	0	1.9360613441652383	0	true
sp|P55209|NP1L1_HUMAN	6	1	8.330644237915221	0	true
sp|P55210|CASP7_HUMAN	2	0	2.8576661483337813	0	true
sp|P55211|CASP9_HUMAN	3	0	3.5233940465755045	0	true
sp|P55263|ADK_HUMAN	10	0	5.820198411556199	0	true
sp|P55265|DSRAD_HUMAN	25	0	6.081964082904273	0	true
sp|P55327|TPD52_HUMAN	6	0	7.007612251649103	0	true
sp|P55735|SEC13_HUMAN	7	0	5.803797368071511	0	true
sp|P55769|NH2L1_HUMAN	5	0	7.2536674648080455	0	true
sp|P55786|PSA_HUMAN	29	0	9.082517555632862	0	true
sp|P55789|ALR_HUMAN	1	0	1.6761246952117193	0	true
sp|P55795|HNRH2_HUMAN	5	5	9.489690581546112	0	true
sp|P55809|SCOT1_HUMAN	13	0	8.214386597071712	0	true
sp|P55854|SUMO3_HUMAN	1	1	8.772740444236854	0	true
sp|P55884|EIF3B_HUMAN	20	0	10.817884502815774	0	true
sp|P55957|BID_HUMAN	2	0	6.29568136988463	0	true
sp|P56134|ATPK_HUMAN	2	0	7.972205918695061	0	true
sp|P56182|RRP1_HUMAN	8	0	5.199422008687962	0	true
sp|P56192|SYMC_HUMAN	23	0	7.710775338722023	0	true
sp|P56199|ITA1_HUMAN	9	0	4.8822750637412415	0	true
sp|P56211|ARP19_HUMAN	2	1	3.9360893952292075	0	true
sp|P56270|MAZ_HUMAN	2	0	3.4176008131707953	0	true
sp|P56378|ATP68_HUMAN	2	0	2.996730868885798	0	true
sp|P56385|ATP5I_HUMAN	2	0	5.434857079153324	0	true
sp|P56537|IF6_HUMAN	6	0	8.067717925270948	0	true
sp|P56545|CTBP2_HUMAN	5	2	6.202418195976737	0	true
sp|P56556|NDUA6_HUMAN	3	0	3.7025604202264195	0	true
sp|P56589|PEX3_HUMAN	1	0	2.560277423770399	0	true
sp|P56945|BCAR1_HUMAN	1	0	1.4011202504868299	0	true
sp|P57076|CF298_HUMAN	2	0	4.885076637711155	0	true
sp|P57081|WDR4_HUMAN	3	0	2.185360958796917	0	true
sp|P57088|TMM33_HUMAN	4	0	7.65818940196532	0	true
sp|P57105|SYJ2B_HUMAN	3	0	6.023075519367988	0	true
sp|P57678|GEMI4_HUMAN	5	0	3.379992699603506	0	true
sp|P57737|CORO7_HUMAN	2	0	3.3831091967890914	0	true
sp|P57740|NU107_HUMAN	11	0	3.15139591629251	0	true
sp|P57764|GSDMD_HUMAN	1	0	1.140482819770576	0	true
sp|P57772|SELB_HUMAN	2	0	2.7791499445769805	0	true
sp|P58107|EPIPL_HUMAN	10	5	6.321224644323571	0	true
sp|P58317|ZN121_HUMAN;sp|Q8N184|ZN567_HUMAN	0	2	4.459916093867758	0	true
sp|P58546|MTPN_HUMAN	2	0	8.440914555472318	0	true
sp|P59998|ARPC4_HUMAN	3	0	5.242810650389193	0	true
sp|P60033|CD81_HUMAN	1	0	1.7546216164297814	0	true
sp|P60174|TPIS_HUMAN	14	0	11.067126894153082	0	true
sp|P60228|EIF3E_HUMAN	11	0	5.546245811929618	0	true
sp|P60468|SC61B_HUMAN	3	0	6.805070878564302	0	true
sp|P60510|PP4C_HUMAN	1	1	4.478267158158494	0	true
sp|P60604|UB2G2_HUMAN	1	0	1.572544887310478	0	true
sp|P60660|MYL6_HUMAN	6	0	10.925594677795756	0	true
sp|P60709|ACTB_HUMAN;sp|P63261|ACTG_HUMAN	7	11	9.262847041868236	0	true
sp|P60842|IF4A1_HUMAN	11	12	9.140121717429603	0	true
sp|P60866|RS20_HUMAN	4	0	10.632303762400992	0	true
sp|P60891|PRPS1_HUMAN	2	6	7.904709705932713	0	true
sp|P60900|PSA6_HUMAN	12	0	9.381747145086237	0	true
sp|P60903|S10AA_HUMAN	2	0	9.247012051975787	0	true
sp|P60953|CDC42_HUMAN	8	1	8.90426139098954	0	true
sp|P60981|DEST_HUMAN	8	0	8.291547508814103	0	true
sp|P60983|GMFB_HUMAN	4	0	6.516000122324333	0	true
sp|P61006|RAB8A_HUMAN	7	2	7.686492975594736	0	true
sp|P61009|SPCS3_HUMAN	3	0	7.331477823335587	0	true
sp|P61011|SRP54_HUMAN	6	0	7.054743947500791	0	true
sp|P61019|RAB2A_HUMAN	9	0	7.794519150038101	0	true
sp|P61020|RAB5B_HUMAN	5	3	6.089542319598261	0	true
sp|P61026|RAB10_HUMAN	5	3	8.709352239878266	0	true
sp|P61077|UB2D3_HUMAN	2	1	3.9969175276078444	0	true
sp|P61081|UBC12_HUMAN	6	0	6.021453015829562	0	true
sp|P61086|UBE2K_HUMAN	8	1	7.850057532309339	0	true
sp|P61088|UBE2N_HUMAN	7	1	7.776057106873082	0	true
sp|P61106|RAB14_HUMAN	12	1	7.686492975594736	0	true
sp|P61158|ARP3_HUMAN	12	0	7.726814394005956	0	true
sp|P61160|ARP2_HUMAN	7	0	8.370736905167087	0	true
sp|P61163|ACTZ_HUMAN	4	5	7.817998913207654	0	true
sp|P61201|CSN2_HUMAN	6	0	5.597713174819952	0	true
sp|P61221|ABCE1_HUMAN	13	0	7.61503277105353	0	true
sp|P61224|RAP1B_HUMAN	2	6	7.624021273716926	0	true
sp|P61225|RAP2B_HUMAN	1	2	4.672729247295963	0	true
sp|P61247|RS3A_HUMAN	14	0	9.601482540737342	0	true
sp|P61254|RL26_HUMAN	9	0	8.231937007216164	0	true
sp|P61289|PSME3_HUMAN	9	0	7.798612599882308	0	true
sp|P61313|RL15_HUMAN	12	0	8.779191081069834	0	true
sp|P61326|MGN_HUMAN;sp|Q96A72|MGN2_HUMAN	5	0	6.501248103714198	0	true
sp|P61353|RL27_HUMAN	5	0	7.046284921962485	0	true
sp|P61421|VA0D1_HUMAN	3	0	2.702133144276457	0	true
sp|P61457|PHS_HUMAN	3	0	2.828013101822115	0	true
sp|P61513|RL37A_HUMAN	4	0	4.668752566207639	0	true
sp|P61586|RHOA_HUMAN	1	5	8.054483672916607	0	true
sp|P61604|CH10_HUMAN	6	0	10.3157104677926	0	true
sp|P61619|S61A1_HUMAN	6	0	8.199154462442742	0	true
sp|P61758|PFD3_HUMAN	10	0	7.650986823168432	0	true
sp|P61764|STXB1_HUMAN	7	0	3.6335484774312823	0	true
sp|P61769|B2MG_HUMAN	3	0	7.044394355718951	0	true
sp|P61803|DAD1_HUMAN	2	0	5.474292229472494	0	true
sp|P61916|NPC2_HUMAN	1	0	7.267148676789165	0	true
sp|P61923|COPZ1_HUMAN	4	0	5.7407216393678455	0	true
sp|P61927|RL37_HUMAN	1	0	3.751996085481694	0	true
sp|P61956|SUMO2_HUMAN	1	1	8.772740444236854	0	true
sp|P61960|UFM1_HUMAN	2	0	5.6199504349507965	0	true
sp|P61964|WDR5_HUMAN	4	0	7.101663709172679	0	true
sp|P61970|NTF2_HUMAN	2	0	4.868922734807227	0	true
sp|P61978|HNRPK_HUMAN	19	0	9.857231233114952	0	true
sp|P61981|1433G_HUMAN	9	6	8.292445615579053	0	true
sp|P62070|RRAS2_HUMAN	3	0	5.851027031659581	0	true
sp|P62072|TIM10_HUMAN	2	0	2.2892666610124155	0	true
sp|P62081|RS7_HUMAN	6	0	9.941499384544606	0	true
sp|P62136|PP1A_HUMAN	4	11	9.014760909879897	0	true
sp|P62140|PP1B_HUMAN	5	9	9.853275250118712	0	true
sp|P62166|NCS1_HUMAN	3	0	2.6967789644430153	0	true
sp|P62191|PRS4_HUMAN	13	1	6.0622722874916395	0	true
sp|P62195|PRS8_HUMAN	17	2	8.154182159844328	0	true
sp|P62241|RS8_HUMAN	12	0	9.74060817079614	0	true
sp|P62244|RS15A_HUMAN	5	0	7.989287413244259	0	true
sp|P62249|RS16_HUMAN	10	0	8.324750658547556	0	true
sp|P62256|UBE2H_HUMAN	1	0	3.6159946968074004	0	true
sp|P62258|1433E_HUMAN	13	3	9.04990576736908	0	true
sp|P62263|RS14_HUMAN	4	0	11.438320276834865	0	true
sp|P62266|RS23_HUMAN	4	0	8.549911159797045	0	true
sp|P62269|RS18_HUMAN	10	0	9.047859771783559	0	true
sp|P62273|RS29_HUMAN	2	0	4.783891341430078	0	true
sp|P62277|RS13_HUMAN	7	0	8.364760490631179	0	true
sp|P62280|RS11_HUMAN	9	0	8.878996289814673	0	true
sp|P62306|RUXF_HUMAN	3	0	7.821292215851934	0	true
sp|P62310|LSM3_HUMAN	2	0	6.774663130836936	0	true
sp|P62312|LSM6_HUMAN	3	0	3.466243349953046	0	true
sp|P62314|SMD1_HUMAN	4	0	10.812216290756469	0	true
sp|P62316|SMD2_HUMAN	6	0	10.391442134391054	0	true
sp|P62318|SMD3_HUMAN	2	0	8.213811648585654	0	true
sp|P62328|TYB4_HUMAN;sp|P63313|TYB10_HUMAN	1	0	4.020863453851065	0	true
sp|P62330|ARF6_HUMAN	3	0	7.015353679546052	0	true
sp|P62333|PRS10_HUMAN	14	0	7.465931146044272	0	true
sp|P62424|RL7A_HUMAN	12	0	8.642612670292348	0	true
sp|P62487|RPB7_HUMAN	3	0	2.728659367209269	0	true
sp|P62495|ERF1_HUMAN	14	0	7.621149671121858	0	true
sp|P62633|CNBP_HUMAN	8	0	8.321361302896465	0	true
sp|P62701|RS4X_HUMAN	14	0	9.538082757205245	0	true
sp|P62714|PP2AB_HUMAN;sp|P67775|PP2AA_HUMAN	7	1	7.6656455568095945	0	true
sp|P62745|RHOB_HUMAN	4	1	4.836410238779496	0	true
sp|P62750|RL23A_HUMAN	5	0	11.00292291330605	0	true
sp|P62753|RS6_HUMAN	10	0	8.678389412159843	0	true
sp|P62805|H4_HUMAN	8	0	8.488891515484486	0	true
sp|P62820|RAB1A_HUMAN	4	6	7.686492975594736	0	true
sp|P62826|RAN_HUMAN	9	0	9.123774054731047	0	true
sp|P62829|RL23_HUMAN	5	0	10.425197921090719	0	true
sp|P62834|RAP1A_HUMAN	2	6	7.624021273716926	0	true
sp|P62841|RS15_HUMAN	4	0	9.723484599701509	0	true
sp|P62847|RS24_HUMAN	2	0	7.250222163099054	0	true
sp|P62851|RS25_HUMAN	6	0	7.51907343588929	0	true
sp|P62854|RS26_HUMAN	5	0	8.854185932846496	0	true
sp|P62857|RS28_HUMAN	3	0	7.735404670567678	0	true
sp|P62861|RS30_HUMAN	1	0	5.45163886326925	0	true
sp|P62873|GBB1_HUMAN	4	5	6.756984108225624	0	true
sp|P62875|RPAB5_HUMAN	3	0	5.1715014060633155	0	true
sp|P62879|GBB2_HUMAN	2	7	6.756984108225624	0	true
sp|P62888|RL30_HUMAN	8	0	9.038663501506033	0	true
sp|P62891|RL39_HUMAN;sp|Q59GN2|R39L5_HUMAN	1	0	6.075747345673092	0	true
sp|P62899|RL31_HUMAN	5	0	8.786776417990833	0	true
sp|P62906|RL10A_HUMAN	11	0	8.584822920831353	0	true
sp|P62910|RL32_HUMAN	8	0	9.095923875778398	0	true
sp|P62913|RL11_HUMAN	6	0	7.526475613328151	0	true
sp|P62917|RL8_HUMAN	8	0	10.83699376765512	0	true
sp|P62937|PPIA_HUMAN	9	0	7.81795744141503	0	true
sp|P62942|FKB1A_HUMAN	4	0	8.76205463511934	0	true
sp|P62979|RS27A_HUMAN	3	4	8.414974930090246	0	true
sp|P62987|RL40_HUMAN	1	4	8.414974930090246	0	true
sp|P62993|GRB2_HUMAN	3	0	2.936450840149124	0	true
sp|P62995|TRA2B_HUMAN	5	2	6.826515052685685	0	true
sp|P63000|RAC1_HUMAN	6	1	7.079061123631173	0	true
sp|P63010|AP2B1_HUMAN	13	12	8.855820131418957	0	true
sp|P63098|CANB1_HUMAN	3	0	2.333901019211213	0	true
sp|P63104|1433Z_HUMAN	8	5	8.82167295514094	0	true
sp|P63151|2ABA_HUMAN	9	0	6.3232872412903784	0	true
sp|P63165|SUMO1_HUMAN	3	0	3.0099636575831665	0	true
sp|P63167|DYL1_HUMAN	1	2	7.840225917149853	0	true
sp|P63172|DYLT1_HUMAN	2	0	6.805354589786704	0	true
sp|P63173|RL38_HUMAN	3	0	5.67120215590992	0	true
sp|P63208|SKP1_HUMAN	7	0	7.543804118675513	0	true
sp|P63220|RS21_HUMAN	3	0	8.706806002297693	0	true
sp|P63241|IF5A1_HUMAN	7	0	8.813348135265349	0	true
sp|P63244|RACK1_HUMAN	14	0	8.57068783459742	0	true
sp|P63272|SPT4H_HUMAN	1	0	0.7070822108732757	0	true
sp|P63279|UBC9_HUMAN	7	0	4.384115647545926	0	true
sp|P67809|YBOX1_HUMAN	7	3	8.838841499746623	0	true
sp|P67812|SC11A_HUMAN	3	0	7.0593415222815	0	true
sp|P67870|CSK2B_HUMAN	3	0	6.581877646658685	0	true
sp|P67936|TPM4_HUMAN	6	8	7.4766422085793804	0	true
sp|P68032|ACTC_HUMAN;sp|P68133|ACTS_HUMAN	2	11	9.262847041868236	0	true
sp|P68036|UB2L3_HUMAN	7	0	7.885093640648043	0	true
sp|P68104|EF1A1_HUMAN	10	10	10.615786020760298	0	true
sp|P68363|TBA1B_HUMAN	0	17	9.612318547875573	0	true
sp|P68366|TBA4A_HUMAN	4	13	9.612318547875573	0	true
sp|P68371|TBB4B_HUMAN	3	14	8.994819134837957	0	true
sp|P68400|CSK21_HUMAN	7	0	5.438597515436452	0	true
sp|P68402|PA1B2_HUMAN	2	0	6.324680242831077	0	true
sp|P68431|H31_HUMAN;sp|P84243|H33_HUMAN;sp|Q16695|H31T_HUMAN;sp|Q71DI3|H32_HUMAN	1	3	5.3187359960664535	0	true
sp|P69905|HBA_HUMAN	4	0	6.686299745237487	0	true
sp|P78310|CXAR_HUMAN	4	0	2.404104552899124	0	true
sp|P78316|NOP14_HUMAN	8	0	4.346005944987756	0	true
sp|P78318|IGBP1_HUMAN	6	0	6.410546794964549	0	true
sp|P78330|SERB_HUMAN	7	0	7.286855173423	0	true
sp|P78332|RBM6_HUMAN	1	0	1.7882392136170389	0	true
sp|P78344|IF4G2_HUMAN	26	0	6.531863243345633	0	true
sp|P78345|RPP38_HUMAN	4	0	2.199247348289597	0	true
sp|P78346|RPP30_HUMAN	4	0	4.016899050322578	0	true
sp|P78347|GTF2I_HUMAN	22	0	7.847352717023669	0	true
sp|P78356|PI42B_HUMAN	3	0	1.5757227229733914	0	true
sp|P78362|SRPK2_HUMAN	5	2	5.853583102726864	0	true
sp|P78371|TCPB_HUMAN	25	0	9.666001061723913	0	true
sp|P78406|RAE1L_HUMAN	8	0	7.454747213373327	0	true
sp|P78417|GSTO1_HUMAN	10	0	8.319249544237886	0	true
sp|P78524|DEN2B_HUMAN	1	0	1.9379673626562115	0	true
sp|P78527|PRKDC_HUMAN	141	0	9.797681021925728	0	true
sp|P78537|BL1S1_HUMAN	1	0	0.5960669248010173	0	true
sp|P78549|NTH_HUMAN	3	0	3.232328089900033	0	true
sp|P78559|MAP1A_HUMAN	1	0	0.568521647245421	0	true
sp|P80217|IN35_HUMAN	2	0	1.7096697520856996	0	true
sp|P80303|NUCB2_HUMAN	8	0	5.946725908051947	0	true
sp|P80723|BASP1_HUMAN	14	0	10.53785688948955	0	true
sp|P82650|RT22_HUMAN	8	0	5.8192533176229775	0	true
sp|P82663|RT25_HUMAN	2	0	2.014224909945141	0	true
sp|P82664|RT10_HUMAN	1	0	4.284114361548991	0	true
sp|P82673|RT35_HUMAN	3	0	4.256021547564552	0	true
sp|P82675|RT05_HUMAN	6	0	5.080156486278055	0	true
sp|P82909|KGD4_HUMAN	2	0	1.9295638843427048	0	true
sp|P82912|RT11_HUMAN	2	0	1.5835284111708587	0	true
sp|P82914|RT15_HUMAN	3	0	1.2440065229308515	0	true
sp|P82921|RT21_HUMAN	1	0	3.1461392305915443	0	true
sp|P82930|RT34_HUMAN	5	0	4.514415412032135	0	true
sp|P82932|RT06_HUMAN	2	0	2.667123912965529	0	true
sp|P82933|RT09_HUMAN	4	0	5.409570846062795	0	true
sp|P82970|HMGN5_HUMAN	7	0	7.167826517804857	0	true
sp|P82979|SARNP_HUMAN	4	0	6.062254730084041	0	true
sp|P83111|LACTB_HUMAN	2	0	1.4708499257183874	0	true
sp|P83731|RL24_HUMAN	7	0	8.891212444379365	0	true
sp|P83876|TXN4A_HUMAN	3	0	2.6434691600572133	0	true
sp|P83881|RL36A_HUMAN	5	0	7.119274825518684	0	true
sp|P83916|CBX1_HUMAN	2	1	8.768419853860362	0	true
sp|P84077|ARF1_HUMAN	4	4	9.742915868979821	0	true
sp|P84085|ARF5_HUMAN	4	4	7.628028085704519	0	true
sp|P84090|ERH_HUMAN	3	0	3.714945856588159	0	true
sp|P84095|RHOG_HUMAN	5	1	5.937079261566485	0	true
sp|P84098|RL19_HUMAN	4	0	7.262864191878892	0	true
sp|P84103|SRSF3_HUMAN	6	1	7.969326887669467	0	true
sp|P85037|FOXK1_HUMAN	2	0	4.064149001183488	0	true
sp|P98082|DAB2_HUMAN	7	0	4.182987954776317	0	true
sp|P98170|XIAP_HUMAN	1	0	2.0510516584175145	0	true
sp|P98174|FGD1_HUMAN	1	0	1.1421520536675394	0	true
sp|P98175|RBM10_HUMAN	6	0	3.203512774534435	0	true
sp|P98179|RBM3_HUMAN	4	0	6.332587807952083	0	true
sp|P98194|AT2C1_HUMAN	3	0	2.7220205925959506	0	true
sp|P99999|CYC_HUMAN	5	0	7.520710053916037	0	true
sp|Q00059|TFAM_HUMAN	5	0	6.7411091809031145	0	true
sp|Q00169|PIPNA_HUMAN	4	0	2.003521032534179	0	true
sp|Q00266|METK1_HUMAN	1	2	4.728266238702946	0	true
sp|Q00325|S25A3_HUMAN	10	0	8.153396066135855	0	true
sp|Q00341|VIGLN_HUMAN	23	0	6.940460596087688	0	true
sp|Q00403|TF2B_HUMAN	2	0	2.2365507802446456	0	true
sp|Q00534|CDK6_HUMAN	2	1	4.786847998712303	0	true
sp|Q00535|CDK5_HUMAN	4	1	4.786847998712303	0	true
sp|Q00536|CDK16_HUMAN;sp|Q00537|CDK17_HUMAN	1	1	4.786847998712303	0	true
sp|Q00577|PURA_HUMAN	3	0	4.787911296820196	0	true
sp|Q00587|BORG5_HUMAN	2	0	1.1008744035278426	0	true
sp|Q00610|CLH1_HUMAN	58	0	8.96702651193712	0	true
sp|Q00653|NFKB2_HUMAN	13	1	7.022333683717812	0	true
sp|Q00688|FKBP3_HUMAN	7	0	7.168230966443935	0	true
sp|Q00765|REEP5_HUMAN	3	0	8.01150442395835	0	true
sp|Q00796|DHSO_HUMAN	14	0	8.595825570163733	0	true
sp|Q00839|HNRPU_HUMAN	18	0	9.25006545113881	0	true
sp|Q01081|U2AF1_HUMAN	5	0	8.32393978313689	0	true
sp|Q01082|SPTB2_HUMAN	75	4	8.559369925523567	0	true
sp|Q01085|TIAR_HUMAN	6	3	7.383912514644251	0	true
sp|Q01105|SET_HUMAN	8	0	9.074119009331026	0	true
sp|Q01130|SRSF2_HUMAN	3	2	8.484217412296163	0	true
sp|Q01433|AMPD2_HUMAN	2	0	2.7677234550222614	0	true
sp|Q01469|FABP5_HUMAN	7	0	5.459694193195714	0	true
sp|Q01484|ANK2_HUMAN	0	2	5.123025533860664	0	true
sp|Q01518|CAP1_HUMAN	17	1	7.384936296520172	0	true
sp|Q01628|IFM3_HUMAN	2	0	6.591071195183326	0	true
sp|Q01650|LAT1_HUMAN	4	0	9.3170399158183	0	true
sp|Q01658|NC2B_HUMAN	2	0	4.804465248868826	0	true
sp|Q01780|EXOSX_HUMAN	10	0	5.977880371004321	0	true
sp|Q01804|OTUD4_HUMAN	1	0	2.9391244324975574	0	true
sp|Q01813|PFKAP_HUMAN	14	3	7.481416084665922	0	true
sp|Q01831|XPC_HUMAN	3	0	2.015938171223835	0	true
sp|Q01844|EWS_HUMAN	6	0	8.929879501929882	0	true
sp|Q01968|OCRL_HUMAN	3	0	2.582822074751743	0	true
sp|Q01970|PLCB3_HUMAN	11	0	4.30401876796945	0	true
sp|Q02127|PYRD_HUMAN	4	0	4.312859860439211	0	true
sp|Q02218|ODO1_HUMAN	28	0	6.737037741568476	0	true
sp|Q02241|KIF23_HUMAN	2	0	4.310272304756037	0	true
sp|Q02252|MMSA_HUMAN	5	0	4.437428231469598	0	true
sp|Q02388|CO7A1_HUMAN	7	0	2.49044562235036	0	true
sp|Q02543|RL18A_HUMAN	8	0	7.669885850671526	0	true
sp|Q02750|MP2K1_HUMAN	3	5	9.021973874912428	0	true
sp|Q02790|FKBP4_HUMAN	24	0	8.35632656058157	0	true
sp|Q02809|PLOD1_HUMAN	16	0	7.284703367363577	0	true
sp|Q02818|NUCB1_HUMAN	8	0	3.30980935191947	0	true
sp|Q02878|RL6_HUMAN	14	0	9.489773869516766	0	true
sp|Q02880|TOP2B_HUMAN	10	13	6.591745167623696	0	true
sp|Q02978|M2OM_HUMAN	6	0	6.474736853212884	0	true
sp|Q03001|DYST_HUMAN	2	0	0.8519644362040515	0	true
sp|Q03135|CAV1_HUMAN	2	0	0.6722172943354207	0	true
sp|Q03154|ACY1_HUMAN	8	0	4.7134655546377795	0	true
sp|Q03164|KMT2A_HUMAN	2	0	2.089192946745532	0	true
sp|Q03169|TNAP2_HUMAN	4	0	2.199126241120692	0	true
sp|Q03252|LMNB2_HUMAN	18	2	6.842504741524794	0	true
sp|Q03405|UPAR_HUMAN	2	0	4.504867651456569	0	true
sp|Q03468|ERCC6_HUMAN	4	0	4.647903616725921	0	true
sp|Q03518|TAP1_HUMAN	4	0	4.727410335618502	0	true
sp|Q03519|TAP2_HUMAN	2	0	3.3056098518601513	0	true
sp|Q03701|CEBPZ_HUMAN	13	0	5.0190052291896645	0	true
sp|Q04206|TF65_HUMAN	2	0	2.5222169639272902	0	true
sp|Q04323|UBXN1_HUMAN	4	0	5.181062860228099	0	true
sp|Q04446|GLGB_HUMAN	13	0	5.877793589890715	0	true
sp|Q04637|IF4G1_HUMAN	36	4	9.262695731201763	0	true
sp|Q04656|ATP7A_HUMAN	2	0	1.78166100102847	0	true
sp|Q04695|K1C17_HUMAN	18	14	10.79956908439097	0	true
sp|Q04721|NOTC2_HUMAN	1	0	0.601670860314457	0	true
sp|Q04726|TLE3_HUMAN	6	0	6.525594405797829	0	true
sp|Q04756|HGFA_HUMAN	1	0	1.2742368324221303	0	true
sp|Q04760|LGUL_HUMAN	7	0	7.248599269312108	0	true
sp|Q04837|SSBP_HUMAN	7	0	7.468437118363707	0	true
sp|Q04917|1433F_HUMAN	7	5	7.386028746982209	0	true
sp|Q04941|PLP2_HUMAN	1	0	8.530150539217646	0	true
sp|Q05048|CSTF1_HUMAN	6	0	2.8562122185858527	0	true
sp|Q05209|PTN12_HUMAN	3	0	3.2869456826258574	0	true
sp|Q05519|SRS11_HUMAN	5	0	7.042352480730122	0	true
sp|Q05639|EF1A2_HUMAN	6	10	9.2719094731324	0	true
sp|Q05655|KPCD_HUMAN	1	1	1.8961149388541099	0	true
sp|Q05682|CALD1_HUMAN	11	0	8.041070666064144	0	true
sp|Q05932|FOLC_HUMAN	1	0	1.504595905794317	0	true
sp|Q05D32|CTSL2_HUMAN	5	0	5.264193523147979	0	true
sp|Q06033|ITIH3_HUMAN	4	0	6.607161082513253	0	true
sp|Q06124|PTN11_HUMAN	7	0	4.540169597643626	0	true
sp|Q06136|KDSR_HUMAN	2	0	5.588949476939618	0	true
sp|Q06203|PUR1_HUMAN	6	0	4.279827382791592	0	true
sp|Q06210|GFPT1_HUMAN	17	0	8.03757292843353	0	true
sp|Q06265|EXOS9_HUMAN	4	0	3.891135798170731	0	true
sp|Q06323|PSME1_HUMAN	13	0	7.905281985171987	0	true
sp|Q06546|GABPA_HUMAN	7	0	3.818349005171597	0	true
sp|Q06587|RING1_HUMAN	5	0	3.402253845930933	0	true
sp|Q06787|FMR1_HUMAN	6	2	6.763354110849269	0	true
sp|Q06828|FMOD_HUMAN	1	0	0.7400549151855491	0	true
sp|Q06830|PRDX1_HUMAN	10	4	8.881802436469714	0	true
sp|Q07020|RL18_HUMAN	6	0	8.701867199322495	0	true
sp|Q07021|C1QBP_HUMAN	4	0	9.88571752619097	0	true
sp|Q07065|CKAP4_HUMAN	17	0	7.537472167049213	0	true
sp|Q07157|ZO1_HUMAN	8	0	6.236473815930413	0	true
sp|Q07617|SPAG1_HUMAN	2	0	5.082957035792937	0	true
sp|Q07666|KHDR1_HUMAN	10	0	9.208336859792617	0	true
sp|Q07812|BAX_HUMAN	4	0	4.160117239378805	0	true
sp|Q07864|DPOE1_HUMAN	5	0	2.4363832052086303	0	true
sp|Q07866|KLC1_HUMAN	7	4	6.882951373509052	0	true
sp|Q07955|SRSF1_HUMAN	12	0	7.546826446580377	0	true
sp|Q07960|RHG01_HUMAN	6	0	6.280740508876298	0	true
sp|Q08170|SRSF4_HUMAN	3	4	7.108255942379643	0	true
sp|Q08209|PP2BA_HUMAN	3	0	2.1764943137586497	0	true
sp|Q08211|DHX9_HUMAN	33	0	7.974639349556378	0	true
sp|Q08257|QOR_HUMAN	6	0	5.138523648822649	0	true
sp|Q08378|GOGA3_HUMAN	2	0	0.8586299182059989	0	true
sp|Q08379|GOGA2_HUMAN	6	0	5.897202640564333	0	true
sp|Q08380|LG3BP_HUMAN	6	0	4.407474743540429	0	true
sp|Q08499|PDE4D_HUMAN	2	0	5.3747400170251645	0	true
sp|Q08623|HDHD1_HUMAN	1	0	4.169248672940003	0	true
sp|Q08722|CD47_HUMAN	1	0	2.786533673057952	0	true
sp|Q08752|PPID_HUMAN	5	0	3.6904671550464503	0	true
sp|Q08945|SSRP1_HUMAN	14	0	8.6409228084136	0	true
sp|Q08AD1|CAMP2_HUMAN	3	0	4.093932344820677	0	true
sp|Q08AF3|SLFN5_HUMAN	1	0	2.4477804709909012	0	true
sp|Q08AM6|VAC14_HUMAN	5	0	1.965289489957824	0	true
sp|Q08J23|NSUN2_HUMAN	27	0	7.006814844072461	0	true
sp|Q09028|RBBP4_HUMAN	5	7	8.056570529656502	0	true
sp|Q09161|NCBP1_HUMAN	15	0	5.542795826183669	0	true
sp|Q09472|EP300_HUMAN	1	2	1.7259427167586179	0	true
sp|Q09666|AHNK_HUMAN	170	0	9.319852457560678	0	true
sp|Q0JRZ9|FCHO2_HUMAN	1	0	1.8095178957309037	0	true
sp|Q0VDF9|HSP7E_HUMAN	6	0	4.038233555466726	0	true
sp|Q0VG06|FP100_HUMAN	1	0	1.4871418549153252	0	true
sp|Q10469|MGAT2_HUMAN	3	0	3.5679097356385885	0	true
sp|Q10471|GALT2_HUMAN	16	0	6.594963950851158	0	true
sp|Q10472|GALT1_HUMAN	3	0	4.281477897353699	0	true
sp|Q10567|AP1B1_HUMAN	7	12	6.65468937932828	0	true
sp|Q10570|CPSF1_HUMAN	8	0	3.8667404972718225	0	true
sp|Q10589|BST2_HUMAN	2	0	3.6361979762406254	0	true
sp|Q10713|MPPA_HUMAN	9	0	6.799307956311625	0	true
sp|Q12765|SCRN1_HUMAN	1	0	0.6021510974279487	0	true
sp|Q12768|WASC5_HUMAN	5	0	4.1450173665275365	0	true
sp|Q12769|NU160_HUMAN	17	0	6.477495004216452	0	true
sp|Q12774|ARHG5_HUMAN;tr|A0A2R8YFR7|A0A2R8YFR7_HUMAN	1	0	0.5744527931851809	0	true
sp|Q12788|TBL3_HUMAN	14	0	5.806856007411171	0	true
sp|Q12789|TF3C1_HUMAN	4	0	3.469849665278558	0	true
sp|Q12792|TWF1_HUMAN	5	1	8.94220389216556	0	true
sp|Q12797|ASPH_HUMAN	15	0	8.499493528304722	0	true
sp|Q12800|TFCP2_HUMAN	2	1	4.141786048088275	0	true
sp|Q12802|AKP13_HUMAN	4	0	2.2991798784607775	0	true
sp|Q12805|FBLN3_HUMAN	8	0	6.169713615380223	0	true
sp|Q12824|SNF5_HUMAN	2	0	2.922352083405855	0	true
sp|Q12846|STX4_HUMAN	3	0	5.362412587555785	0	true
sp|Q12857|NFIA_HUMAN	1	1	3.889723752375164	0	true
sp|Q12860|CNTN1_HUMAN	1	0	1.4470149032402988	0	true
sp|Q12872|SFSWA_HUMAN	1	0	1.844547145882332	0	true
sp|Q12873|CHD3_HUMAN	2	10	4.608460837678114	0	true
sp|Q12874|SF3A3_HUMAN	13	0	6.446620268501622	0	true
sp|Q12882|DPYD_HUMAN	1	0	0.5636251576662622	0	true
sp|Q12888|TP53B_HUMAN	14	0	7.012468805464574	0	true
sp|Q12894|IFRD2_HUMAN	1	0	2.321576928671638	0	true
sp|Q12899|TRI26_HUMAN	1	0	2.4751345132020366	0	true
sp|Q12904|AIMP1_HUMAN	13	0	7.124867472680026	0	true
sp|Q12905|ILF2_HUMAN	15	0	8.750137189079615	0	true
sp|Q12906|ILF3_HUMAN	25	2	9.142414766046128	0	true
sp|Q12907|LMAN2_HUMAN	10	0	7.156799120236147	0	true
sp|Q12913|PTPRJ_HUMAN	2	0	1.8356676189683445	0	true
sp|Q12931|TRAP1_HUMAN	26	0	9.305525182967292	0	true
sp|Q12933|TRAF2_HUMAN	4	0	3.3339388404759918	0	true
sp|Q12948|FOXC1_HUMAN	1	0	3.2128153640051864	0	true
sp|Q12959|DLG1_HUMAN	3	0	1.8928924531928113	0	true
sp|Q12965|MYO1E_HUMAN	24	0	7.465140140280099	0	true
sp|Q12972|PP1R8_HUMAN	5	0	5.82957321631101	0	true
sp|Q12979|ABR_HUMAN	2	0	1.2228895573360057	0	true
sp|Q12986|NFX1_HUMAN	4	0	2.5639823001329796	0	true
sp|Q12996|CSTF3_HUMAN	6	0	5.7464530530256805	0	true
sp|Q13011|ECH1_HUMAN	6	0	9.19269660641388	0	true
sp|Q13017|RHG05_HUMAN	1	0	1.2062513221273408	0	true
sp|Q13033|STRN3_HUMAN	2	0	2.2127429996786807	0	true
sp|Q13042|CDC16_HUMAN	5	0	2.9708597886381396	0	true
sp|Q13043|STK4_HUMAN	2	1	1.5846308880205964	0	true
sp|Q13045|FLII_HUMAN	9	0	5.674802011031989	0	true
sp|Q13057|COASY_HUMAN	8	0	7.467268665965016	0	true
sp|Q13084|RM28_HUMAN	1	0	7.064906980903533	0	true
sp|Q13085|ACACA_HUMAN	32	0	5.059189978622203	0	true
sp|Q13098|CSN1_HUMAN	9	0	7.410670810661884	0	true
sp|Q13107|UBP4_HUMAN	0	2	2.3804352620031914	0	true
sp|Q13111|CAF1A_HUMAN	3	0	2.576199331655673	0	true
sp|Q13112|CAF1B_HUMAN	4	0	5.401113476508532	0	true
sp|Q13123|RED_HUMAN	4	0	4.182978504410959	0	true
sp|Q13126|MTAP_HUMAN	11	0	5.879387384817262	0	true
sp|Q13131|AAPK1_HUMAN	3	0	3.4917963184594623	0	true
sp|Q13136|LIPA1_HUMAN	7	0	3.9431789601996816	0	true
sp|Q13144|EI2BE_HUMAN	5	0	6.844937770832049	0	true
sp|Q13148|TADBP_HUMAN	8	0	8.809430911660279	0	true
sp|Q13151|ROA0_HUMAN	4	0	9.07187979354893	0	true
sp|Q13155|AIMP2_HUMAN	7	0	7.957989013451839	0	true
sp|Q13158|FADD_HUMAN	1	0	3.774065998281448	0	true
sp|Q13162|PRDX4_HUMAN	10	3	10.84706253470364	0	true
sp|Q13177|PAK2_HUMAN	12	0	5.780020448460074	0	true
sp|Q13185|CBX3_HUMAN	6	2	9.438544419294509	0	true
sp|Q13188|STK3_HUMAN	1	1	2.20713060924233	0	true
sp|Q13190|STX5_HUMAN	2	0	1.8064645686203313	0	true
sp|Q13200|PSMD2_HUMAN	25	0	9.86718074322681	0	true
sp|Q13206|DDX10_HUMAN	2	0	2.1171331243748317	0	true
sp|Q13214|SEM3B_HUMAN	3	0	3.716406399512079	0	true
sp|Q13217|DNJC3_HUMAN	3	0	3.018803778529859	0	true
sp|Q13228|SBP1_HUMAN	15	0	6.664427511882796	0	true
sp|Q13242|SRSF9_HUMAN	9	0	4.337927211683817	0	true
sp|Q13243|SRSF5_HUMAN	4	1	5.8231995420696885	0	true
sp|Q13247|SRSF6_HUMAN	7	4	7.108255942379643	0	true
sp|Q13257|MD2L1_HUMAN	1	0	1.1116043388338785	0	true
sp|Q13263|TIF1B_HUMAN	19	0	7.9906935810263375	0	true
sp|Q13277|STX3_HUMAN	1	0	2.8176501980229443	0	true
sp|Q13283|G3BP1_HUMAN	13	1	7.761005651301276	0	true
sp|Q13286|CLN3_HUMAN	1	0	1.4186387036960078	0	true
sp|Q13287|NMI_HUMAN	1	0	4.073691266795516	0	true
sp|Q13303|KCAB2_HUMAN	2	0	2.0932073674590552	0	true
sp|Q13309|SKP2_HUMAN	1	0	1.2484168260649573	0	true
sp|Q13310|PABP4_HUMAN	11	9	8.31037937940733	0	true
sp|Q13330|MTA1_HUMAN	6	2	4.865470529647541	0	true
sp|Q13347|EIF3I_HUMAN	12	0	7.061652848785715	0	true
sp|Q13361|MFAP5_HUMAN	1	0	5.329043759176528	0	true
sp|Q13362|2A5G_HUMAN	2	4	4.906595602793039	0	true
sp|Q13363|CTBP1_HUMAN	1	2	6.202418195976737	0	true
sp|Q13395|TARB1_HUMAN	1	0	1.1095364764206697	0	true
sp|Q13404|UB2V1_HUMAN	2	3	8.139454610522005	0	true
sp|Q13405|RM49_HUMAN	4	0	7.158017557933809	0	true
sp|Q13409|DC1I2_HUMAN	9	0	7.6509364660498544	0	true
sp|Q13416|ORC2_HUMAN	2	0	1.9713338738072914	0	true
sp|Q13418|ILK_HUMAN	6	0	6.343697260877436	0	true
sp|Q13421|MSLN_HUMAN	1	0	1.7732934902111446	0	true
sp|Q13423|NNTM_HUMAN	24	0	7.2999867654712105	0	true
sp|Q13425|SNTB2_HUMAN	4	0	2.99422704168709	0	true
sp|Q13427|PPIG_HUMAN	3	0	3.7433966986191622	0	true
sp|Q13428|TCOF_HUMAN	26	0	7.278141973769061	0	true
sp|Q13435|SF3B2_HUMAN	26	0	7.835753279476016	0	true
sp|Q13438|OS9_HUMAN	2	0	1.9745321659755921	0	true
sp|Q13439|GOGA4_HUMAN	1	0	0.6687613148579238	0	true
sp|Q13442|HAP28_HUMAN	4	1	6.300457274026979	0	true
sp|Q13443|ADAM9_HUMAN	5	0	5.44251256546241	0	true
sp|Q13444|ADA15_HUMAN	3	0	3.960477581892233	0	true
sp|Q13445|TMED1_HUMAN	2	0	6.529834410690787	0	true
sp|Q13451|FKBP5_HUMAN	10	0	5.874124683021222	0	true
sp|Q13459|MYO9B_HUMAN	2	0	1.7933583857942377	0	true
sp|Q13464|ROCK1_HUMAN	3	3	2.7417632368059435	0	true
sp|Q13472|TOP3A_HUMAN	3	0	3.5771866887779424	0	true
sp|Q13485|SMAD4_HUMAN	4	0	3.9226881953256703	0	true
sp|Q13492|PICAL_HUMAN	12	0	7.06061651630105	0	true
sp|Q13501|SQSTM_HUMAN	8	0	4.123057691030325	0	true
sp|Q13503|MED21_HUMAN	1	0	0.5920452451953699	0	true
sp|Q13505|MTX1_HUMAN	1	0	3.4961675328821613	0	true
sp|Q13509|TBB3_HUMAN	2	13	8.994819134837957	0	true
sp|Q13510|ASAH1_HUMAN	1	0	1.0886072991279911	0	true
sp|Q13523|PRP4K_HUMAN	4	0	7.558580668761385	0	true
sp|Q13526|PIN1_HUMAN	5	0	7.567226129659895	0	true
sp|Q13535|ATR_HUMAN	3	0	0.9680537097053329	0	true
sp|Q13547|HDAC1_HUMAN	4	1	7.133581874123169	0	true
sp|Q13555|KCC2G_HUMAN	1	0	1.2969232726066982	0	true
sp|Q13561|DCTN2_HUMAN	11	0	6.365044947926784	0	true
sp|Q13564|ULA1_HUMAN	9	0	5.4855213894901835	0	true
sp|Q13572|ITPK1_HUMAN	2	0	1.3263241838605733	0	true
sp|Q13573|SNW1_HUMAN	5	0	5.35841227744854	0	true
sp|Q13574|DGKZ_HUMAN	2	0	1.8156355147173129	0	true
sp|Q13586|STIM1_HUMAN	6	0	2.7825554548751614	0	true
sp|Q13595|TRA2A_HUMAN	2	2	5.808718872670789	0	true
sp|Q13596|SNX1_HUMAN	15	2	6.772457953855991	0	true
sp|Q13601|KRR1_HUMAN	4	0	4.181676598915994	0	true
sp|Q13610|PWP1_HUMAN	5	0	5.012565024691382	0	true
sp|Q13613|MTMR1_HUMAN	1	0	1.1037363370587663	0	true
sp|Q13616|CUL1_HUMAN	10	0	4.810827938380906	0	true
sp|Q13617|CUL2_HUMAN	6	0	6.465140279585637	0	true
sp|Q13618|CUL3_HUMAN	3	0	1.1137375997857202	0	true
sp|Q13619|CUL4A_HUMAN	10	5	4.84864344445024	0	true
sp|Q13620|CUL4B_HUMAN	11	5	6.182845061567551	0	true
sp|Q13627|DYR1A_HUMAN	2	0	3.1795301536209633	0	true
sp|Q13630|FCL_HUMAN	7	0	4.406555279200569	0	true
sp|Q13636|RAB31_HUMAN	4	2	6.416732463959855	0	true
sp|Q13637|RAB32_HUMAN	3	0	4.983915869685751	0	true
sp|Q13641|TPBG_HUMAN	1	0	3.0355570410269688	0	true
sp|Q13642|FHL1_HUMAN	6	0	5.471955345330617	0	true
sp|Q13643|FHL3_HUMAN	2	0	1.8455744259162994	0	true
sp|Q13671|RIN1_HUMAN	4	0	7.111186601055558	0	true
sp|Q13685|AAMP_HUMAN	1	0	0.624475316340615	0	true
sp|Q13724|MOGS_HUMAN	9	0	7.383109497853965	0	true
sp|Q13740|CD166_HUMAN	6	0	1.982535832160532	0	true
sp|Q13751|LAMB3_HUMAN	1	0	0.9348775166259183	0	true
sp|Q13769|THOC5_HUMAN	6	0	7.263066861552546	0	true
sp|Q13813|SPTN1_HUMAN	109	0	9.883599673375507	0	true
sp|Q13823|NOG2_HUMAN	10	0	6.878944176836177	0	true
sp|Q13838|DX39B_HUMAN	9	10	8.27701507510937	0	true
sp|Q13867|BLMH_HUMAN	5	0	4.049953802183872	0	true
sp|Q13868|EXOS2_HUMAN	6	0	7.6953662811723325	0	true
sp|Q13885|TBB2A_HUMAN	2	12	8.994819134837957	0	true
sp|Q13895|BYST_HUMAN	8	0	6.45818655855717	0	true
sp|Q13907|IDI1_HUMAN	3	0	5.353927745949464	0	true
sp|Q13951|PEBB_HUMAN	3	0	1.5877948232623538	0	true
sp|Q13952|NFYC_HUMAN	1	0	2.479483907136017	0	true
sp|Q14008|CKAP5_HUMAN	22	0	5.540826021602796	0	true
sp|Q14011|CIRBP_HUMAN	5	0	6.542222318955681	0	true
sp|Q14019|COTL1_HUMAN	6	0	5.443535507266818	0	true
sp|Q14061|COX17_HUMAN	1	0	7.441745518723302	0	true
sp|Q14103|HNRPD_HUMAN	9	0	8.362737214279225	0	true
sp|Q14108|SCRB2_HUMAN	3	0	5.603787378145336	0	true
sp|Q14116|IL18_HUMAN	3	0	5.440687230206047	0	true
sp|Q14118|DAG1_HUMAN	5	0	2.5368383422019884	0	true
sp|Q14126|DSG2_HUMAN	7	0	3.160083696319074	0	true
sp|Q14134|TRI29_HUMAN	9	0	5.222956581275023	0	true
sp|Q14137|BOP1_HUMAN	9	0	5.5893320520364105	0	true
sp|Q14141|SEPT6_HUMAN	2	5	4.075934710913876	0	true
sp|Q14146|URB2_HUMAN	4	0	3.799255036680163	0	true
sp|Q14151|SAFB2_HUMAN	4	9	7.286505674675203	0	true
sp|Q14152|EIF3A_HUMAN	41	0	8.054700076844574	0	true
sp|Q14155|ARHG7_HUMAN	3	0	2.6377281068786775	0	true
sp|Q14157|UBP2L_HUMAN	14	0	8.080787602304177	0	true
sp|Q14160|SCRIB_HUMAN	11	0	4.516058615578893	0	true
sp|Q14161|GIT2_HUMAN	1	0	1.4770404639796337	0	true
sp|Q14165|MLEC_HUMAN	7	0	6.0520156714687445	0	true
sp|Q14166|TTL12_HUMAN	15	0	6.194410849488914	0	true
sp|Q14181|DPOA2_HUMAN	6	0	6.07328167473437	0	true
sp|Q14192|FHL2_HUMAN	3	0	2.3831425150147325	0	true
sp|Q14197|ICT1_HUMAN	5	0	4.1731027678819945	0	true
sp|Q14202|ZMYM3_HUMAN	1	0	3.039597919742067	0	true
sp|Q14203|DCTN1_HUMAN	18	0	5.259798261121002	0	true
sp|Q14204|DYHC1_HUMAN	123	0	8.967829131561372	0	true
sp|Q14232|EI2BA_HUMAN	6	0	6.068647939354849	0	true
sp|Q14240|IF4A2_HUMAN	6	12	9.126138937842049	0	true
sp|Q14241|ELOA1_HUMAN	1	0	6.024694101879377	0	true
sp|Q14244|MAP7_HUMAN	9	0	5.783027197944981	0	true
sp|Q14247|SRC8_HUMAN	19	0	8.12592571138651	0	true
sp|Q14254|FLOT2_HUMAN	12	0	7.101851143939992	0	true
sp|Q14257|RCN2_HUMAN	7	0	7.07298687926798	0	true
sp|Q14258|TRI25_HUMAN	16	0	6.4738326396155355	0	true
sp|Q14289|FAK2_HUMAN	3	0	3.3598640148105625	0	true
sp|Q14315|FLNC_HUMAN	0	13	8.877547345310875	0	true
sp|Q14318|FKBP8_HUMAN	3	0	5.531104874272622	0	true
sp|Q14320|FA50A_HUMAN	5	0	6.471585461238341	0	true
sp|Q14331|FRG1_HUMAN	3	0	4.351844240761292	0	true
sp|Q14344|GNA13_HUMAN	4	0	4.0967569303744495	0	true
sp|Q14353|GAMT_HUMAN	2	0	2.911044342082773	0	true
sp|Q14376|GALE_HUMAN	5	0	2.3538755564442604	0	true
sp|Q14432|PDE3A_HUMAN	6	0	5.851683722148069	0	true
sp|Q14444|CAPR1_HUMAN	9	0	7.416914989979313	0	true
sp|Q14493|SLBP_HUMAN	1	0	0.7290462800301467	0	true
sp|Q14498|RBM39_HUMAN	14	0	8.253682340753556	0	true
sp|Q14527|HLTF_HUMAN	3	0	2.6901718894968703	0	true
sp|Q14554|PDIA5_HUMAN	3	0	1.7272384212566492	0	true
sp|Q14558|KPRA_HUMAN	7	1	6.727991471869994	0	true
sp|Q14562|DHX8_HUMAN	2	1	1.8004415995734582	0	true
sp|Q14566|MCM6_HUMAN	30	0	7.395996745815101	0	true
sp|Q14571|ITPR2_HUMAN	2	5	3.197919081516661	0	true
sp|Q14573|ITPR3_HUMAN	22	6	6.261168853608144	0	true
sp|Q14624|ITIH4_HUMAN	2	0	5.687308884851486	0	true
sp|Q14643|ITPR1_HUMAN	7	5	5.03829480315028	0	true
sp|Q14651|PLSI_HUMAN	7	3	8.790542248539735	0	true
sp|Q14653|IRF3_HUMAN	2	0	2.8192695165732804	0	true
sp|Q14657|LAGE3_HUMAN	1	0	4.046352531363323	0	true
sp|Q14669|TRIPC_HUMAN	4	0	4.866827239192751	0	true
sp|Q14671|PUM1_HUMAN	6	2	4.333156150567399	0	true
sp|Q14676|MDC1_HUMAN	5	0	4.329086825359146	0	true
sp|Q14677|EPN4_HUMAN	13	0	6.428062794278521	0	true
sp|Q14683|SMC1A_HUMAN	31	0	5.829325021280922	0	true
sp|Q14684|RRP1B_HUMAN	13	0	6.755101955739313	0	true
sp|Q14690|RRP5_HUMAN	27	0	6.708148077139597	0	true
sp|Q14691|PSF1_HUMAN	2	0	2.7478186161800653	0	true
sp|Q14692|BMS1_HUMAN	13	0	6.143377288487462	0	true
sp|Q14694|UBP10_HUMAN	9	0	5.583803860493311	0	true
sp|Q14696|MESD_HUMAN	5	0	4.054148612286685	0	true
sp|Q14697|GANAB_HUMAN	34	0	10.718582526187463	0	true
sp|Q14728|MFS10_HUMAN	1	0	3.8791844701617615	0	true
sp|Q14738|2A5D_HUMAN	3	4	4.646305831810523	0	true
sp|Q14739|LBR_HUMAN	6	0	5.239832184875629	0	true
sp|Q14764|MVP_HUMAN	12	0	4.1986891155027575	0	true
sp|Q14789|GOGB1_HUMAN	6	0	3.2485023792481265	0	true
sp|Q14790|CASP8_HUMAN	2	0	2.536011093882028	0	true
sp|Q147X3|NAA30_HUMAN	1	0	3.3859501135214156	0	true
sp|Q14807|KIF22_HUMAN	4	0	2.8166836190558766	0	true
sp|Q14814|MEF2D_HUMAN	2	0	1.321245784078063	0	true
sp|Q14839|CHD4_HUMAN	19	11	5.7895232033503214	0	true
sp|Q14847|LASP1_HUMAN	13	0	7.0466427444578255	0	true
sp|Q14914|PTGR1_HUMAN	6	0	6.43045423270009	0	true
sp|Q14919|NC2A_HUMAN	4	0	3.515726548974124	0	true
sp|Q14966|ZN638_HUMAN	6	0	4.225097150145266	0	true
sp|Q14974|IMB1_HUMAN	24	0	9.905972184492922	0	true
sp|Q14978|NOLC1_HUMAN	10	1	8.11563345679842	0	true
sp|Q14980|NUMA1_HUMAN	59	0	8.69800293607551	0	true
sp|Q14997|PSME4_HUMAN	1	0	1.7238589964819204	0	true
sp|Q14BN4|SLMAP_HUMAN	1	0	1.667950691945661	0	true
sp|Q14C86|GAPD1_HUMAN	20	0	6.444301796744792	0	true
sp|Q14CX7|NAA25_HUMAN	11	0	4.3081419085589125	0	true
sp|Q15003|CND2_HUMAN	9	0	6.439618492569938	0	true
sp|Q15004|PAF15_HUMAN	1	0	1.9158521854528698	0	true
sp|Q15005|SPCS2_HUMAN	4	0	7.332632710267077	0	true
sp|Q15006|EMC2_HUMAN	2	0	3.4337615134776445	0	true
sp|Q15007|FL2D_HUMAN	4	0	5.038283153392703	0	true
sp|Q15008|PSMD6_HUMAN	14	0	8.479737581153842	0	true
sp|Q15014|MO4L2_HUMAN	1	1	1.4026316947858744	0	true
sp|Q15018|ABRX2_HUMAN	2	0	2.9760295370738765	0	true
sp|Q15019|SEPT2_HUMAN	14	0	6.324067604432892	0	true
sp|Q15020|SART3_HUMAN	15	0	5.157188338869602	0	true
sp|Q15021|CND1_HUMAN	23	0	5.866242741016288	0	true
sp|Q15024|EXOS7_HUMAN	4	0	6.248654841936736	0	true
sp|Q15025|TNIP1_HUMAN	1	0	0.872125617432387	0	true
sp|Q15029|U5S1_HUMAN	24	1	10.06982537802752	0	true
sp|Q15031|SYLM_HUMAN	4	0	3.5736766518484555	0	true
sp|Q15032|R3HD1_HUMAN	1	0	2.789022520070934	0	true
sp|Q15036|SNX17_HUMAN	1	0	1.965131146351587	0	true
sp|Q15042|RB3GP_HUMAN	6	0	3.303942435930651	0	true
sp|Q15046|SYK_HUMAN	22	0	8.100916675218535	0	true
sp|Q15047|SETB1_HUMAN	1	0	1.0956497885151188	0	true
sp|Q15050|RRS1_HUMAN	9	0	7.770044189423327	0	true
sp|Q15054|DPOD3_HUMAN	5	0	4.4155657335698955	0	true
sp|Q15056|IF4H_HUMAN	7	0	9.094911109579957	0	true
sp|Q15057|ACAP2_HUMAN	4	0	6.972408326329886	0	true
sp|Q15058|KIF14_HUMAN	1	0	2.7414892302850657	0	true
sp|Q15059|BRD3_HUMAN	4	3	3.5199586813804578	0	true
sp|Q15061|WDR43_HUMAN	9	0	6.809023079429824	0	true
sp|Q15063|POSTN_HUMAN	16	0	6.6033746125705814	0	true
sp|Q15067|ACOX1_HUMAN	6	0	5.32706618104136	0	true
sp|Q15070|OXA1L_HUMAN	4	0	4.055587733850916	0	true
sp|Q15075|EEA1_HUMAN	11	0	5.6053256716588935	0	true
sp|Q15084|PDIA6_HUMAN	11	0	9.16229247795488	0	true
sp|Q15102|PA1B3_HUMAN	2	0	5.271445099598901	0	true
sp|Q15121|PEA15_HUMAN	2	0	5.284186773704339	0	true
sp|Q15125|EBP_HUMAN	2	0	8.40617221817986	0	true
sp|Q15126|PMVK_HUMAN	8	0	4.480741676542481	0	true
sp|Q15149|PLEC_HUMAN	173	6	8.72284749695482	0	true
sp|Q15154|PCM1_HUMAN	7	1	4.077694403594586	0	true
sp|Q15155|NOMO1_HUMAN	2	22	7.605678025316607	0	true
sp|Q15165|PON2_HUMAN	1	0	0.8119384066261898	0	true
sp|Q15172|2A5A_HUMAN	2	0	1.1916794928088394	0	true
sp|Q15181|IPYR_HUMAN	14	0	8.874479347173938	0	true
sp|Q15185|TEBP_HUMAN	6	0	8.079917104403446	0	true
sp|Q15208|STK38_HUMAN	3	0	2.1017576761539574	0	true
sp|Q15233|NONO_HUMAN	20	2	9.290608556413218	0	true
sp|Q15257|PTPA_HUMAN	7	0	6.282394119044585	0	true
sp|Q15269|PWP2_HUMAN	7	0	3.1980544382971763	0	true
sp|Q15276|RABE1_HUMAN	2	0	1.1429772796152602	0	true
sp|Q15286|RAB35_HUMAN	3	1	7.686492975594736	0	true
sp|Q15287|RNPS1_HUMAN	4	0	6.984665216276249	0	true
sp|Q15291|RBBP5_HUMAN	4	0	3.2707581433242203	0	true
sp|Q15293|RCN1_HUMAN	11	0	10.279228378873848	0	true
sp|Q15334|L2GL1_HUMAN	3	0	1.3765184621041364	0	true
sp|Q15363|TMED2_HUMAN	5	0	8.842078741900114	0	true
sp|Q15365|PCBP1_HUMAN	8	4	9.753366016749318	0	true
sp|Q15366|PCBP2_HUMAN	8	4	9.642723156678242	0	true
sp|Q15369|ELOC_HUMAN	4	0	6.855961906459135	0	true
sp|Q15370|ELOB_HUMAN	8	0	7.425357415958061	0	true
sp|Q15382|RHEB_HUMAN	3	0	3.6007407499923296	0	true
sp|Q15386|UBE3C_HUMAN	4	0	2.088381843618177	0	true
sp|Q15392|DHC24_HUMAN	4	0	3.618369924620989	0	true
sp|Q15393|SF3B3_HUMAN	24	0	9.189102543959367	0	true
sp|Q15397|PUM3_HUMAN	11	0	5.953963684901322	0	true
sp|Q15398|DLGP5_HUMAN	1	0	1.6376064348205972	0	true
sp|Q15404|RSU1_HUMAN	5	0	3.6830233354085866	0	true
sp|Q15418|KS6A1_HUMAN	8	4	5.086058583396768	0	true
sp|Q15424|SAFB1_HUMAN	9	9	7.779622881562874	0	true
sp|Q15427|SF3B4_HUMAN	3	0	8.11621961334873	0	true
sp|Q15428|SF3A2_HUMAN	6	0	8.414393758570423	0	true
sp|Q15434|RBMS2_HUMAN	2	0	3.743393590923736	0	true
sp|Q15435|PP1R7_HUMAN	8	0	6.330953050038699	0	true
sp|Q15436|SC23A_HUMAN	11	2	7.377866995519656	0	true
sp|Q15437|SC23B_HUMAN	11	2	7.190690484079169	0	true
sp|Q15438|CYH1_HUMAN	1	0	0.9090012961027586	0	true
sp|Q15459|SF3A1_HUMAN	18	0	6.444475920873851	0	true
sp|Q15477|SKI2_HUMAN	6	0	4.555230780644107	0	true
sp|Q15527|SURF2_HUMAN	2	0	4.618420140166461	0	true
sp|Q15528|MED22_HUMAN	1	0	1.224953414832182	0	true
sp|Q15545|TAF7_HUMAN	1	0	1.0078968553629857	0	true
sp|Q15554|TERF2_HUMAN	2	0	2.908926534134567	0	true
sp|Q15555|MARE2_HUMAN	2	1	4.198063976144621	0	true
sp|Q15582|BGH3_HUMAN	2	0	3.026460531156587	0	true
sp|Q15599|NHRF2_HUMAN	3	0	3.093390717230367	0	true
sp|Q15629|TRAM1_HUMAN	1	0	1.18354020869965	0	true
sp|Q15631|TSN_HUMAN	7	0	7.1064511428905766	0	true
sp|Q15637|SF01_HUMAN	6	0	7.974468778540417	0	true
sp|Q15642|CIP4_HUMAN	8	0	3.30792011031796	0	true
sp|Q15645|PCH2_HUMAN	9	0	6.9546416036361345	0	true
sp|Q15648|MED1_HUMAN	5	0	3.0410537699593134	0	true
sp|Q15650|TRIP4_HUMAN	1	0	2.348801434191026	0	true
sp|Q15653|IKBB_HUMAN	1	0	1.3979049463946234	0	true
sp|Q15654|TRIP6_HUMAN	3	0	4.8946412525467835	0	true
sp|Q15691|MARE1_HUMAN	8	1	7.653424649918325	0	true
sp|Q15714|T22D1_HUMAN	1	1	6.138815666193694	0	true
sp|Q15717|ELAV1_HUMAN	11	0	8.408504465621723	0	true
sp|Q15738|NSDHL_HUMAN	6	0	7.276945623457213	0	true
sp|Q15750|TAB1_HUMAN	2	0	1.899084424605411	0	true
sp|Q15758|AAAT_HUMAN	6	0	7.787694437540732	0	true
sp|Q15771|RAB30_HUMAN	1	1	7.686492975594736	0	true
sp|Q15785|TOM34_HUMAN	10	0	7.351667088743401	0	true
sp|Q15796|SMAD2_HUMAN	4	1	5.333391780719116	0	true
sp|Q15797|SMAD1_HUMAN;sp|Q99717|SMAD5_HUMAN	1	1	5.074710048560744	0	true
sp|Q15800|MSMO1_HUMAN	1	0	2.1814051700942856	0	true
sp|Q15811|ITSN1_HUMAN	3	0	3.292550287706189	0	true
sp|Q15813|TBCE_HUMAN	6	0	5.158631798526205	0	true
sp|Q15814|TBCC_HUMAN	2	0	3.3255068588812655	0	true
sp|Q15819|UB2V2_HUMAN	2	3	8.139454610522005	0	true
sp|Q15833|STXB2_HUMAN	2	0	3.031947357767895	0	true
sp|Q15836|VAMP3_HUMAN	2	0	6.412567567470496	0	true
sp|Q15843|NEDD8_HUMAN	1	0	3.0564831459118493	0	true
sp|Q15904|VAS1_HUMAN	3	0	2.9449636433257997	0	true
sp|Q15907|RB11B_HUMAN	9	0	7.339948925910406	0	true
sp|Q15910|EZH2_HUMAN	2	0	3.4060331251295266	0	true
sp|Q15942|ZYX_HUMAN	15	0	9.206579493224938	0	true
sp|Q16181|SEPT7_HUMAN	13	1	6.4609568114286295	0	true
sp|Q16186|ADRM1_HUMAN	3	0	6.5820377468100535	0	true
sp|Q16204|CCDC6_HUMAN	7	0	3.9955023923996036	0	true
sp|Q16222|UAP1_HUMAN	5	0	6.4313767306630005	0	true
sp|Q16394|EXT1_HUMAN	1	0	1.4032844707421863	0	true
sp|Q16401|PSMD5_HUMAN	13	0	7.138972255065502	0	true
sp|Q16512|PKN1_HUMAN	1	1	1.186732762820886	0	true
sp|Q16513|PKN2_HUMAN	11	1	5.303161639451261	0	true
sp|Q16531|DDB1_HUMAN	35	0	7.617830073295646	0	true
sp|Q16537|2A5E_HUMAN	1	2	3.692129154323072	0	true
sp|Q16539|MK14_HUMAN	3	0	2.9433655056721837	0	true
sp|Q16540|RM23_HUMAN;tr|A0AAG2SUK6|A0AAG2SUK6_HUMAN	2	0	3.4841403874848456	0	true
sp|Q16543|CDC37_HUMAN	10	0	7.24536208543681	0	true
sp|Q16555|DPYL2_HUMAN	16	0	7.354058354369615	0	true
sp|Q16563|SYPL1_HUMAN	5	0	7.22517128718483	0	true
sp|Q16576|RBBP7_HUMAN	5	7	8.056570529656502	0	true
sp|Q16594|TAF9_HUMAN;sp|Q9HBM6|TAF9B_HUMAN	1	0	2.2484406910993253	0	true
sp|Q16595|FRDA_HUMAN	2	0	2.936216870541898	0	true
sp|Q16611|BAK_HUMAN	1	0	0.7694527211057725	0	true
sp|Q16629|SRSF7_HUMAN	7	1	7.969326887669467	0	true
sp|Q16630|CPSF6_HUMAN	9	0	8.44103214039597	0	true
sp|Q16637|SMN_HUMAN	3	0	3.438696027071246	0	true
sp|Q16643|DREB_HUMAN	8	0	6.543415364730536	0	true
sp|Q16658|FSCN1_HUMAN	18	0	9.934411846955157	0	true
sp|Q16666|IF16_HUMAN	16	0	5.597764709613455	0	true
sp|Q16698|DECR_HUMAN	6	0	6.898649748760268	0	true
sp|Q16706|MA2A1_HUMAN	5	0	4.513995237511964	0	true
sp|Q16718|NDUA5_HUMAN	4	0	7.189605250855725	0	true
sp|Q16719|KYNU_HUMAN	21	0	10.94940958497489	0	true
sp|Q16740|CLPP_HUMAN	3	0	5.98713623383847	0	true
sp|Q16762|THTR_HUMAN	5	0	5.181404703667104	0	true
sp|Q16772|GSTA3_HUMAN	1	0	2.784541409544687	0	true
sp|Q16773|KAT1_HUMAN	1	0	0.7165472143785672	0	true
sp|Q16774|KGUA_HUMAN	2	0	3.163660996967722	0	true
sp|Q16775|GLO2_HUMAN	4	0	4.769379277958726	0	true
sp|Q16795|NDUA9_HUMAN	6	0	7.369735745191146	0	true
sp|Q16822|PCKGM_HUMAN	16	0	6.580744244157731	0	true
sp|Q16831|UPP1_HUMAN	4	0	3.6379091014458993	0	true
sp|Q16836|HCDH_HUMAN	4	0	6.098553490931307	0	true
sp|Q16850|CP51A_HUMAN	4	0	6.384523672829452	0	true
sp|Q16851|UGPA_HUMAN	14	0	7.699755706061872	0	true
sp|Q16881|TRXR1_HUMAN	15	1	10.710987895333815	0	true
sp|Q16891|MIC60_HUMAN	29	0	6.880063287235117	0	true
sp|Q17RY6|LY6K_HUMAN	1	0	2.7890645472187674	0	true
sp|Q1ED39|KNOP1_HUMAN	2	0	1.805918611576377	0	true
sp|Q1KMD3|HNRL2_HUMAN	21	0	9.125692909240032	0	true
sp|Q27J81|INF2_HUMAN	11	0	4.665966343832592	0	true
sp|Q29RF7|PDS5A_HUMAN	17	2	5.642304330840625	0	true
sp|Q2M389|WASC4_HUMAN	5	0	4.708248015741483	0	true
sp|Q2NKX8|ERC6L_HUMAN	1	0	1.5203963436177217	0	true
sp|Q2NL82|TSR1_HUMAN	14	0	6.312727199717616	0	true
sp|Q2PZI1|D19L1_HUMAN	1	0	1.5626998466192	0	true
sp|Q2TAA2|IAH1_HUMAN	1	0	2.3206596557658115	0	true
sp|Q2TAL8|QRIC1_HUMAN	2	0	3.195990581041153	0	true
sp|Q2TAM9|TUSC1_HUMAN	1	0	0.8056232107079632	0	true
sp|Q2TAY7|SMU1_HUMAN	14	0	6.4280608834500095	0	true
sp|Q2VPB7|AP5B1_HUMAN	1	0	1.5885552775142067	0	true
sp|Q2VPK5|CTU2_HUMAN	1	0	0.9314751821605552	0	true
sp|Q32MZ4|LRRF1_HUMAN	12	0	7.081245357696963	0	true
sp|Q32NB8|PGPS1_HUMAN	1	0	0.9965643440932952	0	true
sp|Q32NC0|CR021_HUMAN	1	0	4.62448079347764	0	true
sp|Q32P28|P3H1_HUMAN	10	0	7.204946018243876	0	true
sp|Q32P41|TRM5_HUMAN	2	0	2.1311466463351665	0	true
sp|Q32P44|EMAL3_HUMAN	1	0	6.037126203412451	0	true
sp|Q3B726|RPA43_HUMAN	1	0	1.0223945767622336	0	true
sp|Q3KQU3|MA7D1_HUMAN	4	0	4.562916514896973	0	true
sp|Q3L8U1|CHD9_HUMAN	1	1	1.993644995546082	0	true
sp|Q3LXA3|TKFC_HUMAN	13	0	7.926370981209748	0	true
sp|Q3MHD2|LSM12_HUMAN	2	0	5.485231444510326	0	true
sp|Q3YEC7|RABL6_HUMAN	5	0	5.53467337690849	0	true
sp|Q3ZCQ8|TIM50_HUMAN	10	0	7.32509647683851	0	true
sp|Q460N5|PAR14_HUMAN	2	0	3.6614834795578854	0	true
sp|Q49A26|GLYR1_HUMAN	4	0	4.678370953186585	0	true
sp|Q4G0I0|UQCC4_HUMAN	1	0	1.4470518702812214	0	true
sp|Q4G0J3|LARP7_HUMAN	3	0	3.7389408446439454	0	true
sp|Q4G0N4|NAKD2_HUMAN	7	0	5.273337145983096	0	true
sp|Q4G148|GXLT1_HUMAN	1	0	3.676221887649795	0	true
sp|Q4G176|ACSF3_HUMAN	5	0	3.749283325208114	0	true
sp|Q4J6C6|PPCEL_HUMAN	3	0	3.6987529742623706	0	true
sp|Q4KMP7|TB10B_HUMAN	1	0	4.939386417614766	0	true
sp|Q4V328|GRAP1_HUMAN	8	0	2.545140940083582	0	true
sp|Q4V339|ZNG1F_HUMAN;sp|Q5JTY5|ZNG1C_HUMAN;sp|Q5RIA9|ZNG1E_HUMAN;sp|Q8IUF1|ZNG1B_HUMAN;sp|Q9BRT8|ZNG1A_HUMAN	1	0	1.8456311859129766	0	true
sp|Q4VC31|MIX23_HUMAN	5	0	5.117297162968197	0	true
sp|Q4ZIN3|MBRL_HUMAN	1	0	1.2412440945407448	0	true
sp|Q52LJ0|FA98B_HUMAN	7	1	7.404192788825384	0	true
sp|Q53EL6|PDCD4_HUMAN	11	0	6.7027962220807495	0	true
sp|Q53EP0|FND3B_HUMAN	3	0	1.4029922654958535	0	true
sp|Q53F19|NCBP3_HUMAN	3	0	3.011530700919759	0	true
sp|Q53FA7|QORX_HUMAN	5	0	2.6313679517274378	0	true
sp|Q53FT3|HIKES_HUMAN	4	0	3.975220538604653	0	true
sp|Q53GA4|PHLA2_HUMAN	2	0	3.413626823158657	0	true
sp|Q53GQ0|DHB12_HUMAN	3	0	2.643504719531666	0	true
sp|Q53GS7|GLE1_HUMAN	1	0	2.788695047831531	0	true
sp|Q53GS9|UBP39_HUMAN	7	0	6.925310970853086	0	true
sp|Q53H12|AGK_HUMAN	3	0	3.963310285947632	0	true
sp|Q53H82|LACB2_HUMAN	6	0	3.8082474177963803	0	true
sp|Q53H96|P5CR3_HUMAN	3	0	5.545322986232658	0	true
sp|Q53HC9|EIPR1_HUMAN	1	0	5.1343483789847095	0	true
sp|Q53LP3|SWAHC_HUMAN	2	0	3.9152807731148127	0	true
sp|Q53SF7|COBL1_HUMAN	1	0	1.4746003422143827	0	true
sp|Q53T59|H1BP3_HUMAN	1	0	1.697924394642122	0	true
sp|Q567U6|CCD93_HUMAN	1	0	0.7207087817049667	0	true
sp|Q56NI9|ESCO2_HUMAN	1	0	1.003516960494235	0	true
sp|Q56P03|EAPP_HUMAN	2	0	1.2171022521382484	0	true
sp|Q56VL3|OCAD2_HUMAN	3	0	6.296627266742479	0	true
sp|Q5BJD5|TM41B_HUMAN	1	0	3.908176409173789	0	true
sp|Q5BJF2|SGMR2_HUMAN	2	0	6.452751864607167	0	true
sp|Q5BKY9|F133B_HUMAN	1	0	0.852242481166906	0	true
sp|Q5BKZ1|ZN326_HUMAN	8	0	4.788532551900506	0	true
sp|Q5C9Z4|NOM1_HUMAN	2	0	0.8707884413881651	0	true
sp|Q5F1R6|DJC21_HUMAN	3	0	6.767046488771027	0	true
sp|Q5GLZ8|HERC4_HUMAN	2	0	1.2654911342142519	0	true
sp|Q5H9R7|PP6R3_HUMAN	16	0	5.2624340023672875	0	true
sp|Q5HYI8|RABL3_HUMAN	1	0	1.9715530105657664	0	true
sp|Q5HYK3|COQ5_HUMAN	1	0	3.4005933264738424	0	true
sp|Q5J8M3|EMC4_HUMAN	3	0	3.0249411897882	0	true
sp|Q5JPE7|NOMO2_HUMAN	1	22	6.209820296605749	0	true
sp|Q5JPH6|SYEM_HUMAN	2	0	2.8779285620686075	0	true
sp|Q5JQF8|PAP1M_HUMAN	0	2	5.980364143214665	0	true
sp|Q5JRA6|TGO1_HUMAN	8	0	3.9454573702295503	0	true
sp|Q5JRX3|PREP_HUMAN	12	0	3.9689074064212075	0	true
sp|Q5JS54|PSMG4_HUMAN	1	0	1.603754131713074	0	true
sp|Q5JSH3|WDR44_HUMAN	12	0	5.170563702570879	0	true
sp|Q5JSZ5|PRC2B_HUMAN	2	0	1.957390669056512	0	true
sp|Q5JTH9|RRP12_HUMAN	16	0	5.873408816903159	0	true
sp|Q5JTJ3|COA6_HUMAN	3	0	5.980472148277177	0	true
sp|Q5JTV8|TOIP1_HUMAN	12	1	8.364046011294754	0	true
sp|Q5JTZ9|SYAM_HUMAN	7	0	3.7729995834807792	0	true
sp|Q5JU69|TOR2A_HUMAN	1	0	1.65687759468247	0	true
sp|Q5JVF3|PCID2_HUMAN	5	0	4.1611796804634125	0	true
sp|Q5JWF2|GNAS1_HUMAN	7	1	7.3159094673807274	0	true
sp|Q5K651|SAMD9_HUMAN	3	0	1.245403241484773	0	true
sp|Q5M775|CYTSB_HUMAN	9	0	5.0617026216777194	0	true
sp|Q5NDL2|EOGT_HUMAN	1	0	0.8671295177389052	0	true
sp|Q5PRF9|SMAG2_HUMAN	1	0	2.0837313250123213	0	true
sp|Q5QJE6|TDIF2_HUMAN	6	0	3.6889694635870334	0	true
sp|Q5R3I4|TTC38_HUMAN	9	0	6.321963495532566	0	true
sp|Q5RI15|COX20_HUMAN	2	0	6.143451995913456	0	true
sp|Q5RKV6|EXOS6_HUMAN	6	0	5.141438003179168	0	true
sp|Q5SNT2|TM201_HUMAN	1	0	2.152546714914246	0	true
sp|Q5SRE5|NU188_HUMAN	9	0	4.708346413560678	0	true
sp|Q5SSJ5|HP1B3_HUMAN	11	0	7.440545459471344	0	true
sp|Q5SW79|CE170_HUMAN	12	0	5.966605557630129	0	true
sp|Q5SWX8|ODR4_HUMAN	4	0	2.6652201420598143	0	true
sp|Q5SY16|NOL9_HUMAN	3	0	3.4210331919975303	0	true
sp|Q5T0F9|C2D1B_HUMAN	2	0	1.9323120725214766	0	true
sp|Q5T0N5|FBP1L_HUMAN	2	0	2.917037147140428	0	true
sp|Q5T0W9|FA83B_HUMAN	2	0	3.1159145009047333	0	true
sp|Q5T160|SYRM_HUMAN	1	0	0.9590962796170481	0	true
sp|Q5T1C6|THEM4_HUMAN	2	0	2.5848100584111364	0	true
sp|Q5T1J5|CHCH9_HUMAN;sp|Q9Y6H1|CHCH2_HUMAN	1	0	7.083986351581589	0	true
sp|Q5T1M5|FKB15_HUMAN	7	0	4.675734905538952	0	true
sp|Q5T1V6|DDX59_HUMAN	1	0	2.864177237520939	0	true
sp|Q5T200|ZC3HD_HUMAN	3	0	3.9474323709965584	0	true
sp|Q5T280|CI114_HUMAN	3	0	6.938369349144527	0	true
sp|Q5T2N8|ATD3C_HUMAN	0	7	5.647143819433898	0	true
sp|Q5T3I0|GPTC4_HUMAN	7	0	4.609590363322161	0	true
sp|Q5T440|CAF17_HUMAN	2	0	3.1672457160832757	0	true
sp|Q5T447|HECD3_HUMAN	2	0	3.634317735560375	0	true
sp|Q5T4S7|UBR4_HUMAN	37	0	4.592957900864008	0	true
sp|Q5T5Y3|CAMP1_HUMAN	1	0	1.156312692387951	0	true
sp|Q5T653|RM02_HUMAN	4	0	3.4992265498310418	0	true
sp|Q5T6F2|UBAP2_HUMAN	8	0	4.799750955015254	0	true
sp|Q5T6V5|QNG1_HUMAN	5	0	4.286373570886425	0	true
sp|Q5T8P6|RBM26_HUMAN	11	1	4.9520550488682655	0	true
sp|Q5T9A4|ATD3B_HUMAN	0	12	6.243571292519576	0	true
sp|Q5TA45|INT11_HUMAN	2	0	3.1126347208992784	0	true
sp|Q5TA50|CPTP_HUMAN	1	0	0.9472753073476468	0	true
sp|Q5TAQ9|DCAF8_HUMAN	2	0	3.5303076526740123	0	true
sp|Q5TBB1|RNH2B_HUMAN	3	0	2.9111028622014046	0	true
sp|Q5TC12|ATPF1_HUMAN	1	0	2.250024056652837	0	true
sp|Q5TDH0|DDI2_HUMAN	6	0	3.5432097014191486	0	true
sp|Q5TEC6|H37_HUMAN	1	3	5.3187359960664535	0	true
sp|Q5TFE4|NT5D1_HUMAN	8	0	6.40281080462779	0	true
sp|Q5TGY1|TMCO4_HUMAN	1	0	1.0650315477952623	0	true
sp|Q5TKA1|LIN9_HUMAN	1	0	1.1802887615535766	0	true
sp|Q5U5X0|LYRM7_HUMAN	1	0	4.416649816293966	0	true
sp|Q5UIP0|RIF1_HUMAN	11	0	5.478844579361077	0	true
sp|Q5VIR6|VPS53_HUMAN	1	0	2.498293341758882	0	true
sp|Q5VSL9|STRP1_HUMAN	1	0	1.5139168069687474	0	true
sp|Q5VT52|RPRD2_HUMAN	15	0	4.312701157214055	0	true
sp|Q5VT66|MARC1_HUMAN	2	0	4.019207268846541	0	true
sp|Q5VT79|AXA81_HUMAN	6	0	3.67513618187119	0	true
sp|Q5VTL8|PR38B_HUMAN	2	0	4.535458868432283	0	true
sp|Q5VTR2|BRE1A_HUMAN	8	1	4.839685372500094	0	true
sp|Q5VV41|ARHGG_HUMAN	3	0	2.748296409906383	0	true
sp|Q5VW32|BROX_HUMAN	1	0	3.8564794462986147	0	true
sp|Q5VW36|FOCAD_HUMAN	3	0	1.952177561946461	0	true
sp|Q5VYK3|ECM29_HUMAN	21	0	6.478657832331764	0	true
sp|Q5VYS8|TUT7_HUMAN	2	0	2.150105376435217	0	true
sp|Q5VZ89|DEN4C_HUMAN	2	0	1.1897160824031954	0	true
sp|Q5VZE5|NAA35_HUMAN	1	0	0.640611410202808	0	true
sp|Q5VZK9|CARL1_HUMAN	3	0	3.608025829855109	0	true
sp|Q5VZL5|ZMYM4_HUMAN	3	0	2.7601480191309893	0	true
sp|Q5W0V3|FHI2A_HUMAN	3	0	3.3291246109211623	0	true
sp|Q5W111|SPRY7_HUMAN	1	0	0.9405147283984087	0	true
sp|Q5XKE5|K2C79_HUMAN	0	6	8.144271586119336	0	true
sp|Q5ZPR3|CD276_HUMAN	5	0	7.380408969465342	0	true
sp|Q63HN8|RN213_HUMAN	10	0	4.280190888948185	0	true
sp|Q63ZY3|KANK2_HUMAN	4	0	2.583238864650615	0	true
sp|Q641Q2|WAC2A_HUMAN	5	0	3.9255369648214304	0	true
sp|Q658Y4|F91A1_HUMAN	5	0	2.9815014957721484	0	true
sp|Q66K74|MAP1S_HUMAN	10	0	5.444570561087773	0	true
sp|Q66PJ3|AR6P4_HUMAN	3	0	4.274333684711968	0	true
sp|Q676U5|A16L1_HUMAN	1	0	1.0321432027295183	0	true
sp|Q68CP9|ARID2_HUMAN	3	0	2.3423972353279368	0	true
sp|Q68CQ4|UTP25_HUMAN	4	0	1.6884887994501	0	true
sp|Q68CQ7|GL8D1_HUMAN	2	0	1.2009452514711725	0	true
sp|Q68CZ2|TENS3_HUMAN	3	0	1.7319557358452715	0	true
sp|Q68CZ6|HAUS3_HUMAN	1	0	2.5901557658709238	0	true
sp|Q68D91|MBLC2_HUMAN	1	0	1.0331262663935183	0	true
sp|Q68E01|INT3_HUMAN	5	0	5.264579664727183	0	true
sp|Q68EM7|RHG17_HUMAN	4	0	3.1344944955769307	0	true
sp|Q69YH5|CDCA2_HUMAN	2	0	2.593663583746779	0	true
sp|Q69YN2|C19L1_HUMAN	6	0	3.3410946930918657	0	true
sp|Q69YN4|VIR_HUMAN	2	0	2.2102362677502354	0	true
sp|Q69YQ0|CYTSA_HUMAN	2	0	1.0969036062173003	0	true
sp|Q6BCY4|NB5R2_HUMAN	0	2	3.3044176347155885	0	true
sp|Q6DD87|ZN787_HUMAN	3	1	4.140918612673032	0	true
sp|Q6DD88|ATLA3_HUMAN	14	0	6.451521705866095	0	true
sp|Q6DKI1|RL7L_HUMAN	4	0	5.272515905917229	0	true
sp|Q6DKK2|TTC19_HUMAN	2	0	1.0103818850979727	0	true
sp|Q6FI81|CPIN1_HUMAN	10	0	6.2967987212258905	0	true
sp|Q6GMV2|SMYD5_HUMAN	3	0	3.2014643283051636	0	true
sp|Q6GMV3|PTRD1_HUMAN	3	0	7.9440667406003715	0	true
sp|Q6GQQ9|OTU7B_HUMAN	1	0	2.2976764783592296	0	true
sp|Q6IA86|ELP2_HUMAN	4	0	3.315854472056812	0	true
sp|Q6IAA8|LTOR1_HUMAN	3	0	4.007253864369157	0	true
sp|Q6IAN0|DRS7B_HUMAN	3	0	3.83195429126822	0	true
sp|Q6IBS0|TWF2_HUMAN	9	1	5.517163267605499	0	true
sp|Q6IBW4|CNDH2_HUMAN	1	0	0.5843928246317663	0	true
sp|Q6ICB0|DESI1_HUMAN	1	0	0.9769205124572212	0	true
sp|Q6IN84|MRM1_HUMAN	2	0	2.092137468102414	0	true
sp|Q6IN85|P4R3A_HUMAN	7	0	1.609124591977332	0	true
sp|Q6IQ22|RAB12_HUMAN	1	1	7.686492975594736	0	true
sp|Q6IQ49|SDE2_HUMAN	4	0	3.367293129013967	0	true
sp|Q6KB66|K2C80_HUMAN	2	1	1.933649156624552	0	true
sp|Q6KC79|NIPBL_HUMAN	9	0	5.896984227027196	0	true
sp|Q6L8Q7|PDE12_HUMAN	5	0	4.68192187920749	0	true
sp|Q6NS38|ALKB2_HUMAN	1	0	1.5385748418170022	0	true
sp|Q6NSW5|DE10B_HUMAN;sp|Q8TCE6|DEN10_HUMAN	1	0	0.8597679336148082	0	true
sp|Q6NT16|S18B1_HUMAN	1	0	1.9842965881606323	0	true
sp|Q6NTF9|RHBD2_HUMAN	1	0	4.349604977894768	0	true
sp|Q6NUK1|SCMC1_HUMAN	16	0	8.888609942840336	0	true
sp|Q6NUM9|RETST_HUMAN	5	0	6.0542433524854395	0	true
sp|Q6NUQ4|TM214_HUMAN	7	0	5.510084159347528	0	true
sp|Q6NUT3|MFS12_HUMAN	1	0	1.117473448269027	0	true
sp|Q6NVY1|HIBCH_HUMAN	5	0	4.843364177261724	0	true
sp|Q6NXE6|ARMC6_HUMAN	5	0	3.260667132031483	0	true
sp|Q6NXR4|TTI2_HUMAN	3	0	3.8565664540443194	0	true
sp|Q6NXT1|ANR54_HUMAN	1	0	1.4742580184965914	0	true
sp|Q6NYC1|JMJD6_HUMAN	3	0	4.891989674551174	0	true
sp|Q6NYC8|PPR18_HUMAN	3	0	5.898559421255092	0	true
sp|Q6NZ67|MZT2B_HUMAN;sp|Q6P582|MZT2A_HUMAN	2	0	4.498275947705144	0	true
sp|Q6NZY4|ZCHC8_HUMAN	7	0	4.917497926724081	0	true
sp|Q6P158|DHX57_HUMAN	5	0	2.7971985656694214	0	true
sp|Q6P161|RM54_HUMAN	1	0	2.110036476893208	0	true
sp|Q6P1A2|MBOA5_HUMAN	3	0	4.503516824791668	0	true
sp|Q6P1J9|CDC73_HUMAN	9	0	3.6976478782366002	0	true
sp|Q6P1K2|PMF1_HUMAN	1	0	0.5748098456600834	0	true
sp|Q6P1L8|RM14_HUMAN	4	0	3.180102799954295	0	true
sp|Q6P1M0|S27A4_HUMAN	7	0	3.7967985189539077	0	true
sp|Q6P1N0|C2D1A_HUMAN	5	0	6.656078191642974	0	true
sp|Q6P1N9|TATD1_HUMAN	4	0	3.6526554932681763	0	true
sp|Q6P1Q0|LTMD1_HUMAN	1	0	3.2464850993900893	0	true
sp|Q6P2C8|MED27_HUMAN	1	0	2.5318082996744047	0	true
sp|Q6P2E9|EDC4_HUMAN	13	0	5.209057586143626	0	true
sp|Q6P2Q9|PRP8_HUMAN	51	0	8.07535923103716	0	true
sp|Q6P3W7|SCYL2_HUMAN	3	0	4.047148087495445	0	true
sp|Q6P3X3|TTC27_HUMAN	3	0	3.30026030613927	0	true
sp|Q6P4E1|GOLM2_HUMAN	1	0	0.9257894753565192	0	true
sp|Q6P587|FAHD1_HUMAN	3	0	7.629250871713765	0	true
sp|Q6P6C2|ALKB5_HUMAN	1	0	6.832083609982062	0	true
sp|Q6P996|PDXD1_HUMAN	2	0	2.8977444227730924	0	true
sp|Q6P9B9|INT5_HUMAN	1	0	1.4245185791679367	0	true
sp|Q6PCB5|RSBNL_HUMAN	1	0	1.0976735787196445	0	true
sp|Q6PCE3|PGM2L_HUMAN	1	0	1.8613518049607547	0	true
sp|Q6PD62|CTR9_HUMAN	8	0	3.7794045349584113	0	true
sp|Q6PF05|TT23L_HUMAN	1	0	1.4285313702474045	0	true
sp|Q6PGP7|SKI3_HUMAN	7	0	3.1392402245681734	0	true
sp|Q6PHR2|ULK3_HUMAN	1	0	1.7358846258287997	0	true
sp|Q6PI48|SYDM_HUMAN	14	0	6.820157734689914	0	true
sp|Q6PID6|TTC33_HUMAN	1	0	0.582262981901122	0	true
sp|Q6PIU2|NCEH1_HUMAN	8	0	6.762315028603776	0	true
sp|Q6PJG6|BRAT1_HUMAN	4	0	4.278454948979146	0	true
sp|Q6PJT7|ZC3HE_HUMAN	11	0	6.179208203011358	0	true
sp|Q6PK04|CC137_HUMAN	2	0	4.678266656737301	0	true
sp|Q6PKG0|LARP1_HUMAN	14	0	6.176356385351283	0	true
sp|Q6PL18|ATAD2_HUMAN	11	0	5.450747305283817	0	true
sp|Q6QNY0|BL1S3_HUMAN	1	0	1.4853040995133127	0	true
sp|Q6R327|RICTR_HUMAN	2	0	1.6840029201027527	0	true
sp|Q6RFH5|WDR74_HUMAN	7	0	7.4535742568655925	0	true
sp|Q6RW13|ATRAP_HUMAN	2	0	1.3979727078225537	0	true
sp|Q6SPF0|SAMD1_HUMAN	3	0	1.3979584613146643	0	true
sp|Q6UB35|C1TM_HUMAN	14	1	6.22772074750213	0	true
sp|Q6ULP2|AFTIN_HUMAN	1	0	0.7359167249181036	0	true
sp|Q6UN15|FIP1_HUMAN	4	0	5.328972731355187	0	true
sp|Q6UVK1|CSPG4_HUMAN	23	0	6.238742384217495	0	true
sp|Q6UW63|PLGT2_HUMAN	3	0	3.725690812543053	0	true
sp|Q6UWE0|LRSM1_HUMAN	4	0	1.9401781940730338	0	true
sp|Q6UWP2|DHR11_HUMAN	2	0	1.664561251032542	0	true
sp|Q6UWP7|LCLT1_HUMAN	1	0	1.0127398622310295	0	true
sp|Q6UX04|CWC27_HUMAN	1	0	3.226133651038971	0	true
sp|Q6UXN9|WDR82_HUMAN	5	0	6.438073410910859	0	true
sp|Q6UXV4|MIC27_HUMAN	3	0	1.9043927054597012	0	true
sp|Q6VY07|PACS1_HUMAN	2	0	4.312068331945433	0	true
sp|Q6WCQ1|MPRIP_HUMAN	3	0	1.6194995744499225	0	true
sp|Q6WKZ4|RFIP1_HUMAN	5	0	3.95386214479493	0	true
sp|Q6XQN6|PNCB_HUMAN	4	0	4.173263366553075	0	true
sp|Q6Y1H2|HACD2_HUMAN	3	0	3.4922547674887046	0	true
sp|Q6Y7W6|GGYF2_HUMAN	8	0	4.951936304207807	0	true
sp|Q6YHK3|CD109_HUMAN	15	0	6.822444636934362	0	true
sp|Q6YN16|HSDL2_HUMAN	17	0	7.869130999912927	0	true
sp|Q6ZNB6|NFXL1_HUMAN	2	0	1.8689122297366334	0	true
sp|Q6ZRP7|QSOX2_HUMAN	4	0	6.41336547974543	0	true
sp|Q6ZRS2|SRCAP_HUMAN	3	0	4.730778486549287	0	true
sp|Q6ZSJ8|CA122_HUMAN	1	0	3.851420719854238	0	true
sp|Q6ZU65|UBN2_HUMAN	1	0	0.7495240817529732	0	true
sp|Q6ZVM7|TM1L2_HUMAN	2	0	2.228407318448246	0	true
sp|Q6ZYL4|TF2H5_HUMAN	1	0	1.0603841651725647	0	true
sp|Q709C8|VP13C_HUMAN	1	0	2.2832596331422317	0	true
sp|Q70J99|UN13D_HUMAN	4	0	3.717454473766487	0	true
sp|Q70UQ0|IKIP_HUMAN	4	0	4.537747601550607	0	true
sp|Q712K3|UB2R2_HUMAN	1	0	1.6058524407099886	0	true
sp|Q71RC2|LARP4_HUMAN	8	0	3.797600230159698	0	true
sp|Q71U36|TBA1A_HUMAN	0	18	9.612318547875573	0	true
sp|Q71UM5|RS27L_HUMAN	1	2	7.583819418321648	0	true
sp|Q75N03|HAKAI_HUMAN	2	1	3.4714540734130006	0	true
sp|Q76FK4|NOL8_HUMAN	3	0	2.055046907632022	0	true
sp|Q76L83|ASXL2_HUMAN	2	0	1.4200737184696755	0	true
sp|Q7KZ85|SPT6H_HUMAN	9	0	4.4140102185905965	0	true
sp|Q7KZF4|SND1_HUMAN	34	0	7.90597584368087	0	true
sp|Q7KZI7|MARK2_HUMAN	5	1	4.7615671430496205	0	true
sp|Q7L014|DDX46_HUMAN	26	0	7.634004449678398	0	true
sp|Q7L0Y3|TM10C_HUMAN	13	0	5.970393987519643	0	true
sp|Q7L1Q6|5MP2_HUMAN	10	1	6.466356402251175	0	true
sp|Q7L2E3|DHX30_HUMAN	18	0	5.26301435070337	0	true
sp|Q7L2H7|EIF3M_HUMAN	12	0	9.184730501687907	0	true
sp|Q7L2J0|MEPCE_HUMAN	6	0	4.834038285033636	0	true
sp|Q7L3B6|CD37L_HUMAN	1	0	0.6965315281446073	0	true
sp|Q7L4I2|RSRC2_HUMAN	3	0	3.6662501936869445	0	true
sp|Q7L523|RRAGA_HUMAN	1	0	0.8649554213538234	0	true
sp|Q7L576|CYFP1_HUMAN	14	0	4.8155369390802205	0	true
sp|Q7L592|NDUF7_HUMAN	2	0	3.3468289474646866	0	true
sp|Q7L5D6|GET4_HUMAN	1	0	6.5756898690556955	0	true
sp|Q7L5L3|GDPD3_HUMAN	5	0	6.234578802188003	0	true
sp|Q7L5N1|CSN6_HUMAN	6	0	4.253768318533104	0	true
sp|Q7L5Y1|ENOF1_HUMAN	2	0	3.6355896422287244	0	true
sp|Q7L7V1|DHX32_HUMAN	1	0	0.7181683405067453	0	true
sp|Q7L8L6|FAKD5_HUMAN	1	0	1.8283055128139076	0	true
sp|Q7L9L4|MOB1B_HUMAN;sp|Q9H8S9|MOB1A_HUMAN	3	0	4.932710457265667	0	true
sp|Q7LBC6|KDM3B_HUMAN	6	0	3.5094897230113533	0	true
sp|Q7LBR1|CHM1B_HUMAN	1	0	1.8655621940287035	0	true
sp|Q7RTV0|PHF5A_HUMAN	2	0	7.300334615649129	0	true
sp|Q7Z2K6|ERMP1_HUMAN	14	0	6.610322684115766	0	true
sp|Q7Z2T5|TRM1L_HUMAN	4	0	6.577687276975471	0	true
sp|Q7Z2W4|ZCCHV_HUMAN	12	0	7.732960702833313	0	true
sp|Q7Z2W9|RM21_HUMAN	3	0	5.92641031692045	0	true
sp|Q7Z2Z2|EFL1_HUMAN	13	0	5.159330003113211	0	true
sp|Q7Z392|TPC11_HUMAN	1	0	1.3655304414858556	0	true
sp|Q7Z3B4|NUP54_HUMAN	6	0	3.894367157375378	0	true
sp|Q7Z3K3|POGZ_HUMAN	9	0	6.988147318907334	0	true
sp|Q7Z3T8|ZFY16_HUMAN	1	0	1.8973815248838442	0	true
sp|Q7Z3U7|MON2_HUMAN	5	0	3.1738308975996263	0	true
sp|Q7Z401|MYCPP_HUMAN	1	0	0.9886091594052046	0	true
sp|Q7Z417|NUFP2_HUMAN	9	0	7.229036607059708	0	true
sp|Q7Z434|MAVS_HUMAN	2	0	1.121616672921217	0	true
sp|Q7Z460|CLAP1_HUMAN	3	1	5.582902659570978	0	true
sp|Q7Z478|DHX29_HUMAN	8	0	6.434348745352307	0	true
sp|Q7Z4G1|COMD6_HUMAN	1	0	1.4244178048514085	0	true
sp|Q7Z4H7|HAUS6_HUMAN	3	0	1.5201545682850142	0	true
sp|Q7Z4H8|PLGT3_HUMAN	4	0	5.2992881755767955	0	true
sp|Q7Z4Q2|HEAT3_HUMAN	5	0	5.222427170999137	0	true
sp|Q7Z4S6|KI21A_HUMAN	4	0	3.16704758363061	0	true
sp|Q7Z4V5|HDGR2_HUMAN	9	2	4.89239618266476	0	true
sp|Q7Z4W1|DCXR_HUMAN	2	0	3.2084781562222084	0	true
sp|Q7Z5J4|RAI1_HUMAN	1	0	2.357713123267022	0	true
sp|Q7Z5K2|WAPL_HUMAN	3	0	1.3348815639636837	0	true
sp|Q7Z5L9|I2BP2_HUMAN	4	1	5.825581546334414	0	true
sp|Q7Z6E9|RBBP6_HUMAN	3	0	5.550656370484364	0	true
sp|Q7Z6K5|ARPIN_HUMAN	2	0	3.086244690008738	0	true
sp|Q7Z6M1|RABEK_HUMAN	3	0	2.707277347855021	0	true
sp|Q7Z6M4|MTEF4_HUMAN	1	0	2.2285780510825894	0	true
sp|Q7Z6Z7|HUWE1_HUMAN	77	0	8.9428351468877	0	true
sp|Q7Z739|YTHD3_HUMAN	5	6	5.908801217612776	0	true
sp|Q7Z7C8|TAF8_HUMAN	1	0	1.4080289829492327	0	true
sp|Q7Z7E8|UB2Q1_HUMAN;sp|Q8WVN8|UB2Q2_HUMAN	1	0	1.0686694536143815	0	true
sp|Q7Z7F7|RM55_HUMAN	2	0	1.5536260984678298	0	true
sp|Q7Z7G8|VP13B_HUMAN	1	0	0.9361471725971564	0	true
sp|Q7Z7H5|TMED4_HUMAN	2	1	6.361544665169321	0	true
sp|Q7Z7K6|CENPV_HUMAN	4	0	5.674736313530976	0	true
sp|Q7Z7L1|SLN11_HUMAN	3	0	2.048348431816702	0	true
sp|Q86SF2|GALT7_HUMAN	1	0	2.079321685497058	0	true
sp|Q86SQ0|PHLB2_HUMAN	4	0	2.3602515757768936	0	true
sp|Q86SX6|GLRX5_HUMAN	2	0	2.470660494693452	0	true
sp|Q86T03|PP4P1_HUMAN	2	0	2.0747859819780325	0	true
sp|Q86TB9|PATL1_HUMAN	4	0	6.771845980255	0	true
sp|Q86TC9|MYPN_HUMAN	7	0	5.477952443086264	0	true
sp|Q86TI2|DPP9_HUMAN	1	0	2.396810038467228	0	true
sp|Q86TM6|SYVN1_HUMAN	2	0	2.929661153343628	0	true
sp|Q86TP1|PRUN1_HUMAN	1	0	1.4863539006597584	0	true
sp|Q86TS9|RM52_HUMAN	1	0	4.1461397408224725	0	true
sp|Q86TU7|SETD3_HUMAN	3	0	4.235775059375926	0	true
sp|Q86U38|NOP9_HUMAN	8	0	4.093322534496599	0	true
sp|Q86U42|PABP2_HUMAN	3	0	6.67376420328399	0	true
sp|Q86U44|MTA70_HUMAN	4	0	4.7193897097904385	0	true
sp|Q86U86|PB1_HUMAN	7	0	2.7595239084176475	0	true
sp|Q86U90|YRDC_HUMAN	2	0	5.322332989171257	0	true
sp|Q86UE4|LYRIC_HUMAN	11	0	5.400553156006914	0	true
sp|Q86UK7|ZN598_HUMAN	7	0	5.123344171771267	0	true
sp|Q86UL3|GPAT4_HUMAN	1	0	0.7338795220343749	0	true
sp|Q86UP2|KTN1_HUMAN	37	0	10.251052217114646	0	true
sp|Q86UT6|NLRX1_HUMAN	1	0	0.8983580934031693	0	true
sp|Q86UU0|BCL9L_HUMAN	1	0	1.554458964147623	0	true
sp|Q86UV5|UBP48_HUMAN	2	0	3.3513067663430376	0	true
sp|Q86UX7|URP2_HUMAN	1	1	0.967137002737295	0	true
sp|Q86UY6|NAA40_HUMAN	3	0	5.477511638692192	0	true
sp|Q86V21|AACS_HUMAN	3	0	3.317598487706029	0	true
sp|Q86V48|LUZP1_HUMAN	10	0	2.663706160556929	0	true
sp|Q86V81|THOC4_HUMAN	8	0	7.572870504968489	0	true
sp|Q86VM9|ZCH18_HUMAN	3	0	3.8839710621054353	0	true
sp|Q86VN1|VPS36_HUMAN	2	0	3.333970719672494	0	true
sp|Q86VP6|CAND1_HUMAN	27	0	8.266949295453822	0	true
sp|Q86VR2|RETR3_HUMAN	1	0	3.445243226561566	0	true
sp|Q86VS8|HOOK3_HUMAN	3	0	3.9096497310854486	0	true
sp|Q86W42|THOC6_HUMAN	9	0	5.925306349549347	0	true
sp|Q86W56|PARG_HUMAN	1	0	1.3677874367289937	0	true
sp|Q86W92|LIPB1_HUMAN	1	0	0.7172229673898479	0	true
sp|Q86WB0|ZC3C1_HUMAN	4	0	5.107364839874828	0	true
sp|Q86WJ1|CHD1L_HUMAN	1	0	2.3864633676130103	0	true
sp|Q86WQ0|NR2CA_HUMAN	2	0	2.9835583815207536	0	true
sp|Q86WR0|CCD25_HUMAN	4	0	3.492556981989101	0	true
sp|Q86WX3|AROS_HUMAN	1	0	3.7537143052125366	0	true
sp|Q86X29|LSR_HUMAN	4	0	3.81138225481112	0	true
sp|Q86X53|ERIC1_HUMAN	1	0	3.3022484745928122	0	true
sp|Q86X55|CARM1_HUMAN	3	0	4.564158327555044	0	true
sp|Q86X76|NIT1_HUMAN	3	0	4.583949430160611	0	true
sp|Q86X83|COMD2_HUMAN	2	0	3.033759380166005	0	true
sp|Q86XA9|HTR5A_HUMAN	1	0	1.011376099621266	0	true
sp|Q86XI2|CNDG2_HUMAN	1	0	1.0343133598431529	0	true
sp|Q86XK3|SFR1_HUMAN	1	0	0.6118790989868346	0	true
sp|Q86XL3|ANKL2_HUMAN	1	0	1.985170205962043	0	true
sp|Q86XN7|PRSR1_HUMAN	1	0	1.0604888745404528	0	true
sp|Q86XP3|DDX42_HUMAN	8	0	8.11388191367365	0	true
sp|Q86XZ4|SPAS2_HUMAN	4	0	4.5726447128621865	0	true
sp|Q86Y07|VRK2_HUMAN	1	0	1.4984123855451823	0	true
sp|Q86Y39|NDUAB_HUMAN	2	0	2.923357309752649	0	true
sp|Q86Y56|DAAF5_HUMAN	14	0	4.640290283091639	0	true
sp|Q86Y79|PTH_HUMAN	1	0	2.3989286467713966	0	true
sp|Q86Y82|STX12_HUMAN	2	0	2.135008402812235	0	true
sp|Q86YP4|P66A_HUMAN	4	1	3.3505443209935444	0	true
sp|Q86YQ8|CPNE8_HUMAN	4	1	5.421496914437731	0	true
sp|Q86YR5|GPSM1_HUMAN	1	0	1.16774916309426	0	true
sp|Q86YS7|C2CD5_HUMAN	1	0	1.6738623561467403	0	true
sp|Q86YV9|HPS6_HUMAN	1	0	2.9934767471853125	0	true
sp|Q8IU81|I2BP1_HUMAN	3	0	2.1248899297037775	0	true
sp|Q8IUD2|RB6I2_HUMAN	2	0	5.430906158904727	0	true
sp|Q8IUE6|H2A2B_HUMAN	1	3	8.687997928810573	0	true
sp|Q8IUH3|RBM45_HUMAN	1	0	4.145100636915226	0	true
sp|Q8IUI8|CRLF3_HUMAN	1	0	1.7331110865645214	0	true
sp|Q8IUR7|ARMC8_HUMAN	2	0	1.4892663500340657	0	true
sp|Q8IV08|PLD3_HUMAN	1	0	4.5581081978571545	0	true
sp|Q8IV48|ERI1_HUMAN	2	0	2.2999307319686646	0	true
sp|Q8IVD9|NUDC3_HUMAN	3	0	2.796062786442828	0	true
sp|Q8IVF2|AHNK2_HUMAN	6	0	4.190158219581036	0	true
sp|Q8IVF7|FMNL3_HUMAN;sp|Q96PY5|FMNL2_HUMAN	2	0	1.1665879931225858	0	true
sp|Q8IVM0|CCD50_HUMAN	2	0	4.342343185607789	0	true
sp|Q8IVS2|FABD_HUMAN	1	0	2.7235458661038106	0	true
sp|Q8IVT2|MISP_HUMAN	17	0	7.7384565139914425	0	true
sp|Q8IW35|CEP97_HUMAN	2	0	1.3153639914866277	0	true
sp|Q8IWA0|WDR75_HUMAN	3	0	3.4146954267466576	0	true
sp|Q8IWA4|MFN1_HUMAN	3	0	2.532882012907931	0	true
sp|Q8IWA5|CTL2_HUMAN	1	0	0.5810757644775485	0	true
sp|Q8IWC1|MA7D3_HUMAN	1	0	2.333239386063787	0	true
sp|Q8IWE2|NXP20_HUMAN	2	0	2.686867637743813	0	true
sp|Q8IWJ2|GCC2_HUMAN	2	0	1.8348039373465665	0	true
sp|Q8IWR0|Z3H7A_HUMAN	4	0	2.8277706601593002	0	true
sp|Q8IWS0|PHF6_HUMAN	9	0	5.60023036978867	0	true
sp|Q8IWT0|ARCH_HUMAN	1	0	2.089744974200995	0	true
sp|Q8IWT6|LRC8A_HUMAN	5	0	4.329377667437748	0	true
sp|Q8IWU2|LMTK2_HUMAN	1	0	0.7404843471147394	0	true
sp|Q8IWV7|UBR1_HUMAN	2	0	1.5963660927228016	0	true
sp|Q8IWX8|CHERP_HUMAN	3	0	4.537976080083524	0	true
sp|Q8IWZ3|ANKH1_HUMAN	3	4	3.570553457644268	0	true
sp|Q8IWZ8|SUGP1_HUMAN	1	0	0.8899872342855518	0	true
sp|Q8IX01|SUGP2_HUMAN	4	0	4.010045964851239	0	true
sp|Q8IX12|CCAR1_HUMAN	13	0	6.710798144339499	0	true
sp|Q8IX18|DHX40_HUMAN	1	0	2.1723528653255673	0	true
sp|Q8IXB1|DJC10_HUMAN	4	0	3.2491911106728963	0	true
sp|Q8IXH7|NELFD_HUMAN	6	0	3.9015487612845567	0	true
sp|Q8IXK0|PHC2_HUMAN;sp|Q8NDX5|PHC3_HUMAN	1	0	1.9889105747141491	0	true
sp|Q8IXM2|BAP18_HUMAN	3	0	3.858639984327788	0	true
sp|Q8IXM3|RM41_HUMAN	3	0	6.068527841371489	0	true
sp|Q8IXQ3|CI040_HUMAN	1	0	1.5951689510540543	0	true
sp|Q8IXQ4|GPAM1_HUMAN	2	0	3.136284877356566	0	true
sp|Q8IXT5|RB12B_HUMAN	3	0	2.1255690749145644	0	true
sp|Q8IXU6|S35F2_HUMAN	1	0	0.6367712063525112	0	true
sp|Q8IY21|DDX60_HUMAN	1	0	1.0517607560259727	0	true
sp|Q8IY26|PLPP6_HUMAN	1	0	0.7124103788378078	0	true
sp|Q8IY37|DHX37_HUMAN	4	0	3.710801089395338	0	true
sp|Q8IY57|YAF2_HUMAN	1	0	2.8372354469802237	0	true
sp|Q8IY67|RAVR1_HUMAN	7	0	6.125545714667518	0	true
sp|Q8IY81|SPB1_HUMAN	12	0	6.474451857690865	0	true
sp|Q8IY95|TM192_HUMAN	1	0	1.7584952962501355	0	true
sp|Q8IYB3|SRRM1_HUMAN	8	0	6.022266334712387	0	true
sp|Q8IYB5|SMAP1_HUMAN	1	0	1.340851542655109	0	true
sp|Q8IYB7|DI3L2_HUMAN	2	0	1.2867840460848514	0	true
sp|Q8IYB8|SUV3_HUMAN	8	0	4.967104708727552	0	true
sp|Q8IYD1|ERF3B_HUMAN	2	8	7.544416314666471	0	true
sp|Q8IYI6|EXOC8_HUMAN	5	0	3.6403397985182737	0	true
sp|Q8IYL3|CA174_HUMAN	1	0	3.115633888766212	0	true
sp|Q8IYS0|ASTRC_HUMAN	1	0	2.8148188470180564	0	true
sp|Q8IYS1|P20D2_HUMAN	2	0	5.467136339812433	0	true
sp|Q8IYU8|MICU2_HUMAN	2	0	1.2553313504213293	0	true
sp|Q8IZ21|PHAR4_HUMAN	2	0	2.022337372543476	0	true
sp|Q8IZ69|TRM2A_HUMAN	2	0	1.2563101873596312	0	true
sp|Q8IZ73|RUSD2_HUMAN	5	0	2.6635896188007453	0	true
sp|Q8IZ81|ELMD2_HUMAN	1	0	3.342338151838352	0	true
sp|Q8IZ83|A16A1_HUMAN	8	0	5.541896340291582	0	true
sp|Q8IZD4|DCP1B_HUMAN	1	0	0.8258684980912184	0	true
sp|Q8IZH2|XRN1_HUMAN	2	0	1.9752939773110498	0	true
sp|Q8IZL8|PELP1_HUMAN	14	0	7.559506258332519	0	true
sp|Q8IZP0|ABI1_HUMAN	2	0	1.733160504432067	0	true
sp|Q8IZQ5|SELH_HUMAN	3	0	2.8005459321495656	0	true
sp|Q8N0U8|VKORL_HUMAN	2	0	0.854843962642169	0	true
sp|Q8N122|RPTOR_HUMAN	4	0	3.0799532993065815	0	true
sp|Q8N129|CNPY4_HUMAN	1	0	1.0840452731178603	0	true
sp|Q8N142|PURA1_HUMAN	2	0	3.73409175429987	0	true
sp|Q8N163|CCAR2_HUMAN	20	0	7.997162005529882	0	true
sp|Q8N183|NDUF2_HUMAN	3	0	2.0507428029028474	0	true
sp|Q8N196|SIX5_HUMAN	1	1	5.098730922109683	0	true
sp|Q8N1B4|VPS52_HUMAN	1	0	1.3020953507748971	0	true
sp|Q8N1F7|NUP93_HUMAN	21	0	7.8748144761202115	0	true
sp|Q8N1G2|CMTR1_HUMAN	8	0	3.1737506805448685	0	true
sp|Q8N1G4|LRC47_HUMAN	17	0	6.835155218895045	0	true
sp|Q8N201|INT1_HUMAN	5	0	2.1943683787336146	0	true
sp|Q8N2G8|GHDC_HUMAN	3	0	2.1031620221355496	0	true
sp|Q8N2K0|ABD12_HUMAN	2	0	3.9581605208976507	0	true
sp|Q8N2U0|TM256_HUMAN	1	0	3.1913848231198156	0	true
sp|Q8N335|GPD1L_HUMAN	5	0	5.575427439953693	0	true
sp|Q8N357|S35F6_HUMAN	1	0	6.856666822544084	0	true
sp|Q8N392|RHG18_HUMAN	1	0	3.6271208466063203	0	true
sp|Q8N3C0|ASCC3_HUMAN	5	0	1.8686698209331707	0	true
sp|Q8N3D4|EH1L1_HUMAN	7	0	4.52774601398834	0	true
sp|Q8N3E9|PLCD3_HUMAN	3	0	2.52217372823182	0	true
sp|Q8N3U4|STAG2_HUMAN	10	4	4.292831330836856	0	true
sp|Q8N3V7|SYNPO_HUMAN	1	0	0.6169941193600244	0	true
sp|Q8N3X1|FNBP4_HUMAN	6	0	2.9347075122978774	0	true
sp|Q8N490|PNKD_HUMAN	2	0	3.72649576057973	0	true
sp|Q8N4B1|SESQ1_HUMAN	1	0	0.9013767091109401	0	true
sp|Q8N4P3|MESH1_HUMAN	2	0	2.0024501408508897	0	true
sp|Q8N4Q0|PTGR3_HUMAN	3	0	3.936659838542296	0	true
sp|Q8N4Q1|MIA40_HUMAN	3	0	2.627652929047978	0	true
sp|Q8N4T8|CBR4_HUMAN	4	0	3.747892049620182	0	true
sp|Q8N543|OGFD1_HUMAN	3	0	2.7709956557430724	0	true
sp|Q8N5A5|ZGPAT_HUMAN	5	0	2.8122290365585	0	true
sp|Q8N5B7|CERS5_HUMAN	1	0	3.2856960609656727	0	true
sp|Q8N5C7|DTWD1_HUMAN	1	0	1.8177963878316803	0	true
sp|Q8N5F7|NKAP_HUMAN	1	0	2.177216560463245	0	true
sp|Q8N5I4|DHRSX_HUMAN	1	0	1.892195263943105	0	true
sp|Q8N5K1|CISD2_HUMAN	4	0	5.80924875254719	0	true
sp|Q8N5M1|ATPF2_HUMAN	2	0	0.8810824885280726	0	true
sp|Q8N5M9|JAGN1_HUMAN	2	0	6.46604716523932	0	true
sp|Q8N5N7|RM50_HUMAN	4	0	6.170408026897929	0	true
sp|Q8N668|COMD1_HUMAN	1	0	2.189116545857062	0	true
sp|Q8N684|CPSF7_HUMAN	8	0	6.858171258948733	0	true
sp|Q8N6H7|ARFG2_HUMAN	5	0	4.9304532169608	0	true
sp|Q8N6L1|KTAP2_HUMAN	1	0	1.55735014141029	0	true
sp|Q8N6M0|OTU6B_HUMAN	3	0	6.226742808974228	0	true
sp|Q8N6N3|CA052_HUMAN	2	0	3.348219007340682	0	true
sp|Q8N6R0|EFNMT_HUMAN	2	0	4.835936998685332	0	true
sp|Q8N6S5|AR6P6_HUMAN	1	0	0.9743351840427018	0	true
sp|Q8N6T3|ARFG1_HUMAN	4	0	5.230597878153259	0	true
sp|Q8N766|EMC1_HUMAN	10	0	4.528831283890676	0	true
sp|Q8N7H5|PAF1_HUMAN	3	0	6.41037146843682	0	true
sp|Q8N806|UBR7_HUMAN	4	0	1.8250848913778246	0	true
sp|Q8N884|CGAS_HUMAN	2	0	4.036188793189902	0	true
sp|Q8N8A6|DDX51_HUMAN	3	0	6.056013878138429	0	true
sp|Q8N8S7|ENAH_HUMAN	6	0	4.5180694429854995	0	true
sp|Q8N954|GPT11_HUMAN	1	0	2.5974842850099895	0	true
sp|Q8N983|RM43_HUMAN	2	0	2.362711778119867	0	true
sp|Q8N9B5|JMY_HUMAN	1	0	4.392920698024922	0	true
sp|Q8N9M5|TM102_HUMAN	1	0	0.8667336286778954	0	true
sp|Q8N9N7|LRC57_HUMAN	2	0	3.20316067583578	0	true
sp|Q8N9N8|EIF1A_HUMAN	2	0	3.459505376099878	0	true
sp|Q8N9T8|KRI1_HUMAN	8	0	3.705660717446187	0	true
sp|Q8NAF0|ZN579_HUMAN	2	0	2.176400860714856	0	true
sp|Q8NAV1|PR38A_HUMAN	2	0	2.635232640939833	0	true
sp|Q8NB16|MLKL_HUMAN	6	0	4.1680517783400175	0	true
sp|Q8NB37|GALD1_HUMAN	1	0	1.7961923035285678	0	true
sp|Q8NB50|ZFP62_HUMAN	1	1	1.21422786202779	0	true
sp|Q8NB90|AFG2A_HUMAN	6	1	4.5577642162749346	0	true
sp|Q8NBA8|DTWD2_HUMAN	1	0	2.7222992444562073	0	true
sp|Q8NBF2|NHLC2_HUMAN	4	0	4.533142973232226	0	true
sp|Q8NBF6|AVL9_HUMAN	1	0	0.7803232480486766	0	true
sp|Q8NBJ4|GOLM1_HUMAN	2	0	4.260357913356546	0	true
sp|Q8NBJ5|GT251_HUMAN	18	0	6.858847295041117	0	true
sp|Q8NBJ7|SUMF2_HUMAN	8	0	6.458490658966601	0	true
sp|Q8NBK3|SUMF1_HUMAN	2	0	3.560839310214493	0	true
sp|Q8NBL1|PGLT1_HUMAN	5	0	3.8614766780860648	0	true
sp|Q8NBN3|TM87A_HUMAN	2	0	5.179999564824879	0	true
sp|Q8NBN7|RDH13_HUMAN	8	0	6.6572397406800485	0	true
sp|Q8NBQ5|DHB11_HUMAN	7	0	4.7513227267810745	0	true
sp|Q8NBS9|TXND5_HUMAN	13	0	9.256840780717104	0	true
sp|Q8NBU5|ATAD1_HUMAN	6	0	3.91354184900145	0	true
sp|Q8NC51|SERB1_HUMAN	17	0	11.413597092697293	0	true
sp|Q8NC56|LEMD2_HUMAN	4	0	2.9548453008074183	0	true
sp|Q8NCA5|FA98A_HUMAN	5	1	7.211402328077674	0	true
sp|Q8NCF5|NF2IP_HUMAN	1	0	3.4981377738301003	0	true
sp|Q8NCG7|DGLB_HUMAN	2	0	2.38800085296893	0	true
sp|Q8NCN4|RN169_HUMAN	1	0	2.1868763659760746	0	true
sp|Q8NCN5|PDPR_HUMAN	3	0	4.09177163875505	0	true
sp|Q8NCW5|NNRE_HUMAN	5	0	6.138511573316096	0	true
sp|Q8ND24|RN214_HUMAN	1	0	1.3051717034858898	0	true
sp|Q8ND56|LS14A_HUMAN	3	0	2.486440030831666	0	true
sp|Q8NDF8|PAPD5_HUMAN	1	0	3.6175900758105883	0	true
sp|Q8NDH3|PEPL1_HUMAN	4	0	5.189860502225562	0	true
sp|Q8NDI1|EHBP1_HUMAN	1	0	3.1034067570114057	0	true
sp|Q8NDZ4|DIK2A_HUMAN	1	0	2.4471577149927657	0	true
sp|Q8NE01|CNNM3_HUMAN	1	0	1.8683613606517113	0	true
sp|Q8NE71|ABCF1_HUMAN	19	1	7.869596325965537	0	true
sp|Q8NE86|MCU_HUMAN	7	0	5.858562754227261	0	true
sp|Q8NEB9|PK3C3_HUMAN	5	0	2.461408014555783	0	true
sp|Q8NEJ9|NGDN_HUMAN	4	0	5.58627258473871	0	true
sp|Q8NEM2|SHCBP_HUMAN	1	0	1.3609847143209897	0	true
sp|Q8NEW0|ZNT7_HUMAN	1	0	2.910109476415984	0	true
sp|Q8NEY8|PPHLN_HUMAN	1	0	1.6329147483861235	0	true
sp|Q8NEZ5|FBX22_HUMAN	5	0	5.369007638336293	0	true
sp|Q8NF37|PCAT1_HUMAN	6	0	8.109064860582901	0	true
sp|Q8NFC6|BD1L1_HUMAN	5	0	5.453230315762858	0	true
sp|Q8NFD5|ARI1B_HUMAN	1	0	2.2327727244769697	0	true
sp|Q8NFF5|FAD1_HUMAN	3	0	7.752027470418418	0	true
sp|Q8NFH3|NUP43_HUMAN	7	0	4.67040610775735	0	true
sp|Q8NFH4|NUP37_HUMAN	5	0	3.0363192459541644	0	true
sp|Q8NFH5|NUP35_HUMAN	6	0	6.884644552370885	0	true
sp|Q8NFH8|REPS2_HUMAN	1	0	2.058590715282341	0	true
sp|Q8NFJ5|RAI3_HUMAN	4	0	8.025893207287474	0	true
sp|Q8NFQ8|TOIP2_HUMAN	5	1	6.725319224402704	0	true
sp|Q8NFV4|ABHDB_HUMAN	1	0	4.020030391882609	0	true
sp|Q8NFW8|NEUA_HUMAN	4	0	4.368215640643872	0	true
sp|Q8NG68|TTL_HUMAN	1	0	1.0682605393535949	0	true
sp|Q8NHG7|SVIP_HUMAN	1	0	0.9498773079889541	0	true
sp|Q8NHH9|ATLA2_HUMAN	1	0	2.0881109553453525	0	true
sp|Q8NHM5|KDM2B_HUMAN	1	0	0.9486792676188385	0	true
sp|Q8NHP8|PLBL2_HUMAN	4	0	5.055113688678357	0	true
sp|Q8NHQ9|DDX55_HUMAN	3	0	3.9122121841396895	0	true
sp|Q8NHV4|NEDD1_HUMAN	1	0	3.612659992361244	0	true
sp|Q8NHZ8|CDC26_HUMAN	1	0	1.4241389782267218	0	true
sp|Q8NI08|NCOA7_HUMAN	1	0	2.519881627976014	0	true
sp|Q8NI27|THOC2_HUMAN	13	0	4.147368613028767	0	true
sp|Q8NI36|WDR36_HUMAN	10	0	5.613428469285486	0	true
sp|Q8NI60|COQ8A_HUMAN	3	0	1.9908478069423154	0	true
sp|Q8TAA9|VANG1_HUMAN	1	0	1.6597596183961856	0	true
sp|Q8TAD8|SNIP1_HUMAN	2	0	3.889724859073584	0	true
sp|Q8TAE8|G45IP_HUMAN	5	0	5.1547299851465835	0	true
sp|Q8TAF3|WDR48_HUMAN	3	0	3.718919047262893	0	true
sp|Q8TAG9|EXOC6_HUMAN	1	0	0.8795805633943139	0	true
sp|Q8TAP9|MPLKI_HUMAN	1	0	3.6014121622545328	0	true
sp|Q8TAQ2|SMRC2_HUMAN	7	8	4.894422768479081	0	true
sp|Q8TAT6|NPL4_HUMAN	9	0	4.969048432599378	0	true
sp|Q8TB36|GDAP1_HUMAN	1	0	2.8545121573422874	0	true
sp|Q8TB52|FBX30_HUMAN	1	0	1.067757417815803	0	true
sp|Q8TB61|S35B2_HUMAN	4	0	3.5257239329780488	0	true
sp|Q8TB72|PUM2_HUMAN	1	2	4.333156150567399	0	true
sp|Q8TBB5|KLDC4_HUMAN	5	0	5.475164141265253	0	true
sp|Q8TBC4|UBA3_HUMAN	5	0	5.815537754851128	0	true
sp|Q8TBP6|S2540_HUMAN	1	0	1.3131649726140309	0	true
sp|Q8TBX8|PI42C_HUMAN	3	0	2.5397140505572717	0	true
sp|Q8TC07|TBC15_HUMAN	13	0	5.208267949319	0	true
sp|Q8TC12|RDH11_HUMAN	6	0	7.433149927583141	0	true
sp|Q8TCC3|RM30_HUMAN	3	0	4.292193792270799	0	true
sp|Q8TCD5|NT5C_HUMAN	2	0	5.47088456077577	0	true
sp|Q8TCJ2|STT3B_HUMAN	5	0	4.040292641432569	0	true
sp|Q8TCS8|PNPT1_HUMAN	21	0	7.178277435785614	0	true
sp|Q8TCT9|HM13_HUMAN	7	0	6.489995968638437	0	true
sp|Q8TCZ2|C99L2_HUMAN	1	0	0.9656614247675996	0	true
sp|Q8TD19|NEK9_HUMAN	7	0	3.489426858180483	0	true
sp|Q8TDD1|DDX54_HUMAN	9	0	7.170752123028554	0	true
sp|Q8TDI0|CHD5_HUMAN	0	10	5.7895232033503214	0	true
sp|Q8TDM6|DLG5_HUMAN	1	0	0.5695942655854397	0	true
sp|Q8TDN6|BRX1_HUMAN	15	0	7.253032661830654	0	true
sp|Q8TDP1|RNH2C_HUMAN	2	0	5.329722887752184	0	true
sp|Q8TDQ7|GNPI2_HUMAN	1	2	2.68894875672204	0	true
sp|Q8TDW0|LRC8C_HUMAN	1	0	0.8276641582620516	0	true
sp|Q8TDX7|NEK7_HUMAN	3	0	3.506747882026335	0	true
sp|Q8TE77|SSH3_HUMAN	1	0	2.6182145124050065	0	true
sp|Q8TEA8|DTD1_HUMAN	2	0	5.017801199440761	0	true
sp|Q8TED0|UTP15_HUMAN	8	0	3.3806303606099664	0	true
sp|Q8TED1|GPX8_HUMAN	2	0	1.0630855676507198	0	true
sp|Q8TEM1|PO210_HUMAN	23	0	6.494510094120263	0	true
sp|Q8TEQ6|GEMI5_HUMAN	18	0	5.511296379399726	0	true
sp|Q8TEX9|IPO4_HUMAN	17	0	7.03892821320478	0	true
sp|Q8TF01|PNISR_HUMAN	1	0	1.6382434896590428	0	true
sp|Q8TF05|PP4R1_HUMAN	3	0	3.0223014666211223	0	true
sp|Q8WTS1|ABHD5_HUMAN	1	0	0.8481158521149923	0	true
sp|Q8WTS6|SETD7_HUMAN	3	0	2.6442243737333704	0	true
sp|Q8WTT2|NOC3L_HUMAN	5	0	4.629034491282205	0	true
sp|Q8WTV0|SCRB1_HUMAN	2	0	4.342508030398176	0	true
sp|Q8WTW3|COG1_HUMAN	2	0	1.7389928992523658	0	true
sp|Q8WU79|SMAP2_HUMAN	1	0	0.5681667954505548	0	true
sp|Q8WU90|ZC3HF_HUMAN	6	0	4.749553959205559	0	true
sp|Q8WUA2|PPIL4_HUMAN	1	0	1.7934142784440334	0	true
sp|Q8WUA4|TF3C2_HUMAN	3	0	2.985334289522093	0	true
sp|Q8WUB8|PHF10_HUMAN	2	0	1.6699196662725517	0	true
sp|Q8WUF5|IASPP_HUMAN	1	0	1.5401444494396905	0	true
sp|Q8WUH6|TM263_HUMAN	2	0	3.457163505820785	0	true
sp|Q8WUI4|HDAC7_HUMAN	2	0	1.1051912777643447	0	true
sp|Q8WUK0|PTPM1_HUMAN	1	0	7.223516237551439	0	true
sp|Q8WUM0|NU133_HUMAN	20	0	7.005987374798291	0	true
sp|Q8WUM4|PDC6I_HUMAN	24	0	8.284889339798223	0	true
sp|Q8WUQ7|CATIN_HUMAN	2	0	1.5319376444529988	0	true
sp|Q8WUR7|CO040_HUMAN	1	0	3.7857652571658162	0	true
sp|Q8WUX1|S38A5_HUMAN	4	0	3.1319012365326997	0	true
sp|Q8WUX9|CHMP7_HUMAN	1	0	2.2328764948611	0	true
sp|Q8WUZ0|BCL7C_HUMAN	1	0	0.6162023604778892	0	true
sp|Q8WVB6|CTF18_HUMAN	3	0	4.238240163471464	0	true
sp|Q8WVC0|LEO1_HUMAN	4	0	5.3282653694783155	0	true
sp|Q8WVK2|SNR27_HUMAN	1	0	0.7039963939482573	0	true
sp|Q8WVK7|SKA2_HUMAN	1	0	0.5795906854998977	0	true
sp|Q8WVM0|TFB1M_HUMAN	2	0	2.3576720714113204	0	true
sp|Q8WVM7|STAG1_HUMAN	1	4	3.8382593554117013	0	true
sp|Q8WVM8|SCFD1_HUMAN	10	0	5.94051449565345	0	true
sp|Q8WVV9|HNRLL_HUMAN	4	1	6.205316740425278	0	true
sp|Q8WVX9|FACR1_HUMAN	4	0	4.116019722844059	0	true
sp|Q8WVY7|UBCP1_HUMAN	3	0	2.5222487872084325	0	true
sp|Q8WW01|SEN15_HUMAN	1	0	3.561337850249643	0	true
sp|Q8WW12|PCNP_HUMAN	7	0	7.385837482735815	0	true
sp|Q8WW22|DNJA4_HUMAN	1	0	2.093621188378429	0	true
sp|Q8WW59|SPRY4_HUMAN	3	0	2.8153106590485177	0	true
sp|Q8WWC4|MAIP1_HUMAN	4	0	6.021584884782575	0	true
sp|Q8WWI1|LMO7_HUMAN	27	1	6.4268066176749175	0	true
sp|Q8WWI5|CTL1_HUMAN	1	0	6.163813919713339	0	true
sp|Q8WWK9|CKAP2_HUMAN	1	0	4.50114906049172	0	true
sp|Q8WWM7|ATX2L_HUMAN	8	0	4.9363282658104355	0	true
sp|Q8WWQ0|PHIP_HUMAN	9	0	4.019613029474835	0	true
sp|Q8WWY3|PRP31_HUMAN	10	0	4.888418153655481	0	true
sp|Q8WX92|NELFB_HUMAN	9	0	6.419717163973014	0	true
sp|Q8WX93|PALLD_HUMAN	11	0	5.364091181351992	0	true
sp|Q8WXA9|SREK1_HUMAN	5	0	5.059230800195379	0	true
sp|Q8WXF1|PSPC1_HUMAN	2	1	6.75653200825762	0	true
sp|Q8WXG6|MADD_HUMAN	3	0	3.4525336350027733	0	true
sp|Q8WXH0|SYNE2_HUMAN	8	0	3.1471657292195783	0	true
sp|Q8WXI9|P66B_HUMAN	3	1	3.4575345289711232	0	true
sp|Q8WXX5|DNJC9_HUMAN	6	0	6.589944976597068	0	true
sp|Q8WY22|BRI3B_HUMAN	3	0	6.367804650342809	0	true
sp|Q8WYA6|CTBL1_HUMAN	7	0	5.248354391836668	0	true
sp|Q8WYP5|ELYS_HUMAN	20	0	5.350676006869324	0	true
sp|Q8WZA0|LZIC_HUMAN	3	0	6.607740395412369	0	true
sp|Q8WZA9|IRGQ_HUMAN	2	0	0.7285748767377649	0	true
sp|Q92466|DDB2_HUMAN	4	0	3.804216522855751	0	true
sp|Q92499|DDX1_HUMAN	24	0	8.566723631707971	0	true
sp|Q92504|S39A7_HUMAN	1	0	4.785554434781137	0	true
sp|Q92506|DHB8_HUMAN	3	0	3.2047528708320567	0	true
sp|Q92520|FAM3C_HUMAN	2	0	4.072542124691576	0	true
sp|Q92522|H1X_HUMAN	8	0	9.03469464278511	0	true
sp|Q92538|GBF1_HUMAN	7	0	5.782086446228698	0	true
sp|Q92540|SMG7_HUMAN	1	0	1.1865720427716864	0	true
sp|Q92541|RTF1_HUMAN	9	0	2.7474253236133546	0	true
sp|Q92542|NICA_HUMAN	4	0	4.99581378757777	0	true
sp|Q92544|TM9S4_HUMAN	5	0	5.145681227095688	0	true
sp|Q92547|TOPB1_HUMAN	1	0	2.1186951536759935	0	true
sp|Q92552|RT27_HUMAN	10	0	4.521706819334467	0	true
sp|Q92572|AP3S1_HUMAN	1	0	1.6321459753529468	0	true
sp|Q92574|TSC1_HUMAN	1	0	1.0464725082928783	0	true
sp|Q92575|UBXN4_HUMAN	2	0	2.1602311634919977	0	true
sp|Q92576|PHF3_HUMAN	1	0	0.7754002892547261	0	true
sp|Q92597|NDRG1_HUMAN	6	0	6.846304580506913	0	true
sp|Q92598|HS105_HUMAN	26	3	7.284041052044969	0	true
sp|Q92599|SEPT8_HUMAN	4	3	3.423589125316385	0	true
sp|Q92600|CNOT9_HUMAN	3	0	2.4227328915952255	0	true
sp|Q92609|TBCD5_HUMAN	2	0	2.202794327599803	0	true
sp|Q92613|JADE3_HUMAN	1	0	2.483430281846661	0	true
sp|Q92614|MY18A_HUMAN	11	0	4.544211128058308	0	true
sp|Q92615|LAR4B_HUMAN	2	0	4.155164241801207	0	true
sp|Q92616|GCN1_HUMAN	68	0	8.132179830288255	0	true
sp|Q92620|PRP16_HUMAN	8	0	5.872296778472699	0	true
sp|Q92621|NU205_HUMAN	30	0	6.31424484506049	0	true
sp|Q92625|ANS1A_HUMAN	2	0	1.0438458935899735	0	true
sp|Q92643|GPI8_HUMAN	3	0	4.003498027439417	0	true
sp|Q92665|RT31_HUMAN	3	0	3.218390986974587	0	true
sp|Q92667|AKAP1_HUMAN	2	0	2.2981082267218977	0	true
sp|Q92685|ALG3_HUMAN	2	0	3.200367097165138	0	true
sp|Q92688|AN32B_HUMAN	6	2	8.134531056866985	0	true
sp|Q92696|PGTA_HUMAN	4	0	1.9070231556761796	0	true
sp|Q92733|PRCC_HUMAN	3	0	5.15153044630174	0	true
sp|Q92734|TFG_HUMAN	7	0	8.23201696011848	0	true
sp|Q92743|HTRA1_HUMAN	3	0	5.077578852703473	0	true
sp|Q92747|ARC1A_HUMAN	3	1	3.4771288463512957	0	true
sp|Q92766|RREB1_HUMAN	1	0	0.807542984535704	0	true
sp|Q92769|HDAC2_HUMAN	7	1	6.815410258373028	0	true
sp|Q92783|STAM1_HUMAN	2	1	1.7753370324351705	0	true
sp|Q92785|REQU_HUMAN	2	0	2.606939198160034	0	true
sp|Q92793|CBP_HUMAN	1	2	1.8466958268514755	0	true
sp|Q92796|DLG3_HUMAN	1	0	2.6330374523974696	0	true
sp|Q92797|SYMPK_HUMAN	4	0	4.889638833993551	0	true
sp|Q92804|RBP56_HUMAN	8	2	7.170662814605496	0	true
sp|Q92805|GOGA1_HUMAN	2	0	1.269305813910178	0	true
sp|Q92817|EVPL_HUMAN	2	0	3.1849645406009075	0	true
sp|Q92820|GGH_HUMAN	3	0	5.908721520957067	0	true
sp|Q92839|HYAS1_HUMAN	1	0	4.649825312360115	0	true
sp|Q92841|DDX17_HUMAN	19	8	8.62841624085477	0	true
sp|Q92859|NEO1_HUMAN	3	0	2.2644171775037703	0	true
sp|Q92878|RAD50_HUMAN	28	0	6.737055018049773	0	true
sp|Q92879|CELF1_HUMAN	8	0	6.554379860288883	0	true
sp|Q92882|OSTF1_HUMAN	3	0	5.088081078578983	0	true
sp|Q92887|MRP2_HUMAN	2	0	4.2483503670634	0	true
sp|Q92888|ARHG1_HUMAN	9	0	3.23895612728547	0	true
sp|Q92889|XPF_HUMAN	1	0	1.0581888801421249	0	true
sp|Q92890|UFD1_HUMAN	9	0	4.783883993402514	0	true
sp|Q92896|GSLG1_HUMAN	5	0	2.651970321282904	0	true
sp|Q92900|RENT1_HUMAN	26	0	6.943556231216278	0	true
sp|Q92905|CSN5_HUMAN	6	0	5.881773517120116	0	true
sp|Q92917|GPKOW_HUMAN	10	0	7.842072181636727	0	true
sp|Q92922|SMRC1_HUMAN	7	8	4.894422768479081	0	true
sp|Q92925|SMRD2_HUMAN	3	0	7.298493467289106	0	true
sp|Q92945|FUBP2_HUMAN	21	1	8.213132784089602	0	true
sp|Q92947|GCDH_HUMAN	4	0	2.74017635252282	0	true
sp|Q92954|PRG4_HUMAN	1	0	0.8941531303859555	0	true
sp|Q92973|TNPO1_HUMAN	16	5	8.063579478761278	0	true
sp|Q92974|ARHG2_HUMAN	11	0	5.3454332185450655	0	true
sp|Q92979|NEP1_HUMAN	6	0	4.455523707359867	0	true
sp|Q92989|CLP1_HUMAN	1	0	1.7895400166558526	0	true
sp|Q92990|GLMN_HUMAN	4	0	4.313727928030688	0	true
sp|Q92995|UBP13_HUMAN	3	0	2.907332213443585	0	true
sp|Q93008|USP9X_HUMAN	22	0	4.885245621533642	0	true
sp|Q93009|UBP7_HUMAN	26	0	5.790529485751152	0	true
sp|Q93034|CUL5_HUMAN	2	0	0.6744202128220906	0	true
sp|Q93045|STMN2_HUMAN	1	2	5.882780754502859	0	true
sp|Q93050|VPP1_HUMAN	3	1	1.7992216761350095	0	true
sp|Q93052|LPP_HUMAN	8	0	4.991516308840452	0	true
sp|Q93096|TP4A1_HUMAN	7	0	6.425135807158645	0	true
sp|Q93100|KPBB_HUMAN	1	0	0.74605958870407	0	true
sp|Q969E8|TSR2_HUMAN	2	0	1.5327337287108282	0	true
sp|Q969F9|HPS3_HUMAN	2	0	1.823250270701444	0	true
sp|Q969G3|SMCE1_HUMAN	5	1	3.1238160473961396	0	true
sp|Q969H8|MYDGF_HUMAN	3	0	3.514991930955421	0	true
sp|Q969J3|BORC5_HUMAN	1	0	1.402319595062343	0	true
sp|Q969L2|MAL2_HUMAN	1	0	2.450943199442941	0	true
sp|Q969M3|YIPF5_HUMAN	1	0	6.850273248422061	0	true
sp|Q969N2|PIGT_HUMAN	3	0	4.352735438717269	0	true
sp|Q969P0|IGSF8_HUMAN	1	0	0.8178531132557033	0	true
sp|Q969R2|OSBP2_HUMAN	1	2	3.3751730546417322	0	true
sp|Q969R8|ITFG2_HUMAN	1	0	2.2583804606539695	0	true
sp|Q969S3|ZN622_HUMAN	4	0	4.546670922085313	0	true
sp|Q969S9|RRF2M_HUMAN	3	0	3.4573233533897043	0	true
sp|Q969T9|WBP2_HUMAN	1	0	1.1288333058472486	0	true
sp|Q969U7|PSMG2_HUMAN	6	0	3.332087035209091	0	true
sp|Q969V3|NCLN_HUMAN	10	0	7.211776432188546	0	true
sp|Q969X5|ERGI1_HUMAN	5	0	2.7583885459945443	0	true
sp|Q969X6|UTP4_HUMAN	7	0	4.857454089899279	0	true
sp|Q969Y2|GTPB3_HUMAN	1	0	2.4999096926818725	0	true
sp|Q969Z0|FAKD4_HUMAN	5	0	4.561603585348208	0	true
sp|Q96A26|F162A_HUMAN	6	0	7.647503977219993	0	true
sp|Q96A33|CCD47_HUMAN	10	0	6.18043907319885	0	true
sp|Q96A35|RM24_HUMAN	3	0	2.9309173103037085	0	true
sp|Q96A49|SYAP1_HUMAN	4	0	5.269152682684284	0	true
sp|Q96A65|EXOC4_HUMAN	8	0	4.502452506834277	0	true
sp|Q96AA3|RFT1_HUMAN	1	0	3.1815088540904104	0	true
sp|Q96AB3|ISOC2_HUMAN	2	0	4.53704622544339	0	true
sp|Q96AC1|FERM2_HUMAN	9	2	6.285326841042306	0	true
sp|Q96AE4|FUBP1_HUMAN	20	1	8.131377000637075	0	true
sp|Q96AG4|LRC59_HUMAN	8	0	6.48763180171073	0	true
sp|Q96AJ9|VTI1A_HUMAN	1	0	2.6534985483219757	0	true
sp|Q96AQ6|PBIP1_HUMAN	6	0	4.722914412575419	0	true
sp|Q96AT1|K1143_HUMAN	1	0	1.81235374865533	0	true
sp|Q96AT9|RPE_HUMAN	1	0	1.9352701606490557	0	true
sp|Q96AY3|FKB10_HUMAN	11	1	6.509078022780852	0	true
sp|Q96B26|EXOS8_HUMAN	5	0	3.8953887535312153	0	true
sp|Q96B36|AKTS1_HUMAN	2	0	4.598190818421091	0	true
sp|Q96B49|TOM6_HUMAN	1	0	2.975459076562416	0	true
sp|Q96B97|SH3K1_HUMAN	7	0	6.197214491666199	0	true
sp|Q96BJ3|AIDA_HUMAN	1	0	4.174041193335253	0	true
sp|Q96BN8|OTUL_HUMAN	6	0	3.7793321760681575	0	true
sp|Q96BP3|PPWD1_HUMAN	7	0	3.95249515184885	0	true
sp|Q96BR5|COA7_HUMAN	2	0	1.1473212812585194	0	true
sp|Q96BW9|TAM41_HUMAN	2	0	2.1888479838860446	0	true
sp|Q96C01|F136A_HUMAN	7	0	7.2544875920512855	0	true
sp|Q96C19|EFHD2_HUMAN	6	0	7.074496370538129	0	true
sp|Q96C23|GALM_HUMAN	3	0	4.307339620932735	0	true
sp|Q96C24|SYTL4_HUMAN	1	0	2.1534220332707315	0	true
sp|Q96C36|P5CR2_HUMAN	4	1	6.085745542701516	0	true
sp|Q96C57|CSTOS_HUMAN	3	0	2.743961690932788	0	true
sp|Q96C86|DCPS_HUMAN	6	0	5.86678321007599	0	true
sp|Q96C90|PP14B_HUMAN	2	0	2.8484126382265327	0	true
sp|Q96CM8|ACSF2_HUMAN	3	0	3.8721250339498314	0	true
sp|Q96CN7|ISOC1_HUMAN	3	0	4.9899940281960795	0	true
sp|Q96CP2|FWCH2_HUMAN	5	0	6.389579985214908	0	true
sp|Q96CS3|FAF2_HUMAN	8	0	6.010182375885457	0	true
sp|Q96CT7|CC124_HUMAN	6	0	4.531839171082352	0	true
sp|Q96CU9|FXRD1_HUMAN	1	0	1.246734622752422	0	true
sp|Q96CV9|OPTN_HUMAN	1	0	0.8688186860347118	0	true
sp|Q96CW1|AP2M1_HUMAN	10	0	7.0817530199447685	0	true
sp|Q96CW5|GCP3_HUMAN	1	0	0.8517444384114047	0	true
sp|Q96D46|NMD3_HUMAN	4	0	4.200063755315562	0	true
sp|Q96D53|COQ8B_HUMAN	1	0	4.529835639786436	0	true
sp|Q96DA6|TIM14_HUMAN	2	0	2.5390642172594005	0	true
sp|Q96DB5|RMD1_HUMAN	2	0	3.1847452687779447	0	true
sp|Q96DE0|NUD16_HUMAN;sp|Q9BRJ7|TIRR_HUMAN	1	0	2.072231125731024	0	true
sp|Q96DF8|ESS2_HUMAN	1	0	0.6582093800304668	0	true
sp|Q96DG6|CMBL_HUMAN	6	0	8.13762917388585	0	true
sp|Q96DH6|MSI2H_HUMAN	4	0	4.170490579353391	0	true
sp|Q96DI7|SNR40_HUMAN	7	0	4.786155353824979	0	true
sp|Q96DV4|RM38_HUMAN	4	0	2.1899739486549805	0	true
sp|Q96DX5|ASB9_HUMAN	2	0	2.7141772349378286	0	true
sp|Q96DZ1|ERLEC_HUMAN	1	0	2.097838473051835	0	true
sp|Q96E11|RRFM_HUMAN	7	0	6.700523872855163	0	true
sp|Q96E14|RMI2_HUMAN	1	0	1.0267670397531603	0	true
sp|Q96E39|RMXL1_HUMAN	2	10	8.284405971035678	0	true
sp|Q96EB1|ELP4_HUMAN	2	0	1.0365597357479954	0	true
sp|Q96EC8|YIPF6_HUMAN	1	0	0.7998270005449165	0	true
sp|Q96EE3|SEH1_HUMAN	6	0	5.530757224527524	0	true
sp|Q96EI5|TCAL4_HUMAN	2	0	2.79524918131138	0	true
sp|Q96EK5|KBP_HUMAN	2	0	0.9567086263264318	0	true
sp|Q96EK6|GNA1_HUMAN	4	0	8.59660985310456	0	true
sp|Q96EK7|F120B_HUMAN	1	0	1.2694145370808696	0	true
sp|Q96EL3|RM53_HUMAN	4	0	6.650833373006823	0	true
sp|Q96EN8|MOCOS_HUMAN	11	0	6.221394041187352	0	true
sp|Q96EP5|DAZP1_HUMAN	3	0	7.119219860258238	0	true
sp|Q96ER3|SAAL1_HUMAN	3	0	7.025711478735417	0	true
sp|Q96ER9|MITOK_HUMAN	5	0	2.693494567265658	0	true
sp|Q96EV2|RBM33_HUMAN	2	0	4.326107611777749	0	true
sp|Q96EX3|DC2I2_HUMAN	1	0	1.4313260868077609	0	true
sp|Q96EY1|DNJA3_HUMAN	5	0	6.443267353190092	0	true
sp|Q96EY4|TMA16_HUMAN	2	0	3.2137888979802063	0	true
sp|Q96EY5|MB12A_HUMAN	2	0	2.761994602479458	0	true
sp|Q96EY7|PTCD3_HUMAN	8	0	5.1111351943525465	0	true
sp|Q96EY8|MMAB_HUMAN	2	0	2.891629958299835	0	true
sp|Q96EZ8|MCRS1_HUMAN	1	0	1.1575251965309348	0	true
sp|Q96F63|CCD97_HUMAN	1	0	1.8839204488702561	0	true
sp|Q96F86|EDC3_HUMAN	4	0	4.848688154716364	0	true
sp|Q96FF9|CDCA5_HUMAN	3	0	3.996215458336295	0	true
sp|Q96FJ2|DYL2_HUMAN	1	2	5.078442617534655	0	true
sp|Q96FK6|WDR89_HUMAN	1	0	0.7913931873735149	0	true
sp|Q96FQ6|S10AG_HUMAN	4	0	8.52060529377377	0	true
sp|Q96FV2|SCRN2_HUMAN	2	0	5.039113792444341	0	true
sp|Q96FV9|THOC1_HUMAN	7	0	5.724295226479667	0	true
sp|Q96FW1|OTUB1_HUMAN	8	0	7.917944369932136	0	true
sp|Q96FZ7|CHMP6_HUMAN	1	0	1.335990953952532	0	true
sp|Q96G03|PGM2_HUMAN	8	0	6.4652557354906435	0	true
sp|Q96G21|IMP4_HUMAN	1	0	2.5171778699480996	0	true
sp|Q96G23|CERS2_HUMAN	4	0	8.346547494131404	0	true
sp|Q96G46|DUS3L_HUMAN	3	0	2.2993716782147327	0	true
sp|Q96G74|OTUD5_HUMAN	1	0	0.7423754752897611	0	true
sp|Q96GA3|LTV1_HUMAN	3	0	3.421731518298427	0	true
sp|Q96GA7|SDSL_HUMAN	3	0	1.732075726589785	0	true
sp|Q96GC5|RM48_HUMAN	3	0	3.368068634532628	0	true
sp|Q96GD0|PLPP_HUMAN	2	0	4.423987834890511	0	true
sp|Q96GG9|DCNL1_HUMAN	3	0	5.661634145057842	0	true
sp|Q96GK7|FAH2A_HUMAN	2	0	3.9238618177566833	0	true
sp|Q96GM5|SMRD1_HUMAN	3	0	2.8185522721242497	0	true
sp|Q96GM8|TOE1_HUMAN	4	0	5.9595400695075025	0	true
sp|Q96GQ5|RUSF1_HUMAN	1	0	0.7397128150655747	0	true
sp|Q96GQ7|DDX27_HUMAN	14	0	5.812530287351087	0	true
sp|Q96GS4|BORC6_HUMAN	2	0	6.767362285229401	0	true
sp|Q96GX9|MTNB_HUMAN	5	0	3.758890434002318	0	true
sp|Q96GZ6|S41A3_HUMAN	1	0	2.466089725439431	0	true
sp|Q96H20|SNF8_HUMAN	1	0	4.082240805769839	0	true
sp|Q96HC4|PDLI5_HUMAN	10	0	5.632529146405027	0	true
sp|Q96HE7|ERO1A_HUMAN	11	0	6.842963666074832	0	true
sp|Q96HS1|PGAM5_HUMAN	8	0	4.539775843270868	0	true
sp|Q96HW7|INT4_HUMAN	3	0	3.552697213556542	0	true
sp|Q96HY6|DDRGK_HUMAN	4	0	6.008705894656286	0	true
sp|Q96I15|SCLY_HUMAN	2	0	1.0613886531741246	0	true
sp|Q96I24|FUBP3_HUMAN	14	1	7.6943097769963655	0	true
sp|Q96I25|SPF45_HUMAN	2	0	3.5927681256063835	0	true
sp|Q96I51|RCC1L_HUMAN	1	0	2.763138399126163	0	true
sp|Q96I59|SYNM_HUMAN	3	0	2.57842522180754	0	true
sp|Q96I99|SUCB2_HUMAN	14	0	7.699993278624289	0	true
sp|Q96IJ6|GMPPA_HUMAN	2	0	3.1912056669085977	0	true
sp|Q96IR7|HPDL_HUMAN	8	0	7.1957024990109275	0	true
sp|Q96IU2|ZBED3_HUMAN	1	0	2.6776760241891675	0	true
sp|Q96IU4|ABHEB_HUMAN	4	0	5.928463774448568	0	true
sp|Q96IX5|ATPMK_HUMAN	2	0	9.111283547395882	0	true
sp|Q96IY1|NSL1_HUMAN	1	0	0.7379952505077347	0	true
sp|Q96IZ0|PAWR_HUMAN	4	0	2.4200962163894078	0	true
sp|Q96IZ7|RSRC1_HUMAN	1	0	1.1066506249482218	0	true
sp|Q96J01|THOC3_HUMAN	4	0	2.663407317840872	0	true
sp|Q96J84|KIRR1_HUMAN	1	0	1.9210103214930425	0	true
sp|Q96JB5|CK5P3_HUMAN	8	0	6.15200487111425	0	true
sp|Q96JC1|VPS39_HUMAN	1	0	2.195918926774511	0	true
sp|Q96JG6|VPS50_HUMAN	1	0	2.5776664119310158	0	true
sp|Q96JH7|VCIP1_HUMAN	4	0	4.295930971932381	0	true
sp|Q96JI7|SPTCS_HUMAN	1	0	1.5587499665928508	0	true
sp|Q96JJ3|ELMO2_HUMAN	4	0	5.521976255045455	0	true
sp|Q96JJ7|TMX3_HUMAN	7	0	7.224761096279531	0	true
sp|Q96JM3|CHAP1_HUMAN	4	0	4.415558824244329	0	true
sp|Q96JP5|ZFP91_HUMAN	2	0	5.144617349787631	0	true
sp|Q96JS3|PGBD1_HUMAN	1	0	1.2975350509982058	0	true
sp|Q96K17|BT3L4_HUMAN	5	0	7.784103730536814	0	true
sp|Q96K21|ANCHR_HUMAN	2	0	2.413406161006621	0	true
sp|Q96K37|S35E1_HUMAN	1	0	1.3244187696965597	0	true
sp|Q96K76|UBP47_HUMAN	12	0	5.089675299238602	0	true
sp|Q96KA5|CLP1L_HUMAN	3	0	2.5037391534244864	0	true
sp|Q96KB5|TOPK_HUMAN	5	0	6.745074669990061	0	true
sp|Q96KG9|SCYL1_HUMAN	5	0	3.250850400578469	0	true
sp|Q96KP1|EXOC2_HUMAN	4	0	3.4048148859399303	0	true
sp|Q96KP4|CNDP2_HUMAN	14	0	4.853821050817328	0	true
sp|Q96KR1|ZFR_HUMAN	14	0	5.534197799948703	0	true
sp|Q96L58|B3GT6_HUMAN	1	0	0.6325872245684417	0	true
sp|Q96L92|SNX27_HUMAN	3	0	5.310233183837359	0	true
sp|Q96LD4|TRI47_HUMAN	3	0	3.7936264818952834	0	true
sp|Q96LJ7|DHRS1_HUMAN	3	0	2.097004626663201	0	true
sp|Q96LR5|UB2E2_HUMAN	3	0	1.7584916357244065	0	true
sp|Q96M27|PRRC1_HUMAN	2	0	3.1828085998315863	0	true
sp|Q96ME1|FXL18_HUMAN	2	0	3.75067148843568	0	true
sp|Q96ME7|ZN512_HUMAN	1	0	2.736669570583371	0	true
sp|Q96MF7|NSE2_HUMAN	1	0	1.0523941026152612	0	true
sp|Q96MG7|NSE3_HUMAN	2	0	4.956537449435663	0	true
sp|Q96MH2|HEXI2_HUMAN	1	0	2.6288477375725576	0	true
sp|Q96MU7|YTDC1_HUMAN	3	0	2.741569923746069	0	true
sp|Q96MW1|CCD43_HUMAN	3	0	5.682024516515091	0	true
sp|Q96MX6|DAA10_HUMAN	1	0	3.2521793664611343	0	true
sp|Q96N66|MBOA7_HUMAN	4	0	4.727694513556139	0	true
sp|Q96NC0|ZMAT2_HUMAN	1	0	0.7004595802969608	0	true
sp|Q96P16|RPR1A_HUMAN	5	0	6.029670664142745	0	true
sp|Q96P47|AGAP3_HUMAN;sp|Q9UPQ3|AGAP1_HUMAN	1	0	3.757164990961779	0	true
sp|Q96P48|ARAP1_HUMAN	2	0	4.295508704621756	0	true
sp|Q96P70|IPO9_HUMAN	11	0	7.360973412876522	0	true
sp|Q96PC5|MIA2_HUMAN	6	0	2.53430202721296	0	true
sp|Q96PK6|RBM14_HUMAN	20	0	7.909282608390635	0	true
sp|Q96PU5|NED4L_HUMAN	1	0	2.6108450352610872	0	true
sp|Q96PZ0|PUS7_HUMAN	7	0	4.932205504233185	0	true
sp|Q96Q11|TRNT1_HUMAN	6	0	5.714984535019778	0	true
sp|Q96QC0|PP1RA_HUMAN	6	0	6.1982494910483785	0	true
sp|Q96QD8|S38A2_HUMAN	3	0	10.210923202205962	0	true
sp|Q96QD9|UIF_HUMAN	3	0	4.634600225018317	0	true
sp|Q96QK1|VPS35_HUMAN	19	0	7.303420473743154	0	true
sp|Q96QR8|PURB_HUMAN	3	0	6.606557451707444	0	true
sp|Q96QU8|XPO6_HUMAN	3	0	2.681212973635724	0	true
sp|Q96R06|SPAG5_HUMAN	2	0	1.2589935607871092	0	true
sp|Q96RE7|NACC1_HUMAN	1	0	2.796264134617396	0	true
sp|Q96RL1|UIMC1_HUMAN	1	0	1.580367100695626	0	true
sp|Q96RL7|VP13A_HUMAN	2	0	1.585222069520964	0	true
sp|Q96RN5|MED15_HUMAN	2	0	3.2005313659408854	0	true
sp|Q96RP9|EFGM_HUMAN	11	0	5.077097549206875	0	true
sp|Q96RQ1|ERGI2_HUMAN	1	0	5.9278678265904725	0	true
sp|Q96RQ3|MCCA_HUMAN	1	0	2.2704239062819966	0	true
sp|Q96RS6|NUDC1_HUMAN	6	0	4.085721183445653	0	true
sp|Q96RT8|GCP5_HUMAN	1	0	1.9413616470865214	0	true
sp|Q96RU2|UBP28_HUMAN	1	0	0.849178246249804	0	true
sp|Q96S44|PRPK_HUMAN	2	0	1.5425405566467218	0	true
sp|Q96S52|PIGS_HUMAN	5	0	5.6711113224634895	0	true
sp|Q96S55|WRIP1_HUMAN	5	0	2.6801193885052204	0	true
sp|Q96S59|RANB9_HUMAN	1	0	0.5362329809806547	0	true
sp|Q96S66|CLCC1_HUMAN	2	0	5.233809185537017	0	true
sp|Q96S82|UBL7_HUMAN	3	0	5.926305745234013	0	true
sp|Q96SB4|SRPK1_HUMAN	7	2	5.853583102726864	0	true
sp|Q96SI1|KCD15_HUMAN	1	0	0.6245878376046516	0	true
sp|Q96SI9|STRBP_HUMAN	4	2	7.613274241014596	0	true
sp|Q96SK2|TM209_HUMAN	2	0	4.1330615676163704	0	true
sp|Q96SL1|DIRC2_HUMAN	1	0	1.504933483055841	0	true
sp|Q96SN8|CK5P2_HUMAN	1	0	0.9920897656407426	0	true
sp|Q96SQ9|CP2S1_HUMAN	1	0	0.9800098914612012	0	true
sp|Q96ST2|IWS1_HUMAN	4	0	2.402582524190558	0	true
sp|Q96ST3|SIN3A_HUMAN	6	0	3.7060291811330606	0	true
sp|Q96SU4|OSBL9_HUMAN	4	0	4.98900626471005	0	true
sp|Q96SY0|INT14_HUMAN	5	0	2.29022586658032	0	true
sp|Q96SZ5|AEDO_HUMAN	1	0	3.559189045531274	0	true
sp|Q96T23|RSF1_HUMAN	10	0	6.369201771548159	0	true
sp|Q96T37|RBM15_HUMAN	12	0	5.362092742957656	0	true
sp|Q96T51|RUFY1_HUMAN	7	0	4.684283549001426	0	true
sp|Q96T58|MINT_HUMAN	3	0	1.4346758974049802	0	true
sp|Q96T60|PNKP_HUMAN	2	0	2.5269948159139406	0	true
sp|Q96T76|MMS19_HUMAN	10	0	4.962628110090615	0	true
sp|Q96T88|UHRF1_HUMAN	12	0	5.626138479451316	0	true
sp|Q96TA1|NIBA2_HUMAN	15	0	8.435873854450858	0	true
sp|Q96TA2|YMEL1_HUMAN	5	0	3.1150099583408233	0	true
sp|Q96TC7|RMD3_HUMAN	5	0	7.2592044343725	0	true
sp|Q99417|MYCBP_HUMAN	4	0	4.725112069947501	0	true
sp|Q99426|TBCB_HUMAN	5	0	6.190002953049379	0	true
sp|Q99436|PSB7_HUMAN	5	0	9.254626676599726	0	true
sp|Q99439|CNN2_HUMAN	6	0	7.770977795778953	0	true
sp|Q99442|SEC62_HUMAN	1	0	0.7782531201149839	0	true
sp|Q99447|PCY2_HUMAN	1	0	4.035038153626193	0	true
sp|Q99459|CDC5L_HUMAN	15	0	5.8757812509687914	0	true
sp|Q99460|PSMD1_HUMAN	25	0	6.837361404133446	0	true
sp|Q99470|SDF2_HUMAN	3	0	4.4176249350931425	0	true
sp|Q99471|PFD5_HUMAN	3	0	7.577538306392249	0	true
sp|Q99497|PARK7_HUMAN	10	0	8.877475645131877	0	true
sp|Q99504|EYA3_HUMAN	2	0	3.163725329925819	0	true
sp|Q99536|VAT1_HUMAN	10	0	8.660056994152512	0	true
sp|Q99543|DNJC2_HUMAN	9	0	6.194165839699109	0	true
sp|Q99547|MPH6_HUMAN	2	0	4.001035159144027	0	true
sp|Q99549|MPP8_HUMAN	2	0	3.1621748194051795	0	true
sp|Q99567|NUP88_HUMAN	9	0	6.512119101563339	0	true
sp|Q99570|PI3R4_HUMAN	2	0	1.900465536518692	0	true
sp|Q99575|POP1_HUMAN	11	0	4.859469689682973	0	true
sp|Q99584|S10AD_HUMAN	4	0	7.245704910283511	0	true
sp|Q99590|SCAFB_HUMAN	8	0	6.1013376130916175	0	true
sp|Q99598|TSNAX_HUMAN	4	0	2.5156835516721596	0	true
sp|Q99611|SPS2_HUMAN	1	0	1.0594695947794124	0	true
sp|Q99613|EIF3C_HUMAN	24	0	7.528358465806946	0	true
sp|Q99614|TTC1_HUMAN	2	0	3.8295153900430696	0	true
sp|Q99615|DNJC7_HUMAN	8	0	6.501404680378763	0	true
sp|Q99622|C10_HUMAN	1	0	1.326921084014368	0	true
sp|Q99623|PHB2_HUMAN	15	0	11.382578306279994	0	true
sp|Q99627|CSN8_HUMAN	4	0	6.136984991532885	0	true
sp|Q99643|C560_HUMAN	2	0	4.284924678472814	0	true
sp|Q99661|KIF2C_HUMAN	5	0	2.736523620182371	0	true
sp|Q99700|ATX2_HUMAN	5	0	4.104678561887088	0	true
sp|Q99707|METH_HUMAN	1	0	1.1457345611270575	0	true
sp|Q99714|HCD2_HUMAN	15	0	9.69623565787878	0	true
sp|Q99715|COCA1_HUMAN	1	0	1.3192946317813334	0	true
sp|Q99720|SGMR1_HUMAN	2	0	5.0329063208471245	0	true
sp|Q99729|ROAA_HUMAN	5	0	7.677830162658652	0	true
sp|Q99733|NP1L4_HUMAN	6	1	6.740662992436254	0	true
sp|Q99735|MGST2_HUMAN	1	0	6.271331641478057	0	true
sp|Q99747|SNAG_HUMAN	3	0	1.520518294430311	0	true
sp|Q99755|PI51A_HUMAN	1	3	4.658568408479216	0	true
sp|Q99757|THIOM_HUMAN	2	0	1.522805707743755	0	true
sp|Q99766|ATP5S_HUMAN	1	0	1.4342711689126835	0	true
sp|Q99797|MIPEP_HUMAN	2	0	1.6250916174204124	0	true
sp|Q99798|ACON_HUMAN	21	0	7.750359646480077	0	true
sp|Q99805|TM9S2_HUMAN	2	0	4.383529244457694	0	true
sp|Q99808|S29A1_HUMAN	3	0	3.9105893954754043	0	true
sp|Q99816|TS101_HUMAN	6	0	4.307315080927282	0	true
sp|Q99829|CPNE1_HUMAN	6	0	6.010176233947302	0	true
sp|Q99832|TCPH_HUMAN	20	0	9.674780119589037	0	true
sp|Q99848|EBP2_HUMAN	13	0	7.919639817377477	0	true
sp|Q99873|ANM1_HUMAN	16	0	7.088754141126319	0	true
sp|Q99933|BAG1_HUMAN	4	0	7.074441761112028	0	true
sp|Q99959|PKP2_HUMAN	2	0	1.841970630719651	0	true
sp|Q99961|SH3G1_HUMAN	3	1	7.691627491675985	0	true
sp|Q99962|SH3G2_HUMAN	3	1	7.691627491675985	0	true
sp|Q99986|VRK1_HUMAN	6	0	4.548564799246105	0	true
sp|Q9BPW8|NIPS1_HUMAN	1	0	2.471054534472169	0	true
sp|Q9BPX3|CND3_HUMAN	12	0	5.871024214393399	0	true
sp|Q9BPX5|ARP5L_HUMAN	3	0	6.396280737332255	0	true
sp|Q9BQ15|SOSB1_HUMAN	1	0	0.9887433706735895	0	true
sp|Q9BQ39|DDX50_HUMAN	2	3	7.6564940005885695	0	true
sp|Q9BQ48|RM34_HUMAN	2	0	1.097205355939294	0	true
sp|Q9BQ52|RNZ2_HUMAN	14	0	5.497936119722255	0	true
sp|Q9BQ61|TRIR_HUMAN	5	0	7.897605400489199	0	true
sp|Q9BQ67|GRWD1_HUMAN	8	0	5.740258122671978	0	true
sp|Q9BQ69|MACD1_HUMAN	2	0	4.434486423337633	0	true
sp|Q9BQ75|CMS1_HUMAN	1	0	2.573405141800368	0	true
sp|Q9BQ95|ECSIT_HUMAN	4	0	2.3928349882460567	0	true
sp|Q9BQA1|MEP50_HUMAN	8	0	8.098736840299733	0	true
sp|Q9BQB6|VKOR1_HUMAN	1	0	6.61133830184866	0	true
sp|Q9BQC3|DPH2_HUMAN	3	0	3.9357051300456374	0	true
sp|Q9BQC6|RT63_HUMAN	1	0	1.9097886604469858	0	true
sp|Q9BQE3|TBA1C_HUMAN	1	17	9.612318547875573	0	true
sp|Q9BQG0|MBB1A_HUMAN	34	0	8.769158111095196	0	true
sp|Q9BQG2|NUD12_HUMAN	1	0	0.6086876738463329	0	true
sp|Q9BQI0|AIF1L_HUMAN	1	0	0.6589338807388591	0	true
sp|Q9BQK8|LPIN3_HUMAN	1	0	0.8055512087604211	0	true
sp|Q9BQL6|FERM1_HUMAN	1	2	4.2419128999071285	0	true
sp|Q9BQP7|MGME1_HUMAN	2	0	1.520950886720897	0	true
sp|Q9BR61|ACBD6_HUMAN	1	0	1.2485796823751538	0	true
sp|Q9BR76|COR1B_HUMAN	6	0	5.926731042939368	0	true
sp|Q9BRA2|TXD17_HUMAN	5	0	7.808556930809273	0	true
sp|Q9BRG1|VPS25_HUMAN	1	0	2.361771399712063	0	true
sp|Q9BRJ2|RM45_HUMAN	7	0	4.628911126680332	0	true
sp|Q9BRJ6|CHOLN_HUMAN	2	0	6.38934014355089	0	true
sp|Q9BRK5|CAB45_HUMAN	2	0	1.6387666156269967	0	true
sp|Q9BRL6|SRSF8_HUMAN	1	2	7.149623913163904	0	true
sp|Q9BRP1|PDD2L_HUMAN	1	0	0.9545056506497586	0	true
sp|Q9BRP4|PAAF1_HUMAN	1	0	1.8086912698759856	0	true
sp|Q9BRP8|PYM1_HUMAN	6	0	9.842770263448802	0	true
sp|Q9BRQ8|FSP1_HUMAN	1	0	1.4242762540487695	0	true
sp|Q9BRR6|ADPGK_HUMAN	5	0	4.099524070374712	0	true
sp|Q9BRS2|RIOK1_HUMAN	5	0	2.8164618295438033	0	true
sp|Q9BRT2|UQCC2_HUMAN	4	0	3.9039795814548057	0	true
sp|Q9BRT3|MIEN1_HUMAN	2	0	3.0476985446256624	0	true
sp|Q9BRT6|LLPH_HUMAN	2	0	3.503026293451765	0	true
sp|Q9BRT9|SLD5_HUMAN	5	0	2.6817867209976054	0	true
sp|Q9BRU9|UTP23_HUMAN	3	0	2.7614817189869876	0	true
sp|Q9BRX2|PELO_HUMAN	4	0	6.209367403791454	0	true
sp|Q9BRX5|PSF3_HUMAN	3	0	4.528056375761872	0	true
sp|Q9BRX8|PXL2A_HUMAN	2	0	7.200315006263313	0	true
sp|Q9BRZ2|TRI56_HUMAN	2	0	3.35299822841437	0	true
sp|Q9BS26|ERP44_HUMAN	11	0	9.107928891556675	0	true
sp|Q9BSC4|NOL10_HUMAN	7	0	3.662769538024298	0	true
sp|Q9BSD7|NTPCR_HUMAN	6	0	3.8670660333323474	0	true
sp|Q9BSE5|GDAH_HUMAN	3	0	5.453895405397699	0	true
sp|Q9BSF4|TIM29_HUMAN	1	0	0.77757921621948	0	true
sp|Q9BSH4|TACO1_HUMAN	2	0	4.009551426162049	0	true
sp|Q9BSH5|HDHD3_HUMAN	1	0	2.6066991001364284	0	true
sp|Q9BSJ2|GCP2_HUMAN	5	0	3.8404395505696733	0	true
sp|Q9BSJ8|ESYT1_HUMAN	16	0	9.119381543235567	0	true
sp|Q9BSL1|UBAC1_HUMAN	2	0	5.443486610813296	0	true
sp|Q9BSR8|YIPF4_HUMAN	1	0	1.0808317451616154	0	true
sp|Q9BSV6|SEN34_HUMAN	3	0	3.9128260391323226	0	true
sp|Q9BT09|CNPY3_HUMAN	2	0	5.872184787556453	0	true
sp|Q9BT22|ALG1_HUMAN	3	0	6.29042552244428	0	true
sp|Q9BT25|HAUS8_HUMAN	1	0	0.7454695529700934	0	true
sp|Q9BT40|INP5K_HUMAN	1	0	0.9490791061488103	0	true
sp|Q9BT73|PSMG3_HUMAN	3	0	1.8705201701457705	0	true
sp|Q9BT78|CSN4_HUMAN	12	0	6.85701800477975	0	true
sp|Q9BTA9|WAC_HUMAN	2	0	3.876666789404366	0	true
sp|Q9BTC0|DIDO1_HUMAN	14	0	5.407318434370986	0	true
sp|Q9BTD8|RBM42_HUMAN	2	0	1.9226971817977094	0	true
sp|Q9BTE1|DCTN5_HUMAN	2	0	1.7472644361279015	0	true
sp|Q9BTE3|MCMBP_HUMAN	10	0	7.142318224938854	0	true
sp|Q9BTE6|AASD1_HUMAN	4	0	3.7653866821756954	0	true
sp|Q9BTE7|DCNL5_HUMAN	3	0	3.673690872982395	0	true
sp|Q9BTM9|URM1_HUMAN	1	0	5.625074176892679	0	true
sp|Q9BTT0|AN32E_HUMAN	4	0	8.510011446731767	0	true
sp|Q9BTU6|P4K2A_HUMAN	2	0	3.5671829799455788	0	true
sp|Q9BTV4|TMM43_HUMAN	9	0	7.595508140303405	0	true
sp|Q9BTW9|TBCD_HUMAN	6	0	4.962242078141152	0	true
sp|Q9BTX1|NDC1_HUMAN	3	0	3.021384120790255	0	true
sp|Q9BTY7|HGH1_HUMAN	3	0	1.441209146923424	0	true
sp|Q9BTZ2|DHRS4_HUMAN	5	0	5.11096744521953	0	true
sp|Q9BU02|THTPA_HUMAN	2	0	4.397506219441373	0	true
sp|Q9BU61|NDUF3_HUMAN	4	0	6.502981132378453	0	true
sp|Q9BU76|MMTA2_HUMAN	1	0	5.154213262459476	0	true
sp|Q9BU89|DOHH_HUMAN	5	0	4.211053745733484	0	true
sp|Q9BUB7|TMM70_HUMAN	4	0	3.8311941402934244	0	true
sp|Q9BUF5|TBB6_HUMAN	5	7	7.12322502859899	0	true
sp|Q9BUH6|PAXX_HUMAN	5	0	6.3268638517460705	0	true
sp|Q9BUI4|RPC3_HUMAN	2	0	1.3541613395444763	0	true
sp|Q9BUJ2|HNRL1_HUMAN	14	0	6.4695449152994104	0	true
sp|Q9BUK0|CHCH7_HUMAN	1	0	1.8472644332291182	0	true
sp|Q9BUK6|MSTO1_HUMAN	1	0	1.4047844018237463	0	true
sp|Q9BUL8|PDC10_HUMAN	5	0	4.879884534035362	0	true
sp|Q9BUL9|RPP25_HUMAN	4	0	5.127792900878516	0	true
sp|Q9BUM1|G6PC3_HUMAN	1	0	1.6507513892419121	0	true
sp|Q9BUN8|DERL1_HUMAN	2	0	5.432842964791985	0	true
sp|Q9BUP3|HTAI2_HUMAN	7	0	5.007781573754528	0	true
sp|Q9BUQ8|DDX23_HUMAN	16	0	5.670572070633107	0	true
sp|Q9BUR4|TCAB1_HUMAN	2	0	0.9074152804899663	0	true
sp|Q9BUR5|MIC26_HUMAN	5	0	5.428564843219679	0	true
sp|Q9BUV8|RCAF1_HUMAN	1	0	3.1710119923183027	0	true
sp|Q9BV20|MTNA_HUMAN	7	0	4.770543544373284	0	true
sp|Q9BV23|ABHD6_HUMAN	2	0	0.845898706858698	0	true
sp|Q9BV38|WDR18_HUMAN	7	0	4.699877446488707	0	true
sp|Q9BV40|VAMP8_HUMAN	1	0	3.746180630605622	0	true
sp|Q9BV44|THUM3_HUMAN	6	0	4.916882717823416	0	true
sp|Q9BV57|MTND_HUMAN	4	0	3.9229815883107775	0	true
sp|Q9BV68|RN126_HUMAN	1	0	1.0403384800976982	0	true
sp|Q9BV86|NTM1A_HUMAN	5	0	5.000998098207767	0	true
sp|Q9BVC3|DCC1_HUMAN	1	0	2.395591256523953	0	true
sp|Q9BVC4|LST8_HUMAN	2	0	4.435468751059912	0	true
sp|Q9BVC6|TM109_HUMAN	3	0	6.797522766649949	0	true
sp|Q9BVG9|PTSS2_HUMAN	1	0	2.0405345309283613	0	true
sp|Q9BVI4|NOC4L_HUMAN	3	0	3.2576239601784938	0	true
sp|Q9BVJ6|UT14A_HUMAN	11	0	6.03030208325458	0	true
sp|Q9BVK6|TMED9_HUMAN	3	1	6.9102551094180065	0	true
sp|Q9BVL2|NUP58_HUMAN	2	0	4.0486797637343095	0	true
sp|Q9BVP2|GNL3_HUMAN	18	0	8.738935793430192	0	true
sp|Q9BVQ7|AFG2B_HUMAN	3	0	2.3843155837918357	0	true
sp|Q9BVS4|RIOK2_HUMAN	2	0	4.345983860416852	0	true
sp|Q9BVS5|TR61B_HUMAN	1	0	1.2852888771579942	0	true
sp|Q9BVV7|TIM21_HUMAN	3	0	2.125088015254192	0	true
sp|Q9BW19|KIFC1_HUMAN	2	0	2.5584781939588566	0	true
sp|Q9BW27|NUP85_HUMAN	7	0	7.108853348742993	0	true
sp|Q9BW61|DDA1_HUMAN	1	0	2.9893332423554155	0	true
sp|Q9BW83|IFT27_HUMAN	3	0	1.8134982783564297	0	true
sp|Q9BW85|YJU2_HUMAN	1	0	0.8379496939331647	0	true
sp|Q9BW91|NUDT9_HUMAN	1	0	2.9997005936471357	0	true
sp|Q9BW92|SYTM_HUMAN	4	0	2.9974435933172003	0	true
sp|Q9BWD1|THIC_HUMAN	7	0	7.60756849394289	0	true
sp|Q9BWE0|REPI1_HUMAN	2	0	6.732051785660898	0	true
sp|Q9BWF3|RBM4_HUMAN	11	0	4.702154865186425	0	true
sp|Q9BWH2|FUND2_HUMAN	1	0	2.310169111779633	0	true
sp|Q9BWJ5|SF3B5_HUMAN	3	0	6.921864848082579	0	true
sp|Q9BWM7|SFXN3_HUMAN	7	1	6.302237055217667	0	true
sp|Q9BWS9|CHID1_HUMAN	2	0	4.379592769342651	0	true
sp|Q9BWT7|CAR10_HUMAN	1	0	1.0556576287447106	0	true
sp|Q9BWU0|NADAP_HUMAN	6	0	3.9803407881013158	0	true
sp|Q9BX40|LS14B_HUMAN	1	1	6.008906689197501	0	true
sp|Q9BX68|HINT2_HUMAN	4	0	7.604884116794377	0	true
sp|Q9BX95|SGPP1_HUMAN	2	0	1.0117328722059393	0	true
sp|Q9BXB4|OSB11_HUMAN	3	1	3.4367236366863674	0	true
sp|Q9BXB5|OSB10_HUMAN	6	1	4.01014374498997	0	true
sp|Q9BXF6|RFIP5_HUMAN	3	0	3.017847406275853	0	true
sp|Q9BXJ9|NAA15_HUMAN	24	0	5.66353629433975	0	true
sp|Q9BXK5|B2L13_HUMAN	2	0	3.083145339147726	0	true
sp|Q9BXP5|SRRT_HUMAN	17	0	7.544035147311654	0	true
sp|Q9BXS5|AP1M1_HUMAN	13	0	5.229510806031902	0	true
sp|Q9BXS6|NUSAP_HUMAN	2	0	1.7759329891905031	0	true
sp|Q9BXS9|S26A6_HUMAN	1	0	1.9426244067149956	0	true
sp|Q9BXV9|GON7_HUMAN	1	0	0.7198769434592324	0	true
sp|Q9BXW6|OSBL1_HUMAN	1	0	2.5267351760101526	0	true
sp|Q9BXW7|HDHD5_HUMAN	4	0	5.615383858350341	0	true
sp|Q9BXW9|FACD2_HUMAN	1	0	1.4600813506227228	0	true
sp|Q9BXY0|MAK16_HUMAN	4	0	5.533851080258442	0	true
sp|Q9BY32|ITPA_HUMAN	3	0	5.419627327562814	0	true
sp|Q9BY42|RTF2_HUMAN	2	0	2.2908005235784983	0	true
sp|Q9BY43|CHM4A_HUMAN	3	0	5.514570982954489	0	true
sp|Q9BY44|EIF2A_HUMAN	14	0	6.914131193822152	0	true
sp|Q9BY77|PDIP3_HUMAN	2	0	4.861874389662737	0	true
sp|Q9BY89|K1671_HUMAN	2	0	1.9666285787899231	0	true
sp|Q9BYC8|RM32_HUMAN	2	0	4.876825378290024	0	true
sp|Q9BYC9|RM20_HUMAN	3	0	2.8878216356609876	0	true
sp|Q9BYD1|RM13_HUMAN	6	0	6.29064832123139	0	true
sp|Q9BYD2|RM09_HUMAN	3	0	6.962886819966541	0	true
sp|Q9BYD3|RM04_HUMAN	5	0	5.220853165463355	0	true
sp|Q9BYD6|RM01_HUMAN	3	0	3.5228806705591142	0	true
sp|Q9BYG3|MK67I_HUMAN	8	0	8.02840934121106	0	true
sp|Q9BYJ9|YTHD1_HUMAN	3	6	5.908801217612776	0	true
sp|Q9BYK8|HELZ2_HUMAN	2	0	1.6195761569377751	0	true
sp|Q9BYN8|RT26_HUMAN	3	0	4.914290159113639	0	true
sp|Q9BYT8|NEUL_HUMAN	3	0	1.3610997373572917	0	true
sp|Q9BYX2|TBD2A_HUMAN	1	0	0.7743821733340519	0	true
sp|Q9BZE1|RM37_HUMAN	7	0	7.517775276211825	0	true
sp|Q9BZE4|GTPB4_HUMAN	16	0	5.95926310406616	0	true
sp|Q9BZF1|OSBL8_HUMAN	6	0	4.506589755467304	0	true
sp|Q9BZG1|RAB34_HUMAN	6	0	7.059211696362485	0	true
sp|Q9BZG8|DPH1_HUMAN	2	0	2.062937107859395	0	true
sp|Q9BZH6|WDR11_HUMAN	9	0	4.064409822720993	0	true
sp|Q9BZI7|REN3B_HUMAN	7	0	4.287528631756237	0	true
sp|Q9BZJ0|CRNL1_HUMAN	4	0	5.954585535483437	0	true
sp|Q9BZK7|TBL1R_HUMAN	2	3	8.604992865699923	0	true
sp|Q9BZL1|UBL5_HUMAN	1	0	2.6513016442707404	0	true
sp|Q9BZL4|PP12C_HUMAN	3	0	3.036308532364611	0	true
sp|Q9BZQ6|EDEM3_HUMAN	2	0	0.8030575009413983	0	true
sp|Q9BZV1|UBXN6_HUMAN	2	0	2.0857016093674794	0	true
sp|Q9BZX2|UCK2_HUMAN	4	0	4.500280330232869	0	true
sp|Q9BZZ5|API5_HUMAN	14	0	5.186473766061572	0	true
sp|Q9C037|TRIM4_HUMAN	1	0	0.6911793989687558	0	true
sp|Q9C086|IN80B_HUMAN	1	0	2.504309035790786	0	true
sp|Q9C0B1|FTO_HUMAN	8	0	3.7066950964169916	0	true
sp|Q9C0B5|ZDHC5_HUMAN	2	0	3.569195464494039	0	true
sp|Q9C0C2|TB182_HUMAN	14	0	5.39335302753085	0	true
sp|Q9C0C9|UBE2O_HUMAN	5	0	4.442869874424348	0	true
sp|Q9C0D5|TANC1_HUMAN	3	0	2.7360363362594673	0	true
sp|Q9C0E2|XPO4_HUMAN	2	0	4.058383727566285	0	true
sp|Q9C0E8|LNP_HUMAN	2	0	3.977976307557698	0	true
sp|Q9C0J8|WDR33_HUMAN	4	0	4.2572057579489115	0	true
sp|Q9GZL7|WDR12_HUMAN	8	0	6.169887126700972	0	true
sp|Q9GZN8|ADSSP_HUMAN	2	0	3.4377001799524463	0	true
sp|Q9GZP4|PITH1_HUMAN	3	0	4.836767684081258	0	true
sp|Q9GZP8|IMUP_HUMAN	2	0	3.4996487672404974	0	true
sp|Q9GZQ3|COMD5_HUMAN	1	0	0.9302408280527609	0	true
sp|Q9GZR2|REXO4_HUMAN	6	0	5.723882333429784	0	true
sp|Q9GZR7|DDX24_HUMAN	10	0	7.38452032267449	0	true
sp|Q9GZS1|RPA49_HUMAN	2	0	3.1112150190530583	0	true
sp|Q9GZS3|SKI8_HUMAN	2	0	3.6862610188329743	0	true
sp|Q9GZT3|SLIRP_HUMAN	8	0	5.832605138187836	0	true
sp|Q9GZT8|NIF3L_HUMAN	6	0	2.929233378866719	0	true
sp|Q9GZU8|PIP30_HUMAN	3	0	5.796697516174193	0	true
sp|Q9GZY8|MFF_HUMAN	4	0	3.6213235111319393	0	true
sp|Q9GZZ1|NAA50_HUMAN	7	0	6.55075858003978	0	true
sp|Q9GZZ9|UBA5_HUMAN	4	0	5.359748653099607	0	true
sp|Q9H008|LHPP_HUMAN	1	0	0.8361529339376815	0	true
sp|Q9H061|T126A_HUMAN	3	0	4.784265379499187	0	true
sp|Q9H063|MAF1_HUMAN	1	0	1.3418580362760928	0	true
sp|Q9H074|PAIP1_HUMAN	6	0	8.703499033684942	0	true
sp|Q9H078|CLPB_HUMAN	9	0	5.648400103839536	0	true
sp|Q9H081|MIS12_HUMAN	1	0	2.3145734489372827	0	true
sp|Q9H089|LSG1_HUMAN	9	0	5.256030824856057	0	true
sp|Q9H098|F107B_HUMAN	3	0	3.1544583797215973	0	true
sp|Q9H0A0|NAT10_HUMAN	21	0	6.793579904546094	0	true
sp|Q9H0A8|COMD4_HUMAN	3	0	3.9765171072055074	0	true
sp|Q9H0B6|KLC2_HUMAN	4	3	4.786382160887652	0	true
sp|Q9H0C8|ILKAP_HUMAN	6	0	4.222075255417993	0	true
sp|Q9H0D6|XRN2_HUMAN	6	0	6.2962937880139735	0	true
sp|Q9H0E2|TOLIP_HUMAN	2	0	4.253326242052912	0	true
sp|Q9H0H5|RGAP1_HUMAN	1	0	1.5135307542060832	0	true
sp|Q9H0K6|PUS7L_HUMAN	1	0	1.1226687035277507	0	true
sp|Q9H0L4|CSTFT_HUMAN	2	4	4.8224372559226625	0	true
sp|Q9H0N5|PHS2_HUMAN	1	0	3.4578483398602557	0	true
sp|Q9H0P0|5NT3A_HUMAN	3	0	6.987219447391294	0	true
sp|Q9H0R4|HDHD2_HUMAN	2	0	3.9216174759983575	0	true
sp|Q9H0S4|DDX47_HUMAN	10	0	6.159252405320889	0	true
sp|Q9H0U3|MAGT1_HUMAN	3	0	4.844290963220036	0	true
sp|Q9H0U4|RAB1B_HUMAN	3	6	8.274911606351074	0	true
sp|Q9H0U6|RM18_HUMAN	2	0	3.5533211802746343	0	true
sp|Q9H0V9|LMA2L_HUMAN	1	0	1.527540447583854	0	true
sp|Q9H0W8|SMG9_HUMAN	1	0	3.0799263627124986	0	true
sp|Q9H0W9|CK054_HUMAN	5	0	7.389647327867062	0	true
sp|Q9H0X4|F234A_HUMAN	2	0	1.156054335585854	0	true
sp|Q9H1A4|APC1_HUMAN	4	0	1.8511261737040872	0	true
sp|Q9H1B7|I2BPL_HUMAN	2	1	4.397950913958454	0	true
sp|Q9H1D9|RPC6_HUMAN	1	0	1.7183512893216288	0	true
sp|Q9H1E3|NUCKS_HUMAN	6	0	5.347624861492161	0	true
sp|Q9H1E5|TMX4_HUMAN	1	0	0.5799383739196797	0	true
sp|Q9H1H9|KI13A_HUMAN	1	0	1.0096234482177215	0	true
sp|Q9H1I8|ASCC2_HUMAN	4	0	3.0362673807876215	0	true
sp|Q9H1K0|RBNS5_HUMAN	1	0	1.6655576437160302	0	true
sp|Q9H1K1|ISCU_HUMAN	1	0	4.92584465964424	0	true
sp|Q9H1P3|OSBL2_HUMAN	1	0	1.2044957553869517	0	true
sp|Q9H1Y0|ATG5_HUMAN	2	0	0.8026383612417419	0	true
sp|Q9H1Z4|WDR13_HUMAN	3	0	2.9800860040576955	0	true
sp|Q9H223|EHD4_HUMAN	4	0	2.195038671362812	0	true
sp|Q9H267|VP33B_HUMAN	5	0	2.243737731520048	0	true
sp|Q9H270|VPS11_HUMAN	1	0	0.6416270275516524	0	true
sp|Q9H299|SH3L3_HUMAN	4	0	4.715932825388699	0	true
sp|Q9H2D1|S2532_HUMAN	1	0	1.8043562693072304	0	true
sp|Q9H2D6|TARA_HUMAN	2	0	1.3129515457233014	0	true
sp|Q9H2G2|SLK_HUMAN	14	1	4.160140006732522	0	true
sp|Q9H2H8|PPIL3_HUMAN	5	0	3.8115487835445645	0	true
sp|Q9H2H9|S38A1_HUMAN	3	0	4.177355401468595	0	true
sp|Q9H2J4|PDCL3_HUMAN	4	0	5.517606652479221	0	true
sp|Q9H2J7|S6A15_HUMAN	9	0	7.289748661611618	0	true
sp|Q9H2K8|TAOK3_HUMAN	1	0	2.1211643299111884	0	true
sp|Q9H2M9|RBGPR_HUMAN	7	0	3.2577181836379725	0	true
sp|Q9H2P0|ADNP_HUMAN	8	0	5.969123079983966	0	true
sp|Q9H2P9|DPH5_HUMAN	1	0	1.5114701314390795	0	true
sp|Q9H2U1|DHX36_HUMAN	12	0	7.913822251853272	0	true
sp|Q9H2U2|IPYR2_HUMAN	11	0	7.184019256272777	0	true
sp|Q9H2V7|SPNS1_HUMAN	2	0	4.282483097539002	0	true
sp|Q9H2W6|RM46_HUMAN	4	0	6.331892661656975	0	true
sp|Q9H300|PARL_HUMAN	1	0	1.8544915636226371	0	true
sp|Q9H307|PININ_HUMAN	18	1	8.435421538312516	0	true
sp|Q9H330|TM245_HUMAN	3	0	5.901288516553989	0	true
sp|Q9H3G5|CPVL_HUMAN	3	0	2.2239329160678127	0	true
sp|Q9H3H3|CK068_HUMAN	3	0	1.8532029763268338	0	true
sp|Q9H3K2|GHITM_HUMAN	1	0	1.5092202146266516	0	true
sp|Q9H3K6|BOLA2_HUMAN	2	0	5.877633474205016	0	true
sp|Q9H3N1|TMX1_HUMAN	6	0	7.026545081063011	0	true
sp|Q9H3P2|NELFA_HUMAN	3	0	5.071404242346894	0	true
sp|Q9H3P7|GCP60_HUMAN	5	0	4.919106834061404	0	true
sp|Q9H3Q1|BORG4_HUMAN	2	0	3.0794014065959043	0	true
sp|Q9H3S7|PTN23_HUMAN	6	0	3.232423795597902	0	true
sp|Q9H3U1|UN45A_HUMAN	13	0	4.448695855027159	0	true
sp|Q9H3Z4|DNJC5_HUMAN	2	0	1.6080690162151667	0	true
sp|Q9H410|DSN1_HUMAN	2	0	2.1281008395604197	0	true
sp|Q9H444|CHM4B_HUMAN	7	0	8.162597822455552	0	true
sp|Q9H446|RWDD1_HUMAN	2	0	1.0622966760763404	0	true
sp|Q9H488|OFUT1_HUMAN	5	0	5.995970376821657	0	true
sp|Q9H490|PIGU_HUMAN	1	0	4.518699537360687	0	true
sp|Q9H4A3|WNK1_HUMAN	2	0	4.253407851986154	0	true
sp|Q9H4A4|AMPB_HUMAN	15	0	7.6106056102282515	0	true
sp|Q9H4A6|GOLP3_HUMAN	3	0	6.681649091929088	0	true
sp|Q9H4B7|TBB1_HUMAN	1	5	7.12322502859899	0	true
sp|Q9H4F8|SMOC1_HUMAN	2	0	2.2268550744881703	0	true
sp|Q9H4G0|E41L1_HUMAN	3	1	2.7500625636747262	0	true
sp|Q9H4I3|TRABD_HUMAN	1	0	2.3739768947433704	0	true
sp|Q9H4L4|SENP3_HUMAN	4	0	5.329278919911518	0	true
sp|Q9H4M9|EHD1_HUMAN	12	0	5.939610063957324	0	true
sp|Q9H4Z3|CAPAM_HUMAN	1	0	1.8067394549186224	0	true
sp|Q9H501|ESF1_HUMAN	2	0	0.7102607918104352	0	true
sp|Q9H553|ALG2_HUMAN	1	0	1.4982137660374595	0	true
sp|Q9H568|ACTL8_HUMAN	1	0	1.3351504469267934	0	true
sp|Q9H583|HEAT1_HUMAN	22	0	6.318288861795235	0	true
sp|Q9H5N1|RABE2_HUMAN	3	0	5.921515862698854	0	true
sp|Q9H5Q4|TFB2M_HUMAN	2	0	6.039604381694666	0	true
sp|Q9H5V9|STEEP_HUMAN	1	0	1.1589783762956263	0	true
sp|Q9H5X1|CIA2A_HUMAN	2	0	5.30643891773305	0	true
sp|Q9H6F5|CCD86_HUMAN	5	0	5.4581107919944465	0	true
sp|Q9H6R0|DHX33_HUMAN	5	0	1.057048476605062	0	true
sp|Q9H6R4|NOL6_HUMAN	11	0	5.791905373955814	0	true
sp|Q9H6S0|YTDC2_HUMAN	3	0	2.5340186825119204	0	true
sp|Q9H6S3|ES8L2_HUMAN	3	0	4.742724195978068	0	true
sp|Q9H6T3|RPAP3_HUMAN	3	0	3.398377467354325	0	true
sp|Q9H6U8|ALG9_HUMAN	2	0	3.1490943783414815	0	true
sp|Q9H6V9|LDAH_HUMAN	1	0	3.95650158724045	0	true
sp|Q9H6W3|RIOX1_HUMAN	1	0	0.6567756475960529	0	true
sp|Q9H6Z4|RANB3_HUMAN	5	0	3.2579020881154412	0	true
sp|Q9H773|DCTP1_HUMAN	6	0	6.541787405934999	0	true
sp|Q9H788|SH24A_HUMAN	9	0	7.301585540609967	0	true
sp|Q9H7B2|RPF2_HUMAN	5	0	5.435585328572969	0	true
sp|Q9H7B4|SMYD3_HUMAN	1	0	0.9472185351721177	0	true
sp|Q9H7C9|AAMDC_HUMAN	2	0	2.988459078110699	0	true
sp|Q9H7D0|DOCK5_HUMAN	3	0	2.5343216570008558	0	true
sp|Q9H7D7|WDR26_HUMAN	1	0	1.8736790327871802	0	true
sp|Q9H7E9|CH033_HUMAN	2	0	3.0005621780883094	0	true
sp|Q9H7N4|SFR19_HUMAN	4	0	4.684153951572996	0	true
sp|Q9H7Z7|PGES2_HUMAN	7	0	7.474153791404928	0	true
sp|Q9H814|PHAX_HUMAN	4	0	5.573927474568605	0	true
sp|Q9H832|UBE2Z_HUMAN	4	0	2.8966171455062417	0	true
sp|Q9H845|ACAD9_HUMAN	13	0	7.0246270708718885	0	true
sp|Q9H857|NT5D2_HUMAN	2	0	1.2138563149929384	0	true
sp|Q9H8H0|NOL11_HUMAN	5	0	3.2541581017989833	0	true
sp|Q9H8H2|DDX31_HUMAN	4	0	3.549445706780213	0	true
sp|Q9H8M5|CNNM2_HUMAN	6	0	2.677756194082818	0	true
sp|Q9H8W4|PKHF2_HUMAN	1	0	1.3804221462832216	0	true
sp|Q9H8Y5|ANKZ1_HUMAN	4	0	2.9547456972227923	0	true
sp|Q9H8Y8|GORS2_HUMAN	7	0	5.929314158021385	0	true
sp|Q9H900|ZWILC_HUMAN	1	0	4.665070389684427	0	true
sp|Q9H910|JUPI2_HUMAN	5	0	5.924418975880335	0	true
sp|Q9H936|GHC1_HUMAN	5	0	1.1936203843571664	0	true
sp|Q9H967|WDR76_HUMAN	3	0	4.017043310220334	0	true
sp|Q9H974|QTRT2_HUMAN	1	0	0.6761084698476382	0	true
sp|Q9H993|ARMT1_HUMAN	3	0	5.058291506584109	0	true
sp|Q9H9A5|CNO10_HUMAN	3	0	4.388366070526987	0	true
sp|Q9H9A6|LRC40_HUMAN	12	0	6.902210222343699	0	true
sp|Q9H9B1|EHMT1_HUMAN	5	0	2.4714538343020687	0	true
sp|Q9H9B4|SFXN1_HUMAN	6	1	6.862813736422342	0	true
sp|Q9H9C1|SPE39_HUMAN	2	0	1.3697350673181132	0	true
sp|Q9H9F9|ARP5_HUMAN	2	0	2.6009530634612776	0	true
sp|Q9H9H4|VP37B_HUMAN	2	0	1.6926930511630427	0	true
sp|Q9H9J2|RM44_HUMAN	3	0	3.5466488124891797	0	true
sp|Q9H9L3|I20L2_HUMAN	3	0	6.289780047756166	0	true
sp|Q9H9P8|L2HDH_HUMAN	6	0	6.202320636846266	0	true
sp|Q9H9Q2|CSN7B_HUMAN	1	0	1.3122510664625335	0	true
sp|Q9H9T3|ELP3_HUMAN	4	0	6.6507403175354805	0	true
sp|Q9H9Y2|RPF1_HUMAN	3	0	2.7932109794342486	0	true
sp|Q9H9Y6|RPA2_HUMAN	4	0	2.310438642044036	0	true
sp|Q9HA47|UCK1_HUMAN	1	0	0.617451093431628	0	true
sp|Q9HA64|KT3K_HUMAN	6	0	4.02529398373279	0	true
sp|Q9HA65|TBC17_HUMAN	1	0	1.1065232498865525	0	true
sp|Q9HA77|SYCM_HUMAN	4	0	2.542057112083334	0	true
sp|Q9HAB8|PPCS_HUMAN	5	0	2.16974082994584	0	true
sp|Q9HAF1|EAF6_HUMAN	1	0	1.3880097221219172	0	true
sp|Q9HAN9|NMNA1_HUMAN	1	0	2.5770344303354333	0	true
sp|Q9HAS0|NJMU_HUMAN	2	0	4.01262407450678	0	true
sp|Q9HAU5|RENT2_HUMAN	3	0	3.402680543363477	0	true
sp|Q9HAV0|GBB4_HUMAN	1	5	6.756984108225624	0	true
sp|Q9HAV4|XPO5_HUMAN	15	0	6.8385606197655555	0	true
sp|Q9HAV7|GRPE1_HUMAN	2	0	7.961473659978394	0	true
sp|Q9HB07|MYG1_HUMAN	9	0	7.228122359073039	0	true
sp|Q9HB19|PKHA2_HUMAN	1	0	0.6589890885003781	0	true
sp|Q9HB21|PKHA1_HUMAN	1	0	0.5752676354633867	0	true
sp|Q9HB71|CYBP_HUMAN	12	0	8.275521678144957	0	true
sp|Q9HB90|RRAGC_HUMAN;sp|Q9NQL2|RRAGD_HUMAN	3	0	2.2633005568300093	0	true
sp|Q9HBH0|RHOF_HUMAN	2	0	3.9087436817935366	0	true
sp|Q9HBH1|DEFM_HUMAN	2	0	4.533378523022879	0	true
sp|Q9HBH5|RDH14_HUMAN	3	0	1.7345340952336281	0	true
sp|Q9HBI1|PARVB_HUMAN	1	2	3.026638246990453	0	true
sp|Q9HBL8|NMRL1_HUMAN	1	0	0.5838597841840003	0	true
sp|Q9HBM1|SPC25_HUMAN	2	0	1.509993134915356	0	true
sp|Q9HC21|TPC_HUMAN	2	0	2.7356029526846672	0	true
sp|Q9HC35|EMAL4_HUMAN	13	0	4.3927692767777735	0	true
sp|Q9HC36|MRM3_HUMAN	2	0	4.000815772128634	0	true
sp|Q9HC38|GLOD4_HUMAN	11	0	8.434147000408426	0	true
sp|Q9HC52|CBX8_HUMAN	3	0	5.6944375326377346	0	true
sp|Q9HCC0|MCCB_HUMAN	12	0	4.983537880294682	0	true
sp|Q9HCD5|NCOA5_HUMAN	4	0	4.140253201200134	0	true
sp|Q9HCE1|MOV10_HUMAN	11	0	4.345647506776943	0	true
sp|Q9HCE5|MET14_HUMAN	2	0	1.9002669472701088	0	true
sp|Q9HCG8|CWC22_HUMAN	2	0	0.8509454872531886	0	true
sp|Q9HCN8|SDF2L_HUMAN	3	0	2.8016593126980296	0	true
sp|Q9HCS7|SYF1_HUMAN	5	0	7.124883116409167	0	true
sp|Q9HCU5|SEC12_HUMAN	4	0	4.537073332240824	0	true
sp|Q9HCY8|S10AE_HUMAN	5	0	7.666925006289122	0	true
sp|Q9HD15|SRA1_HUMAN	2	0	3.577534310586732	0	true
sp|Q9HD20|AT131_HUMAN	8	0	5.643240551584793	0	true
sp|Q9HD23|MRS2_HUMAN	1	0	0.5953946108342125	0	true
sp|Q9HD33|RM47_HUMAN	2	0	4.445307823334407	0	true
sp|Q9HD42|CHM1A_HUMAN	1	0	0.8973419031763693	0	true
sp|Q9HD45|TM9S3_HUMAN	6	0	4.469427458111033	0	true
sp|Q9HDC9|APMAP_HUMAN	6	0	7.522765091624967	0	true
sp|Q9NNW7|TRXR2_HUMAN	4	1	5.804246489591544	0	true
sp|Q9NP72|RAB18_HUMAN	2	0	2.913196827411504	0	true
sp|Q9NP77|SSU72_HUMAN	2	0	5.59907045028301	0	true
sp|Q9NP79|VTA1_HUMAN	3	0	3.9483069144949465	0	true
sp|Q9NP80|PLPL8_HUMAN	3	1	4.402298935759691	0	true
sp|Q9NP81|SYSM_HUMAN	7	0	3.2655932124570666	0	true
sp|Q9NP90|RAB9B_HUMAN	0	2	7.686492975594736	0	true
sp|Q9NP92|RT30_HUMAN	3	0	4.25337966332096	0	true
sp|Q9NP97|DLRB1_HUMAN	3	0	5.953255290807363	0	true
sp|Q9NPA0|EMC7_HUMAN	4	0	4.962120744521231	0	true
sp|Q9NPA3|M1IP1_HUMAN	1	0	1.8482239815842767	0	true
sp|Q9NPA8|ENY2_HUMAN	1	0	6.592141055352193	0	true
sp|Q9NPD3|EXOS4_HUMAN	3	0	4.379249709855464	0	true
sp|Q9NPE3|NOP10_HUMAN	3	0	5.593696329480349	0	true
sp|Q9NPF4|OSGEP_HUMAN	7	0	5.898418981742948	0	true
sp|Q9NPF5|DMAP1_HUMAN	3	0	3.83352557805848	0	true
sp|Q9NPG4|PCD12_HUMAN	1	0	2.864616346212207	0	true
sp|Q9NPI6|DCP1A_HUMAN	4	0	3.9262152925393523	0	true
sp|Q9NPJ3|ACO13_HUMAN	2	0	5.074611764675662	0	true
sp|Q9NPJ6|MED4_HUMAN	1	0	2.082109590775788	0	true
sp|Q9NPQ8|RIC8A_HUMAN	3	0	2.6380729790100226	0	true
sp|Q9NQ29|LUC7L_HUMAN	2	3	5.736101810062669	0	true
sp|Q9NQ48|LZTL1_HUMAN	2	0	2.341670411131583	0	true
sp|Q9NQ50|RM40_HUMAN	2	0	5.18705390853763	0	true
sp|Q9NQ55|SSF1_HUMAN	3	0	6.775838274012345	0	true
sp|Q9NQ88|TIGAR_HUMAN	4	0	4.657620381264387	0	true
sp|Q9NQA3|WASH6_HUMAN	1	1	5.67453143288944	0	true
sp|Q9NQC3|RTN4_HUMAN	4	0	7.401581880529991	0	true
sp|Q9NQG1|MANBL_HUMAN	1	0	3.3884978399901176	0	true
sp|Q9NQG5|RPR1B_HUMAN	8	0	7.253472369677627	0	true
sp|Q9NQP4|PFD4_HUMAN	2	0	6.136354174832655	0	true
sp|Q9NQR4|NIT2_HUMAN	8	0	7.426249605715043	0	true
sp|Q9NQS7|INCE_HUMAN	1	0	0.6627619847711815	0	true
sp|Q9NQT4|EXOS5_HUMAN	4	0	4.956676317301007	0	true
sp|Q9NQT5|EXOS3_HUMAN	3	0	4.977397918756472	0	true
sp|Q9NQT8|KI13B_HUMAN	2	0	1.0129001827286694	0	true
sp|Q9NQW7|XPP1_HUMAN	8	0	4.2803687464580245	0	true
sp|Q9NQX3|GEPH_HUMAN	5	0	3.5512363133591576	0	true
sp|Q9NQZ2|SAS10_HUMAN	1	0	3.325305073517089	0	true
sp|Q9NR09|BIRC6_HUMAN	3	0	4.122501864363953	0	true
sp|Q9NR12|PDLI7_HUMAN	5	0	4.146124850734555	0	true
sp|Q9NR19|ACSA_HUMAN	2	0	2.1876167396441235	0	true
sp|Q9NR28|DBLOH_HUMAN	2	0	2.4185263300042625	0	true
sp|Q9NR30|DDX21_HUMAN	22	3	8.11300353264416	0	true
sp|Q9NR31|SAR1A_HUMAN	3	1	5.995340329921009	0	true
sp|Q9NR45|SIAS_HUMAN	9	0	8.756336367352011	0	true
sp|Q9NR46|SHLB2_HUMAN	8	0	4.077875868361704	0	true
sp|Q9NR50|EI2BG_HUMAN	7	0	7.217460678693527	0	true
sp|Q9NR56|MBNL1_HUMAN	6	0	6.756408062606174	0	true
sp|Q9NRF9|DPOE3_HUMAN	2	0	6.345636572815687	0	true
sp|Q9NRG0|CHRC1_HUMAN	1	0	3.8920433563276733	0	true
sp|Q9NRG9|AAAS_HUMAN	2	0	4.487472848160632	0	true
sp|Q9NRK6|ABCBA_HUMAN	3	0	2.7612241088797775	0	true
sp|Q9NRL3|STRN4_HUMAN	1	0	1.0051114770736718	0	true
sp|Q9NRN5|OLFL3_HUMAN	1	0	0.8160012948429876	0	true
sp|Q9NRN7|ADPPT_HUMAN	1	0	4.631077598394739	0	true
sp|Q9NRP0|OSTC_HUMAN	1	0	7.522026601600185	0	true
sp|Q9NRP2|COXM2_HUMAN	2	0	3.362852908433177	0	true
sp|Q9NRR5|UBQL4_HUMAN	4	3	7.142341081132106	0	true
sp|Q9NRV9|HEBP1_HUMAN	4	0	4.805746195213769	0	true
sp|Q9NRW7|VPS45_HUMAN	3	0	2.9102920669061825	0	true
sp|Q9NRX1|PNO1_HUMAN	4	0	7.7963674055049985	0	true
sp|Q9NRX2|RM17_HUMAN	4	0	5.322060442070963	0	true
sp|Q9NRX4|PHP14_HUMAN	3	0	6.178314440395877	0	true
sp|Q9NRY2|SOSSC_HUMAN	2	0	1.412864659843992	0	true
sp|Q9NRY5|F1142_HUMAN	5	0	6.791959740522493	0	true
sp|Q9NRZ7|PLCC_HUMAN	1	0	1.370488967911614	0	true
sp|Q9NRZ9|HELLS_HUMAN	3	0	2.863890434920465	0	true
sp|Q9NS69|TOM22_HUMAN	3	0	7.722086034195144	0	true
sp|Q9NS86|LANC2_HUMAN	4	0	5.217179422896783	0	true
sp|Q9NSD9|SYFB_HUMAN	18	0	6.98122577080247	0	true
sp|Q9NSE4|SYIM_HUMAN	14	0	4.780289216208221	0	true
sp|Q9NSI2|SLX9_HUMAN	5	0	3.664473421316792	0	true
sp|Q9NSK0|KLC4_HUMAN	2	2	3.5670829456235564	0	true
sp|Q9NT62|ATG3_HUMAN	4	0	6.361009259865837	0	true
sp|Q9NTI5|PDS5B_HUMAN	10	2	6.442971513772199	0	true
sp|Q9NTJ3|SMC4_HUMAN	26	0	6.645301797357161	0	true
sp|Q9NTJ5|SAC1_HUMAN	7	0	6.08699069957834	0	true
sp|Q9NTK5|OLA1_HUMAN	16	0	8.957378676549036	0	true
sp|Q9NTM9|CUTC_HUMAN	3	0	3.5605449840313375	0	true
sp|Q9NTX5|ECHD1_HUMAN	3	0	4.755010666349119	0	true
sp|Q9NTZ6|RBM12_HUMAN	12	0	6.555410184557173	0	true
sp|Q9NU22|MDN1_HUMAN	15	0	3.8588584360227958	0	true
sp|Q9NU23|LYRM2_HUMAN	1	0	0.7469559505855281	0	true
sp|Q9NUI1|DECR2_HUMAN	2	0	0.9652474012526564	0	true
sp|Q9NUJ1|ABHDA_HUMAN	2	0	3.550844064572357	0	true
sp|Q9NUJ3|T11L1_HUMAN	2	0	0.8710083497851022	0	true
sp|Q9NUL3|STAU2_HUMAN	2	0	2.0979275651763998	0	true
sp|Q9NUL7|DDX28_HUMAN	3	0	3.4743139158896725	0	true
sp|Q9NUM4|T106B_HUMAN	2	0	1.5568934796309177	0	true
sp|Q9NUP1|BL1S4_HUMAN	2	0	1.717243220779019	0	true
sp|Q9NUP9|LIN7C_HUMAN	2	0	0.8377322437304615	0	true
sp|Q9NUQ2|PLCE_HUMAN	1	0	1.503576636061727	0	true
sp|Q9NUQ3|TXLNG_HUMAN	7	0	5.78743961500698	0	true
sp|Q9NUQ6|SPS2L_HUMAN	1	0	2.530735858563042	0	true
sp|Q9NUQ7|UFSP2_HUMAN	1	0	0.8092851817734298	0	true
sp|Q9NUQ8|ABCF3_HUMAN	8	0	2.518009822232134	0	true
sp|Q9NUQ9|CYRIB_HUMAN	8	0	6.330327518395437	0	true
sp|Q9NUU7|DD19A_HUMAN	16	0	7.650447531703874	0	true
sp|Q9NUW8|TYDP1_HUMAN	1	0	2.308804320632036	0	true
sp|Q9NUX5|POTE1_HUMAN	1	0	0.8368148795371476	0	true
sp|Q9NUY8|TBC23_HUMAN	2	0	3.4688596406588457	0	true
sp|Q9NV06|DCA13_HUMAN	1	0	3.374028586391331	0	true
sp|Q9NV31|IMP3_HUMAN	3	0	4.586182486583282	0	true
sp|Q9NV70|EXOC1_HUMAN	1	0	4.266007671994567	0	true
sp|Q9NVA2|SEP11_HUMAN	0	6	4.075934710913876	0	true
sp|Q9NVD7|PARVA_HUMAN	4	2	5.885546173177347	0	true
sp|Q9NVE7|PANK4_HUMAN	1	0	1.1737499761809278	0	true
sp|Q9NVG8|TBC13_HUMAN	6	0	4.397664475105783	0	true
sp|Q9NVH0|EXD2_HUMAN	2	0	3.1170871928763693	0	true
sp|Q9NVH1|DJC11_HUMAN	3	0	3.3485895884495482	0	true
sp|Q9NVH2|INT7_HUMAN	3	0	2.1729486234420134	0	true
sp|Q9NVI1|FANCI_HUMAN	3	0	4.340612138025417	0	true
sp|Q9NVI7|ATD3A_HUMAN	5	13	7.896016504374128	0	true
sp|Q9NVJ2|ARL8B_HUMAN	6	0	5.8947044750811655	0	true
sp|Q9NVM4|ANM7_HUMAN	1	0	0.8902868575001027	0	true
sp|Q9NVM6|DJC17_HUMAN	4	0	4.594263795542072	0	true
sp|Q9NVM9|INT13_HUMAN	3	0	3.899511977208883	0	true
sp|Q9NVN8|GNL3L_HUMAN	1	0	1.8901545980241925	0	true
sp|Q9NVP1|DDX18_HUMAN	12	0	7.08799488830905	0	true
sp|Q9NVR5|KTU_HUMAN	2	0	1.436970445557988	0	true
sp|Q9NVS2|RT18A_HUMAN	1	0	3.462956061789586	0	true
sp|Q9NVS9|PNPO_HUMAN	2	0	5.265150099039289	0	true
sp|Q9NVT9|ARMC1_HUMAN	2	0	4.192466689799283	0	true
sp|Q9NVU0|RPC5_HUMAN	3	0	2.1184742684642313	0	true
sp|Q9NVU7|SDA1_HUMAN	5	0	3.380390554422025	0	true
sp|Q9NVX2|NLE1_HUMAN	5	0	2.1546511145888316	0	true
sp|Q9NVX7|KBTB4_HUMAN	1	0	1.5796125499600453	0	true
sp|Q9NW08|RPC2_HUMAN	3	0	3.3484199062887514	0	true
sp|Q9NW13|RBM28_HUMAN	14	0	6.794364344310241	0	true
sp|Q9NW64|RBM22_HUMAN	6	0	3.0441605394573212	0	true
sp|Q9NW82|WDR70_HUMAN	6	0	2.5609311683010914	0	true
sp|Q9NWB6|ARGL1_HUMAN	4	0	2.442746936928456	0	true
sp|Q9NWH9|SLTM_HUMAN	12	0	3.9905570980651044	0	true
sp|Q9NWS0|PIHD1_HUMAN	3	0	5.707979735132676	0	true
sp|Q9NWT1|PK1IP_HUMAN	3	0	3.3660618181926982	0	true
sp|Q9NWU1|OXSM_HUMAN	4	0	3.3702892159591977	0	true
sp|Q9NWU5|RM22_HUMAN	5	0	5.98989833248464	0	true
sp|Q9NWV4|CZIB_HUMAN	4	0	5.463306983064552	0	true
sp|Q9NWV8|BABA1_HUMAN	1	0	0.5393145687840195	0	true
sp|Q9NWW5|CLN6_HUMAN	1	0	0.6527923856598064	0	true
sp|Q9NWX6|THG1_HUMAN	1	0	1.7460929898953075	0	true
sp|Q9NWY4|HPF1_HUMAN	3	0	1.6886595826533344	0	true
sp|Q9NWZ5|UCKL1_HUMAN	1	0	2.312446840121538	0	true
sp|Q9NX05|F120C_HUMAN	1	0	2.341398351457731	0	true
sp|Q9NX08|COMD8_HUMAN	1	0	1.8731541976102923	0	true
sp|Q9NX14|NDUBB_HUMAN	3	0	5.6452884010198545	0	true
sp|Q9NX18|SDHF2_HUMAN	1	0	0.5649656485249879	0	true
sp|Q9NX20|RM16_HUMAN	2	0	1.8762913489050086	0	true
sp|Q9NX24|NHP2_HUMAN	6	0	4.503466185896367	0	true
sp|Q9NX40|OCAD1_HUMAN	2	0	4.330550820020169	0	true
sp|Q9NX46|ADPRS_HUMAN	4	0	6.861906734627338	0	true
sp|Q9NX55|HYPK_HUMAN	4	0	2.5884268167545854	0	true
sp|Q9NX58|LYAR_HUMAN	6	0	5.897155472363248	0	true
sp|Q9NX62|IMPA3_HUMAN	2	0	2.480195818483393	0	true
sp|Q9NX63|MIC19_HUMAN	9	0	6.865058093157449	0	true
sp|Q9NX74|DUS2_HUMAN	1	0	2.897950751932347	0	true
sp|Q9NXA8|SIR5_HUMAN	1	0	4.068424051858567	0	true
sp|Q9NXE4|NSMA3_HUMAN	5	0	3.7685933681246166	0	true
sp|Q9NXF1|TEX10_HUMAN	10	0	6.570286880958153	0	true
sp|Q9NXF7|DCA16_HUMAN	1	0	1.7380787643696805	0	true
sp|Q9NXG2|THUM1_HUMAN	7	0	5.9580401153837	0	true
sp|Q9NXH8|TOR4A_HUMAN	1	0	1.469549658996137	0	true
sp|Q9NXH9|TRM1_HUMAN	13	0	6.60119697130079	0	true
sp|Q9NXR7|BABA2_HUMAN	5	0	7.444205327023136	0	true
sp|Q9NXS2|QPCTL_HUMAN	1	0	2.598492803739827	0	true
sp|Q9NXV6|CARF_HUMAN	13	0	5.986291712993625	0	true
sp|Q9NXW2|DJB12_HUMAN	2	0	2.6180354573747593	0	true
sp|Q9NXX6|NSE4A_HUMAN	1	0	2.57892980864469	0	true
sp|Q9NY12|GAR1_HUMAN	6	0	6.981349607993385	0	true
sp|Q9NY27|PP4R2_HUMAN	3	0	3.1007416786452087	0	true
sp|Q9NY33|DPP3_HUMAN	8	0	7.482579541634467	0	true
sp|Q9NY61|AATF_HUMAN	6	0	6.836327524064352	0	true
sp|Q9NY93|DDX56_HUMAN	10	0	4.461700523505914	0	true
sp|Q9NYB0|TE2IP_HUMAN	3	0	4.858829610037982	0	true
sp|Q9NYF8|BCLF1_HUMAN	8	1	6.091953447605087	0	true
sp|Q9NYH9|UTP6_HUMAN	6	0	4.723812747315447	0	true
sp|Q9NYJ1|COA4_HUMAN	3	0	4.725779251368472	0	true
sp|Q9NYJ8|TAB2_HUMAN	1	0	2.8264291156910413	0	true
sp|Q9NYK5|RM39_HUMAN	7	0	6.397568519101451	0	true
sp|Q9NYL2|M3K20_HUMAN	2	0	3.476790416461739	0	true
sp|Q9NYL4|FKB11_HUMAN	2	0	4.643036658485135	0	true
sp|Q9NYL9|TMOD3_HUMAN	10	0	8.659799746853269	0	true
sp|Q9NYR9|KBRS2_HUMAN	1	0	1.9961002687128255	0	true
sp|Q9NYU1|UGGG2_HUMAN	1	2	2.3547658064906214	0	true
sp|Q9NYU2|UGGG1_HUMAN	21	2	6.812328327699349	0	true
sp|Q9NYV4|CDK12_HUMAN	3	1	4.786847998712303	0	true
sp|Q9NYY8|FAKD2_HUMAN	2	0	2.4329536959783744	0	true
sp|Q9NYZ1|TV23B_HUMAN	1	0	0.7952037572957744	0	true
sp|Q9NZ01|TECR_HUMAN	8	0	7.95033152567345	0	true
sp|Q9NZ08|ERAP1_HUMAN	9	0	6.176699672236925	0	true
sp|Q9NZ09|UBAP1_HUMAN	1	0	1.0800903228638958	0	true
sp|Q9NZ32|ARP10_HUMAN	2	0	1.4568513428888092	0	true
sp|Q9NZ43|USE1_HUMAN	1	0	0.8867317718656934	0	true
sp|Q9NZ45|CISD1_HUMAN	4	0	8.32067481242737	0	true
sp|Q9NZ63|TLS1_HUMAN	4	0	3.5895933354922276	0	true
sp|Q9NZB2|F120A_HUMAN	16	0	9.33754804094195	0	true
sp|Q9NZC3|GDE1_HUMAN	1	0	3.418352286902435	0	true
sp|Q9NZD2|GLTP_HUMAN	3	0	1.9019208881044911	0	true
sp|Q9NZD8|SPG21_HUMAN	2	0	4.171800480199959	0	true
sp|Q9NZE8|RM35_HUMAN	2	0	0.839207034091233	0	true
sp|Q9NZI8|IF2B1_HUMAN	6	1	7.7083791297259925	0	true
sp|Q9NZJ4|SACS_HUMAN	1	0	1.3632783257951406	0	true
sp|Q9NZL4|HPBP1_HUMAN	8	0	8.83363159747591	0	true
sp|Q9NZL9|MAT2B_HUMAN	11	0	9.43413208164926	0	true
sp|Q9NZM1|MYOF_HUMAN	45	0	8.18896831769384	0	true
sp|Q9NZM5|NOP53_HUMAN	1	0	1.7280275615117877	0	true
sp|Q9NZN4|EHD2_HUMAN	1	0	1.7396480591478363	0	true
sp|Q9NZN8|CNOT2_HUMAN	1	0	1.4204037598700268	0	true
sp|Q9NZQ3|SPN90_HUMAN	3	0	1.786247505164744	0	true
sp|Q9NZT2|OGFR_HUMAN	9	0	5.6674883486191705	0	true
sp|Q9NZV1|CRIM1_HUMAN	1	0	3.319277444061927	0	true
sp|Q9NZZ3|CHMP5_HUMAN	2	0	5.005953482479127	0	true
sp|Q9P000|COMD9_HUMAN	3	0	4.139013399510029	0	true
sp|Q9P003|CNIH4_HUMAN	1	0	5.834946385194644	0	true
sp|Q9P013|CWC15_HUMAN	3	0	6.248976858183011	0	true
sp|Q9P015|RM15_HUMAN	4	0	5.215878265356363	0	true
sp|Q9P016|THYN1_HUMAN	3	0	2.582023828803152	0	true
sp|Q9P032|NDUF4_HUMAN	3	0	3.8412226640820957	0	true
sp|Q9P035|HACD3_HUMAN	7	0	6.873144473030711	0	true
sp|Q9P086|MED11_HUMAN	1	0	0.5682863535743127	0	true
sp|Q9P0I2|EMC3_HUMAN	2	0	1.2712362755190196	0	true
sp|Q9P0J0|NDUAD_HUMAN	3	0	4.632936258578872	0	true
sp|Q9P0J7|KCMF1_HUMAN	2	0	2.4951445793567717	0	true
sp|Q9P0K7|RAI14_HUMAN	1	0	1.132388137702976	0	true
sp|Q9P0L0|VAPA_HUMAN	10	1	8.33687662964947	0	true
sp|Q9P0M9|RM27_HUMAN	3	0	5.516387291605346	0	true
sp|Q9P0U3|SENP1_HUMAN	1	0	3.3917550506926943	0	true
sp|Q9P0U4|CXXC1_HUMAN	1	0	1.4178711506491877	0	true
sp|Q9P0V9|SEP10_HUMAN	5	1	5.693975797930412	0	true
sp|Q9P0W2|HM20B_HUMAN	1	0	0.894480741587393	0	true
sp|Q9P206|NHSL3_HUMAN	2	0	0.8480978235378569	0	true
sp|Q9P219|DAPLE_HUMAN	1	0	0.8666331823498002	0	true
sp|Q9P253|VPS18_HUMAN	1	0	1.1954668333015492	0	true
sp|Q9P258|RCC2_HUMAN	19	0	8.780406264021602	0	true
sp|Q9P260|RELCH_HUMAN	4	0	5.010400046680144	0	true
sp|Q9P265|DIP2B_HUMAN	5	0	5.7500520045472605	0	true
sp|Q9P270|SLAI2_HUMAN	2	0	3.0414709192241163	0	true
sp|Q9P275|UBP36_HUMAN	1	0	3.9501488979115367	0	true
sp|Q9P287|BCCIP_HUMAN	7	0	5.348070788162272	0	true
sp|Q9P289|STK26_HUMAN	3	4	6.673735558822191	0	true
sp|Q9P2B2|FPRP_HUMAN	4	0	3.2414372447304816	0	true
sp|Q9P2D3|HTR5B_HUMAN	1	0	1.1667915585735609	0	true
sp|Q9P2E9|RRBP1_HUMAN	14	0	4.406127972461973	0	true
sp|Q9P2I0|CPSF2_HUMAN	2	0	3.6568494771676816	0	true
sp|Q9P2J5|SYLC_HUMAN	35	0	10.120704602680304	0	true
sp|Q9P2N5|RBM27_HUMAN	7	1	4.9520550488682655	0	true
sp|Q9P2R3|ANFY1_HUMAN	9	0	3.9579335039739423	0	true
sp|Q9P2R7|SUCB1_HUMAN	8	0	6.354438614170619	0	true
sp|Q9P2T1|GMPR2_HUMAN	1	0	2.9092573350978412	0	true
sp|Q9P2W9|STX18_HUMAN	2	0	1.2695471397222184	0	true
sp|Q9P2X0|DPM3_HUMAN	1	0	4.375557432122233	0	true
sp|Q9UBB4|ATX10_HUMAN	5	0	2.2607357067091476	0	true
sp|Q9UBB5|MBD2_HUMAN	5	0	3.898695629127522	0	true
sp|Q9UBB6|NCDN_HUMAN	2	0	4.27777527954916	0	true
sp|Q9UBB9|TFP11_HUMAN	4	0	2.186656194859446	0	true
sp|Q9UBC2|EP15R_HUMAN	11	0	4.59317540085557	0	true
sp|Q9UBD5|ORC3_HUMAN	2	0	4.139256426901495	0	true
sp|Q9UBE0|SAE1_HUMAN	10	0	6.914765652037221	0	true
sp|Q9UBF2|COPG2_HUMAN	1	2	5.793629963274871	0	true
sp|Q9UBF6|RBX2_HUMAN	1	0	2.854320879621844	0	true
sp|Q9UBG0|MRC2_HUMAN	1	0	3.4250050072583864	0	true
sp|Q9UBI1|COMD3_HUMAN	4	0	4.396960724568271	0	true
sp|Q9UBI6|GBG12_HUMAN	4	0	5.201961727998413	0	true
sp|Q9UBK8|MTRR_HUMAN	5	0	4.265358784658031	0	true
sp|Q9UBL3|ASH2L_HUMAN	3	0	1.8225985858947984	0	true
sp|Q9UBM7|DHCR7_HUMAN	2	0	6.5287422235385355	0	true
sp|Q9UBP6|TRMB_HUMAN	2	0	2.9211200334751353	0	true
sp|Q9UBQ0|VPS29_HUMAN	5	0	5.15689348027165	0	true
sp|Q9UBQ5|EIF3K_HUMAN	4	0	5.345554846844173	0	true
sp|Q9UBQ7|GRHPR_HUMAN	5	0	7.203563937397327	0	true
sp|Q9UBR2|CATZ_HUMAN	3	0	3.410750821076092	0	true
sp|Q9UBS4|DJB11_HUMAN	8	0	7.304950266010806	0	true
sp|Q9UBS8|RNF14_HUMAN	1	0	1.5776411449419212	0	true
sp|Q9UBT2|SAE2_HUMAN	13	0	7.298235535574568	0	true
sp|Q9UBU8|MO4L1_HUMAN	2	1	2.5696935526811733	0	true
sp|Q9UBU9|NXF1_HUMAN	11	0	3.926640981682646	0	true
sp|Q9UBV2|SE1L1_HUMAN	2	0	1.4769067987413158	0	true
sp|Q9UBV7|B4GT7_HUMAN	1	0	0.6722952793477505	0	true
sp|Q9UBV8|PEF1_HUMAN	3	0	2.1683587712264614	0	true
sp|Q9UBW8|CSN7A_HUMAN	3	0	3.8239556362676126	0	true
sp|Q9UBX3|DIC_HUMAN	5	0	6.320815478901023	0	true
sp|Q9UDY2|ZO2_HUMAN	11	0	5.571316381657175	0	true
sp|Q9UDY4|DNJB4_HUMAN	5	1	6.664473679814709	0	true
sp|Q9UEE9|CFDP1_HUMAN	3	0	2.0463215008201017	0	true
sp|Q9UEG4|ZN629_HUMAN	1	1	1.7715519412802148	0	true
sp|Q9UET6|TRM7_HUMAN	1	0	0.6234957888632381	0	true
sp|Q9UEU0|VTI1B_HUMAN	1	0	0.7729338258505524	0	true
sp|Q9UEY8|ADDG_HUMAN	1	0	0.8046339103640671	0	true
sp|Q9UFC0|LRWD1_HUMAN	2	0	3.1494761752084868	0	true
sp|Q9UFG5|CS025_HUMAN	1	0	2.4311891557561562	0	true
sp|Q9UFN0|NPS3A_HUMAN	4	0	3.818300023255725	0	true
sp|Q9UFW8|CGBP1_HUMAN	3	0	1.9023113382208514	0	true
sp|Q9UG63|ABCF2_HUMAN	16	0	7.661463386973282	0	true
sp|Q9UGI8|TES_HUMAN	15	0	6.971656524889496	0	true
sp|Q9UGJ1|GCP4_HUMAN	2	0	1.944202676706663	0	true
sp|Q9UGN5|PARP2_HUMAN	1	0	3.4908991243354692	0	true
sp|Q9UGP4|LIMD1_HUMAN	2	0	1.0238655582787195	0	true
sp|Q9UGP8|SEC63_HUMAN	11	0	7.1981594702527145	0	true
sp|Q9UGR2|Z3H7B_HUMAN	2	0	0.7200936216570113	0	true
sp|Q9UGV2|NDRG3_HUMAN	6	0	4.2743194641798254	0	true
sp|Q9UH62|ARMX3_HUMAN	1	0	0.7416202490466921	0	true
sp|Q9UH65|SWP70_HUMAN	7	0	3.043062393733852	0	true
sp|Q9UH99|SUN2_HUMAN	3	0	1.3884703142025525	0	true
sp|Q9UHA3|RLP24_HUMAN	1	0	3.0527517680230454	0	true
sp|Q9UHA4|LTOR3_HUMAN	1	0	3.798037643701545	0	true
sp|Q9UHB6|LIMA1_HUMAN	8	0	5.8872670306975925	0	true
sp|Q9UHB9|SRP68_HUMAN	14	0	5.750858929358139	0	true
sp|Q9UHD1|CHRD1_HUMAN	7	0	7.24618581908501	0	true
sp|Q9UHD8|SEPT9_HUMAN	19	1	6.806725996558038	0	true
sp|Q9UHD9|UBQL2_HUMAN	2	5	9.215846168727987	0	true
sp|Q9UHG3|PCYOX_HUMAN	10	0	6.3798073892120275	0	true
sp|Q9UHI6|DDX20_HUMAN	3	0	3.4247340693519295	0	true
sp|Q9UHL4|DPP2_HUMAN	2	0	3.5216338775595264	0	true
sp|Q9UHN1|DPOG2_HUMAN	1	0	1.3725904362994346	0	true
sp|Q9UHQ4|BAP29_HUMAN	1	0	5.03763106025603	0	true
sp|Q9UHQ9|NB5R1_HUMAN	6	1	4.0318051556279295	0	true
sp|Q9UHR4|BI2L1_HUMAN	2	0	4.987193906957544	0	true
sp|Q9UHR5|S30BP_HUMAN	2	0	5.847251295526058	0	true
sp|Q9UHR6|ZNHI2_HUMAN	3	0	5.078812444992656	0	true
sp|Q9UHV9|PFD2_HUMAN	3	0	8.83925981015356	0	true
sp|Q9UHW5|GPN3_HUMAN	1	0	1.8452669491889946	0	true
sp|Q9UHW9|S12A6_HUMAN	1	0	0.6389883896829729	0	true
sp|Q9UHX1|PUF60_HUMAN	14	0	7.061269517951775	0	true
sp|Q9UHY1|NRBP_HUMAN	1	0	3.0571483202550884	0	true
sp|Q9UHY7|ENOPH_HUMAN	4	0	3.2757952722383457	0	true
sp|Q9UI09|NDUAC_HUMAN	3	0	3.207223980994413	0	true
sp|Q9UI10|EI2BD_HUMAN	9	0	6.138944309196557	0	true
sp|Q9UI26|IPO11_HUMAN	6	0	1.817261799751512	0	true
sp|Q9UI30|TR112_HUMAN	3	0	5.633191169190027	0	true
sp|Q9UIA9|XPO7_HUMAN	11	0	6.391243475820944	0	true
sp|Q9UIC8|LCMT1_HUMAN	2	0	2.1568547437142294	0	true
sp|Q9UID3|VPS51_HUMAN	1	0	4.05516952443281	0	true
sp|Q9UIG0|BAZ1B_HUMAN	19	0	5.616069623268067	0	true
sp|Q9UII2|ATIF1_HUMAN	2	0	3.921752040442605	0	true
sp|Q9UIJ7|KAD3_HUMAN	5	0	4.678412659326056	0	true
sp|Q9UIQ6|LCAP_HUMAN	5	0	3.6700550185256233	0	true
sp|Q9UIS9|MBD1_HUMAN	1	0	1.978221143562352	0	true
sp|Q9UIV1|CNOT7_HUMAN	1	0	3.61474033012074	0	true
sp|Q9UJ41|RABX5_HUMAN	2	0	1.598769876634375	0	true
sp|Q9UJ70|NAGK_HUMAN	7	0	7.69995259870863	0	true
sp|Q9UJ83|HACL1_HUMAN	5	0	2.6158944827859996	0	true
sp|Q9UJA5|TRM6_HUMAN	3	0	4.419022285321997	0	true
sp|Q9UJC3|HOOK1_HUMAN	1	0	5.444595487789026	0	true
sp|Q9UJS0|S2513_HUMAN	12	3	8.554890162185124	0	true
sp|Q9UJU6|DBNL_HUMAN	11	0	7.468752897703893	0	true
sp|Q9UJW0|DCTN4_HUMAN	3	0	3.4160967988335837	0	true
sp|Q9UJX2|CDC23_HUMAN	5	0	3.125397698402351	0	true
sp|Q9UJX3|APC7_HUMAN	9	0	5.9382126630666034	0	true
sp|Q9UJX5|APC4_HUMAN	3	0	1.5625191145476403	0	true
sp|Q9UJX6|ANC2_HUMAN	2	0	1.091213351800827	0	true
sp|Q9UJZ1|STML2_HUMAN	9	0	7.939765439366957	0	true
sp|Q9UK22|FBX2_HUMAN	3	0	3.56389696611757	0	true
sp|Q9UK41|VPS28_HUMAN	2	0	3.8137670285090017	0	true
sp|Q9UK58|CCNL1_HUMAN	1	0	2.1078136805319003	0	true
sp|Q9UK59|DBR1_HUMAN	6	0	4.438132257948349	0	true
sp|Q9UK76|JUPI1_HUMAN	5	0	6.238807635368567	0	true
sp|Q9UKD2|MRT4_HUMAN	12	0	5.324463109987813	0	true
sp|Q9UKF6|CPSF3_HUMAN	5	0	4.851182976514139	0	true
sp|Q9UKG1|DP13A_HUMAN	4	0	3.6269859320161717	0	true
sp|Q9UKJ3|GPTC8_HUMAN	1	0	2.8702031318057495	0	true
sp|Q9UKK3|PARP4_HUMAN	1	0	0.8751271431846718	0	true
sp|Q9UKK6|NXT1_HUMAN	2	0	3.467057541456148	0	true
sp|Q9UKK9|NUDT5_HUMAN	9	0	8.411116585607786	0	true
sp|Q9UKL0|RCOR1_HUMAN	6	0	4.222598190174976	0	true
sp|Q9UKM7|MA1B1_HUMAN	2	0	4.001031301390987	0	true
sp|Q9UKM9|RALY_HUMAN	11	0	7.294782031194968	0	true
sp|Q9UKN8|TF3C4_HUMAN	11	0	5.287572673008371	0	true
sp|Q9UKS6|PACN3_HUMAN	10	0	9.316971040425164	0	true
sp|Q9UKV3|ACINU_HUMAN	17	1	6.53896657386038	0	true
sp|Q9UKV8|AGO2_HUMAN	9	0	2.622341302084723	0	true
sp|Q9UKX7|NUP50_HUMAN	9	0	6.420924274648204	0	true
sp|Q9UKY1|ZHX1_HUMAN	1	0	0.7190975013574403	0	true
sp|Q9UKY7|CDV3_HUMAN	3	0	3.48718945924477	0	true
sp|Q9UKZ1|CNO11_HUMAN	2	0	4.7188857424878785	0	true
sp|Q9UL15|BAG5_HUMAN	4	0	3.2396131409465214	0	true
sp|Q9UL25|RAB21_HUMAN	5	0	6.58326840930327	0	true
sp|Q9UL26|RB22A_HUMAN	1	2	6.416732463959855	0	true
sp|Q9UL33|TPC2L_HUMAN	2	0	1.1796502315900543	0	true
sp|Q9UL40|ZN346_HUMAN	3	0	1.5934685032202167	0	true
sp|Q9UL46|PSME2_HUMAN	7	0	6.657401951984938	0	true
sp|Q9ULA0|DNPEP_HUMAN	5	0	1.7225139390907807	0	true
sp|Q9ULC4|MCTS1_HUMAN	4	0	6.838933071094204	0	true
sp|Q9ULC5|ACSL5_HUMAN	4	0	1.7434370328110842	0	true
sp|Q9ULF5|S39AA_HUMAN	3	0	1.809477133552742	0	true
sp|Q9ULJ3|ZBT21_HUMAN	1	0	0.6428020663728334	0	true
sp|Q9ULK4|MED23_HUMAN	4	0	2.5524656443337244	0	true
sp|Q9ULQ1|TPC1_HUMAN	1	0	2.8872842483766905	0	true
sp|Q9ULR0|ISY1_HUMAN	1	0	2.165483662953859	0	true
sp|Q9ULT8|HECD1_HUMAN	5	0	1.823928726373256	0	true
sp|Q9ULV3|CIZ1_HUMAN	1	0	3.6806572523834657	0	true
sp|Q9ULV4|COR1C_HUMAN	15	0	7.472498823222752	0	true
sp|Q9ULW0|TPX2_HUMAN	2	0	1.6666108638237558	0	true
sp|Q9ULX3|NOB1_HUMAN	4	0	3.866989492089287	0	true
sp|Q9ULX6|AKP8L_HUMAN	10	0	5.1702398758842385	0	true
sp|Q9UM00|TMCO1_HUMAN	4	0	7.865771830544731	0	true
sp|Q9UM54|MYO6_HUMAN	6	0	3.4869666207232446	0	true
sp|Q9UMR5|PPT2_HUMAN	1	0	2.054075406754564	0	true
sp|Q9UMS4|PRP19_HUMAN	10	0	7.218671782530365	0	true
sp|Q9UMX0|UBQL1_HUMAN	4	6	7.142341081132106	0	true
sp|Q9UMX5|NENF_HUMAN	4	0	4.311720505128707	0	true
sp|Q9UMY1|UTP16_HUMAN	3	0	4.612094207313556	0	true
sp|Q9UMY4|SNX12_HUMAN	4	1	5.829042444884039	0	true
sp|Q9UN37|VPS4A_HUMAN	1	2	6.159925540847412	0	true
sp|Q9UN86|G3BP2_HUMAN	6	1	4.97544975733059	0	true
sp|Q9UNE7|CHIP_HUMAN	4	0	3.8478717676985243	0	true
sp|Q9UNF0|PACN2_HUMAN	7	0	3.210797362139508	0	true
sp|Q9UNF1|MAGD2_HUMAN	4	0	5.125998311443965	0	true
sp|Q9UNH7|SNX6_HUMAN	5	0	4.4074811506336635	0	true
sp|Q9UNI6|DUS12_HUMAN	3	0	2.775890180559969	0	true
sp|Q9UNK0|STX8_HUMAN	2	0	1.8892383478762296	0	true
sp|Q9UNL2|SSRG_HUMAN	1	0	7.544141458271676	0	true
sp|Q9UNM6|PSD13_HUMAN	16	0	7.140003459998962	0	true
sp|Q9UNN5|FAF1_HUMAN	4	0	5.468106025869954	0	true
sp|Q9UNN8|EPCR_HUMAN	1	0	3.294496429878985	0	true
sp|Q9UNP9|PPIE_HUMAN	2	0	3.818602368939116	0	true
sp|Q9UNQ2|DIM1_HUMAN	5	0	6.352117010548928	0	true
sp|Q9UNS2|CSN3_HUMAN	7	0	7.29544520285629	0	true
sp|Q9UNW1|MINP1_HUMAN	1	0	0.6012655946768031	0	true
sp|Q9UNX4|WDR3_HUMAN	10	0	5.87676185961287	0	true
sp|Q9UNZ2|NSF1C_HUMAN	9	0	6.827110593105881	0	true
sp|Q9UNZ5|L10K_HUMAN	1	0	2.7225030421591203	0	true
sp|Q9UP83|COG5_HUMAN	2	0	1.1537493218658672	0	true
sp|Q9UP95|S12A4_HUMAN	1	0	0.9958768353135109	0	true
sp|Q9UPN3|MACF1_HUMAN	11	1	4.088433241104089	0	true
sp|Q9UPN4|CP131_HUMAN	1	0	2.161525811756273	0	true
sp|Q9UPN6|SCAF8_HUMAN	1	1	4.59629913315327	0	true
sp|Q9UPN7|PP6R1_HUMAN	5	0	4.074067394186264	0	true
sp|Q9UPN9|TRI33_HUMAN	8	0	5.7903039827613085	0	true
sp|Q9UPQ0|LIMC1_HUMAN	16	0	5.582114765686111	0	true
sp|Q9UPQ9|TNR6B_HUMAN	1	0	1.1095012304175746	0	true
sp|Q9UPT5|EXOC7_HUMAN	6	0	5.627115951469616	0	true
sp|Q9UPT8|ZC3H4_HUMAN	4	0	4.301023317695493	0	true
sp|Q9UPU5|UBP24_HUMAN	3	0	1.6737992189711155	0	true
sp|Q9UPW0|FOXJ3_HUMAN	1	0	3.0372831018619535	0	true
sp|Q9UPZ3|HPS5_HUMAN	1	0	0.6802056191323709	0	true
sp|Q9UQ13|SHOC2_HUMAN	1	0	1.3292399959617522	0	true
sp|Q9UQ35|SRRM2_HUMAN	21	0	7.226413298973793	0	true
sp|Q9UQ80|PA2G4_HUMAN	18	0	9.597970253289425	0	true
sp|Q9UQ90|SPG7_HUMAN	2	0	2.7350867802695786	0	true
sp|Q9UQE7|SMC3_HUMAN	31	0	7.485041849828099	0	true
sp|Q9UQR0|SCML2_HUMAN	7	0	2.102081935198824	0	true
sp|Q9Y221|NIP7_HUMAN	6	0	7.68742478357479	0	true
sp|Q9Y223|GLCNE_HUMAN	5	0	3.3020155815155143	0	true
sp|Q9Y224|RTRAF_HUMAN	10	0	7.240899818033198	0	true
sp|Q9Y230|RUVB2_HUMAN	18	0	8.431460869982779	0	true
sp|Q9Y232|CDYL_HUMAN	3	0	3.561682867698345	0	true
sp|Q9Y237|PIN4_HUMAN	2	0	5.402004867411993	0	true
sp|Q9Y248|PSF2_HUMAN	1	0	3.625190433503453	0	true
sp|Q9Y262|EIF3L_HUMAN	17	0	6.656242740825697	0	true
sp|Q9Y263|PLAP_HUMAN	16	0	5.575309633954911	0	true
sp|Q9Y265|RUVB1_HUMAN	18	0	9.64322962824457	0	true
sp|Q9Y266|NUDC_HUMAN	18	0	8.047140116329185	0	true
sp|Q9Y276|BCS1_HUMAN	2	0	1.5515235320784655	0	true
sp|Q9Y277|VDAC3_HUMAN	7	0	7.15303647261593	0	true
sp|Q9Y281|COF2_HUMAN	6	2	8.003248418592827	0	true
sp|Q9Y282|ERGI3_HUMAN	4	0	3.548501949598012	0	true
sp|Q9Y285|SYFA_HUMAN	6	0	7.237285687203349	0	true
sp|Q9Y291|RT33_HUMAN	1	0	3.1780049793697627	0	true
sp|Q9Y294|ASF1A_HUMAN	1	0	0.7604344646257246	0	true
sp|Q9Y295|DRG1_HUMAN	12	0	5.471613713341622	0	true
sp|Q9Y296|TPPC4_HUMAN	2	0	0.8923765916499499	0	true
sp|Q9Y2A7|NCKP1_HUMAN	10	0	3.82024545162882	0	true
sp|Q9Y2B0|CNPY2_HUMAN	8	0	7.738850238427524	0	true
sp|Q9Y2C4|EXOG_HUMAN	1	0	1.257193964296685	0	true
sp|Q9Y2D4|EXC6B_HUMAN	1	0	0.5868652556575783	0	true
sp|Q9Y2H2|SAC2_HUMAN	1	0	0.7403741037089031	0	true
sp|Q9Y2H6|FND3A_HUMAN	4	0	1.5504493641334938	0	true
sp|Q9Y2K7|KDM2A_HUMAN	5	0	3.9057879432484364	0	true
sp|Q9Y2L1|RRP44_HUMAN	20	0	6.735384136046403	0	true
sp|Q9Y2P8|RCL1_HUMAN	2	0	2.8993287711804667	0	true
sp|Q9Y2Q3|GSTK1_HUMAN	6	0	6.564799535391038	0	true
sp|Q9Y2Q5|LTOR2_HUMAN	2	0	2.696447699728259	0	true
sp|Q9Y2Q9|RT28_HUMAN	5	0	4.812633326147366	0	true
sp|Q9Y2R0|COA3_HUMAN	2	0	2.1737870237431403	0	true
sp|Q9Y2R4|DDX52_HUMAN	4	0	5.618633352757117	0	true
sp|Q9Y2R5|RT17_HUMAN	3	0	4.456857917487516	0	true
sp|Q9Y2R9|RT07_HUMAN	4	0	5.286120676480199	0	true
sp|Q9Y2S7|PDIP2_HUMAN	7	0	5.405658237103204	0	true
sp|Q9Y2T2|AP3M1_HUMAN	5	0	3.7972439011792942	0	true
sp|Q9Y2T3|GUAD_HUMAN	13	0	6.216660973733931	0	true
sp|Q9Y2U8|MAN1_HUMAN	8	0	2.725389490866808	0	true
sp|Q9Y2V2|CHSP1_HUMAN	1	0	8.80601255020208	0	true
sp|Q9Y2W1|TR150_HUMAN	24	1	9.679934426242124	0	true
sp|Q9Y2W2|WBP11_HUMAN	9	0	5.54733597062714	0	true
sp|Q9Y2X0|MED16_HUMAN	2	0	1.1895617313376448	0	true
sp|Q9Y2X3|NOP58_HUMAN	18	0	7.836293575300877	0	true
sp|Q9Y2X7|GIT1_HUMAN	1	0	3.3577771866062265	0	true
sp|Q9Y2Y0|AR2BP_HUMAN	1	0	0.7713266447357413	0	true
sp|Q9Y2Z0|SGT1_HUMAN	11	0	6.673920205063081	0	true
sp|Q9Y2Z2|MTO1_HUMAN	1	0	0.5525144132223779	0	true
sp|Q9Y2Z4|SYYM_HUMAN	7	0	5.603295541996721	0	true
sp|Q9Y2Z9|COQ6_HUMAN	3	0	3.530239766682112	0	true
sp|Q9Y303|NAGA_HUMAN	1	0	1.3941789618750942	0	true
sp|Q9Y305|ACOT9_HUMAN	14	0	8.197152151295418	0	true
sp|Q9Y312|AAR2_HUMAN	2	0	1.7896433166859698	0	true
sp|Q9Y314|NOSIP_HUMAN	5	0	4.785259591849986	0	true
sp|Q9Y315|DEOC_HUMAN	8	0	6.329181819525136	0	true
sp|Q9Y316|MEMO1_HUMAN	2	0	3.4371411665541816	0	true
sp|Q9Y324|FCF1_HUMAN	3	0	4.5319414571435885	0	true
sp|Q9Y333|LSM2_HUMAN	3	0	6.33522438562217	0	true
sp|Q9Y371|SHLB1_HUMAN	3	0	4.917772485070767	0	true
sp|Q9Y375|CIA30_HUMAN	3	0	1.38941595368771	0	true
sp|Q9Y376|CAB39_HUMAN	6	0	3.304015053291816	0	true
sp|Q9Y383|LC7L2_HUMAN	6	3	7.972876227120093	0	true
sp|Q9Y385|UB2J1_HUMAN	1	0	2.0575491161448776	0	true
sp|Q9Y394|DHRS7_HUMAN	4	0	6.125745257353897	0	true
sp|Q9Y399|RT02_HUMAN	4	0	3.8483572399218304	0	true
sp|Q9Y3A2|UTP11_HUMAN	3	0	2.59505479239446	0	true
sp|Q9Y3A3|PHOCN_HUMAN	2	0	3.999320380143591	0	true
sp|Q9Y3A4|RRP7A_HUMAN	5	0	3.166181744043735	0	true
sp|Q9Y3A5|SBDS_HUMAN	8	0	5.338695441822465	0	true
sp|Q9Y3A6|TMED5_HUMAN	2	0	6.391922695459496	0	true
sp|Q9Y3B2|EXOS1_HUMAN	3	0	5.620823322138293	0	true
sp|Q9Y3B3|TMED7_HUMAN	4	0	4.634155682995609	0	true
sp|Q9Y3B4|SF3B6_HUMAN	3	0	6.033815394683876	0	true
sp|Q9Y3B7|RM11_HUMAN	6	0	3.9428681611547844	0	true
sp|Q9Y3B8|ORN_HUMAN	5	0	4.1977020218333125	0	true
sp|Q9Y3B9|RRP15_HUMAN	4	0	4.926658763042838	0	true
sp|Q9Y3C0|WASC3_HUMAN	1	0	1.2323118590386115	0	true
sp|Q9Y3C1|NOP16_HUMAN	2	0	2.9487429033709747	0	true
sp|Q9Y3C4|TPRKB_HUMAN	2	0	2.0264049415747802	0	true
sp|Q9Y3C6|PPIL1_HUMAN	3	0	6.294697080784901	0	true
sp|Q9Y3C8|UFC1_HUMAN	3	0	2.1329550710223684	0	true
sp|Q9Y3D0|CIA2B_HUMAN	3	0	5.667209894676312	0	true
sp|Q9Y3D3|RT16_HUMAN	1	0	0.5703320675237257	0	true
sp|Q9Y3D5|RT18C_HUMAN	1	0	1.3546001941744632	0	true
sp|Q9Y3D6|FIS1_HUMAN	1	0	4.421713758040778	0	true
sp|Q9Y3D7|TIM16_HUMAN	2	0	3.7274359436001148	0	true
sp|Q9Y3D9|RT23_HUMAN	6	0	5.084656094454879	0	true
sp|Q9Y3E0|GOT1B_HUMAN	2	0	4.026835605166987	0	true
sp|Q9Y3E1|HDGR3_HUMAN	1	2	3.8905439270306323	0	true
sp|Q9Y3E5|PTH2_HUMAN	5	0	5.326884725959769	0	true
sp|Q9Y3E7|CHMP3_HUMAN	2	0	3.7981368113586447	0	true
sp|Q9Y3F4|STRAP_HUMAN	13	0	8.513912933409365	0	true
sp|Q9Y3I0|RTCB_HUMAN	18	0	8.974648529042769	0	true
sp|Q9Y3I1|FBX7_HUMAN	2	0	3.0190945557662756	0	true
sp|Q9Y3L5|RAP2C_HUMAN	2	2	3.7747555452801174	0	true
sp|Q9Y3P9|RBGP1_HUMAN	4	0	2.82239872949631	0	true
sp|Q9Y3T9|NOC2L_HUMAN	14	0	5.429104068766921	0	true
sp|Q9Y3U8|RL36_HUMAN	4	0	7.249351367760729	0	true
sp|Q9Y3Y2|CHTOP_HUMAN	4	0	7.58446148520594	0	true
sp|Q9Y3Z3|SAMH1_HUMAN	7	0	4.359932832981222	0	true
sp|Q9Y446|PKP3_HUMAN	9	0	3.838791896068079	0	true
sp|Q9Y478|AAKB1_HUMAN	1	0	1.5398676874111255	0	true
sp|Q9Y487|VPP2_HUMAN	1	1	2.5139985934744513	0	true
sp|Q9Y490|TLN1_HUMAN	63	7	9.020388437182437	0	true
sp|Q9Y4A5|TRRAP_HUMAN	3	0	1.4160989383710187	0	true
sp|Q9Y4B6|DCAF1_HUMAN	4	0	3.9079256054711005	0	true
sp|Q9Y4C8|RBM19_HUMAN	3	0	4.39112893175066	0	true
sp|Q9Y4E8|UBP15_HUMAN	13	1	5.259782071331833	0	true
sp|Q9Y4G6|TLN2_HUMAN	2	7	7.3448579332330945	0	true
sp|Q9Y4H2|IRS2_HUMAN	4	0	3.01381176204333	0	true
sp|Q9Y4K1|CRBG1_HUMAN	3	0	1.1815806706113632	0	true
sp|Q9Y4L1|HYOU1_HUMAN	26	0	9.279090338110612	0	true
sp|Q9Y4P1|ATG4B_HUMAN	2	0	4.128483785231345	0	true
sp|Q9Y4P3|TBL2_HUMAN	6	0	5.878311642763724	0	true
sp|Q9Y4R8|TELO2_HUMAN	2	0	1.346087950805019	0	true
sp|Q9Y4W2|LAS1L_HUMAN	13	0	4.624582007083112	0	true
sp|Q9Y4W6|AFG32_HUMAN	13	1	5.123025533860664	0	true
sp|Q9Y4X5|ARI1_HUMAN	3	0	3.7916241941083495	0	true
sp|Q9Y4Z0|LSM4_HUMAN	4	0	7.404682227930764	0	true
sp|Q9Y508|RN114_HUMAN	2	0	4.802747873497916	0	true
sp|Q9Y512|SAM50_HUMAN	11	0	6.8069612547549525	0	true
sp|Q9Y520|PRC2C_HUMAN	20	0	6.984765897954836	0	true
sp|Q9Y547|IFT25_HUMAN	1	0	3.5264366192911005	0	true
sp|Q9Y570|PPME1_HUMAN	8	0	6.2143267613960385	0	true
sp|Q9Y580|RBM7_HUMAN	2	0	3.8982228666761976	0	true
sp|Q9Y5A7|NUB1_HUMAN	1	0	1.5554690630901358	0	true
sp|Q9Y5A9|YTHD2_HUMAN	5	4	3.540901725121234	0	true
sp|Q9Y5B0|CTDP1_HUMAN	1	0	2.462634966302137	0	true
sp|Q9Y5B6|PAXB1_HUMAN	2	0	6.28867626637895	0	true
sp|Q9Y5B8|NDK7_HUMAN	1	0	1.0280862173390983	0	true
sp|Q9Y5B9|SP16H_HUMAN	30	0	8.802358940816397	0	true
sp|Q9Y5C1|ANGL3_HUMAN	1	0	0.6668251356605619	0	true
sp|Q9Y5J1|UTP18_HUMAN	6	0	5.748144567296531	0	true
sp|Q9Y5J6|T10B_HUMAN	1	0	1.0399171543379824	0	true
sp|Q9Y5J7|TIM9_HUMAN	3	0	4.426664409327602	0	true
sp|Q9Y5J9|TIM8B_HUMAN	2	0	1.2069118666997616	0	true
sp|Q9Y5K5|UCHL5_HUMAN	11	0	5.712396776828434	0	true
sp|Q9Y5K6|CD2AP_HUMAN	5	0	2.451496669407167	0	true
sp|Q9Y5K8|VATD_HUMAN	1	0	3.2256190153935957	0	true
sp|Q9Y5L0|TNPO3_HUMAN	10	0	5.487990152300947	0	true
sp|Q9Y5L4|TIM13_HUMAN	5	0	7.738693990395295	0	true
sp|Q9Y5M8|SRPRB_HUMAN	8	0	6.219770490923615	0	true
sp|Q9Y5N5|N6MT1_HUMAN	2	0	0.781169178651694	0	true
sp|Q9Y5P4|CERT_HUMAN	4	0	5.110674752902954	0	true
sp|Q9Y5P6|GMPPB_HUMAN	3	0	2.3962933591025575	0	true
sp|Q9Y5Q8|TF3C5_HUMAN	1	0	1.4215650643953401	0	true
sp|Q9Y5Q9|TF3C3_HUMAN	2	0	3.3956652071105	0	true
sp|Q9Y5S2|MRCKB_HUMAN	10	0	3.1545487713726494	0	true
sp|Q9Y5S9|RBM8A_HUMAN	5	0	8.981198842185004	0	true
sp|Q9Y5U9|IR3IP_HUMAN	1	0	1.3376841213618824	0	true
sp|Q9Y5X1|SNX9_HUMAN	6	0	2.6609134325048602	0	true
sp|Q9Y5X3|SNX5_HUMAN	5	0	5.808826486077858	0	true
sp|Q9Y5Y2|NUBP2_HUMAN	1	0	3.6797771686314595	0	true
sp|Q9Y5Z4|HEBP2_HUMAN	1	0	2.711747489110777	0	true
sp|Q9Y605|MOFA1_HUMAN	1	0	5.130709929530805	0	true
sp|Q9Y606|PUS1_HUMAN	11	0	6.636858556001544	0	true
sp|Q9Y608|LRRF2_HUMAN	2	0	3.455530846241039	0	true
sp|Q9Y613|FHOD1_HUMAN	5	0	2.4719043416901227	0	true
sp|Q9Y617|SERC_HUMAN	16	0	7.184007216473636	0	true
sp|Q9Y619|ORNT1_HUMAN	1	0	2.5980145916173276	0	true
sp|Q9Y624|JAM1_HUMAN	2	0	2.0690087202177465	0	true
sp|Q9Y639|NPTN_HUMAN	2	0	5.5551231311179565	0	true
sp|Q9Y657|SPIN1_HUMAN	1	0	2.0483240197499377	0	true
sp|Q9Y666|S12A7_HUMAN	2	0	1.4419142535075833	0	true
sp|Q9Y673|ALG5_HUMAN	4	0	2.4339634872277625	0	true
sp|Q9Y676|RT18B_HUMAN	2	0	5.084917589451974	0	true
sp|Q9Y678|COPG1_HUMAN	17	2	7.887844890699168	0	true
sp|Q9Y679|AUP1_HUMAN	3	0	5.736889063533418	0	true
sp|Q9Y696|CLIC4_HUMAN	10	0	8.400012695926616	0	true
sp|Q9Y697|NFS1_HUMAN	6	0	5.060840449397901	0	true
sp|Q9Y6A4|CFA20_HUMAN	4	0	3.26027770215016	0	true
sp|Q9Y6A5|TACC3_HUMAN	1	0	3.4510269078538607	0	true
sp|Q9Y6B6|SAR1B_HUMAN	2	1	5.902897478946758	0	true
sp|Q9Y6B7|AP4B1_HUMAN	1	0	0.6959238973249922	0	true
sp|Q9Y6C9|MTCH2_HUMAN	10	0	5.971402214842626	0	true
sp|Q9Y6D0|SELK_HUMAN	1	0	1.9077457549366703	0	true
sp|Q9Y6D5|BIG2_HUMAN	3	5	4.5810035344000495	0	true
sp|Q9Y6D6|BIG1_HUMAN	3	5	3.557796888710368	0	true
sp|Q9Y6D9|MD1L1_HUMAN	7	0	3.1688521232189713	0	true
sp|Q9Y6E0|STK24_HUMAN	3	4	6.673735558822191	0	true
sp|Q9Y6E2|5MP1_HUMAN	7	1	6.488543503709478	0	true
sp|Q9Y6G3|RM42_HUMAN	2	0	2.196665262159589	0	true
sp|Q9Y6G5|COMDA_HUMAN	2	0	2.1968626864928384	0	true
sp|Q9Y6G9|DC1L1_HUMAN	8	1	6.520490384787672	0	true
sp|Q9Y6I3|EPN1_HUMAN	6	0	6.087632352249973	0	true
sp|Q9Y6I4|UBP3_HUMAN	4	0	2.2681602841727355	0	true
sp|Q9Y6K0|CEPT1_HUMAN	1	0	4.76961326268284	0	true
sp|Q9Y6K5|OAS3_HUMAN	9	0	4.9964905273035285	0	true
sp|Q9Y6K9|NEMO_HUMAN	3	0	1.408930687145072	0	true
sp|Q9Y6M0|TEST_HUMAN	5	0	1.4804768012877898	0	true
sp|Q9Y6M5|ZNT1_HUMAN	4	0	2.8406347800682754	0	true
sp|Q9Y6M9|NDUB9_HUMAN	3	0	3.6528776325094534	0	true
sp|Q9Y6N1|COX11_HUMAN	1	0	1.8120970463339647	0	true
sp|Q9Y6N5|SQOR_HUMAN	16	0	6.094796665120313	0	true
sp|Q9Y6W3|CAN7_HUMAN	4	0	3.951022325655617	0	true
sp|Q9Y6W5|WASF2_HUMAN	4	0	3.845430364061128	0	true
sp|Q9Y6Y8|S23IP_HUMAN	9	0	3.64871473727053	0	true
