peptideModSeq	precursorCharge	fileName	retentionTime	startTime	endTime	score	bestSpectrum
AAGFKDPLLASGTDGVGTK	3	Ste-2024-12-02_HeLa_4mz_sDIA_400-900_20.mzML	12.227729180983	12.166615582683	12.34976181075	0.0014377456148758746	0
AAGFKDPLLASGTDGVGTK	3	Ste-2024-12-02_HeLa_4mz_sDIA_400-900_21.mzML	12.26684706545	12.2057954846	12.358412309883	0.0011877048790916434	1
AAGFKDPLLASGTDGVGTK	3	Ste-2024-12-02_HeLa_4mz_sDIA_400-900_22.mzML	12.255034064117	12.13293108395	12.37702650975	0.0012336892052194543	0
AASVVQPQPLVVVK	2	Ste-2024-12-02_HeLa_4mz_sDIA_400-900_20.mzML	12.9978809445	12.9368180731	13.058916984517	0.0058309037900874635	0
AASVVQPQPLVVVK	2	Ste-2024-12-02_HeLa_4mz_sDIA_400-900_21.mzML	13.006531524267	12.914910999967	13.067571467267	0.00024276263882988408	1
AASVVQPQPLVVVK	2	Ste-2024-12-02_HeLa_4mz_sDIA_400-900_22.mzML	12.994747301183	12.9336643126	13.086301038867	0.004836666538712526	0
AATENIPVVR	2	Ste-2024-12-02_HeLa_4mz_sDIA_400-900_20.mzML	9.322820236767	9.261736360083	9.4144715356	0.007455800391244971	0
AATENIPVVR	2	Ste-2024-12-02_HeLa_4mz_sDIA_400-900_21.mzML	9.331683773267	9.20931321885	9.392872280367	0.0006702067329999484	1
AATENIPVVR	2	Ste-2024-12-02_HeLa_4mz_sDIA_400-900_22.mzML	9.320218479717	9.259102604783	9.44240605505	0.0018292138841795307	0
AAVENLPTFLVELSR	3	Ste-2024-12-02_HeLa_4mz_sDIA_400-900_20.mzML	21.212807342617	21.08897290045	21.336700169267	0.00011108642523883582	0
AAVENLPTFLVELSR	3	Ste-2024-12-02_HeLa_4mz_sDIA_400-900_21.mzML	21.191276988883	21.12930951865	21.3772582134	9.921619208254787E-05	0
AAVENLPTFLVELSR	3	Ste-2024-12-02_HeLa_4mz_sDIA_400-900_22.mzML	21.213476983717	21.089528076233	21.337454491733	9.691800736576855E-05	1
AEVLWLMGAK	2	Ste-2024-12-02_HeLa_4mz_sDIA_400-900_20.mzML	16.940961974933	16.818021300233	17.002452136383	0.00011108642523883582	0
AEVLWLMGAK	2	Ste-2024-12-02_HeLa_4mz_sDIA_400-900_21.mzML	16.950147563867	16.8579001154	17.011618907167	9.921619208254787E-05	0
AEVLWLMGAK	2	Ste-2024-12-02_HeLa_4mz_sDIA_400-900_22.mzML	16.938443075	16.876863296517	17.030745781367	9.691800736576855E-05	1
AFPEHFTYEPNEADAAQGYR	3	Ste-2024-12-02_HeLa_4mz_sDIA_400-900_20.mzML	12.268368283883	12.14618541325	12.39037309075	0.0016457422297456153	1
AFPEHFTYEPNEADAAQGYR	3	Ste-2024-12-02_HeLa_4mz_sDIA_400-900_21.mzML	12.276966898367	12.154844019283	12.460011786667	0.005784086152441113	0
AFPEHFTYEPNEADAAQGYR	3	Ste-2024-12-02_HeLa_4mz_sDIA_400-900_22.mzML	12.2956593099	12.173539179067	12.417636776617	0.0022856649991374847	0
AGEGTYALDSESC[+57.0215]MEK	2	Ste-2024-12-02_HeLa_4mz_sDIA_400-900_20.mzML	9.64867612295	9.587642519567	9.770870285217	0.00011108642523883582	0
AGEGTYALDSESC[+57.0215]MEK	2	Ste-2024-12-02_HeLa_4mz_sDIA_400-900_21.mzML	9.6579157259	9.535656850433	9.78027449365	9.921619208254787E-05	0
AGEGTYALDSESC[+57.0215]MEK	2	Ste-2024-12-02_HeLa_4mz_sDIA_400-900_22.mzML	9.646081961917	9.584973857317	9.768241650367	9.691800736576855E-05	1
AGVNTVTTLVENKK	3	Ste-2024-12-02_HeLa_4mz_sDIA_400-900_20.mzML	10.098770757333	9.97648146285	10.220952174817	0.00011108642523883582	0
AGVNTVTTLVENKK	3	Ste-2024-12-02_HeLa_4mz_sDIA_400-900_21.mzML	10.1080137741	9.985767516283	10.169176997083	9.921619208254787E-05	0
AGVNTVTTLVENKK	3	Ste-2024-12-02_HeLa_4mz_sDIA_400-900_22.mzML	10.096006168333	10.034884695583	10.218151355267	9.691800736576855E-05	1
AIEINPDSAQPYK	2	Ste-2024-12-02_HeLa_4mz_sDIA_400-900_20.mzML	10.800158795983	10.708487701067	10.861164685583	0.00011108642523883582	0
AIEINPDSAQPYK	2	Ste-2024-12-02_HeLa_4mz_sDIA_400-900_21.mzML	10.7784544829	10.71743357005	10.900723650467	9.921619208254787E-05	0
AIEINPDSAQPYK	2	Ste-2024-12-02_HeLa_4mz_sDIA_400-900_22.mzML	10.797068436917	10.675034130533	10.858077009917	9.691800736576855E-05	1
AIPSFLNSFNR	2	Ste-2024-12-02_HeLa_4mz_sDIA_400-900_20.mzML	16.546142191967	16.453933142883	16.607515208067	0.0010509458512661396	0
AIPSFLNSFNR	2	Ste-2024-12-02_HeLa_4mz_sDIA_400-900_21.mzML	16.555089936383	16.462949833933	16.616534600767	0.0001734454947532738	1
AIPSFLNSFNR	2	Ste-2024-12-02_HeLa_4mz_sDIA_400-900_22.mzML	16.542955390133	16.4198691017	16.665936555783	0.0008402945974000296	0
AKPAEAPAAAAPK	2	Ste-2024-12-02_HeLa_4mz_sDIA_400-900_20.mzML	4.428055365817	4.335899088267	4.5202310314	0.00011108642523883582	0
AKPAEAPAAAAPK	2	Ste-2024-12-02_HeLa_4mz_sDIA_400-900_21.mzML	4.462091674583	4.338959133217	4.52359944445	9.921619208254787E-05	0
AKPAEAPAAAAPK	2	Ste-2024-12-02_HeLa_4mz_sDIA_400-900_22.mzML	4.457204872867	4.3342681788	4.580079915683	9.691800736576855E-05	1
ALDDISESIK	2	Ste-2024-12-02_HeLa_4mz_sDIA_400-900_20.mzML		11.125441540083	11.30851150675	0.2581850774538321	0
ALDDISESIK	2	Ste-2024-12-02_HeLa_4mz_sDIA_400-900_21.mzML		11.1953741315	11.31744804425	0.045777915248994744	0
ALDDISESIK	2	Ste-2024-12-02_HeLa_4mz_sDIA_400-900_22.mzML	11.24438365105	11.152855597133	11.305420787783	9.691800736576855E-05	1
ALLESMVDAAENLC[+57.0215]PNVMK	3	Ste-2024-12-02_HeLa_4mz_sDIA_400-900_20.mzML	21.732228382067	21.670150977983	21.825543003517	0.00661484415875626	0
ALLESMVDAAENLC[+57.0215]PNVMK	3	Ste-2024-12-02_HeLa_4mz_sDIA_400-900_21.mzML		21.6486754321	21.8662499781	0.08910622782814348	0
ALLESMVDAAENLC[+57.0215]PNVMK	3	Ste-2024-12-02_HeLa_4mz_sDIA_400-900_22.mzML	21.764444702933	21.70228312865	21.857961873383	0.0022856649991374847	1
ALWEDEGVR	2	Ste-2024-12-02_HeLa_4mz_sDIA_400-900_20.mzML	10.94173414605	10.8501128244	11.002853436467	0.0003099573808601317	0
ALWEDEGVR	2	Ste-2024-12-02_HeLa_4mz_sDIA_400-900_21.mzML	10.920190693583	10.859126455433	10.98127673575	0.0001734454947532738	0
ALWEDEGVR	2	Ste-2024-12-02_HeLa_4mz_sDIA_400-900_22.mzML	10.938668737667	10.847020102	10.999760717867	9.691800736576855E-05	1
AQAALAVNISAAR	2	Ste-2024-12-02_HeLa_4mz_sDIA_400-900_20.mzML	11.46580597835	11.313307775517	11.587969556733	0.001687368174361378	0
AQAALAVNISAAR	2	Ste-2024-12-02_HeLa_4mz_sDIA_400-900_21.mzML	11.444252912517	11.38326092825	11.50527292065	0.00024276263882988408	1
AQAALAVNISAAR	2	Ste-2024-12-02_HeLa_4mz_sDIA_400-900_22.mzML	11.46271816425	11.371246365433	11.523763074183	0.0008402945974000296	0
AQAEAQQPTFDALRDELR	3	Ste-2024-12-02_HeLa_4mz_sDIA_400-900_20.mzML	13.79033573925	13.6985721573	13.8820166085	0.0029344220464404187	0
AQAEAQQPTFDALRDELR	3	Ste-2024-12-02_HeLa_4mz_sDIA_400-900_21.mzML	13.799067659367	13.73785662125	13.9213363764	0.0009908838684106222	0
AQAEAQQPTFDALRDELR	3	Ste-2024-12-02_HeLa_4mz_sDIA_400-900_22.mzML	13.817585654133	13.69518656935	13.8787473571	0.0002986501015410345	1
AQEAGLQQEQR	2	Ste-2024-12-02_HeLa_4mz_sDIA_400-900_20.mzML	4.645232120317	4.58363426865	4.70671591915	0.003392354790666887	0
AQEAGLQQEQR	2	Ste-2024-12-02_HeLa_4mz_sDIA_400-900_21.mzML		4.587078830133	4.710168609533	0.012622578127650911	0
AQEAGLQQEQR	2	Ste-2024-12-02_HeLa_4mz_sDIA_400-900_22.mzML	4.61277050855	4.582006285917	4.70499971705	0.0002595380223202699	1
AQQMHTGPVLDVC[+57.0215]WSDDGSK	3	Ste-2024-12-02_HeLa_4mz_sDIA_400-900_20.mzML	12.968801566533	12.877173323633	13.060360722933	0.005413404992795108	1
AQQMHTGPVLDVC[+57.0215]WSDDGSK	3	Ste-2024-12-02_HeLa_4mz_sDIA_400-900_21.mzML		12.88582775545	13.007976746	0.012850862360500507	0
AQQMHTGPVLDVC[+57.0215]WSDDGSK	3	Ste-2024-12-02_HeLa_4mz_sDIA_400-900_22.mzML		12.813001897783	13.087742857367	1	0
AQTAHIVLEDGTK	2	Ste-2024-12-02_HeLa_4mz_sDIA_400-900_20.mzML	7.590122746533	7.52896350085	7.712349359567	0.00011108642523883582	0
AQTAHIVLEDGTK	2	Ste-2024-12-02_HeLa_4mz_sDIA_400-900_21.mzML	7.5965883296	7.47418459635	7.7190026465	9.921619208254787E-05	0
AQTAHIVLEDGTK	2	Ste-2024-12-02_HeLa_4mz_sDIA_400-900_22.mzML	7.58807366095	7.526919899783	7.710222491133	9.691800736576855E-05	1
AQVARPGGDTIFGK	3	Ste-2024-12-02_HeLa_4mz_sDIA_400-900_20.mzML	9.058645574883	8.997540363367	9.180712094717	0.00011108642523883582	0
AQVARPGGDTIFGK	3	Ste-2024-12-02_HeLa_4mz_sDIA_400-900_21.mzML	9.067097961083	9.0059326017	9.189363055433	0.00021362956633198035	0
AQVARPGGDTIFGK	3	Ste-2024-12-02_HeLa_4mz_sDIA_400-900_22.mzML	9.086526118867	8.964413911517	9.147592536433	9.691800736576855E-05	1
ATAGAYIASQTVK	2	Ste-2024-12-02_HeLa_4mz_sDIA_400-900_20.mzML	8.779571467217	8.748971992267	8.871229523683	0.00011108642523883582	0
ATAGAYIASQTVK	2	Ste-2024-12-02_HeLa_4mz_sDIA_400-900_21.mzML	8.7876931567	8.726475892217	8.910093754367	9.921619208254787E-05	0
ATAGAYIASQTVK	2	Ste-2024-12-02_HeLa_4mz_sDIA_400-900_22.mzML	8.807540902617	8.685369536267	8.868651606767	9.691800736576855E-05	1
AVEVQGPSLESGDHGK	2	Ste-2024-12-02_HeLa_4mz_sDIA_400-900_20.mzML	7.933545688083	7.811135261817	7.99467271695	0.00011108642523883582	0
AVEVQGPSLESGDHGK	2	Ste-2024-12-02_HeLa_4mz_sDIA_400-900_21.mzML	7.94074415745	7.848777494267	8.0019568227	9.921619208254787E-05	0
AVEVQGPSLESGDHGK	2	Ste-2024-12-02_HeLa_4mz_sDIA_400-900_22.mzML	7.931409569117	7.808993360233	8.053668056983	9.691800736576855E-05	1
AVLQEEQANLWFSK	2	Ste-2024-12-02_HeLa_4mz_sDIA_400-900_20.mzML	15.6974057367	15.666692817567	15.789510851733	0.0010509458512661396	0
AVLQEEQANLWFSK	2	Ste-2024-12-02_HeLa_4mz_sDIA_400-900_21.mzML	15.706441056367	15.614476583	15.798556285533	0.0008515327589661391	1
AVLQEEQANLWFSK	2	Ste-2024-12-02_HeLa_4mz_sDIA_400-900_22.mzML	15.72492689185	15.632832370417	15.8171102117	0.006680124793540099	0
AVSSAIAQLLGEVAQGNENYAGIAAR	3	Ste-2024-12-02_HeLa_4mz_sDIA_400-900_20.mzML	22.301907431067	22.239646996767	22.42660897135	0.00011108642523883582	0
AVSSAIAQLLGEVAQGNENYAGIAAR	3	Ste-2024-12-02_HeLa_4mz_sDIA_400-900_21.mzML	22.31129916365	22.2179317013	22.4359850685	9.921619208254787E-05	0
AVSSAIAQLLGEVAQGNENYAGIAAR	3	Ste-2024-12-02_HeLa_4mz_sDIA_400-900_22.mzML	22.334720333633	22.210109832367	22.397114395917	9.691800736576855E-05	1
C[+57.0215]C[+57.0215]LTYC[+57.0215]FNKPEDK	3	Ste-2024-12-02_HeLa_4mz_sDIA_400-900_20.mzML	9.569808346533	9.4476596861	9.630867012217	0.00011108642523883582	0
C[+57.0215]C[+57.0215]LTYC[+57.0215]FNKPEDK	3	Ste-2024-12-02_HeLa_4mz_sDIA_400-900_21.mzML	9.565742318883	9.443480617567	9.688009531383	9.921619208254787E-05	0
C[+57.0215]C[+57.0215]LTYC[+57.0215]FNKPEDK	3	Ste-2024-12-02_HeLa_4mz_sDIA_400-900_22.mzML	9.553942139833	9.462407579983	9.61503677785	9.691800736576855E-05	1
C[+57.0215]EAVVADVLDK	2	Ste-2024-12-02_HeLa_4mz_sDIA_400-900_20.mzML	12.6249025387	12.5638778498	12.747097391517	0.001520190023752969	1
C[+57.0215]EAVVADVLDK	2	Ste-2024-12-02_HeLa_4mz_sDIA_400-900_21.mzML	12.66413273685	12.541955982717	12.725209018683	0.00813244263723497	0
C[+57.0215]EAVVADVLDK	2	Ste-2024-12-02_HeLa_4mz_sDIA_400-900_22.mzML	12.6523930452	12.5300639823	12.713485611817	0.0023670166982268895	0
C[+57.0215]FNTLTNSFQPSLLGR	3	Ste-2024-12-02_HeLa_4mz_sDIA_400-900_20.mzML	17.252096128483	17.12912153985	17.313572913183	0.0036365122170466616	1
C[+57.0215]FNTLTNSFQPSLLGR	3	Ste-2024-12-02_HeLa_4mz_sDIA_400-900_21.mzML	17.230506715867	17.138348389317	17.322784471533	0.009437296762335642	0
C[+57.0215]FNTLTNSFQPSLLGR	3	Ste-2024-12-02_HeLa_4mz_sDIA_400-900_22.mzML		17.157607101283	17.3730997844	0.025752773375594295	0
DAGYGGISLAVEGPSK	2	Ste-2024-12-02_HeLa_4mz_sDIA_400-900_20.mzML	13.9782987787	13.886593600267	14.13104736405	0.00011108642523883582	0
DAGYGGISLAVEGPSK	2	Ste-2024-12-02_HeLa_4mz_sDIA_400-900_21.mzML	13.9871350442	13.92591406275	14.109337089333	9.921619208254787E-05	0
DAGYGGISLAVEGPSK	2	Ste-2024-12-02_HeLa_4mz_sDIA_400-900_22.mzML	13.975025764117	13.913839970917	14.158274715333	9.691800736576855E-05	1
DC[+57.0215]QIAHGAAQFLR	2	Ste-2024-12-02_HeLa_4mz_sDIA_400-900_20.mzML		11.991831364967	12.14450085275	0.021312431171859818	0
DC[+57.0215]QIAHGAAQFLR	2	Ste-2024-12-02_HeLa_4mz_sDIA_400-900_21.mzML	12.092099223767	12.000556985333	12.183676561783	0.004596061650620072	0
DC[+57.0215]QIAHGAAQFLR	2	Ste-2024-12-02_HeLa_4mz_sDIA_400-900_22.mzML	12.110839957317	12.049835587383	12.23292671095	0.00019842582181361202	1
DDVIVTASNFSSER	2	Ste-2024-12-02_HeLa_4mz_sDIA_400-900_20.mzML	12.78726928355	12.695650829617	12.878861068117	0.00036226633821185336	0
DDVIVTASNFSSER	2	Ste-2024-12-02_HeLa_4mz_sDIA_400-900_21.mzML	12.76537859415	12.734833402233	12.856969302083	0.00024276263882988408	1
DDVIVTASNFSSER	2	Ste-2024-12-02_HeLa_4mz_sDIA_400-900_22.mzML	12.75363545605	12.6925917745	12.936793773167	0.002926421404682274	0
DGDGTITTK	2	Ste-2024-12-02_HeLa_4mz_sDIA_400-900_20.mzML	3.988322547417	3.926761318883	4.173194712717	0.00011108642523883582	0
DGDGTITTK	2	Ste-2024-12-02_HeLa_4mz_sDIA_400-900_21.mzML	3.960161442033	3.86772130265	4.176095293883	9.921619208254787E-05	0
DGDGTITTK	2	Ste-2024-12-02_HeLa_4mz_sDIA_400-900_22.mzML	3.9866250975	3.863536420617	4.171537082467	9.691800736576855E-05	1
DGIDDESYEAIFKPVMSK	3	Ste-2024-12-02_HeLa_4mz_sDIA_400-900_20.mzML	17.194497592167	17.102170728867	17.2559410924	0.00011108642523883582	0
DGIDDESYEAIFKPVMSK	3	Ste-2024-12-02_HeLa_4mz_sDIA_400-900_21.mzML	17.172875962133	17.049856981267	17.265103884233	9.921619208254787E-05	0
DGIDDESYEAIFKPVMSK	3	Ste-2024-12-02_HeLa_4mz_sDIA_400-900_22.mzML	17.192193467333	17.069009502117	17.253768765767	9.691800736576855E-05	1
DHLVTAYNHLFETK	3	Ste-2024-12-02_HeLa_4mz_sDIA_400-900_20.mzML	12.2558523411	12.164215286333	12.347363587767	0.00011108642523883582	0
DHLVTAYNHLFETK	3	Ste-2024-12-02_HeLa_4mz_sDIA_400-900_21.mzML	12.294991182333	12.172854869933	12.35601016035	9.921619208254787E-05	0
DHLVTAYNHLFETK	3	Ste-2024-12-02_HeLa_4mz_sDIA_400-900_22.mzML	12.283143401183	12.222097128967	12.344146309517	9.691800736576855E-05	1
DHSPDLYSLELAGLDEIGK	3	Ste-2024-12-02_HeLa_4mz_sDIA_400-900_20.mzML	19.228121268417	19.166445763	19.351570031867	0.0006495615459564793	0
DHSPDLYSLELAGLDEIGK	3	Ste-2024-12-02_HeLa_4mz_sDIA_400-900_21.mzML	19.237365500933	19.175685438333	19.360791325567	0.00035591410606240363	1
DHSPDLYSLELAGLDEIGK	3	Ste-2024-12-02_HeLa_4mz_sDIA_400-900_22.mzML	19.2285750968	19.13592835705	19.32131141785	0.0006692406692406693	0
DILVATDVAGR	2	Ste-2024-12-02_HeLa_4mz_sDIA_400-900_20.mzML	12.56123969685	12.500172370183	12.683374448117	0.0003099573808601317	0
DILVATDVAGR	2	Ste-2024-12-02_HeLa_4mz_sDIA_400-900_21.mzML	12.5698976359	12.508747823833	12.692048226567	0.00021362956633198035	0
DILVATDVAGR	2	Ste-2024-12-02_HeLa_4mz_sDIA_400-900_22.mzML	12.55801951195	12.496894123233	12.680320883983	0.00019842582181361202	1
DLEALMFDR	2	Ste-2024-12-02_HeLa_4mz_sDIA_400-900_20.mzML	17.74080537245	17.61756114215	17.802404135617	0.00011108642523883582	0
DLEALMFDR	2	Ste-2024-12-02_HeLa_4mz_sDIA_400-900_21.mzML	17.7191430975	17.59589202015	17.842311805667	9.921619208254787E-05	0
DLEALMFDR	2	Ste-2024-12-02_HeLa_4mz_sDIA_400-900_22.mzML	17.739220541267	17.615847594517	17.8625887909	9.691800736576855E-05	1
DLLFQALGR	2	Ste-2024-12-02_HeLa_4mz_sDIA_400-900_20.mzML	17.615397923117	17.55382492695	17.738639364183	0.0003099573808601317	0
DLLFQALGR	2	Ste-2024-12-02_HeLa_4mz_sDIA_400-900_21.mzML	17.624533095217	17.501354655583	17.7477883872	0.0001734454947532738	0
DLLFQALGR	2	Ste-2024-12-02_HeLa_4mz_sDIA_400-900_22.mzML	17.64452966345	17.52120163895	17.706205294417	0.0001461240593263681	1
DMPLLSC[+57.0215]LESLR	2	Ste-2024-12-02_HeLa_4mz_sDIA_400-900_20.mzML	21.6089984802	21.42303622065	21.671117986783	0.00011108642523883582	0
DMPLLSC[+57.0215]LESLR	2	Ste-2024-12-02_HeLa_4mz_sDIA_400-900_21.mzML	21.61855685335	21.401573203233	21.711685795667	9.921619208254787E-05	0
DMPLLSC[+57.0215]LESLR	2	Ste-2024-12-02_HeLa_4mz_sDIA_400-900_22.mzML	21.60996484585	21.423822137683	21.734296895533	9.691800736576855E-05	1
DMSPLSETEMALGK	2	Ste-2024-12-02_HeLa_4mz_sDIA_400-900_20.mzML	16.1844891309	16.09225801205	16.276678820733	0.00036226633821185336	0
DMSPLSETEMALGK	2	Ste-2024-12-02_HeLa_4mz_sDIA_400-900_21.mzML	16.193582725683	16.132104846667	16.31656112725	0.0001734454947532738	0
DMSPLSETEMALGK	2	Ste-2024-12-02_HeLa_4mz_sDIA_400-900_22.mzML	16.21201963675	16.089067317067	16.273457957217	9.691800736576855E-05	1
DNTSVYHISGK	2	Ste-2024-12-02_HeLa_4mz_sDIA_400-900_20.mzML	6.667407657033	6.575510286367	6.728674561267	0.0011722184233662206	0
DNTSVYHISGK	2	Ste-2024-12-02_HeLa_4mz_sDIA_400-900_21.mzML	6.672974556283	6.6116366268	6.73426431075	0.00024276263882988408	1
DNTSVYHISGK	2	Ste-2024-12-02_HeLa_4mz_sDIA_400-900_22.mzML	6.665838886567	6.573961681767	6.757718753233	0.00040158338592163385	0
DPSASNGGGSPAR	2	Ste-2024-12-02_HeLa_4mz_sDIA_400-900_20.mzML	3.135523088817	3.074046886717	3.196970234017	0.0006191950464396285	1
DPSASNGGGSPAR	2	Ste-2024-12-02_HeLa_4mz_sDIA_400-900_21.mzML	3.106329849217	3.044805333633	3.198603391017	0.004933244587134411	0
DPSASNGGGSPAR	2	Ste-2024-12-02_HeLa_4mz_sDIA_400-900_22.mzML	3.1341037024	3.0726488519	3.195543022917	0.0006692406692406693	0
DPSQPQQWVSSQVLLC[+57.0215]K	3	Ste-2024-12-02_HeLa_4mz_sDIA_400-900_20.mzML		16.209920739967	16.394388811533	1	0
DPSQPQQWVSSQVLLC[+57.0215]K	3	Ste-2024-12-02_HeLa_4mz_sDIA_400-900_21.mzML	16.28051789895	16.21900748545	16.4034709425	0.002677774471883368	1
DPSQPQQWVSSQVLLC[+57.0215]K	3	Ste-2024-12-02_HeLa_4mz_sDIA_400-900_22.mzML	16.298882847017	16.237443285883	16.391048899183	0.006680124793540099	0
DSDGDGRGDAC[+57.0215]K	2	Ste-2024-12-02_HeLa_4mz_sDIA_400-900_20.mzML	2.305325103017	2.24259175085	2.429260716533	0.005521661904394162	0
DSDGDGRGDAC[+57.0215]K	2	Ste-2024-12-02_HeLa_4mz_sDIA_400-900_21.mzML	2.306496780017	2.243706024933	2.430267658483	0.006086036138202162	0
DSDGDGRGDAC[+57.0215]K	2	Ste-2024-12-02_HeLa_4mz_sDIA_400-900_22.mzML	2.335173031333	2.241620169733	2.42792041585	0.002171835635479107	1
DSLSVNEFK	2	Ste-2024-12-02_HeLa_4mz_sDIA_400-900_20.mzML	11.093230248833	10.971106707633	11.15425857435	0.0004945904173106646	0
DSLSVNEFK	2	Ste-2024-12-02_HeLa_4mz_sDIA_400-900_21.mzML	11.071675567917	10.949542957217	11.193693860167	0.00024276263882988408	1
DSLSVNEFK	2	Ste-2024-12-02_HeLa_4mz_sDIA_400-900_22.mzML	11.0901385013	10.968003444883	11.1511728409	0.0016256491307292842	0
DTSFSGLSLEEYK	2	Ste-2024-12-02_HeLa_4mz_sDIA_400-900_20.mzML		15.048078927117	15.231729118117	1	0
DTSFSGLSLEEYK	2	Ste-2024-12-02_HeLa_4mz_sDIA_400-900_21.mzML	15.149230142133	15.087972617933	15.210425036	0.002147239263803681	1
DTSFSGLSLEEYK	2	Ste-2024-12-02_HeLa_4mz_sDIA_400-900_22.mzML		15.045051221967	15.290019115667	0.3286238166984109	0
DTSVEDALER	2	Ste-2024-12-02_HeLa_4mz_sDIA_400-900_20.mzML	10.332730832967	10.271645259967	10.424335554083	0.0006191950464396285	0
DTSVEDALER	2	Ste-2024-12-02_HeLa_4mz_sDIA_400-900_21.mzML	10.341927700083	10.280881919017	10.4640580247	0.00024276263882988408	1
DTSVEDALER	2	Ste-2024-12-02_HeLa_4mz_sDIA_400-900_22.mzML	10.329927176817	10.268853996717	10.452036521067	0.0002986501015410345	0
DVEGSTSPQIGDK	2	Ste-2024-12-02_HeLa_4mz_sDIA_400-900_20.mzML	7.12990840215	7.007527333333	7.191181521717	0.00011108642523883582	0
DVEGSTSPQIGDK	2	Ste-2024-12-02_HeLa_4mz_sDIA_400-900_21.mzML	7.105254135167	6.982788696517	7.22784090225	9.921619208254787E-05	0
DVEGSTSPQIGDK	2	Ste-2024-12-02_HeLa_4mz_sDIA_400-900_22.mzML	7.09741440585	7.03629108495	7.2198500679	9.691800736576855E-05	1
DVQNFPAATDEK	2	Ste-2024-12-02_HeLa_4mz_sDIA_400-900_20.mzML	8.811558404217	8.750416884317	8.90326049055	0.0006495615459564793	0
DVQNFPAATDEK	2	Ste-2024-12-02_HeLa_4mz_sDIA_400-900_21.mzML		8.697321894717	8.94214363335	0.012615185827467783	0
DVQNFPAATDEK	2	Ste-2024-12-02_HeLa_4mz_sDIA_400-900_22.mzML	8.808985507517	8.747896799183	8.870095549233	0.00040158338592163385	1
EAC[+57.0215]PELDYFVVFSSVSC[+57.0215]GR	3	Ste-2024-12-02_HeLa_4mz_sDIA_400-900_20.mzML	20.898028036833	20.836364168867	21.052683612383	0.0010509458512661396	0
EAC[+57.0215]PELDYFVVFSSVSC[+57.0215]GR	3	Ste-2024-12-02_HeLa_4mz_sDIA_400-900_21.mzML	20.876513762667	20.845652802217	20.969198761517	0.0006702067329999484	0
EAC[+57.0215]PELDYFVVFSSVSC[+57.0215]GR	3	Ste-2024-12-02_HeLa_4mz_sDIA_400-900_22.mzML	20.898432826867	20.83673016445	20.960244356533	0.0002986501015410345	1
EANFTVSSMHGDMPQK	3	Ste-2024-12-02_HeLa_4mz_sDIA_400-900_20.mzML	9.8940357746	9.832979975017	10.016292796967	0.00011108642523883582	0
EANFTVSSMHGDMPQK	3	Ste-2024-12-02_HeLa_4mz_sDIA_400-900_21.mzML	9.903495686617	9.84243072015	10.025485413267	9.921619208254787E-05	0
EANFTVSSMHGDMPQK	3	Ste-2024-12-02_HeLa_4mz_sDIA_400-900_22.mzML	9.9040376635	9.8429857397	10.026233195533	9.691800736576855E-05	1
EAQNDLEQVLR	2	Ste-2024-12-02_HeLa_4mz_sDIA_400-900_20.mzML	12.475177723667	12.4446614882	12.566764003083	0.0018093249826026444	1
EAQNDLEQVLR	2	Ste-2024-12-02_HeLa_4mz_sDIA_400-900_21.mzML	12.483778647733	12.392286428933	12.544849106167	0.0053449010418683916	0
EAQNDLEQVLR	2	Ste-2024-12-02_HeLa_4mz_sDIA_400-900_22.mzML	12.471911172767	12.4108873877	12.563546010133	0.009678884657046019	0
EATTDFTVDSR	2	Ste-2024-12-02_HeLa_4mz_sDIA_400-900_20.mzML	8.717204851683	8.62549657865	8.870024422867	0.00011108642523883582	0
EATTDFTVDSR	2	Ste-2024-12-02_HeLa_4mz_sDIA_400-900_21.mzML	8.72526790225	8.664066828017	8.84769501695	9.921619208254787E-05	0
EATTDFTVDSR	2	Ste-2024-12-02_HeLa_4mz_sDIA_400-900_22.mzML	8.714716804633	8.65361078915	8.867446095667	9.691800736576855E-05	1
EDEISLEDLIER	2	Ste-2024-12-02_HeLa_4mz_sDIA_400-900_20.mzML	18.305945405333	18.1826841325	18.429143936117	0.0003099573808601317	1
EDEISLEDLIER	2	Ste-2024-12-02_HeLa_4mz_sDIA_400-900_21.mzML	18.2842403634	18.19178006915	18.376658675167	0.0005339598462195643	0
EDEISLEDLIER	2	Ste-2024-12-02_HeLa_4mz_sDIA_400-900_22.mzML	18.305129744367	18.243427287217	18.42848687475	0.0006692406692406693	0
EDFLNIC[+57.0215]IEPDTISK	2	Ste-2024-12-02_HeLa_4mz_sDIA_400-900_20.mzML	18.316062345517	18.25444973475	18.4084708505	0.0003099573808601317	0
EDFLNIC[+57.0215]IEPDTISK	2	Ste-2024-12-02_HeLa_4mz_sDIA_400-900_21.mzML	18.3251584394	18.201894708833	18.417562609583	0.00021362956633198035	1
EDFLNIC[+57.0215]IEPDTISK	2	Ste-2024-12-02_HeLa_4mz_sDIA_400-900_22.mzML	18.346117208933	18.2226916476	18.469442786533	0.0012336892052194543	0
EEDQATLVEQVK	2	Ste-2024-12-02_HeLa_4mz_sDIA_400-900_20.mzML		9.607307867983	9.9738320969	0.14341967098354919	0
EEDQATLVEQVK	2	Ste-2024-12-02_HeLa_4mz_sDIA_400-900_21.mzML	9.891698771717	9.7082257518	10.07479270205	0.0021825483434458073	1
EEDQATLVEQVK	2	Ste-2024-12-02_HeLa_4mz_sDIA_400-900_22.mzML		9.665798226783	10.00167010805	1	0
EEFAVPENSSVQQFK	2	Ste-2024-12-02_HeLa_4mz_sDIA_400-900_20.mzML	12.701671560017	12.61002746715	12.85433775505	0.00011108642523883582	0
EEFAVPENSSVQQFK	2	Ste-2024-12-02_HeLa_4mz_sDIA_400-900_21.mzML	12.710334860867	12.6186467951	12.80194029045	9.921619208254787E-05	0
EEFAVPENSSVQQFK	2	Ste-2024-12-02_HeLa_4mz_sDIA_400-900_22.mzML	12.7291233631	12.606820576167	12.851216023983	9.691800736576855E-05	1
EEIPEEELAEDVEEIDHAER	3	Ste-2024-12-02_HeLa_4mz_sDIA_400-900_20.mzML	17.478068173417	17.354916417817	17.601210509033	0.00011108642523883582	0
EEIPEEELAEDVEEIDHAER	3	Ste-2024-12-02_HeLa_4mz_sDIA_400-900_21.mzML	17.4872163209	17.3641346391	17.610346433183	9.921619208254787E-05	0
EEIPEEELAEDVEEIDHAER	3	Ste-2024-12-02_HeLa_4mz_sDIA_400-900_22.mzML	17.476200879467	17.383717465433	17.568662548133	9.691800736576855E-05	1
EELVITPLPSGDVAATFQFR	3	Ste-2024-12-02_HeLa_4mz_sDIA_400-900_20.mzML		20.341281618683	20.588291635017	0.07138537585780769	0
EELVITPLPSGDVAATFQFR	3	Ste-2024-12-02_HeLa_4mz_sDIA_400-900_21.mzML	20.4742066037	20.381559181667	20.597745099083	0.001356027307584401	1
EELVITPLPSGDVAATFQFR	3	Ste-2024-12-02_HeLa_4mz_sDIA_400-900_22.mzML		20.372646323317	20.650367978283	0.012681343207872578	0
ELAQQIQK	2	Ste-2024-12-02_HeLa_4mz_sDIA_400-900_20.mzML	6.0163167174	5.9551203763	6.13882932225	0.00011108642523883582	0
ELAQQIQK	2	Ste-2024-12-02_HeLa_4mz_sDIA_400-900_21.mzML	6.021148034917	5.898601541467	6.08249758625	9.921619208254787E-05	0
ELAQQIQK	2	Ste-2024-12-02_HeLa_4mz_sDIA_400-900_22.mzML	6.014560468767	5.953366607367	6.137071023483	9.691800736576855E-05	1
ELC[+57.0215]GPWPSHQLLTNQLQR	3	Ste-2024-12-02_HeLa_4mz_sDIA_400-900_20.mzML	14.587645404417	14.465241504333	14.710172738717	0.0036365122170466616	1
ELC[+57.0215]GPWPSHQLLTNQLQR	3	Ste-2024-12-02_HeLa_4mz_sDIA_400-900_21.mzML	14.597030754733	14.474446844617	14.6583737408	0.009337167607483935	0
ELC[+57.0215]GPWPSHQLLTNQLQR	3	Ste-2024-12-02_HeLa_4mz_sDIA_400-900_22.mzML	14.615137154417	14.5233214541	14.707069924817	0.0051358137411549876	0
ELEEAMAGER	2	Ste-2024-12-02_HeLa_4mz_sDIA_400-900_20.mzML	7.79666100475	7.7049019883	7.91908377745	0.001087493821057835	1
ELEEAMAGER	2	Ste-2024-12-02_HeLa_4mz_sDIA_400-900_21.mzML		7.71153388685	7.864994536367	0.016555424682633164	0
ELEEAMAGER	2	Ste-2024-12-02_HeLa_4mz_sDIA_400-900_22.mzML	7.79454140975	7.70277045405	7.855752370783	0.0028990378555522876	0
ENAGVDPTLAIPMIQK	2	Ste-2024-12-02_HeLa_4mz_sDIA_400-900_20.mzML	16.774097443983	16.7126092408	16.897072782667	0.0010509458512661396	0
ENAGVDPTLAIPMIQK	2	Ste-2024-12-02_HeLa_4mz_sDIA_400-900_21.mzML	16.813990669333	16.721738473983	16.906239959217	0.000489849235290916	1
ENAGVDPTLAIPMIQK	2	Ste-2024-12-02_HeLa_4mz_sDIA_400-900_22.mzML	16.802100961567	16.709726514383	16.925258048683	0.0019808953647048465	0
ENLELILTQSVENVGVR	3	Ste-2024-12-02_HeLa_4mz_sDIA_400-900_20.mzML	20.3974515605	20.274064788067	20.4900860106	0.00011108642523883582	0
ENLELILTQSVENVGVR	3	Ste-2024-12-02_HeLa_4mz_sDIA_400-900_21.mzML	20.376026350683	20.314390835133	20.468676071667	9.921619208254787E-05	0
ENLELILTQSVENVGVR	3	Ste-2024-12-02_HeLa_4mz_sDIA_400-900_22.mzML	20.39798887595	20.336306157567	20.521313222167	9.691800736576855E-05	1
ERDFTSLENTVEER	2	Ste-2024-12-02_HeLa_4mz_sDIA_400-900_20.mzML	11.480012600383	11.327531515917	11.541050727317	0.00040666937779585197	0
ERDFTSLENTVEER	2	Ste-2024-12-02_HeLa_4mz_sDIA_400-900_21.mzML		11.380142075517	11.624266979317	0.16536853324588013	0
ERDFTSLENTVEER	2	Ste-2024-12-02_HeLa_4mz_sDIA_400-900_22.mzML	11.476915041867	11.38546273905	11.568636913033	0.00040158338592163385	1
ESEFDDEPK	2	Ste-2024-12-02_HeLa_4mz_sDIA_400-900_20.mzML	6.4491873926	6.32670235235	6.571663199767	0.0004945904173106646	1
ESEFDDEPK	2	Ste-2024-12-02_HeLa_4mz_sDIA_400-900_21.mzML	6.423927932983	6.331976364933	6.51583731055	0.0012701698264101237	0
ESEFDDEPK	2	Ste-2024-12-02_HeLa_4mz_sDIA_400-900_22.mzML	6.416913778467	6.325033655583	6.570114866567	0.0018709073900841909	0
ESENLASGDQPR	2	Ste-2024-12-02_HeLa_4mz_sDIA_400-900_20.mzML	5.475151416167	5.383113133817	5.628456762267	0.0004945904173106646	0
ESENLASGDQPR	2	Ste-2024-12-02_HeLa_4mz_sDIA_400-900_21.mzML	5.479446316783	5.38728387155	5.602196524017	0.00021362956633198035	0
ESENLASGDQPR	2	Ste-2024-12-02_HeLa_4mz_sDIA_400-900_22.mzML	5.4734731239	5.412094587833	5.596119011283	0.00019842582181361202	1
ESLEALLQR	2	Ste-2024-12-02_HeLa_4mz_sDIA_400-900_20.mzML	14.63713749815	14.54526279405	14.729051074733	0.00040666937779585197	0
ESLEALLQR	2	Ste-2024-12-02_HeLa_4mz_sDIA_400-900_21.mzML	14.615882640867	14.554644508917	14.738503896533	9.921619208254787E-05	0
ESLEALLQR	2	Ste-2024-12-02_HeLa_4mz_sDIA_400-900_22.mzML	14.634037865217	14.5115344654	14.6952900838	9.691800736576855E-05	1
ESNEEEQVWHFLGK	2	Ste-2024-12-02_HeLa_4mz_sDIA_400-900_20.mzML	15.576721069817	15.515308604233	15.69957020025	0.00011108642523883582	0
ESNEEEQVWHFLGK	2	Ste-2024-12-02_HeLa_4mz_sDIA_400-900_21.mzML	15.585971107133	15.5245909701	15.708609815417	9.921619208254787E-05	0
ESNEEEQVWHFLGK	2	Ste-2024-12-02_HeLa_4mz_sDIA_400-900_22.mzML	15.604323500433	15.51228631005	15.665692292317	9.691800736576855E-05	1
ESTTSEQSAR	2	Ste-2024-12-02_HeLa_4mz_sDIA_400-900_20.mzML	2.331765141483	2.237670480517	2.42436268695	0.0003099573808601317	1
ESTTSEQSAR	2	Ste-2024-12-02_HeLa_4mz_sDIA_400-900_21.mzML		2.2073888293	2.45632188635	0.014403635999064265	0
ESTTSEQSAR	2	Ste-2024-12-02_HeLa_4mz_sDIA_400-900_22.mzML		2.205326817867	2.453946347267	0.030953228869895537	0
ESYSVYVYK	2	Ste-2024-12-02_HeLa_4mz_sDIA_400-900_20.mzML	10.363499733833	10.302422715983	10.48570817975	0.00011108642523883582	0
ESYSVYVYK	2	Ste-2024-12-02_HeLa_4mz_sDIA_400-900_21.mzML	10.372701336	10.250608704433	10.494819255783	9.921619208254787E-05	0
ESYSVYVYK	2	Ste-2024-12-02_HeLa_4mz_sDIA_400-900_22.mzML	10.360707419267	10.29961941705	10.482803370133	9.691800736576855E-05	1
ETADAITK	2	Ste-2024-12-02_HeLa_4mz_sDIA_400-900_20.mzML	4.57135125965	4.509887205783	4.632953614783	0.0003099573808601317	1
ETADAITK	2	Ste-2024-12-02_HeLa_4mz_sDIA_400-900_21.mzML		4.482514132733	4.63639131275	0.02763069807071998	0
ETADAITK	2	Ste-2024-12-02_HeLa_4mz_sDIA_400-900_22.mzML		4.477605329667	4.723425211483	0.1471305306451271	0
ETLPNVR	2	Ste-2024-12-02_HeLa_4mz_sDIA_400-900_20.mzML	7.6040508625	7.481795911833	7.665168418617	0.0013122721749696234	0
ETLPNVR	2	Ste-2024-12-02_HeLa_4mz_sDIA_400-900_21.mzML	7.579973194217	7.518760424033	7.64115884195	0.0008142493638676844	0
ETLPNVR	2	Ste-2024-12-02_HeLa_4mz_sDIA_400-900_22.mzML	7.602005911283	7.479780447717	7.66311036	0.0006692406692406693	1
ETSSLQELEAQK	2	Ste-2024-12-02_HeLa_4mz_sDIA_400-900_20.mzML	9.698185601733	9.6371160236	9.789845135517	0.003392354790666887	1
ETSSLQELEAQK	2	Ste-2024-12-02_HeLa_4mz_sDIA_400-900_21.mzML	9.707503492417	9.61577065055	9.799266736733	0.007617652444607215	0
ETSSLQELEAQK	2	Ste-2024-12-02_HeLa_4mz_sDIA_400-900_22.mzML	9.6956081772	9.6039420115	9.756673866817	0.004971509426746721	0
EVC[+57.0215]PSAIDPEDGEK	2	Ste-2024-12-02_HeLa_4mz_sDIA_400-900_20.mzML		9.184563842933	9.36780797465	0.016094348498084807	0
EVC[+57.0215]PSAIDPEDGEK	2	Ste-2024-12-02_HeLa_4mz_sDIA_400-900_21.mzML	9.22378266645	9.162649517317	9.31552764585	0.005377176015473888	0
EVC[+57.0215]PSAIDPEDGEK	2	Ste-2024-12-02_HeLa_4mz_sDIA_400-900_22.mzML	9.242999945233	9.181956166283	9.36520992065	0.0035724434701416797	1
EVSDFIQDSGQIK	2	Ste-2024-12-02_HeLa_4mz_sDIA_400-900_20.mzML	12.54081738615	12.479753325817	12.662908638067	0.0006958942240779402	1
EVSDFIQDSGQIK	2	Ste-2024-12-02_HeLa_4mz_sDIA_400-900_21.mzML	12.549422699983	12.45784406245	12.671602235417	0.0011475017929715515	0
EVSDFIQDSGQIK	2	Ste-2024-12-02_HeLa_4mz_sDIA_400-900_22.mzML		12.445974797767	12.629310223317	0.04927944343216829	0
EYNALVAQGVR	2	Ste-2024-12-02_HeLa_4mz_sDIA_400-900_20.mzML	10.060521306317	9.999371850117	10.12164197375	0.008176077672737892	0
EYNALVAQGVR	2	Ste-2024-12-02_HeLa_4mz_sDIA_400-900_21.mzML	10.06973599555	10.0085938964	10.1308853952	0.0009908838684106222	1
EYNALVAQGVR	2	Ste-2024-12-02_HeLa_4mz_sDIA_400-900_22.mzML		9.996615316117	10.210453460017	0.04296852929544042	0
EYQDLLNVK	2	Ste-2024-12-02_HeLa_4mz_sDIA_400-900_20.mzML	12.4083464623	12.2863732972	12.530475527917	0.00011108642523883582	0
EYQDLLNVK	2	Ste-2024-12-02_HeLa_4mz_sDIA_400-900_21.mzML	12.417003495283	12.294991182333	12.5390734704	9.921619208254787E-05	0
EYQDLLNVK	2	Ste-2024-12-02_HeLa_4mz_sDIA_400-900_22.mzML	12.4051138263	12.344146309517	12.527182080617	9.691800736576855E-05	1
FAELVYTGFWHSPEC[+57.0215]EFVR	3	Ste-2024-12-02_HeLa_4mz_sDIA_400-900_20.mzML	18.401959903883	18.3711798241	18.494322686583	0.007090092431047923	0
FAELVYTGFWHSPEC[+57.0215]EFVR	3	Ste-2024-12-02_HeLa_4mz_sDIA_400-900_21.mzML	18.441852440483	18.349479790883	18.5034505704	0.0011475017929715515	1
FAELVYTGFWHSPEC[+57.0215]EFVR	3	Ste-2024-12-02_HeLa_4mz_sDIA_400-900_22.mzML		18.401281047117	18.55547484195	0.03127498889382497	0
FFPASFPNR	2	Ste-2024-12-02_HeLa_4mz_sDIA_400-900_20.mzML	13.231569239383	13.048329358917	13.323219476883	0.007716900011024143	0
FFPASFPNR	2	Ste-2024-12-02_HeLa_4mz_sDIA_400-900_21.mzML	13.20963492865	12.934872343	13.331837669683	0.006455244886470257	0
FFPASFPNR	2	Ste-2024-12-02_HeLa_4mz_sDIA_400-900_22.mzML	13.228331597783	13.0147097875	13.44212990225	0.0008402945974000296	1
FGIQAQMVTTDFQK	2	Ste-2024-12-02_HeLa_4mz_sDIA_400-900_20.mzML	14.990791891317	14.929475292083	15.11337563405	0.00011108642523883582	0
FGIQAQMVTTDFQK	2	Ste-2024-12-02_HeLa_4mz_sDIA_400-900_21.mzML	15.0001434513	14.938792442917	15.122691542083	9.921619208254787E-05	0
FGIQAQMVTTDFQK	2	Ste-2024-12-02_HeLa_4mz_sDIA_400-900_22.mzML	15.018447504767	14.8958633401	15.079807666767	9.691800736576855E-05	1
FGNQADHFLGSLAFAK	3	Ste-2024-12-02_HeLa_4mz_sDIA_400-900_20.mzML	15.8662489736	15.804815137417	15.927755435633	0.0003099573808601317	0
FGNQADHFLGSLAFAK	3	Ste-2024-12-02_HeLa_4mz_sDIA_400-900_21.mzML	15.8753097904	15.813877598	16.059774536367	9.921619208254787E-05	0
FGNQADHFLGSLAFAK	3	Ste-2024-12-02_HeLa_4mz_sDIA_400-900_22.mzML	15.89388592315	15.832413981183	15.955354252817	9.691800736576855E-05	1
FLAAGTHLGGTNLDFQMEQYIYK	3	Ste-2024-12-02_HeLa_4mz_sDIA_400-900_20.mzML	17.729258723917	17.667631881617	17.852454652317	0.00011108642523883582	0
FLAAGTHLGGTNLDFQMEQYIYK	3	Ste-2024-12-02_HeLa_4mz_sDIA_400-900_21.mzML	17.738410684067	17.615164472867	17.861576284083	9.921619208254787E-05	0
FLAAGTHLGGTNLDFQMEQYIYK	3	Ste-2024-12-02_HeLa_4mz_sDIA_400-900_22.mzML	17.75852763165	17.635140632683	17.8818857535	9.691800736576855E-05	1
FLIC[+57.0215]TDVAAR	2	Ste-2024-12-02_HeLa_4mz_sDIA_400-900_20.mzML	13.2033979862	13.08126353215	13.325616794667	0.00011108642523883582	0
FLIC[+57.0215]TDVAAR	2	Ste-2024-12-02_HeLa_4mz_sDIA_400-900_21.mzML	13.181489442217	13.12040797995	13.303676341233	9.921619208254787E-05	0
FLIC[+57.0215]TDVAAR	2	Ste-2024-12-02_HeLa_4mz_sDIA_400-900_22.mzML	13.200170404883	13.078127960633	13.322357058983	9.691800736576855E-05	1
FLLDTNK	2	Ste-2024-12-02_HeLa_4mz_sDIA_400-900_20.mzML	10.751717990933	10.629609002067	10.8433865363	0.0010509458512661396	1
FLLDTNK	2	Ste-2024-12-02_HeLa_4mz_sDIA_400-900_21.mzML	10.760661254833	10.669151594767	10.85239475175	0.002081303693206979	0
FLLDTNK	2	Ste-2024-12-02_HeLa_4mz_sDIA_400-900_22.mzML	10.748737830217	10.6877470576	10.87082301105	0.002104617003551541	0
FSNTGEDWYVLVGVAK	2	Ste-2024-12-02_HeLa_4mz_sDIA_400-900_20.mzML	18.43900943075	18.3774456813	18.562239726967	0.001087493821057835	0
FSNTGEDWYVLVGVAK	2	Ste-2024-12-02_HeLa_4mz_sDIA_400-900_21.mzML	18.4481150843	18.38652928215	18.571361390667	0.0001734454947532738	1
FSNTGEDWYVLVGVAK	2	Ste-2024-12-02_HeLa_4mz_sDIA_400-900_22.mzML	18.469202912283	18.345877363333	18.592606370083	0.00019842582181361202	0
FTITPPTAQVVGVLK	3	Ste-2024-12-02_HeLa_4mz_sDIA_400-900_20.mzML		17.539167827633	17.78557421805	0.2158718399851838	0
FTITPPTAQVVGVLK	3	Ste-2024-12-02_HeLa_4mz_sDIA_400-900_21.mzML	17.67147807025	17.548278981867	17.794695841117	0.001356027307584401	1
FTITPPTAQVVGVLK	3	Ste-2024-12-02_HeLa_4mz_sDIA_400-900_22.mzML		17.568179904267	17.814903093517	0.02917303141941474	0
FTLRDEGK	2	Ste-2024-12-02_HeLa_4mz_sDIA_400-900_20.mzML	6.047228541617	5.9859503973	6.108451641017	0.003392354790666887	0
FTLRDEGK	2	Ste-2024-12-02_HeLa_4mz_sDIA_400-900_21.mzML		5.960099367017	6.082736875767	0.07885786802030458	0
FTLRDEGK	2	Ste-2024-12-02_HeLa_4mz_sDIA_400-900_22.mzML	6.04544139485	5.984212104617	6.106721007717	0.0006679283090281643	1
GAGSIAGASASPK	2	Ste-2024-12-02_HeLa_4mz_sDIA_400-900_20.mzML	5.437753142083	5.345728178433	5.560378085417	0.003265784625690839	0
GAGSIAGASASPK	2	Ste-2024-12-02_HeLa_4mz_sDIA_400-900_21.mzML		5.288373058067	5.503388005917	0.2107602555792203	0
GAGSIAGASASPK	2	Ste-2024-12-02_HeLa_4mz_sDIA_400-900_22.mzML	5.436062530317	5.31330395625	5.49737730895	0.0013874115525135272	1
GDSHLNVQVSNFK	2	Ste-2024-12-02_HeLa_4mz_sDIA_400-900_20.mzML	9.7005896292	9.639519031967	9.792252315017	0.0024728428861609114	0
GDSHLNVQVSNFK	2	Ste-2024-12-02_HeLa_4mz_sDIA_400-900_21.mzML	9.709913223233	9.6487409421	9.83227283885	0.0006702067329999484	1
GDSHLNVQVSNFK	2	Ste-2024-12-02_HeLa_4mz_sDIA_400-900_22.mzML	9.7285615954	9.606350469467	9.820148735217	0.0012336892052194543	0
GDTPGHATPGHGGATSSAR	3	Ste-2024-12-02_HeLa_4mz_sDIA_400-900_20.mzML	2.844908461233	2.783293146033	2.968049231917	0.00011108642523883582	0
GDTPGHATPGHGGATSSAR	3	Ste-2024-12-02_HeLa_4mz_sDIA_400-900_21.mzML	2.84627819085	2.784622078117	2.969524878833	9.921619208254787E-05	0
GDTPGHATPGHGGATSSAR	3	Ste-2024-12-02_HeLa_4mz_sDIA_400-900_22.mzML	2.843539654283	2.7819438477	2.966661792417	9.691800736576855E-05	1
GFVLYPVK	2	Ste-2024-12-02_HeLa_4mz_sDIA_400-900_20.mzML	13.7462509612	13.6851050077	13.8685491169	0.0013122721749696234	0
GFVLYPVK	2	Ste-2024-12-02_HeLa_4mz_sDIA_400-900_21.mzML	13.754990196517	13.693801185833	13.846770226917	0.0011475017929715515	1
GFVLYPVK	2	Ste-2024-12-02_HeLa_4mz_sDIA_400-900_22.mzML	13.77351897675	13.681732551167	13.834704047433	0.004836666538712526	0
GGAEVQIFAPDVPQMHVIDHTK	3	Ste-2024-12-02_HeLa_4mz_sDIA_400-900_20.mzML		14.898400338183	15.08232903415	0.015567487252220309	0
GGAEVQIFAPDVPQMHVIDHTK	3	Ste-2024-12-02_HeLa_4mz_sDIA_400-900_21.mzML	15.0303301134	14.93831089925	15.061039859217	0.002912006752479426	0
GGAEVQIFAPDVPQMHVIDHTK	3	Ste-2024-12-02_HeLa_4mz_sDIA_400-900_22.mzML	15.01796495095	14.92597606795	15.07932512465	0.00126820103334899	1
GGAVVDEGPTGVK	2	Ste-2024-12-02_HeLa_4mz_sDIA_400-900_20.mzML	7.339786503217	7.217475556683	7.400944603933	0.00011108642523883582	0
GGAVVDEGPTGVK	2	Ste-2024-12-02_HeLa_4mz_sDIA_400-900_21.mzML	7.315363171167	7.254149101983	7.437786301833	9.921619208254787E-05	0
GGAVVDEGPTGVK	2	Ste-2024-12-02_HeLa_4mz_sDIA_400-900_22.mzML	7.337835923633	7.21551242755	7.398933268183	9.691800736576855E-05	1
GGTLLSVTGEVEPR	2	Ste-2024-12-02_HeLa_4mz_sDIA_400-900_20.mzML	13.669206731683	13.577573580183	13.760920891417	0.00011108642523883582	0
GGTLLSVTGEVEPR	2	Ste-2024-12-02_HeLa_4mz_sDIA_400-900_21.mzML	13.616832959883	13.525127372333	13.769663137217	0.00024276263882988408	0
GGTLLSVTGEVEPR	2	Ste-2024-12-02_HeLa_4mz_sDIA_400-900_22.mzML	13.66587900705	13.574239898817	13.757556291283	9.691800736576855E-05	1
GIVEFSGK	2	Ste-2024-12-02_HeLa_4mz_sDIA_400-900_20.mzML	9.376947976767	9.254769073433	9.499094276117	0.00011108642523883582	0
GIVEFSGK	2	Ste-2024-12-02_HeLa_4mz_sDIA_400-900_21.mzML	9.35531782765	9.263515890217	9.447029920783	0.0001734454947532738	0
GIVEFSGK	2	Ste-2024-12-02_HeLa_4mz_sDIA_400-900_22.mzML	9.374361398267	9.313239420317	9.496475957717	9.691800736576855E-05	1
GIYFADMVSK	2	Ste-2024-12-02_HeLa_4mz_sDIA_400-900_20.mzML	14.516876092567	14.394314565067	14.578010196533	0.00011108642523883582	0
GIYFADMVSK	2	Ste-2024-12-02_HeLa_4mz_sDIA_400-900_21.mzML	14.495512391633	14.403377572317	14.587405200517	9.921619208254787E-05	0
GIYFADMVSK	2	Ste-2024-12-02_HeLa_4mz_sDIA_400-900_22.mzML	14.5137004865	14.452410038383	14.636203026783	9.691800736576855E-05	1
GLGTDEDAIISVLAYR	2	Ste-2024-12-02_HeLa_4mz_sDIA_400-900_20.mzML	19.96105260065	19.8993881391	20.084498712833	0.0003099573808601317	0
GLGTDEDAIISVLAYR	2	Ste-2024-12-02_HeLa_4mz_sDIA_400-900_21.mzML	19.956457136383	19.894702268733	20.079876096167	9.921619208254787E-05	0
GLGTDEDAIISVLAYR	2	Ste-2024-12-02_HeLa_4mz_sDIA_400-900_22.mzML	19.978699202333	19.8554472256	20.1020178349	9.691800736576855E-05	1
GLGTDEDSLIEIIC[+57.0215]SR	3	Ste-2024-12-02_HeLa_4mz_sDIA_400-900_20.mzML	19.4252637153	19.363608169367	19.54862080255	0.00011108642523883582	0
GLGTDEDSLIEIIC[+57.0215]SR	3	Ste-2024-12-02_HeLa_4mz_sDIA_400-900_21.mzML	19.434494340867	19.372833669033	19.5578632172	9.921619208254787E-05	0
GLGTDEDSLIEIIC[+57.0215]SR	3	Ste-2024-12-02_HeLa_4mz_sDIA_400-900_22.mzML	19.45691776815	19.333369990117	19.5804830536	9.691800736576855E-05	1
GNIIGYSQVDK	2	Ste-2024-12-02_HeLa_4mz_sDIA_400-900_20.mzML	9.845898107333	9.784786441967	9.937457743617	0.0008895400554654387	0
GNIIGYSQVDK	2	Ste-2024-12-02_HeLa_4mz_sDIA_400-900_21.mzML	9.824796845517	9.794200835167	9.885916700467	0.0008142493638676844	0
GNIIGYSQVDK	2	Ste-2024-12-02_HeLa_4mz_sDIA_400-900_22.mzML	9.843226963817	9.782142657017	9.904277111567	0.00045607434011743915	1
GNNVLYISTQK	2	Ste-2024-12-02_HeLa_4mz_sDIA_400-900_20.mzML	10.244266736783	10.183234034833	10.366379372117	0.0003099573808601317	0
GNNVLYISTQK	2	Ste-2024-12-02_HeLa_4mz_sDIA_400-900_21.mzML	10.25349493055	10.131368482733	10.3145255402	0.00021362956633198035	0
GNNVLYISTQK	2	Ste-2024-12-02_HeLa_4mz_sDIA_400-900_22.mzML	10.24145236875	10.180410627933	10.363587768467	0.0001461240593263681	1
GPPGPESQSR	2	Ste-2024-12-02_HeLa_4mz_sDIA_400-900_20.mzML	3.468249299867	3.406865578483	3.621888131117	0.0027645788336933047	1
GPPGPESQSR	2	Ste-2024-12-02_HeLa_4mz_sDIA_400-900_21.mzML	3.470160802233	3.408705826583	3.593199397733	0.006086036138202162	0
GPPGPESQSR	2	Ste-2024-12-02_HeLa_4mz_sDIA_400-900_22.mzML		3.40540447885	3.5589014413	0.17125952667468913	0
HASSGSFLPSANEHLK	3	Ste-2024-12-02_HeLa_4mz_sDIA_400-900_20.mzML	8.438441901633	8.316256338383	8.560743280867	0.0006495615459564793	1
HASSGSFLPSANEHLK	3	Ste-2024-12-02_HeLa_4mz_sDIA_400-900_21.mzML	8.446204174517	8.293278622667	8.568668096083	0.004806934594168637	0
HASSGSFLPSANEHLK	3	Ste-2024-12-02_HeLa_4mz_sDIA_400-900_22.mzML		8.31392254205	8.527812003283	0.16316488004083715	0
HGLVPFAFVR	2	Ste-2024-12-02_HeLa_4mz_sDIA_400-900_20.mzML		15.099162637117	15.313512643283	0.011332840601133284	0
HGLVPFAFVR	2	Ste-2024-12-02_HeLa_4mz_sDIA_400-900_21.mzML	15.169707479633	15.108486900333	15.2922744316	0.005990748464396754	0
HGLVPFAFVR	2	Ste-2024-12-02_HeLa_4mz_sDIA_400-900_22.mzML	15.187966560833	15.126803487583	15.24928300545	0.003826530612244898	1
HLAC[+57.0215]LPR	2	Ste-2024-12-02_HeLa_4mz_sDIA_400-900_20.mzML	6.197447391567	6.13618643865	6.258771202867	0.003228917683566067	1
HLAC[+57.0215]LPR	2	Ste-2024-12-02_HeLa_4mz_sDIA_400-900_21.mzML	6.171845102617	6.110514423233	6.263952455633	0.009590296876101826	0
HLAC[+57.0215]LPR	2	Ste-2024-12-02_HeLa_4mz_sDIA_400-900_22.mzML	6.195706087017	6.13442829975	6.257088260117	0.004836666538712526	0
HLATSDMLAAASK	3	Ste-2024-12-02_HeLa_4mz_sDIA_400-900_20.mzML	9.66620490915	9.60514217765	9.788400745067	0.0064399502881030395	0
HLATSDMLAAASK	3	Ste-2024-12-02_HeLa_4mz_sDIA_400-900_21.mzML	9.6754488907	9.614324306567	9.7366337664	0.002832142706175762	1
HLATSDMLAAASK	3	Ste-2024-12-02_HeLa_4mz_sDIA_400-900_22.mzML	9.66363423385	9.60249316725	9.78575796415	0.003358315927427612	0
HLLVSNVGGDGEEIER	2	Ste-2024-12-02_HeLa_4mz_sDIA_400-900_20.mzML	10.320014683633	10.197920838533	10.3810913305	0.00011108642523883582	0
HLLVSNVGGDGEEIER	2	Ste-2024-12-02_HeLa_4mz_sDIA_400-900_21.mzML	10.298684726433	10.2071518296	10.390291728783	9.921619208254787E-05	0
HLLVSNVGGDGEEIER	2	Ste-2024-12-02_HeLa_4mz_sDIA_400-900_22.mzML	10.317205687683	10.256156635283	10.4393300171	9.691800736576855E-05	1
HMNSAGVLATLR	3	Ste-2024-12-02_HeLa_4mz_sDIA_400-900_20.mzML		10.397901838917	10.55057561225	0.017386670219498385	0
HMNSAGVLATLR	3	Ste-2024-12-02_HeLa_4mz_sDIA_400-900_21.mzML	10.468146317433	10.407081068817	10.529153273883	0.001356027307584401	0
HMNSAGVLATLR	3	Ste-2024-12-02_HeLa_4mz_sDIA_400-900_22.mzML	10.4866541355	10.425614950517	10.547669111617	0.00019842582181361202	1
HNEFDFISGTR	2	Ste-2024-12-02_HeLa_4mz_sDIA_400-900_20.mzML	12.170229153767	12.0785835081	12.261864015217	0.0003099573808601317	0
HNEFDFISGTR	2	Ste-2024-12-02_HeLa_4mz_sDIA_400-900_21.mzML	12.17886082255	12.117813330333	12.300995017817	0.0001734454947532738	0
HNEFDFISGTR	2	Ste-2024-12-02_HeLa_4mz_sDIA_400-900_22.mzML	12.197583081367	12.136536513383	12.25864642945	0.0001461240593263681	1
HPSTNSLLR	2	Ste-2024-12-02_HeLa_4mz_sDIA_400-900_20.mzML		5.926693206783	6.11037752315	0.011841367713004484	0
HPSTNSLLR	2	Ste-2024-12-02_HeLa_4mz_sDIA_400-900_21.mzML	5.9926348253	5.87009568375	6.115332770233	0.0056145208429472385	1
HPSTNSLLR	2	Ste-2024-12-02_HeLa_4mz_sDIA_400-900_22.mzML		5.89433521345	6.078029292167	0.06488170016750419	0
HSFFSTIDWNK	3	Ste-2024-12-02_HeLa_4mz_sDIA_400-900_20.mzML	14.174184675383	14.143604903467	14.296313283717	0.006375914887195352	0
HSFFSTIDWNK	3	Ste-2024-12-02_HeLa_4mz_sDIA_400-900_21.mzML	14.213512620233	14.030268953433	14.274637400283	0.0026469709260128933	1
HSFFSTIDWNK	3	Ste-2024-12-02_HeLa_4mz_sDIA_400-900_22.mzML	14.2013755189	14.140215149217	14.262477730533	0.004212100932960674	0
HSQEELLQR	2	Ste-2024-12-02_HeLa_4mz_sDIA_400-900_20.mzML	5.960654662433	5.868791612933	6.052525384717	0.0030495552731893264	0
HSQEELLQR	2	Ste-2024-12-02_HeLa_4mz_sDIA_400-900_21.mzML	5.96539494055	5.90414693885	6.026695816533	0.00044585632279997773	0
HSQEELLQR	2	Ste-2024-12-02_HeLa_4mz_sDIA_400-900_22.mzML	5.989501019367	5.9283109989	6.050739230467	0.00019842582181361202	1
HSVDGESLSSELQQLGLPK	3	Ste-2024-12-02_HeLa_4mz_sDIA_400-900_20.mzML	16.70200693025	16.640597060383	16.825003435717	0.0004945904173106646	0
HSVDGESLSSELQQLGLPK	3	Ste-2024-12-02_HeLa_4mz_sDIA_400-900_21.mzML	16.6803848462	16.6189426349	16.834132305783	0.00044585632279997773	1
HSVDGESLSSELQQLGLPK	3	Ste-2024-12-02_HeLa_4mz_sDIA_400-900_22.mzML	16.699112869683	16.576073493983	16.79148431475	0.0008087752110397816	0
HVGMAVAGLLADAR	2	Ste-2024-12-02_HeLa_4mz_sDIA_400-900_20.mzML	14.035121871783	13.9127675745	14.096136029167	0.00011108642523883582	0
HVGMAVAGLLADAR	2	Ste-2024-12-02_HeLa_4mz_sDIA_400-900_21.mzML	14.043984526767	13.921577571817	14.1660848574	9.921619208254787E-05	0
HVGMAVAGLLADAR	2	Ste-2024-12-02_HeLa_4mz_sDIA_400-900_22.mzML	14.062416180333	13.940087676883	14.184503052567	9.691800736576855E-05	1
IADQLEELNK	2	Ste-2024-12-02_HeLa_4mz_sDIA_400-900_20.mzML	10.425539174017	10.303385601917	10.5476892874	0.00011108642523883582	0
IADQLEELNK	2	Ste-2024-12-02_HeLa_4mz_sDIA_400-900_21.mzML	10.4347277025	10.343129837067	10.49578170275	0.0001734454947532738	0
IADQLEELNK	2	Ste-2024-12-02_HeLa_4mz_sDIA_400-900_22.mzML	10.42272305195	10.361668428233	10.544782074033	9.691800736576855E-05	1
IAMENDDGRTEEEK	2	Ste-2024-12-02_HeLa_4mz_sDIA_400-900_20.mzML	5.239948380517	5.178611131317	5.3320023856	0.0001973749136484753	0
IAMENDDGRTEEEK	2	Ste-2024-12-02_HeLa_4mz_sDIA_400-900_21.mzML		5.166006029633	5.28885582595	1	0
IAMENDDGRTEEEK	2	Ste-2024-12-02_HeLa_4mz_sDIA_400-900_22.mzML	5.238175774733	5.1154096829	5.299567995083	9.691800736576855E-05	1
IAQLEEQLDNETK	2	Ste-2024-12-02_HeLa_4mz_sDIA_400-900_20.mzML	10.98601628165	10.924915203067	11.10814039395	0.00011108642523883582	0
IAQLEEQLDNETK	2	Ste-2024-12-02_HeLa_4mz_sDIA_400-900_21.mzML	10.99499119665	10.87284269055	11.117085688417	9.921619208254787E-05	0
IAQLEEQLDNETK	2	Ste-2024-12-02_HeLa_4mz_sDIA_400-900_22.mzML	10.982923168317	10.891268557683	11.074543428083	9.691800736576855E-05	1
IAVSNLHK	2	Ste-2024-12-02_HeLa_4mz_sDIA_400-900_20.mzML	5.70787963245	5.646582011717	5.799819554817	0.0024728428861609114	0
IAVSNLHK	2	Ste-2024-12-02_HeLa_4mz_sDIA_400-900_21.mzML	5.712373867217	5.65101012585	5.773749418217	0.0019282511210762332	1
IAVSNLHK	2	Ste-2024-12-02_HeLa_4mz_sDIA_400-900_22.mzML	5.706208197717	5.644944378883	5.767531950033	0.0023670166982268895	0
IDMNLTDLLGELQR	2	Ste-2024-12-02_HeLa_4mz_sDIA_400-900_20.mzML	22.673657829417	22.548784940267	22.79859745315	0.00011108642523883582	0
IDMNLTDLLGELQR	2	Ste-2024-12-02_HeLa_4mz_sDIA_400-900_21.mzML	22.651760592133	22.558151561183	22.745433432883	9.921619208254787E-05	0
IDMNLTDLLGELQR	2	Ste-2024-12-02_HeLa_4mz_sDIA_400-900_22.mzML	22.67547680775	22.5505420444	22.8005050674	9.691800736576855E-05	1
IDTEILPSLFMR	2	Ste-2024-12-02_HeLa_4mz_sDIA_400-900_20.mzML		21.144148651067	21.3920189867	0.030978327415207542	0
IDTEILPSLFMR	2	Ste-2024-12-02_HeLa_4mz_sDIA_400-900_21.mzML	21.246443065783	21.153559556983	21.401573203233	0.004532262553174572	1
IDTEILPSLFMR	2	Ste-2024-12-02_HeLa_4mz_sDIA_400-900_22.mzML		21.20674433985	21.454859469817	0.017743490838958535	0
IEEQSQSEK	2	Ste-2024-12-02_HeLa_4mz_sDIA_400-900_20.mzML	2.516535414567	2.4548128722	2.5782679179	0.0024728428861609114	0
IEEQSQSEK	2	Ste-2024-12-02_HeLa_4mz_sDIA_400-900_21.mzML	2.517659270633	2.455842538167	2.579443120183	0.0011475017929715515	1
IEEQSQSEK	2	Ste-2024-12-02_HeLa_4mz_sDIA_400-900_22.mzML	2.515183075667	2.422577761817	2.638552581983	0.0015515903801396431	0
IEGEGSVLQAK	2	Ste-2024-12-02_HeLa_4mz_sDIA_400-900_20.mzML	8.224861678183	8.16371574295	8.285951883017	0.0005820044232336166	1
IEGEGSVLQAK	2	Ste-2024-12-02_HeLa_4mz_sDIA_400-900_21.mzML	8.232364750267	8.17117392305	8.29351792565	0.0005840191133528006	0
IEGEGSVLQAK	2	Ste-2024-12-02_HeLa_4mz_sDIA_400-900_22.mzML	8.253107368333	8.161488776333	8.2836183579	0.0013065795613625758	0
IGIPEFK	2	Ste-2024-12-02_HeLa_4mz_sDIA_400-900_20.mzML	12.948356898933	12.795647799917	13.070438033583	0.002215690707664481	0
IGIPEFK	2	Ste-2024-12-02_HeLa_4mz_sDIA_400-900_21.mzML		12.834834015883	13.018053439717	1	0
IGIPEFK	2	Ste-2024-12-02_HeLa_4mz_sDIA_400-900_22.mzML	12.9452018221	12.792558880767	13.036787839517	0.0014280449603832688	1
IGLDFC[+57.0215]K	2	Ste-2024-12-02_HeLa_4mz_sDIA_400-900_20.mzML		11.820232212217	12.064395699667	0.39223930059726225	0
IGLDFC[+57.0215]K	2	Ste-2024-12-02_HeLa_4mz_sDIA_400-900_21.mzML	11.981552180933	11.82896738535	12.07309492955	0.0036619486504279133	1
IGLDFC[+57.0215]K	2	Ste-2024-12-02_HeLa_4mz_sDIA_400-900_22.mzML		11.878283239	12.061319705183	0.2850306188309746	0
IIDDSEITK	2	Ste-2024-12-02_HeLa_4mz_sDIA_400-900_20.mzML	8.374713469867	8.283073752867	8.466334324817	0.00011108642523883582	0
IIDDSEITK	2	Ste-2024-12-02_HeLa_4mz_sDIA_400-900_21.mzML	8.382404899033	8.260039566633	8.504810575217	9.921619208254787E-05	0
IIDDSEITK	2	Ste-2024-12-02_HeLa_4mz_sDIA_400-900_22.mzML	8.372408035817	8.28074609045	8.4640739834	9.691800736576855E-05	1
ILETTTFFQR	2	Ste-2024-12-02_HeLa_4mz_sDIA_400-900_20.mzML	14.3367216825	14.27563893725	14.428586638117	0.0010509458512661396	0
ILETTTFFQR	2	Ste-2024-12-02_HeLa_4mz_sDIA_400-900_21.mzML	14.345688790617	14.253917852567	14.437687276367	0.0008515327589661391	1
ILETTTFFQR	2	Ste-2024-12-02_HeLa_4mz_sDIA_400-900_22.mzML		14.24179629915	14.425391556883	1	0
ILQEYITQEGHK	2	Ste-2024-12-02_HeLa_4mz_sDIA_400-900_20.mzML		9.228305122267	9.41158291995	0.3775430410091402	0
ILQEYITQEGHK	2	Ste-2024-12-02_HeLa_4mz_sDIA_400-900_21.mzML	9.328785693583	9.267604279917	9.389977007417	0.000489849235290916	0
ILQEYITQEGHK	2	Ste-2024-12-02_HeLa_4mz_sDIA_400-900_22.mzML	9.317329405117	9.256212578217	9.378442767367	0.0001461240593263681	1
IPVPQQVAR	2	Ste-2024-12-02_HeLa_4mz_sDIA_400-900_20.mzML		8.923951563083	9.0155896561	0.17665787872642466	0
IPVPQQVAR	2	Ste-2024-12-02_HeLa_4mz_sDIA_400-900_21.mzML		8.840467479	8.962824858467	0.07786822691427117	0
IPVPQQVAR	2	Ste-2024-12-02_HeLa_4mz_sDIA_400-900_22.mzML	8.921387603917	8.82964302725	8.98242587815	0.0031433534618247995	1
ISALALLK	2	Ste-2024-12-02_HeLa_4mz_sDIA_400-900_20.mzML	14.936516319567	14.844647087367	15.0285809574	0.0020232675771370764	1
ISALALLK	2	Ste-2024-12-02_HeLa_4mz_sDIA_400-900_21.mzML		14.854040198133	15.03793453075	0.12487653766723535	0
ISALALLK	2	Ste-2024-12-02_HeLa_4mz_sDIA_400-900_22.mzML		14.872256083033	15.0562152211	0.10658621252009412	0
ITC[+57.0215]LC[+57.0215]QVPQNAANR	2	Ste-2024-12-02_HeLa_4mz_sDIA_400-900_20.mzML	9.279075910717	9.1874680325	9.37071233925	0.00011108642523883582	0
ITC[+57.0215]LC[+57.0215]QVPQNAANR	2	Ste-2024-12-02_HeLa_4mz_sDIA_400-900_21.mzML	9.28784736755	9.226697192167	9.41023311935	9.921619208254787E-05	0
ITC[+57.0215]LC[+57.0215]QVPQNAANR	2	Ste-2024-12-02_HeLa_4mz_sDIA_400-900_22.mzML	9.306997029	9.184859995033	9.429210480367	9.691800736576855E-05	1
IYIGDDNPLTLIVK	2	Ste-2024-12-02_HeLa_4mz_sDIA_400-900_20.mzML	20.375461641567	20.313810497383	20.498978894583	0.0013525916622385392	1
IYIGDDNPLTLIVK	2	Ste-2024-12-02_HeLa_4mz_sDIA_400-900_21.mzML	20.4158051058	20.3232869763	20.570229330383	0.0032952365062150664	0
IYIGDDNPLTLIVK	2	Ste-2024-12-02_HeLa_4mz_sDIA_400-900_22.mzML	20.37600863085	20.2835408084	20.4993643282	0.002800763844684914	0
IYQIYEGTSQIQR	2	Ste-2024-12-02_HeLa_4mz_sDIA_400-900_20.mzML	11.4456657194	11.38467904255	11.567716017517	0.00011108642523883582	0
IYQIYEGTSQIQR	2	Ste-2024-12-02_HeLa_4mz_sDIA_400-900_21.mzML	11.454605639867	11.332607719167	11.546150036383	9.921619208254787E-05	0
IYQIYEGTSQIQR	2	Ste-2024-12-02_HeLa_4mz_sDIA_400-900_22.mzML	11.442594990633	11.381603742117	11.534135273233	9.691800736576855E-05	1
KADC[+57.0215]TITMADSDFLALMTGK	3	Ste-2024-12-02_HeLa_4mz_sDIA_400-900_20.mzML	19.847617487733	19.724194232683	19.909250631917	0.00011108642523883582	0
KADC[+57.0215]TITMADSDFLALMTGK	3	Ste-2024-12-02_HeLa_4mz_sDIA_400-900_21.mzML	19.826011068017	19.733364062583	19.918590911067	0.0001734454947532738	0
KADC[+57.0215]TITMADSDFLALMTGK	3	Ste-2024-12-02_HeLa_4mz_sDIA_400-900_22.mzML	19.848467884033	19.786810583317	19.971722878367	9.691800736576855E-05	1
KADIDLTK	2	Ste-2024-12-02_HeLa_4mz_sDIA_400-900_20.mzML	5.70836313605	5.616434501067	5.8003013166	0.00036226633821185336	0
KADIDLTK	2	Ste-2024-12-02_HeLa_4mz_sDIA_400-900_21.mzML	5.682189486167	5.5901503778	5.835545175933	0.002081303693206979	0
KADIDLTK	2	Ste-2024-12-02_HeLa_4mz_sDIA_400-900_22.mzML	5.706690216633	5.614771441167	5.798633245533	0.0001461240593263681	1
KPQDQLVIER	2	Ste-2024-12-02_HeLa_4mz_sDIA_400-900_20.mzML	7.5549564346	7.4326947081	7.6466311938	0.0004945904173106646	0
KPQDQLVIER	2	Ste-2024-12-02_HeLa_4mz_sDIA_400-900_21.mzML	7.530805679283	7.43899179635	7.653202166667	0.00021362956633198035	1
KPQDQLVIER	2	Ste-2024-12-02_HeLa_4mz_sDIA_400-900_22.mzML	7.552901247333	7.43067866305	7.644561231933	0.00040158338592163385	0
KPYPDDENLVEVK	3	Ste-2024-12-02_HeLa_4mz_sDIA_400-900_20.mzML	9.703718735283	9.581598648067	9.825924009083	0.0027645788336933047	0
KPYPDDENLVEVK	3	Ste-2024-12-02_HeLa_4mz_sDIA_400-900_21.mzML	9.758543752217	9.6362138985	9.941844036883	0.0008515327589661391	1
KPYPDDENLVEVK	3	Ste-2024-12-02_HeLa_4mz_sDIA_400-900_22.mzML	9.701144387483	9.6094784416	9.792741778983	0.0012336892052194543	0
LANIDEEMLQK	2	Ste-2024-12-02_HeLa_4mz_sDIA_400-900_20.mzML	12.016814921383	11.925244338433	12.0778600391	0.0003099573808601317	1
LANIDEEMLQK	2	Ste-2024-12-02_HeLa_4mz_sDIA_400-900_21.mzML	12.0255296708	11.9645020246	12.086557015233	0.0008515327589661391	0
LANIDEEMLQK	2	Ste-2024-12-02_HeLa_4mz_sDIA_400-900_22.mzML	12.013800513633	11.952755098367	12.074773266933	0.003826530612244898	0
LC[+57.0215]GDTSLNNMQR	2	Ste-2024-12-02_HeLa_4mz_sDIA_400-900_20.mzML	8.26381390325	8.20270281275	8.386021449817	0.00011108642523883582	0
LC[+57.0215]GDTSLNNMQR	2	Ste-2024-12-02_HeLa_4mz_sDIA_400-900_21.mzML	8.2713545948	8.149028492117	8.332540023367	9.921619208254787E-05	0
LC[+57.0215]GDTSLNNMQR	2	Ste-2024-12-02_HeLa_4mz_sDIA_400-900_22.mzML	8.261527650517	8.200447682417	8.383733279483	9.691800736576855E-05	1
LEELTNR	2	Ste-2024-12-02_HeLa_4mz_sDIA_400-900_20.mzML		6.259012354817	6.38147153255	0.010005360014293372	0
LEELTNR	2	Ste-2024-12-02_HeLa_4mz_sDIA_400-900_21.mzML	6.29482657465	6.233502426117	6.35613951395	0.004150548033526757	1
LEELTNR	2	Ste-2024-12-02_HeLa_4mz_sDIA_400-900_22.mzML	6.28795367125	6.257329623083	6.37979090275	0.004792085330035554	0
LEGFHTQISK	2	Ste-2024-12-02_HeLa_4mz_sDIA_400-900_20.mzML	8.0726796334	8.011521396667	8.225583435033	0.0019397746166635876	0
LEGFHTQISK	2	Ste-2024-12-02_HeLa_4mz_sDIA_400-900_21.mzML	8.0800702414	8.018821377833	8.233087420167	0.0012701698264101237	0
LEGFHTQISK	2	Ste-2024-12-02_HeLa_4mz_sDIA_400-900_22.mzML	8.10106337055	8.00936442105	8.223318212317	9.691800736576855E-05	1
LEGIITR	2	Ste-2024-12-02_HeLa_4mz_sDIA_400-900_20.mzML	8.94849539525	8.9179372797	9.04011124925	0.0024728428861609114	1
LEGIITR	2	Ste-2024-12-02_HeLa_4mz_sDIA_400-900_21.mzML	8.9568080438	8.895641938533	9.017984689533	0.004532262553174572	0
LEGIITR	2	Ste-2024-12-02_HeLa_4mz_sDIA_400-900_22.mzML		8.884803026567	9.03750769265	0.01105124069053094	0
LENWITSLAESQLQTR	3	Ste-2024-12-02_HeLa_4mz_sDIA_400-900_20.mzML	19.532975347183	19.409625644583	19.594701247833	0.0003099573808601317	0
LENWITSLAESQLQTR	3	Ste-2024-12-02_HeLa_4mz_sDIA_400-900_21.mzML	19.542212381883	19.4188426076	19.603907638067	0.0001734454947532738	1
LENWITSLAESQLQTR	3	Ste-2024-12-02_HeLa_4mz_sDIA_400-900_22.mzML	19.5648156002	19.441248510283	19.62659061635	0.00040158338592163385	0
LEQEIATYR	2	Ste-2024-12-02_HeLa_4mz_sDIA_400-900_20.mzML	8.530143060033	8.407895469333	8.652470667867	0.00011108642523883582	0
LEQEIATYR	2	Ste-2024-12-02_HeLa_4mz_sDIA_400-900_21.mzML	8.507460733533	8.446204174517	8.629838553483	9.921619208254787E-05	0
LEQEIATYR	2	Ste-2024-12-02_HeLa_4mz_sDIA_400-900_22.mzML	8.527812003283	8.405623889533	8.588891733967	9.691800736576855E-05	1
LESEGSPETLTNLRK	2	Ste-2024-12-02_HeLa_4mz_sDIA_400-900_20.mzML	9.324263143483	9.263180335433	9.38536434505	0.00622107579091116	0
LESEGSPETLTNLRK	2	Ste-2024-12-02_HeLa_4mz_sDIA_400-900_21.mzML		9.27194004195	9.394317357733	0.08390996977342559	0
LESEGSPETLTNLRK	2	Ste-2024-12-02_HeLa_4mz_sDIA_400-900_22.mzML	9.321661097267	9.2605446479	9.382767966483	0.0031081641110650643	1
LFEGNALLR	2	Ste-2024-12-02_HeLa_4mz_sDIA_400-900_20.mzML	13.505145879433	13.413387778067	13.596840373017	0.00011108642523883582	0
LFEGNALLR	2	Ste-2024-12-02_HeLa_4mz_sDIA_400-900_21.mzML	13.5138114735	13.422074603	13.605532441467	0.00021362956633198035	0
LFEGNALLR	2	Ste-2024-12-02_HeLa_4mz_sDIA_400-900_22.mzML	13.50182027505	13.3795814154	13.624090537633	9.691800736576855E-05	1
LFELLEK	2	Ste-2024-12-02_HeLa_4mz_sDIA_400-900_20.mzML	15.152885682867	15.030513777717	15.275441316517	0.00011108642523883582	0
LFELLEK	2	Ste-2024-12-02_HeLa_4mz_sDIA_400-900_21.mzML	15.162252230333	15.07041682605	15.25418675935	0.00021362956633198035	0
LFELLEK	2	Ste-2024-12-02_HeLa_4mz_sDIA_400-900_22.mzML	15.14990814845	15.08870351485	15.2724564249	9.691800736576855E-05	1
LFVLLPEQSPVSYSK	2	Ste-2024-12-02_HeLa_4mz_sDIA_400-900_20.mzML		17.8204656528	17.974449867817	0.04456215095860441	0
LFVLLPEQSPVSYSK	2	Ste-2024-12-02_HeLa_4mz_sDIA_400-900_21.mzML	17.8911649556	17.768008340817	18.01438173515	0.003779941657422244	0
LFVLLPEQSPVSYSK	2	Ste-2024-12-02_HeLa_4mz_sDIA_400-900_22.mzML	17.880680072917	17.788185381483	17.973210906483	0.0006679283090281643	1
LGQHVVGMAPLSVGSLDDEPGGEAETK	3	Ste-2024-12-02_HeLa_4mz_sDIA_400-900_20.mzML	14.475590683717	14.3530919235	14.598000765133	0.00011108642523883582	0
LGQHVVGMAPLSVGSLDDEPGGEAETK	3	Ste-2024-12-02_HeLa_4mz_sDIA_400-900_21.mzML	14.454090606583	14.3620607629	14.546202551233	9.921619208254787E-05	0
LGQHVVGMAPLSVGSLDDEPGGEAETK	3	Ste-2024-12-02_HeLa_4mz_sDIA_400-900_22.mzML	14.47238422695	14.41107315935	14.594909085017	9.691800736576855E-05	1
LIDEVIEDTR	2	Ste-2024-12-02_HeLa_4mz_sDIA_400-900_20.mzML	12.563399399	12.471809853567	12.654967013	0.0005417770286539851	0
LIDEVIEDTR	2	Ste-2024-12-02_HeLa_4mz_sDIA_400-900_21.mzML	12.541476185783	12.48040585835	12.663653145433	0.00044585632279997773	1
LIDEVIEDTR	2	Ste-2024-12-02_HeLa_4mz_sDIA_400-900_22.mzML	12.52958241725	12.49905370935	12.621370172883	0.0006152813513815863	0
LIDFLESGK	2	Ste-2024-12-02_HeLa_4mz_sDIA_400-900_20.mzML	14.819761867067	14.697182359383	14.942302452533	0.00011108642523883582	0
LIDFLESGK	2	Ste-2024-12-02_HeLa_4mz_sDIA_400-900_21.mzML	14.82915972685	14.706648465417	14.890385684033	9.921619208254787E-05	0
LIDFLESGK	2	Ste-2024-12-02_HeLa_4mz_sDIA_400-900_22.mzML	14.816660466317	14.694088544483	14.939284733217	9.691800736576855E-05	1
LIIVEGC[+57.0215]QR	2	Ste-2024-12-02_HeLa_4mz_sDIA_400-900_20.mzML	9.811964106183	9.750855828417	9.93408875895	0.00011108642523883582	0
LIIVEGC[+57.0215]QR	2	Ste-2024-12-02_HeLa_4mz_sDIA_400-900_21.mzML	9.821423087533	9.729640502383	9.882546500333	0.00024276263882988408	0
LIIVEGC[+57.0215]QR	2	Ste-2024-12-02_HeLa_4mz_sDIA_400-900_22.mzML	9.809318880017	9.748247176767	9.931415553483	9.691800736576855E-05	1
LISLLNEK	2	Ste-2024-12-02_HeLa_4mz_sDIA_400-900_20.mzML	12.830028141083	12.7689989181	12.952205669283	0.0035340045202383397	0
LISLLNEK	2	Ste-2024-12-02_HeLa_4mz_sDIA_400-900_21.mzML	12.838690766783	12.7776448481	12.960859596633	0.0021057249396797544	0
LISLLNEK	2	Ste-2024-12-02_HeLa_4mz_sDIA_400-900_22.mzML	12.857449599883	12.79640815965	12.91851603725	0.0008402945974000296	1
LLAELPASVHALTGVDLSK	3	Ste-2024-12-02_HeLa_4mz_sDIA_400-900_20.mzML		17.623100255033	17.838730132067	0.010954450687303439	0
LLAELPASVHALTGVDLSK	3	Ste-2024-12-02_HeLa_4mz_sDIA_400-900_21.mzML	17.724682646483	17.601431972683	17.847848932383	0.00021362956633198035	0
LLAELPASVHALTGVDLSK	3	Ste-2024-12-02_HeLa_4mz_sDIA_400-900_22.mzML	17.74476761735	17.621392663583	17.868133582967	0.00019842582181361202	1
LLVVTDPR	2	Ste-2024-12-02_HeLa_4mz_sDIA_400-900_20.mzML	10.509487589	10.387320319633	10.570503779867	0.0001973749136484753	0
LLVVTDPR	2	Ste-2024-12-02_HeLa_4mz_sDIA_400-900_21.mzML	10.48809182355	10.427033591917	10.610056832533	9.921619208254787E-05	1
LLVVTDPR	2	Ste-2024-12-02_HeLa_4mz_sDIA_400-900_22.mzML	10.506600540483	10.38449967765	10.628651781	0.0001461240593263681	0
LNQIMVGTGNGLAK	2	Ste-2024-12-02_HeLa_4mz_sDIA_400-900_20.mzML	11.47062155265	11.379145168683	11.5927855431	0.001478443342235788	0
LNQIMVGTGNGLAK	2	Ste-2024-12-02_HeLa_4mz_sDIA_400-900_21.mzML	11.4795613103	11.418566076033	11.54061291675	0.0006702067329999484	1
LNQIMVGTGNGLAK	2	Ste-2024-12-02_HeLa_4mz_sDIA_400-900_22.mzML	11.498016216533	11.43706156255	11.55922360525	0.001201923076923077	0
LPEEPITR	2	Ste-2024-12-02_HeLa_4mz_sDIA_400-900_20.mzML		8.25011576675	8.4334044093	0.017386670219498385	0
LPEEPITR	2	Ste-2024-12-02_HeLa_4mz_sDIA_400-900_21.mzML		8.25763761605	8.441147401233	0.010837199639914133	0
LPEEPITR	2	Ste-2024-12-02_HeLa_4mz_sDIA_400-900_22.mzML	8.339424242383	8.247823762533	8.43112774025	0.0008402945974000296	1
LPPVLANLMGSMGAGK	3	Ste-2024-12-02_HeLa_4mz_sDIA_400-900_20.mzML		21.054862278667	21.302541957033	0.10661984280560931	0
LPPVLANLMGSMGAGK	3	Ste-2024-12-02_HeLa_4mz_sDIA_400-900_21.mzML		21.002298871867	21.250046226417	0.01686550089883968	0
LPPVLANLMGSMGAGK	3	Ste-2024-12-02_HeLa_4mz_sDIA_400-900_22.mzML	21.16357353675	21.0085769789	21.287531028033	0.001942090395480226	1
LPQTSDDEK	2	Ste-2024-12-02_HeLa_4mz_sDIA_400-900_20.mzML	4.207869434333	4.1462005896	4.300323553917	0.001687368174361378	0
LPQTSDDEK	2	Ste-2024-12-02_HeLa_4mz_sDIA_400-900_21.mzML	4.210808833033	4.087421108283	4.3341394445	0.0008515327589661391	1
LPQTSDDEK	2	Ste-2024-12-02_HeLa_4mz_sDIA_400-900_22.mzML	4.17537845835	4.08296297715	4.329459493483	0.0016256491307292842	0
LPVDLAEELGHR	3	Ste-2024-12-02_HeLa_4mz_sDIA_400-900_20.mzML	13.7761436546	13.6538100193	13.89832974045	0.00011108642523883582	0
LPVDLAEELGHR	3	Ste-2024-12-02_HeLa_4mz_sDIA_400-900_21.mzML	13.784886626983	13.662522929167	13.84604850285	9.921619208254787E-05	0
LPVDLAEELGHR	3	Ste-2024-12-02_HeLa_4mz_sDIA_400-900_22.mzML	13.772796295567	13.6504906481	13.895064872083	9.691800736576855E-05	1
LQQTQNQVDEVVDIMR	3	Ste-2024-12-02_HeLa_4mz_sDIA_400-900_20.mzML	15.6858486915	15.5936884138	15.77794889535	0.0003099573808601317	0
LQQTQNQVDEVVDIMR	3	Ste-2024-12-02_HeLa_4mz_sDIA_400-900_21.mzML	15.694874316283	15.633591436433	15.8177212919	0.00021362956633198035	0
LQQTQNQVDEVVDIMR	3	Ste-2024-12-02_HeLa_4mz_sDIA_400-900_22.mzML	15.713364882767	15.590604956517	15.83626224185	9.691800736576855E-05	1
LQWFEQQAK	2	Ste-2024-12-02_HeLa_4mz_sDIA_400-900_20.mzML	12.0742512405	12.013214132533	12.165898016683	0.00895219455619586	0
LQWFEQQAK	2	Ste-2024-12-02_HeLa_4mz_sDIA_400-900_21.mzML		12.0219300264	12.205077636433	0.023081721771678103	0
LQWFEQQAK	2	Ste-2024-12-02_HeLa_4mz_sDIA_400-900_22.mzML	12.101699915833	12.010198780333	12.1627153123	0.004836666538712526	1
LSDQFHDILIR	3	Ste-2024-12-02_HeLa_4mz_sDIA_400-900_20.mzML	13.300825148533	13.239735545367	13.361929883133	0.00011108642523883582	0
LSDQFHDILIR	3	Ste-2024-12-02_HeLa_4mz_sDIA_400-900_21.mzML	13.3094455637	13.24838489515	13.370565508617	9.921619208254787E-05	0
LSDQFHDILIR	3	Ste-2024-12-02_HeLa_4mz_sDIA_400-900_22.mzML	13.328123921233	13.20594155665	13.419739524917	9.691800736576855E-05	1
LSGLEQPQGALQTR	2	Ste-2024-12-02_HeLa_4mz_sDIA_400-900_20.mzML	10.61856390935	10.496528516783	10.67960273355	0.00011108642523883582	0
LSGLEQPQGALQTR	2	Ste-2024-12-02_HeLa_4mz_sDIA_400-900_21.mzML	10.59711191545	10.536138294833	10.719118012417	9.921619208254787E-05	0
LSGLEQPQGALQTR	2	Ste-2024-12-02_HeLa_4mz_sDIA_400-900_22.mzML	10.615720256067	10.49362659925	10.67671628675	9.691800736576855E-05	1
LSLDGQNIYNAC[+57.0215]C[+57.0215]TLR	3	Ste-2024-12-02_HeLa_4mz_sDIA_400-900_20.mzML		14.184521686567	14.429067047183	0.019156836328984985	0
LSLDGQNIYNAC[+57.0215]C[+57.0215]TLR	3	Ste-2024-12-02_HeLa_4mz_sDIA_400-900_21.mzML	14.22385289765	14.193292911433	14.43816853405	0.005723443223443223	0
LSLDGQNIYNAC[+57.0215]C[+57.0215]TLR	3	Ste-2024-12-02_HeLa_4mz_sDIA_400-900_22.mzML	14.242278472967	14.15057166095	14.39518326055	0.0006692406692406693	1
LSTGC[+57.0215]TGTLVAEK	2	Ste-2024-12-02_HeLa_4mz_sDIA_400-900_20.mzML	8.8423493941	8.78125862795	8.964600695717	0.00011108642523883582	0
LSTGC[+57.0215]TGTLVAEK	2	Ste-2024-12-02_HeLa_4mz_sDIA_400-900_21.mzML	8.850587830967	8.697561380017	8.911779656083	0.0001734454947532738	0
LSTGC[+57.0215]TGTLVAEK	2	Ste-2024-12-02_HeLa_4mz_sDIA_400-900_22.mzML	8.839741517617	8.778698920783	8.96200850225	9.691800736576855E-05	1
LTDC[+57.0215]VVMRDPASK	3	Ste-2024-12-02_HeLa_4mz_sDIA_400-900_20.mzML	8.694113147667	8.5718101926	8.755226385617	0.0003099573808601317	0
LTDC[+57.0215]VVMRDPASK	3	Ste-2024-12-02_HeLa_4mz_sDIA_400-900_21.mzML	8.671551593633	8.610346916683	8.7939600721	9.921619208254787E-05	0
LTDC[+57.0215]VVMRDPASK	3	Ste-2024-12-02_HeLa_4mz_sDIA_400-900_22.mzML	8.69163204025	8.569406333717	8.8137916611	9.691800736576855E-05	1
LTIIPQDPILFSGSLR	2	Ste-2024-12-02_HeLa_4mz_sDIA_400-900_20.mzML	20.443261870133	20.38148913005	20.566786501117	0.0004945904173106646	0
LTIIPQDPILFSGSLR	2	Ste-2024-12-02_HeLa_4mz_sDIA_400-900_21.mzML	20.452716946783	20.39096447775	20.5762563644	9.921619208254787E-05	1
LTIIPQDPILFSGSLR	2	Ste-2024-12-02_HeLa_4mz_sDIA_400-900_22.mzML	20.474565831383	20.382025128633	20.536213806767	0.0002986501015410345	0
LVAAGSYQR	2	Ste-2024-12-02_HeLa_4mz_sDIA_400-900_20.mzML	6.077859367383	5.9859503973	6.139070186167	0.0048853518241273345	1
LVAAGSYQR	2	Ste-2024-12-02_HeLa_4mz_sDIA_400-900_21.mzML		6.02138748995	6.17472897415	1	0
LVAAGSYQR	2	Ste-2024-12-02_HeLa_4mz_sDIA_400-900_22.mzML		6.014799759583	6.1373121165	1	0
LVAIVDPHIK	2	Ste-2024-12-02_HeLa_4mz_sDIA_400-900_20.mzML	11.247947383217	11.186957742	11.400487693033	0.00431747568898035	0
LVAIVDPHIK	2	Ste-2024-12-02_HeLa_4mz_sDIA_400-900_21.mzML	11.2568549	11.165338699417	11.348455175133	0.0033712073916843553	1
LVAIVDPHIK	2	Ste-2024-12-02_HeLa_4mz_sDIA_400-900_22.mzML	11.275373818317	11.214349561517	11.366922871067	0.0036428397960009714	0
LVPSQEETK	2	Ste-2024-12-02_HeLa_4mz_sDIA_400-900_20.mzML		4.9147602895	5.129525239817	0.011332840601133284	0
LVPSQEETK	2	Ste-2024-12-02_HeLa_4mz_sDIA_400-900_21.mzML		4.918327213167	5.0719314058	1	0
LVPSQEETK	2	Ste-2024-12-02_HeLa_4mz_sDIA_400-900_22.mzML	5.004968570033	4.94360011125	5.12772896785	0.00040158338592163385	1
MFTSMDPPPVELIR	2	Ste-2024-12-02_HeLa_4mz_sDIA_400-900_20.mzML	17.571876107417	17.510300556733	17.695073974383	0.0006958942240779402	0
MFTSMDPPPVELIR	2	Ste-2024-12-02_HeLa_4mz_sDIA_400-900_21.mzML	17.58099449315	17.48865952685	17.7350374151	0.002912006752479426	0
MFTSMDPPPVELIR	2	Ste-2024-12-02_HeLa_4mz_sDIA_400-900_22.mzML	17.600918323183	17.47764801495	17.72428598335	0.0005089346301741688	1
MLEQLDMR	2	Ste-2024-12-02_HeLa_4mz_sDIA_400-900_20.mzML	11.6121359903	11.550879317383	11.73423330775	0.00011108642523883582	0
MLEQLDMR	2	Ste-2024-12-02_HeLa_4mz_sDIA_400-900_21.mzML	11.6209054967	11.498784217583	11.742980106033	9.921619208254787E-05	0
MLEQLDMR	2	Ste-2024-12-02_HeLa_4mz_sDIA_400-900_22.mzML	11.609010191917	11.54790412995	11.731347716683	9.691800736576855E-05	1
MSDGLFLQK	2	Ste-2024-12-02_HeLa_4mz_sDIA_400-900_20.mzML	12.28373226225	12.222677564617	12.405707545167	0.0010509458512661396	1
MSDGLFLQK	2	Ste-2024-12-02_HeLa_4mz_sDIA_400-900_21.mzML	12.292348851317	12.231275532567	12.41436635195	0.001116288099398175	0
MSDGLFLQK	2	Ste-2024-12-02_HeLa_4mz_sDIA_400-900_22.mzML	12.280498011917	12.1889290046	12.371983236833	0.005195297686765263	0
MSPLSIVTALVDK	3	Ste-2024-12-02_HeLa_4mz_sDIA_400-900_20.mzML		22.728269031367	22.978386863317	0.036326312031417354	0
MSPLSIVTALVDK	3	Ste-2024-12-02_HeLa_4mz_sDIA_400-900_21.mzML		22.737616589533	22.987788285983	0.02169395465994962	0
MSPLSIVTALVDK	3	Ste-2024-12-02_HeLa_4mz_sDIA_400-900_22.mzML	22.8864719369	22.761400649683	23.011621940283	0.0009814987485890956	1
MVNHFIAEFK	3	Ste-2024-12-02_HeLa_4mz_sDIA_400-900_20.mzML	11.740228034267	11.618137213567	11.862282698733	0.00011108642523883582	0
MVNHFIAEFK	3	Ste-2024-12-02_HeLa_4mz_sDIA_400-900_21.mzML	11.748972931733	11.626908013417	11.8709966682	9.921619208254787E-05	0
MVNHFIAEFK	3	Ste-2024-12-02_HeLa_4mz_sDIA_400-900_22.mzML	11.737344009333	11.645709964117	11.828831892767	9.691800736576855E-05	1
NEVSFVIHNLPIIAK	3	Ste-2024-12-02_HeLa_4mz_sDIA_400-900_20.mzML		17.9263154882	18.1420196505	0.04134156282752999	0
NEVSFVIHNLPIIAK	3	Ste-2024-12-02_HeLa_4mz_sDIA_400-900_21.mzML	18.0278479313	17.904628301367	18.1511009029	0.002374784110535406	1
NEVSFVIHNLPIIAK	3	Ste-2024-12-02_HeLa_4mz_sDIA_400-900_22.mzML	18.0484074187	17.986697192717	18.171819407867	0.0028990378555522876	0
NFVDSPIIVDITK	2	Ste-2024-12-02_HeLa_4mz_sDIA_400-900_20.mzML	18.05941265335	17.966986680217	18.15188606375	0.0029344220464404187	0
NFVDSPIIVDITK	2	Ste-2024-12-02_HeLa_4mz_sDIA_400-900_21.mzML	18.0993628518	18.006918284417	18.19178006915	0.0027527209587938847	0
NFVDSPIIVDITK	2	Ste-2024-12-02_HeLa_4mz_sDIA_400-900_22.mzML	18.089147264283	17.96573298855	18.212563002617	0.0016637438733756015	1
NFYVEHPEVAR	3	Ste-2024-12-02_HeLa_4mz_sDIA_400-900_20.mzML	9.043238667383	8.92105997525	9.1043188324	0.00011108642523883582	0
NFYVEHPEVAR	3	Ste-2024-12-02_HeLa_4mz_sDIA_400-900_21.mzML	9.02111517815	8.929381883083	9.11280058405	0.0001734454947532738	0
NFYVEHPEVAR	3	Ste-2024-12-02_HeLa_4mz_sDIA_400-900_22.mzML	9.040633667417	8.97954194495	9.162719245217	9.691800736576855E-05	1
NKPNMSDPEESR	2	Ste-2024-12-02_HeLa_4mz_sDIA_400-900_20.mzML	4.495809847517	4.403599877917	4.588038613583	0.004751910664079515	0
NKPNMSDPEESR	2	Ste-2024-12-02_HeLa_4mz_sDIA_400-900_21.mzML	4.468385926383	4.376017353117	4.56065833125	0.0023430381394541587	1
NKPNMSDPEESR	2	Ste-2024-12-02_HeLa_4mz_sDIA_400-900_22.mzML		4.371266401017	4.555618286933	0.0853976852991874	0
NPVLQQVLEGR	2	Ste-2024-12-02_HeLa_4mz_sDIA_400-900_20.mzML	14.27563893725	14.092286664717	14.3979214847	0.0024728428861609114	0
NPVLQQVLEGR	2	Ste-2024-12-02_HeLa_4mz_sDIA_400-900_21.mzML	14.284510147833	14.16223928125	14.406985926867	0.0015097447158934944	0
NPVLQQVLEGR	2	Ste-2024-12-02_HeLa_4mz_sDIA_400-900_22.mzML	14.272342917433	14.15008947015	14.394705283217	0.0002986501015410345	1
NSEPEEVIPSR	2	Ste-2024-12-02_HeLa_4mz_sDIA_400-900_20.mzML	8.625978806167	8.4730667976	8.717687090167	0.00011108642523883582	0
NSEPEEVIPSR	2	Ste-2024-12-02_HeLa_4mz_sDIA_400-900_21.mzML	8.603355298233	8.480929492117	8.725751574817	9.921619208254787E-05	0
NSEPEEVIPSR	2	Ste-2024-12-02_HeLa_4mz_sDIA_400-900_22.mzML	8.62352678735	8.470802981117	8.71519951745	9.691800736576855E-05	1
NSSNTSVGSPSNTIGR	2	Ste-2024-12-02_HeLa_4mz_sDIA_400-900_20.mzML	6.6782863561	6.5557442739	6.739526607717	0.00011108642523883582	0
NSSNTSVGSPSNTIGR	2	Ste-2024-12-02_HeLa_4mz_sDIA_400-900_21.mzML	6.653172063367	6.591840859567	6.714488528733	9.921619208254787E-05	0
NSSNTSVGSPSNTIGR	2	Ste-2024-12-02_HeLa_4mz_sDIA_400-900_22.mzML	6.676727113633	6.584816211217	6.737960856033	9.691800736576855E-05	1
NYLPLLEPVKPEPK	3	Ste-2024-12-02_HeLa_4mz_sDIA_400-900_20.mzML	14.33191382585	14.179235949783	14.4237785593	0.0014377456148758746	1
NYLPLLEPVKPEPK	3	Ste-2024-12-02_HeLa_4mz_sDIA_400-900_21.mzML	14.3102982106	14.279699975267	14.402173071217	0.0034862004565262505	0
NYLPLLEPVKPEPK	3	Ste-2024-12-02_HeLa_4mz_sDIA_400-900_22.mzML	14.32865649785	14.145281211317	14.4205796168	0.003002251688766575	0
PAGLLFQQPDLDSALQIAR	3	Ste-2024-12-02_HeLa_4mz_sDIA_400-900_20.mzML		20.153468120633	20.33863611405	0.015000339374193986	0
PAGLLFQQPDLDSALQIAR	3	Ste-2024-12-02_HeLa_4mz_sDIA_400-900_21.mzML	20.19379202535	20.131991498083	20.286427491233	0.0005840191133528006	1
PAGLLFQQPDLDSALQIAR	3	Ste-2024-12-02_HeLa_4mz_sDIA_400-900_22.mzML	20.215814317617	20.154090783033	20.37000713355	0.0011167216935327247	0
PENLLFTDENDNLEIK	3	Ste-2024-12-02_HeLa_4mz_sDIA_400-900_20.mzML		16.668875381083	16.85333373455	0.09194632537143141	0
PENLLFTDENDNLEIK	3	Ste-2024-12-02_HeLa_4mz_sDIA_400-900_21.mzML		16.677979727467	16.862474126133	0.09520343547565326	0
PENLLFTDENDNLEIK	3	Ste-2024-12-02_HeLa_4mz_sDIA_400-900_22.mzML	16.727498888583	16.635174101917	16.81987327565	0.002926421404682274	1
PFSVDFFR	2	Ste-2024-12-02_HeLa_4mz_sDIA_400-900_20.mzML		16.968584861417	17.122367586317	0.024801524293426483	0
PFSVDFFR	2	Ste-2024-12-02_HeLa_4mz_sDIA_400-900_21.mzML	17.039261915467	17.00849183025	17.13160915555	0.005551914253768747	1
PFSVDFFR	2	Ste-2024-12-02_HeLa_4mz_sDIA_400-900_22.mzML		16.9968445688	17.150857166	0.024091942720177003	0
PGFSIADK	2	Ste-2024-12-02_HeLa_4mz_sDIA_400-900_20.mzML	9.07162547985	8.949457326683	9.132665729933	0.00011108642523883582	0
PGFSIADK	2	Ste-2024-12-02_HeLa_4mz_sDIA_400-900_21.mzML	9.049510422933	8.988359210267	9.171784018017	9.921619208254787E-05	0
PGFSIADK	2	Ste-2024-12-02_HeLa_4mz_sDIA_400-900_22.mzML	9.06898755935	8.946864725117	9.191080585067	9.691800736576855E-05	1
PHSVSLNDTETR	2	Ste-2024-12-02_HeLa_4mz_sDIA_400-900_20.mzML	5.75270155055	5.69141136375	5.875278213717	0.00011108642523883582	0
PHSVSLNDTETR	2	Ste-2024-12-02_HeLa_4mz_sDIA_400-900_21.mzML	5.726584080817	5.665224130017	5.849287238817	9.921619208254787E-05	0
PHSVSLNDTETR	2	Ste-2024-12-02_HeLa_4mz_sDIA_400-900_22.mzML	5.751044922067	5.68977008925	5.873563060533	9.691800736576855E-05	1
PNMVTPGHAC[+57.0215]TQK	3	Ste-2024-12-02_HeLa_4mz_sDIA_400-900_20.mzML	5.111393182833	4.988700383133	5.2341011739	0.00011108642523883582	0
PNMVTPGHAC[+57.0215]TQK	3	Ste-2024-12-02_HeLa_4mz_sDIA_400-900_21.mzML	5.0844545861	4.992317473783	5.176642453917	9.921619208254787E-05	0
PNMVTPGHAC[+57.0215]TQK	3	Ste-2024-12-02_HeLa_4mz_sDIA_400-900_22.mzML	5.10954201545	4.986825740133	5.23230661565	9.691800736576855E-05	1
PVHLTAFLGYK	2	Ste-2024-12-02_HeLa_4mz_sDIA_400-900_20.mzML	13.9879444072	13.835164298867	14.079537509033	0.0029344220464404187	0
PVHLTAFLGYK	2	Ste-2024-12-02_HeLa_4mz_sDIA_400-900_21.mzML	13.966181380783	13.90497502325	14.057897171233	0.0017271942184446162	0
PVHLTAFLGYK	2	Ste-2024-12-02_HeLa_4mz_sDIA_400-900_22.mzML	13.984698132017	13.862390943967	14.106813231967	0.0007125407166123778	1
QAGLLAVMAQMGC[+57.0215]YVPAEVC[+57.0215]R	3	Ste-2024-12-02_HeLa_4mz_sDIA_400-900_20.mzML	21.98541281735	21.8921904428	22.04756294385	0.0010509458512661396	0
QAGLLAVMAQMGC[+57.0215]YVPAEVC[+57.0215]R	3	Ste-2024-12-02_HeLa_4mz_sDIA_400-900_21.mzML	21.963921655017	21.901759751033	22.057141999	0.0001734454947532738	1
QAGLLAVMAQMGC[+57.0215]YVPAEVC[+57.0215]R	3	Ste-2024-12-02_HeLa_4mz_sDIA_400-900_22.mzML	21.98683026335	21.924674230483	22.111350118467	0.0002595380223202699	0
QC[+57.0215]IHQLC[+57.0215]FTSLR	3	Ste-2024-12-02_HeLa_4mz_sDIA_400-900_20.mzML	11.795522131883	11.734472829733	11.887052095867	0.0008425043441630246	0
QC[+57.0215]IHQLC[+57.0215]FTSLR	3	Ste-2024-12-02_HeLa_4mz_sDIA_400-900_21.mzML		11.77373387925	12.048354936083	0.021525739355490327	0
QC[+57.0215]IHQLC[+57.0215]FTSLR	3	Ste-2024-12-02_HeLa_4mz_sDIA_400-900_22.mzML	11.823069002867	11.731586589583	11.945061792733	9.691800736576855E-05	1
QEELTPLGVHLAR	3	Ste-2024-12-02_HeLa_4mz_sDIA_400-900_20.mzML	12.525909169933	12.37329731165	12.709104160033	0.003228917683566067	1
QEELTPLGVHLAR	3	Ste-2024-12-02_HeLa_4mz_sDIA_400-900_21.mzML	12.5345041298	12.35143370335	12.71776067035	0.0035891089108910893	0
QEELTPLGVHLAR	3	Ste-2024-12-02_HeLa_4mz_sDIA_400-900_22.mzML		12.49208544665	12.6449403771	0.03300388280974232	0
QHLEETTQK	2	Ste-2024-12-02_HeLa_4mz_sDIA_400-900_20.mzML	2.610287504133	2.456031802367	2.671982202267	0.004023735977889774	0
QHLEETTQK	2	Ste-2024-12-02_HeLa_4mz_sDIA_400-900_21.mzML	2.611498706683	2.487988568067	2.73496656205	0.0010727520967427347	1
QHLEETTQK	2	Ste-2024-12-02_HeLa_4mz_sDIA_400-900_22.mzML	2.6089330758	2.547249366167	2.732311903017	0.0013874115525135272	0
QHLENDPGSNEDTDIPK	3	Ste-2024-12-02_HeLa_4mz_sDIA_400-900_20.mzML	7.220122708	7.097630112583	7.2812871202	0.00011108642523883582	1
QHLENDPGSNEDTDIPK	3	Ste-2024-12-02_HeLa_4mz_sDIA_400-900_21.mzML	7.19552483495	7.134213411333	7.31801295835	0.00021362956633198035	0
QHLENDPGSNEDTDIPK	3	Ste-2024-12-02_HeLa_4mz_sDIA_400-900_22.mzML	7.21816318015	7.09573267745	7.279364938933	0.0002595380223202699	0
QILIAC[+57.0215]SPVSSVR	2	Ste-2024-12-02_HeLa_4mz_sDIA_400-900_20.mzML	13.119711759533	13.028165233433	13.18078035005	0.0024728428861609114	0
QILIAC[+57.0215]SPVSSVR	2	Ste-2024-12-02_HeLa_4mz_sDIA_400-900_21.mzML	13.12834491775	13.036820018683	13.189424595833	0.0093095974132111	0
QILIAC[+57.0215]SPVSSVR	2	Ste-2024-12-02_HeLa_4mz_sDIA_400-900_22.mzML	13.116555739733	13.055547554233	13.17756569755	0.0006152813513815863	1
QLSSSVTGLTNIEEENC[+57.0215]QR	3	Ste-2024-12-02_HeLa_4mz_sDIA_400-900_20.mzML	12.845424999583	12.78437814425	12.967595788683	0.001687368174361378	0
QLSSSVTGLTNIEEENC[+57.0215]QR	3	Ste-2024-12-02_HeLa_4mz_sDIA_400-900_21.mzML	12.854074980383	12.793029850317	12.97624674105	0.000489849235290916	1
QLSSSVTGLTNIEEENC[+57.0215]QR	3	Ste-2024-12-02_HeLa_4mz_sDIA_400-900_22.mzML	12.87283872565	12.75074259775	12.933903738767	0.004406317020861766	0
QPAENVNQYLTDPK	2	Ste-2024-12-02_HeLa_4mz_sDIA_400-900_20.mzML	10.988661043883	10.86646432925	11.049752034	0.00011108642523883582	0
QPAENVNQYLTDPK	2	Ste-2024-12-02_HeLa_4mz_sDIA_400-900_21.mzML	10.9670969486	10.9060248309	11.089243124333	9.921619208254787E-05	0
QPAENVNQYLTDPK	2	Ste-2024-12-02_HeLa_4mz_sDIA_400-900_22.mzML	10.985565170483	10.863375658	11.107703367933	9.691800736576855E-05	1
QSGYGGQTK	2	Ste-2024-12-02_HeLa_4mz_sDIA_400-900_20.mzML	2.450221601517	2.419272025333	2.54283029825	0.0010509458512661396	0
QSGYGGQTK	2	Ste-2024-12-02_HeLa_4mz_sDIA_400-900_21.mzML	2.451254870433	2.420368909983	2.5748725802	0.000489849235290916	1
QSGYGGQTK	2	Ste-2024-12-02_HeLa_4mz_sDIA_400-900_22.mzML	2.44887015875	2.418004651233	2.541460090167	0.0006692406692406693	0
QSMAFSILNTPK	2	Ste-2024-12-02_HeLa_4mz_sDIA_400-900_20.mzML	15.1969718161	15.135805501367	15.319519738433	0.0048853518241273345	0
QSMAFSILNTPK	2	Ste-2024-12-02_HeLa_4mz_sDIA_400-900_21.mzML	15.206326733633	15.14513165445	15.328902587567	0.0008142493638676844	1
QSMAFSILNTPK	2	Ste-2024-12-02_HeLa_4mz_sDIA_400-900_22.mzML	15.224640928117	15.163376471583	15.28592603745	0.002210663198959688	0
QTSDGNWLMVHR	3	Ste-2024-12-02_HeLa_4mz_sDIA_400-900_20.mzML	10.8467490764	10.78573218415	10.938373248133	0.00040666937779585197	0
QTSDGNWLMVHR	3	Ste-2024-12-02_HeLa_4mz_sDIA_400-900_21.mzML	10.8557554489	10.79477152805	10.916831936683	0.00024276263882988408	1
QTSDGNWLMVHR	3	Ste-2024-12-02_HeLa_4mz_sDIA_400-900_22.mzML	10.858077009917	10.827582763267	10.919170371883	0.003070794256784795	0
QVVEEPSPQLPADK	2	Ste-2024-12-02_HeLa_4mz_sDIA_400-900_20.mzML	10.16182627405	10.070144816917	10.253405922367	0.00036226633821185336	0
QVVEEPSPQLPADK	2	Ste-2024-12-02_HeLa_4mz_sDIA_400-900_21.mzML	10.140537555133	9.98769517605	10.262640490133	0.0004054915136418931	0
QVVEEPSPQLPADK	2	Ste-2024-12-02_HeLa_4mz_sDIA_400-900_22.mzML	10.15902231075	10.067366419967	10.220075021833	0.0001461240593263681	1
RLEEPEEPK	2	Ste-2024-12-02_HeLa_4mz_sDIA_400-900_20.mzML	5.28580707955	5.224451072267	5.408520225867	0.00011108642523883582	0
RLEEPEEPK	2	Ste-2024-12-02_HeLa_4mz_sDIA_400-900_21.mzML	5.28981962285	5.16697070735	5.351258062433	0.00021362956633198035	0
RLEEPEEPK	2	Ste-2024-12-02_HeLa_4mz_sDIA_400-900_22.mzML	5.284034264083	5.161317328117	5.406803608967	9.691800736576855E-05	1
RLPVMMDEALSYLEK	3	Ste-2024-12-02_HeLa_4mz_sDIA_400-900_20.mzML		19.240649215067	19.42574252565	0.03151792524790237	0
RLPVMMDEALSYLEK	3	Ste-2024-12-02_HeLa_4mz_sDIA_400-900_21.mzML	19.386081338717	19.2318310837	19.44776618155	0.0019667441444662973	1
RLPVMMDEALSYLEK	3	Ste-2024-12-02_HeLa_4mz_sDIA_400-900_22.mzML		19.284844768167	19.531990668683	0.010018436706438932	0
RVESQLK	2	Ste-2024-12-02_HeLa_4mz_sDIA_400-900_20.mzML	2.8184063046	2.695126991517	2.8799560974	0.00011108642523883582	0
RVESQLK	2	Ste-2024-12-02_HeLa_4mz_sDIA_400-900_21.mzML	2.788925151967	2.696388686217	2.881377649967	0.00021362956633198035	0
RVESQLK	2	Ste-2024-12-02_HeLa_4mz_sDIA_400-900_22.mzML	2.817032807017	2.75544874135	2.940161800483	9.691800736576855E-05	1
SDHLIQTDTVNLHR	2	Ste-2024-12-02_HeLa_4mz_sDIA_400-900_20.mzML		8.6823277598	8.926830978217	1	0
SDHLIQTDTVNLHR	2	Ste-2024-12-02_HeLa_4mz_sDIA_400-900_21.mzML	8.904550149933	8.812748574017	8.996295145417	0.005690932701856237	0
SDHLIQTDTVNLHR	2	Ste-2024-12-02_HeLa_4mz_sDIA_400-900_22.mzML	8.9103371125	8.818631527817	8.97140944325	0.00126820103334899	1
SDVQIHVPTFTFR	3	Ste-2024-12-02_HeLa_4mz_sDIA_400-900_20.mzML	15.831908066283	15.770494867133	15.924141564583	0.0019805628483257334	0
SDVQIHVPTFTFR	3	Ste-2024-12-02_HeLa_4mz_sDIA_400-900_21.mzML	15.871696921167	15.718150882733	15.9639495517	0.0008515327589661391	1
SDVQIHVPTFTFR	3	Ste-2024-12-02_HeLa_4mz_sDIA_400-900_22.mzML	15.8288005337	15.7366145325	15.951741818917	0.007680160780935975	0
SDYLNTFEFMDK	2	Ste-2024-12-02_HeLa_4mz_sDIA_400-900_20.mzML	17.2602775409	17.168071736717	17.352507611483	0.00011108642523883582	0
SDYLNTFEFMDK	2	Ste-2024-12-02_HeLa_4mz_sDIA_400-900_21.mzML	17.2386916278	17.115749799017	17.3617248635	9.921619208254787E-05	0
SDYLNTFEFMDK	2	Ste-2024-12-02_HeLa_4mz_sDIA_400-900_22.mzML	17.2581161856	17.134993459717	17.31966730515	9.691800736576855E-05	1
SEIEVISEPPEEK	2	Ste-2024-12-02_HeLa_4mz_sDIA_400-900_20.mzML		10.984574260267	11.22875545835	0.010272506777000999	0
SEIEVISEPPEEK	2	Ste-2024-12-02_HeLa_4mz_sDIA_400-900_21.mzML		11.054637304317	11.237656621383	0.09873101326667949	0
SEIEVISEPPEEK	2	Ste-2024-12-02_HeLa_4mz_sDIA_400-900_22.mzML	11.07310070975	11.04255863995	11.22566152995	0.002831903292615918	1
SFDVNKPGC[+57.0215]EVDDLK	3	Ste-2024-12-02_HeLa_4mz_sDIA_400-900_20.mzML	10.47274449685	10.411641208583	10.59479680335	0.00011108642523883582	0
SFDVNKPGC[+57.0215]EVDDLK	3	Ste-2024-12-02_HeLa_4mz_sDIA_400-900_21.mzML	10.481879331917	10.420810018183	10.603849916567	9.921619208254787E-05	0
SFDVNKPGC[+57.0215]EVDDLK	3	Ste-2024-12-02_HeLa_4mz_sDIA_400-900_22.mzML	10.500397102667	10.378287062317	10.561417469617	9.691800736576855E-05	1
SGLEELVLSEMNSPSR	3	Ste-2024-12-02_HeLa_4mz_sDIA_400-900_20.mzML	18.389445818883	18.327848647583	18.481799520933	0.0010509458512661396	1
SGLEELVLSEMNSPSR	3	Ste-2024-12-02_HeLa_4mz_sDIA_400-900_21.mzML		18.2929161759	18.539327428567	0.21892652801743712	0
SGLEELVLSEMNSPSR	3	Ste-2024-12-02_HeLa_4mz_sDIA_400-900_22.mzML	18.450394981917	18.357915654167	18.542939160933	0.0016256491307292842	0
SGLLVLTTPLASLAPR	2	Ste-2024-12-02_HeLa_4mz_sDIA_400-900_20.mzML	21.273268381017	21.149446159083	21.397335482533	0.00011108642523883582	0
SGLLVLTTPLASLAPR	2	Ste-2024-12-02_HeLa_4mz_sDIA_400-900_21.mzML	21.28268125405	21.158857130267	21.344733278933	9.921619208254787E-05	0
SGLLVLTTPLASLAPR	2	Ste-2024-12-02_HeLa_4mz_sDIA_400-900_22.mzML	21.273993831117	21.150047976033	21.398099763417	9.691800736576855E-05	1
SHSLSQHTATSSK	2	Ste-2024-12-02_HeLa_4mz_sDIA_400-900_20.mzML	2.309015416267	2.246280695117	2.432939195133	0.0004945904173106646	0
SHSLSQHTATSSK	2	Ste-2024-12-02_HeLa_4mz_sDIA_400-900_21.mzML	2.310191222933	2.247398498217	2.433957310933	0.00044585632279997773	1
SHSLSQHTATSSK	2	Ste-2024-12-02_HeLa_4mz_sDIA_400-900_22.mzML	2.30807107475	2.245309450383	2.431600143383	0.0006692406692406693	0
SHTEEDC[+57.0215]TEELFDFLHAR	3	Ste-2024-12-02_HeLa_4mz_sDIA_400-900_20.mzML	16.8600710258	16.767832197117	16.952282257733	0.00011108642523883582	0
SHTEEDC[+57.0215]TEELFDFLHAR	3	Ste-2024-12-02_HeLa_4mz_sDIA_400-900_21.mzML	16.869212975767	16.807720946483	16.992207315733	9.921619208254787E-05	0
SHTEEDC[+57.0215]TEELFDFLHAR	3	Ste-2024-12-02_HeLa_4mz_sDIA_400-900_22.mzML	16.888189214	16.826624433967	17.01130498625	9.691800736576855E-05	1
SIATDVLLGLLK	2	Ste-2024-12-02_HeLa_4mz_sDIA_400-900_20.mzML	22.661926484617	22.56829363975	22.786851299333	0.003988603988603989	1
SIATDVLLGLLK	2	Ste-2024-12-02_HeLa_4mz_sDIA_400-900_21.mzML		22.51517854415	22.733698280967	0.39890188300458357	0
SIATDVLLGLLK	2	Ste-2024-12-02_HeLa_4mz_sDIA_400-900_22.mzML	22.663727858033	22.601284841433	22.788737385917	0.005292805565006994	0
SIIGMGTGAGAYILTR	2	Ste-2024-12-02_HeLa_4mz_sDIA_400-900_20.mzML	16.862721592867	16.8012353357	16.95493085315	0.0005820044232336166	0
SIIGMGTGAGAYILTR	2	Ste-2024-12-02_HeLa_4mz_sDIA_400-900_21.mzML	16.841113480617	16.77964044125	16.902625776767	0.00021362956633198035	1
SIIGMGTGAGAYILTR	2	Ste-2024-12-02_HeLa_4mz_sDIA_400-900_22.mzML		16.798481711583	16.921642188333	0.06581796363446639	0
SLVALLVETQMK	2	Ste-2024-12-02_HeLa_4mz_sDIA_400-900_20.mzML	18.79488410145	18.702455256733	18.856591990017	0.00036226633821185336	0
SLVALLVETQMK	2	Ste-2024-12-02_HeLa_4mz_sDIA_400-900_21.mzML	18.8040920886	18.711662533467	18.8040920886	0.00024276263882988408	0
SLVALLVETQMK	2	Ste-2024-12-02_HeLa_4mz_sDIA_400-900_22.mzML	18.763939031667	18.7331306008	18.85658706305	0.00019842582181361202	1
SNILLLGPTGSGK	2	Ste-2024-12-02_HeLa_4mz_sDIA_400-900_20.mzML	13.75635320055	13.695206298767	13.878648742967	0.00036226633821185336	0
SNILLLGPTGSGK	2	Ste-2024-12-02_HeLa_4mz_sDIA_400-900_21.mzML	13.734494106467	13.673344549717	13.826282489867	0.00024276263882988408	0
SNILLLGPTGSGK	2	Ste-2024-12-02_HeLa_4mz_sDIA_400-900_22.mzML	13.752986606917	13.691824337617	13.875376021283	0.00019842582181361202	1
SPNPSTPRALPASETPK	2	Ste-2024-12-02_HeLa_4mz_sDIA_400-900_20.mzML		6.68344302295	6.805898331533	0.20105891154635616	0
SPNPSTPRALPASETPK	2	Ste-2024-12-02_HeLa_4mz_sDIA_400-900_21.mzML	6.71963652325	6.627672498017	6.811572483783	0.004997267119543999	1
SPNPSTPRALPASETPK	2	Ste-2024-12-02_HeLa_4mz_sDIA_400-900_22.mzML		6.651198091583	6.773680407083	0.07855903868875537	0
SQIYGSR	2	Ste-2024-12-02_HeLa_4mz_sDIA_400-900_20.mzML	4.570148109383	4.5086869059	4.693238670617	0.00675347934778553	0
SQIYGSR	2	Ste-2024-12-02_HeLa_4mz_sDIA_400-900_21.mzML	4.573580589567	4.450519339067	4.69667967695	0.005100253065991824	1
SQIYGSR	2	Ste-2024-12-02_HeLa_4mz_sDIA_400-900_22.mzML	4.5685256006	4.445660443767	4.722224036283	0.007562325867496472	0
SQLIMQAEAEAASVR	2	Ste-2024-12-02_HeLa_4mz_sDIA_400-900_20.mzML	14.561630421233	14.500451804617	14.6841270102	0.0004945904173106646	0
SQLIMQAEAEAASVR	2	Ste-2024-12-02_HeLa_4mz_sDIA_400-900_21.mzML	14.571015516717	14.479026748783	14.662951636133	0.00021362956633198035	0
SQLIMQAEAEAASVR	2	Ste-2024-12-02_HeLa_4mz_sDIA_400-900_22.mzML	14.589134046033	14.527893111333	14.71164825475	0.00019842582181361202	1
SQPDPVDTPTSSKPQSK	2	Ste-2024-12-02_HeLa_4mz_sDIA_400-900_20.mzML	5.520892520283	5.398255784817	5.582232592717	0.00011108642523883582	1
SQPDPVDTPTSSKPQSK	2	Ste-2024-12-02_HeLa_4mz_sDIA_400-900_21.mzML	5.463871006917	5.3717055252	5.617300620767	0.00021362956633198035	0
SQPDPVDTPTSSKPQSK	2	Ste-2024-12-02_HeLa_4mz_sDIA_400-900_22.mzML	5.4885609686	5.427227762583	5.61124145765	0.0001461240593263681	0
SQTEAVTFLANHDDSR	3	Ste-2024-12-02_HeLa_4mz_sDIA_400-900_20.mzML		10.505235136583	10.688312917733	1	0
SQTEAVTFLANHDDSR	3	Ste-2024-12-02_HeLa_4mz_sDIA_400-900_21.mzML		10.45328388075	10.636302967317	0.030822531509467774	0
SQTEAVTFLANHDDSR	3	Ste-2024-12-02_HeLa_4mz_sDIA_400-900_22.mzML	10.57606514105	10.514998403783	10.698084678917	0.0017030430690628783	1
SSENGVDYVIMGMPHR	3	Ste-2024-12-02_HeLa_4mz_sDIA_400-900_20.mzML	13.72384994965	13.72384994965	13.785042002117	0.001087493821057835	0
SSENGVDYVIMGMPHR	3	Ste-2024-12-02_HeLa_4mz_sDIA_400-900_21.mzML	13.701993550783	13.61033740875	13.732571798083	0.005784086152441113	0
SSENGVDYVIMGMPHR	3	Ste-2024-12-02_HeLa_4mz_sDIA_400-900_22.mzML	13.720472636717	13.689904497	13.78170055935	0.00019842582181361202	1
SSGPTSLFAVTVAPPGAR	3	Ste-2024-12-02_HeLa_4mz_sDIA_400-900_20.mzML	16.59030044015	16.467427432533	16.713090033067	0.00011108642523883582	1
SSGPTSLFAVTVAPPGAR	3	Ste-2024-12-02_HeLa_4mz_sDIA_400-900_21.mzML	16.59929281325	16.4764493972	16.7222207482	0.0035891089108910893	0
SSGPTSLFAVTVAPPGAR	3	Ste-2024-12-02_HeLa_4mz_sDIA_400-900_22.mzML	16.617903415883	16.494907237817	16.74101126785	0.00040158338592163385	0
SSPLLNYNTGVYR	2	Ste-2024-12-02_HeLa_4mz_sDIA_400-900_20.mzML		12.54129868585	12.693963228517	0.10088465464443688	0
SSPLLNYNTGVYR	2	Ste-2024-12-02_HeLa_4mz_sDIA_400-900_21.mzML		12.58047152435	12.702628543733	0.08415903361868869	0
SSPLLNYNTGVYR	2	Ste-2024-12-02_HeLa_4mz_sDIA_400-900_22.mzML	12.62979054655	12.568597022433	12.69090496755	0.0016256491307292842	1
SSTPTTIFPIR	2	Ste-2024-12-02_HeLa_4mz_sDIA_400-900_20.mzML	14.2136062597	14.15251582565	14.335758449367	0.0006191950464396285	0
SSTPTTIFPIR	2	Ste-2024-12-02_HeLa_4mz_sDIA_400-900_21.mzML	14.22240891335	14.161279680517	14.344726132367	0.00024276263882988408	1
SSTPTTIFPIR	2	Ste-2024-12-02_HeLa_4mz_sDIA_400-900_22.mzML	14.240835629283	14.118590280767	14.301925128	0.0006692406692406693	0
STFVNILK	2	Ste-2024-12-02_HeLa_4mz_sDIA_400-900_20.mzML	13.410022193167	13.318401108433	13.50178215265	0.0032972995534037313	0
STFVNILK	2	Ste-2024-12-02_HeLa_4mz_sDIA_400-900_21.mzML	13.449305003583	13.327027045717	13.510446826183	0.004863508001255099	0
STFVNILK	2	Ste-2024-12-02_HeLa_4mz_sDIA_400-900_22.mzML	13.437325900467	13.376216938067	13.559571905717	0.0013065795613625758	1
STLMDTLFNTK	2	Ste-2024-12-02_HeLa_4mz_sDIA_400-900_20.mzML	17.622378345667	17.560794655333	17.7456188463	0.0001973749136484753	0
STLMDTLFNTK	2	Ste-2024-12-02_HeLa_4mz_sDIA_400-900_21.mzML	17.631509013283	17.50832897185	17.693134257883	0.0001734454947532738	1
STLMDTLFNTK	2	Ste-2024-12-02_HeLa_4mz_sDIA_400-900_22.mzML	17.6206696442	17.55901177665	17.713188297517	0.0002595380223202699	0
STTTGHLIYK	2	Ste-2024-12-02_HeLa_4mz_sDIA_400-900_20.mzML	6.082672568083	5.960173178883	6.143878585967	0.00011108642523883582	0
STTTGHLIYK	2	Ste-2024-12-02_HeLa_4mz_sDIA_400-900_21.mzML	6.056889457867	5.934271744833	6.17955213905	9.921619208254787E-05	0
STTTGHLIYK	2	Ste-2024-12-02_HeLa_4mz_sDIA_400-900_22.mzML	6.050257521183	5.958417319417	6.203421554117	9.691800736576855E-05	1
SYLYFTQFK	2	Ste-2024-12-02_HeLa_4mz_sDIA_400-900_20.mzML	15.46847958285	15.34585331245	15.560580717367	0.00040666937779585197	0
SYLYFTQFK	2	Ste-2024-12-02_HeLa_4mz_sDIA_400-900_21.mzML	15.477828234517	15.355209117617	15.53914047125	0.00024276263882988408	0
SYLYFTQFK	2	Ste-2024-12-02_HeLa_4mz_sDIA_400-900_22.mzML	15.496148982317	15.373514750283	15.55749755015	0.0001461240593263681	1
SYSSGGEDGYVR	2	Ste-2024-12-02_HeLa_4mz_sDIA_400-900_20.mzML	6.3016591554	6.240384536317	6.424118602383	0.00011108642523883582	0
SYSSGGEDGYVR	2	Ste-2024-12-02_HeLa_4mz_sDIA_400-900_21.mzML	6.276237446267	6.214843526517	6.39883194955	9.921619208254787E-05	0
SYSSGGEDGYVR	2	Ste-2024-12-02_HeLa_4mz_sDIA_400-900_22.mzML	6.299974906433	6.177309095533	6.3611849407	9.691800736576855E-05	1
TADDPSLSLIK	2	Ste-2024-12-02_HeLa_4mz_sDIA_400-900_20.mzML		12.37882317965	12.531436411	0.09125446960667462	0
TADDPSLSLIK	2	Ste-2024-12-02_HeLa_4mz_sDIA_400-900_21.mzML	12.448459368567	12.295951833533	12.540036544817	0.000489849235290916	1
TADDPSLSLIK	2	Ste-2024-12-02_HeLa_4mz_sDIA_400-900_22.mzML		12.314654646417	12.49761405815	0.03583488588728458	0
TAGDGWFGMK	2	Ste-2024-12-02_HeLa_4mz_sDIA_400-900_20.mzML	13.353260517433	13.292174757833	13.414352082083	0.004486640227536754	1
TAGDGWFGMK	2	Ste-2024-12-02_HeLa_4mz_sDIA_400-900_21.mzML		13.300796314367	13.423036686567	1	0
TAGDGWFGMK	2	Ste-2024-12-02_HeLa_4mz_sDIA_400-900_22.mzML	13.350026115383	13.288959970617	13.411075651167	0.0047250193648334625	0
TASEGDGGAAAGAAAAGAR	2	Ste-2024-12-02_HeLa_4mz_sDIA_400-900_20.mzML	5.7580210688	5.635449767383	5.880601357067	0.0004945904173106646	0
TASEGDGGAAAGAAAAGAR	2	Ste-2024-12-02_HeLa_4mz_sDIA_400-900_21.mzML	5.731907290067	5.670544922517	5.823934344667	0.00044585632279997773	1
TASEGDGGAAAGAAAAGAR	2	Ste-2024-12-02_HeLa_4mz_sDIA_400-900_22.mzML	5.7563666613	5.63379264585	5.817653645083	0.0006692406692406693	0
THQPSDEVGTSIEHPR	3	Ste-2024-12-02_HeLa_4mz_sDIA_400-900_20.mzML	6.3604624891	6.299253183383	6.421708844833	0.00046388336646785953	0
THQPSDEVGTSIEHPR	3	Ste-2024-12-02_HeLa_4mz_sDIA_400-900_21.mzML	6.335110684417	6.273827412867	6.396422590817	0.000489849235290916	0
THQPSDEVGTSIEHPR	3	Ste-2024-12-02_HeLa_4mz_sDIA_400-900_22.mzML	6.358779067317	6.26694638025	6.420046835267	9.691800736576855E-05	1
TIILFTK	2	Ste-2024-12-02_HeLa_4mz_sDIA_400-900_20.mzML	13.468576387783	13.376827277067	13.560253794317	0.001087493821057835	0
TIILFTK	2	Ste-2024-12-02_HeLa_4mz_sDIA_400-900_21.mzML	13.477244629533	13.416067438017	13.599526174783	0.0008142493638676844	1
TIILFTK	2	Ste-2024-12-02_HeLa_4mz_sDIA_400-900_22.mzML	13.495808477767	13.434682053833	13.618081542417	0.0016256491307292842	0
TILSLMTR	2	Ste-2024-12-02_HeLa_4mz_sDIA_400-900_20.mzML	14.571992914717	14.449602639133	14.633287397533	0.0003099573808601317	0
TILSLMTR	2	Ste-2024-12-02_HeLa_4mz_sDIA_400-900_21.mzML	14.5813906761	14.458774510133	14.6427414103	9.921619208254787E-05	1
TILSLMTR	2	Ste-2024-12-02_HeLa_4mz_sDIA_400-900_22.mzML	14.599510988833	14.477023416167	14.660820559417	0.0001461240593263681	0
TIVITSHPGQIVK	2	Ste-2024-12-02_HeLa_4mz_sDIA_400-900_20.mzML	9.7768480125	9.715746996283	9.837967123217	0.0003099573808601317	0
TIVITSHPGQIVK	2	Ste-2024-12-02_HeLa_4mz_sDIA_400-900_21.mzML	9.786254899367	9.725061518133	9.877970027033	0.0001734454947532738	0
TIVITSHPGQIVK	2	Ste-2024-12-02_HeLa_4mz_sDIA_400-900_22.mzML	9.788166802017	9.727118631683	9.9102966606	9.691800736576855E-05	1
TLAAEMQELR	2	Ste-2024-12-02_HeLa_4mz_sDIA_400-900_20.mzML		12.165416032817	12.3485617117	1	0
TLAAEMQELR	2	Ste-2024-12-02_HeLa_4mz_sDIA_400-900_21.mzML	12.296191008283	12.204597671367	12.357211852633	0.0023045482215844856	0
TLAAEMQELR	2	Ste-2024-12-02_HeLa_4mz_sDIA_400-900_22.mzML	12.284347901633	12.223296985117	12.345345568967	0.0006692406692406693	1
TLQIFNIEMK	2	Ste-2024-12-02_HeLa_4mz_sDIA_400-900_20.mzML	17.5290495033	17.46746677185	17.652214630967	0.00011108642523883582	0
TLQIFNIEMK	2	Ste-2024-12-02_HeLa_4mz_sDIA_400-900_21.mzML	17.53815739235	17.415096395483	17.661353824	9.921619208254787E-05	0
TLQIFNIEMK	2	Ste-2024-12-02_HeLa_4mz_sDIA_400-900_22.mzML	17.558045815433	17.434766244767	17.619703669733	9.691800736576855E-05	1
TLSTSDDVEDRENEK	2	Ste-2024-12-02_HeLa_4mz_sDIA_400-900_20.mzML		5.672458997	5.795053988383	0.029885270170244265	0
TLSTSDDVEDRENEK	2	Ste-2024-12-02_HeLa_4mz_sDIA_400-900_21.mzML	5.676930050367	5.584894723283	5.799642904233	0.003876443465132411	1
TLSTSDDVEDRENEK	2	Ste-2024-12-02_HeLa_4mz_sDIA_400-900_22.mzML		5.622467714483	5.806325086883	0.016328518097711412	0
TNGDSQQPSSSGLASSK	2	Ste-2024-12-02_HeLa_4mz_sDIA_400-900_20.mzML	5.332487576417	5.20977081575	5.455185330933	0.00036226633821185336	0
TNGDSQQPSSSGLASSK	2	Ste-2024-12-02_HeLa_4mz_sDIA_400-900_21.mzML	5.336550765733	5.183002675267	5.4287294221	0.0010727520967427347	0
TNGDSQQPSSSGLASSK	2	Ste-2024-12-02_HeLa_4mz_sDIA_400-900_22.mzML	5.300053576983	5.20795902315	5.392097617967	0.00019842582181361202	1
TQFPSLDIEVDGGVGPDTVHK	3	Ste-2024-12-02_HeLa_4mz_sDIA_400-900_20.mzML	15.937631494533	15.87612751025	15.937631494533	0.002175982592139263	0
TQFPSLDIEVDGGVGPDTVHK	3	Ste-2024-12-02_HeLa_4mz_sDIA_400-900_21.mzML	15.946683401333	15.885190187067	16.00817211555	0.002374784110535406	0
TQFPSLDIEVDGGVGPDTVHK	3	Ste-2024-12-02_HeLa_4mz_sDIA_400-900_22.mzML	15.965224868483	15.903763486817	16.02667247215	0.0006692406692406693	1
TVDSQGPTPVC[+57.0215]TPTFLER	3	Ste-2024-12-02_HeLa_4mz_sDIA_400-900_20.mzML	14.217216509667	14.186683597733	14.369929151617	0.002175982592139263	0
TVDSQGPTPVC[+57.0215]TPTFLER	3	Ste-2024-12-02_HeLa_4mz_sDIA_400-900_21.mzML		14.134318781083	14.287151138733	0.03226285171554078	0
TVDSQGPTPVC[+57.0215]TPTFLER	3	Ste-2024-12-02_HeLa_4mz_sDIA_400-900_22.mzML	14.213884489883	14.183301053633	14.366694739117	0.0016256491307292842	1
TWYPEVPK	2	Ste-2024-12-02_HeLa_4mz_sDIA_400-900_20.mzML	12.008413902883	11.88633221655	12.1305387259	0.001087493821057835	1
TWYPEVPK	2	Ste-2024-12-02_HeLa_4mz_sDIA_400-900_21.mzML		11.864511837183	12.139208527733	0.08487158408688937	0
TWYPEVPK	2	Ste-2024-12-02_HeLa_4mz_sDIA_400-900_22.mzML		11.944342522817	12.127406422267	1	0
TYDLLFK	2	Ste-2024-12-02_HeLa_4mz_sDIA_400-900_20.mzML	14.265057962633	14.142882306467	14.38734245635	0.00036226633821185336	0
TYDLLFK	2	Ste-2024-12-02_HeLa_4mz_sDIA_400-900_21.mzML	14.273914818717	14.1516544288	14.335105086817	0.0001734454947532738	0
TYDLLFK	2	Ste-2024-12-02_HeLa_4mz_sDIA_400-900_22.mzML	14.261756336933	14.200653688983	14.384131151383	0.0001461240593263681	1
VAC[+57.0215]C[+57.0215]PLER	2	Ste-2024-12-02_HeLa_4mz_sDIA_400-900_20.mzML	6.415938506117	6.3546812742	6.538389172883	0.0024728428861609114	0
VAC[+57.0215]C[+57.0215]PLER	2	Ste-2024-12-02_HeLa_4mz_sDIA_400-900_21.mzML	6.4212733779	6.35998948235	6.4825054096	0.000489849235290916	1
VAC[+57.0215]C[+57.0215]PLER	2	Ste-2024-12-02_HeLa_4mz_sDIA_400-900_22.mzML	6.414261486517	6.3530024229	6.5368705031	0.004836666538712526	0
VAEELALEQAK	2	Ste-2024-12-02_HeLa_4mz_sDIA_400-900_20.mzML	9.998889140183	9.937699383	10.121160111717	0.00011108642523883582	0
VAEELALEQAK	2	Ste-2024-12-02_HeLa_4mz_sDIA_400-900_21.mzML	10.0081145047	9.886157596783	10.13040523825	9.921619208254787E-05	0
VAEELALEQAK	2	Ste-2024-12-02_HeLa_4mz_sDIA_400-900_22.mzML	9.996134635133	9.935018058517	10.057256805417	9.691800736576855E-05	1
VATLNSEEESDPPTYK	2	Ste-2024-12-02_HeLa_4mz_sDIA_400-900_20.mzML	8.916811019633	8.7945661445	8.97790499915	0.00011108642523883582	0
VATLNSEEESDPPTYK	2	Ste-2024-12-02_HeLa_4mz_sDIA_400-900_21.mzML	8.89451673355	8.833312958967	9.016839901417	9.921619208254787E-05	0
VATLNSEEESDPPTYK	2	Ste-2024-12-02_HeLa_4mz_sDIA_400-900_22.mzML	8.91424296625	8.791986457233	8.9752942166	9.691800736576855E-05	1
VDAQFGGIDQR	2	Ste-2024-12-02_HeLa_4mz_sDIA_400-900_20.mzML	9.693373376183	9.632309359267	9.815567524733	0.00011108642523883582	0
VDAQFGGIDQR	2	Ste-2024-12-02_HeLa_4mz_sDIA_400-900_21.mzML	9.702679355983	9.58037707835	9.825038670883	9.921619208254787E-05	0
VDAQFGGIDQR	2	Ste-2024-12-02_HeLa_4mz_sDIA_400-900_22.mzML	9.690796506633	9.629661046033	9.812927657033	9.691800736576855E-05	1
VDIDVPDVNLEAPEGK	2	Ste-2024-12-02_HeLa_4mz_sDIA_400-900_20.mzML	15.790955361433	15.6988505736	15.883117732833	0.00011108642523883582	0
VDIDVPDVNLEAPEGK	2	Ste-2024-12-02_HeLa_4mz_sDIA_400-900_21.mzML	15.800002683183	15.738605835867	15.922923249733	9.921619208254787E-05	0
VDIDVPDVNLEAPEGK	2	Ste-2024-12-02_HeLa_4mz_sDIA_400-900_22.mzML	15.818557695667	15.695659042633	15.880002610233	9.691800736576855E-05	1
VGDQILLAIK	2	Ste-2024-12-02_HeLa_4mz_sDIA_400-900_20.mzML	15.1276329571	15.035805556217	15.280727915117	0.0004945904173106646	0
VGDQILLAIK	2	Ste-2024-12-02_HeLa_4mz_sDIA_400-900_21.mzML	15.1369554348	15.014446065367	15.198159390233	0.00024276263882988408	1
VGDQILLAIK	2	Ste-2024-12-02_HeLa_4mz_sDIA_400-900_22.mzML	15.124636909683	15.032784755133	15.277746603717	0.00040158338592163385	0
VGTEC[+57.0215]GNQK	2	Ste-2024-12-02_HeLa_4mz_sDIA_400-900_20.mzML	2.328819338083	2.26608838985	2.452381996367	0.0010509458512661396	0
VGTEC[+57.0215]GNQK	2	Ste-2024-12-02_HeLa_4mz_sDIA_400-900_21.mzML	2.329900551283	2.267224010017	2.45341684605	0.00021362956633198035	0
VGTEC[+57.0215]GNQK	2	Ste-2024-12-02_HeLa_4mz_sDIA_400-900_22.mzML	2.327511417983	2.202375244817	2.4510296389	0.00019842582181361202	1
VHQLYETIQR	2	Ste-2024-12-02_HeLa_4mz_sDIA_400-900_20.mzML	7.954233871817	7.831841669883	8.0153723926	0.0001973749136484753	0
VHQLYETIQR	2	Ste-2024-12-02_HeLa_4mz_sDIA_400-900_21.mzML	7.93086248245	7.86957236845	8.053315707783	0.0001734454947532738	0
VHQLYETIQR	2	Ste-2024-12-02_HeLa_4mz_sDIA_400-900_22.mzML	7.952093960517	7.829687748733	8.043793547417	9.691800736576855E-05	1
VKPLQDQNELFGK	2	Ste-2024-12-02_HeLa_4mz_sDIA_400-900_20.mzML	10.405367815317	10.344279087583	10.527519361517	0.0010509458512661396	0
VKPLQDQNELFGK	2	Ste-2024-12-02_HeLa_4mz_sDIA_400-900_21.mzML	10.3993910603	10.307797340133	10.490977936217	0.0038019704836269983	0
VKPLQDQNELFGK	2	Ste-2024-12-02_HeLa_4mz_sDIA_400-900_22.mzML	10.4330711796	10.31093709435	10.494108545717	9.691800736576855E-05	1
VLC[+57.0215]GGDIYVPEDPK	2	Ste-2024-12-02_HeLa_4mz_sDIA_400-900_20.mzML	12.391095970367	12.269090461983	12.452137088683	0.00011108642523883582	0
VLC[+57.0215]GGDIYVPEDPK	2	Ste-2024-12-02_HeLa_4mz_sDIA_400-900_21.mzML	12.369260276867	12.27769042295	12.460733454633	9.921619208254787E-05	0
VLC[+57.0215]GGDIYVPEDPK	2	Ste-2024-12-02_HeLa_4mz_sDIA_400-900_22.mzML	12.3878639581	12.26587097235	12.50988989755	9.691800736576855E-05	1
VLPANSMAESR	2	Ste-2024-12-02_HeLa_4mz_sDIA_400-900_20.mzML	7.492131127333	7.369883376183	7.614398100133	0.0003099573808601317	0
VLPANSMAESR	2	Ste-2024-12-02_HeLa_4mz_sDIA_400-900_21.mzML	7.498535568983	7.406713792333	7.590323032033	0.00024276263882988408	0
VLPANSMAESR	2	Ste-2024-12-02_HeLa_4mz_sDIA_400-900_22.mzML	7.490137021967	7.367902192833	7.612348231567	0.0001461240593263681	1
VLQEALC[+57.0215]VISGVPGLK	2	Ste-2024-12-02_HeLa_4mz_sDIA_400-900_20.mzML	18.86720597995	18.743860256017	18.928976527383	0.00011108642523883582	0
VLQEALC[+57.0215]VISGVPGLK	2	Ste-2024-12-02_HeLa_4mz_sDIA_400-900_21.mzML	18.8594973354	18.736217673383	18.9211950756	0.00021362956633198035	0
VLQEALC[+57.0215]VISGVPGLK	2	Ste-2024-12-02_HeLa_4mz_sDIA_400-900_22.mzML	18.86719575165	18.743748079533	18.928940050917	9.691800736576855E-05	1
VLYAYGYYTGEPSK	2	Ste-2024-12-02_HeLa_4mz_sDIA_400-900_20.mzML	12.270536191617	12.209462626183	12.423027367517	0.0003099573808601317	0
VLYAYGYYTGEPSK	2	Ste-2024-12-02_HeLa_4mz_sDIA_400-900_21.mzML	12.248603982583	12.218069422933	12.3707053428	0.00021362956633198035	0
VLYAYGYYTGEPSK	2	Ste-2024-12-02_HeLa_4mz_sDIA_400-900_22.mzML	12.26731757725	12.175703574067	12.41980212895	0.0001461240593263681	1
VMPAPPPK	2	Ste-2024-12-02_HeLa_4mz_sDIA_400-900_20.mzML	6.104608810517	5.982103746633	6.227162867733	0.001478443342235788	0
VMPAPPPK	2	Ste-2024-12-02_HeLa_4mz_sDIA_400-900_21.mzML	6.109551848867	5.986867020567	6.2936222748	9.921619208254787E-05	0
VMPAPPPK	2	Ste-2024-12-02_HeLa_4mz_sDIA_400-900_22.mzML	6.1028753333	6.0416007802	6.286745396933	9.691800736576855E-05	1
VMVLDFVTPTPLGTR	3	Ste-2024-12-02_HeLa_4mz_sDIA_400-900_20.mzML	19.6988779829	19.637173891633	19.822329801917	0.00011108642523883582	0
VMVLDFVTPTPLGTR	3	Ste-2024-12-02_HeLa_4mz_sDIA_400-900_21.mzML	19.708044226333	19.584612738633	19.831548192967	9.921619208254787E-05	0
VMVLDFVTPTPLGTR	3	Ste-2024-12-02_HeLa_4mz_sDIA_400-900_22.mzML	19.73071158725	19.607270416383	19.7923396608	9.691800736576855E-05	1
VNDFLAEIFKK	3	Ste-2024-12-02_HeLa_4mz_sDIA_400-900_20.mzML		17.579998337333	17.703193261567	0.010512483574244415	0
VNDFLAEIFKK	3	Ste-2024-12-02_HeLa_4mz_sDIA_400-900_21.mzML	17.650720659617	17.589118284533	17.712343056567	0.0093095974132111	0
VNDFLAEIFKK	3	Ste-2024-12-02_HeLa_4mz_sDIA_400-900_22.mzML	17.670744201167	17.6090544228	17.732422903317	0.0026890899778043366	1
VQAWYMDDAPGDPR	2	Ste-2024-12-02_HeLa_4mz_sDIA_400-900_20.mzML	12.789679534383	12.7285777415	12.911814484717	0.0004945904173106646	0
VQAWYMDDAPGDPR	2	Ste-2024-12-02_HeLa_4mz_sDIA_400-900_21.mzML	12.798331635233	12.737240954933	12.920447364217	0.00021362956633198035	1
VQAWYMDDAPGDPR	2	Ste-2024-12-02_HeLa_4mz_sDIA_400-900_22.mzML	12.786566864817	12.725509876683	12.908667162867	0.0002986501015410345	0
VTEGQQER	2	Ste-2024-12-02_HeLa_4mz_sDIA_400-900_20.mzML	2.35798264085	2.264612431317	2.4509409591	0.0003099573808601317	0
VTEGQQER	2	Ste-2024-12-02_HeLa_4mz_sDIA_400-900_21.mzML		2.265746227217	2.451973048017	0.22008701957940538	0
VTEGQQER	2	Ste-2024-12-02_HeLa_4mz_sDIA_400-900_22.mzML	2.3566785909	2.200897821133	2.449587011333	0.0001461240593263681	1
VTPPAVTGSPEFER	2	Ste-2024-12-02_HeLa_4mz_sDIA_400-900_20.mzML	11.198269000133	11.076217508083	11.32028945925	0.00011108642523883582	0
VTPPAVTGSPEFER	2	Ste-2024-12-02_HeLa_4mz_sDIA_400-900_21.mzML	11.207168544833	11.085153980967	11.26818365045	9.921619208254787E-05	1
VTPPAVTGSPEFER	2	Ste-2024-12-02_HeLa_4mz_sDIA_400-900_22.mzML		11.07310070975	11.317209388933	1	0
VVNGAAASQPPSK	2	Ste-2024-12-02_HeLa_4mz_sDIA_400-900_20.mzML	4.582668163117	4.49050219435	4.675028694217	0.0001973749136484753	0
VVNGAAASQPPSK	2	Ste-2024-12-02_HeLa_4mz_sDIA_400-900_21.mzML	4.586108665517	4.524567372033	4.709206758333	9.921619208254787E-05	1
VVNGAAASQPPSK	2	Ste-2024-12-02_HeLa_4mz_sDIA_400-900_22.mzML	4.581039714617	4.519581592717	4.704039745233	0.0001461240593263681	0
VVNSETPVVVDFHAQWC[+57.0215]GPC[+57.0215]K	3	Ste-2024-12-02_HeLa_4mz_sDIA_400-900_20.mzML		14.684609274233	14.868460966383	0.14103608463045728	0
VVNSETPVVVDFHAQWC[+57.0215]GPC[+57.0215]K	3	Ste-2024-12-02_HeLa_4mz_sDIA_400-900_21.mzML	14.755334026033	14.72469749155	14.908427573033	0.0011475017929715515	1
VVNSETPVVVDFHAQWC[+57.0215]GPC[+57.0215]K	3	Ste-2024-12-02_HeLa_4mz_sDIA_400-900_22.mzML	14.804094503717	14.681506651933	14.865409937183	0.009229365524985962	0
WLAPDGLIFPDR	2	Ste-2024-12-02_HeLa_4mz_sDIA_400-900_20.mzML	18.76599753105	18.673547273717	18.9202882302	0.00011108642523883582	0
WLAPDGLIFPDR	2	Ste-2024-12-02_HeLa_4mz_sDIA_400-900_21.mzML	18.77518965875	18.682767494883	18.867677101383	9.921619208254787E-05	0
WLAPDGLIFPDR	2	Ste-2024-12-02_HeLa_4mz_sDIA_400-900_22.mzML	18.79672509005	18.7350600043	18.920257077967	9.691800736576855E-05	1
WNENVQYLSEDR	2	Ste-2024-12-02_HeLa_4mz_sDIA_400-900_20.mzML	11.658286792617	11.535981575733	11.719348740183	0.003228917683566067	0
WNENVQYLSEDR	2	Ste-2024-12-02_HeLa_4mz_sDIA_400-900_21.mzML	11.636543821483	11.57549264125	11.758596200467	0.002374784110535406	1
WNENVQYLSEDR	2	Ste-2024-12-02_HeLa_4mz_sDIA_400-900_22.mzML	11.624655715317	11.502356661367	11.7164390493	0.0026517257602326674	0
WSNAGELMELIR	2	Ste-2024-12-02_HeLa_4mz_sDIA_400-900_20.mzML		18.489500079567	18.612770462367	0.04089013328666841	0
WSNAGELMELIR	2	Ste-2024-12-02_HeLa_4mz_sDIA_400-900_21.mzML	18.529456285783	18.498633807833	18.683490336467	0.0001734454947532738	0
WSNAGELMELIR	2	Ste-2024-12-02_HeLa_4mz_sDIA_400-900_22.mzML	18.550650850167	18.488938434217	18.643221388383	9.691800736576855E-05	1
YEDEINK	2	Ste-2024-12-02_HeLa_4mz_sDIA_400-900_20.mzML	5.003233084983	4.880412577617	5.064608374817	0.00011108642523883582	1
YEDEINK	2	Ste-2024-12-02_HeLa_4mz_sDIA_400-900_21.mzML	4.97617098075	4.914711670567	5.0990163753	0.0001734454947532738	0
YEDEINK	2	Ste-2024-12-02_HeLa_4mz_sDIA_400-900_22.mzML	4.970669271583	4.90932434115	5.093394354717	0.0001461240593263681	0
YEELFPAFSDSR	2	Ste-2024-12-02_HeLa_4mz_sDIA_400-900_20.mzML	16.367449738933	16.244506572067	16.490473618383	0.0001973749136484753	0
YEELFPAFSDSR	2	Ste-2024-12-02_HeLa_4mz_sDIA_400-900_21.mzML	16.376581695083	16.253622862317	16.499487534183	9.921619208254787E-05	0
YEELFPAFSDSR	2	Ste-2024-12-02_HeLa_4mz_sDIA_400-900_22.mzML	16.394905416217	16.272012887883	16.517966436333	9.691800736576855E-05	1
YGGQPVPNFPSK	2	Ste-2024-12-02_HeLa_4mz_sDIA_400-900_20.mzML	10.30699158215	10.245952199817	10.429154568833	0.00011108642523883582	0
YGGQPVPNFPSK	2	Ste-2024-12-02_HeLa_4mz_sDIA_400-900_21.mzML	10.316211257133	10.194142286867	10.438340036467	9.921619208254787E-05	0
YGGQPVPNFPSK	2	Ste-2024-12-02_HeLa_4mz_sDIA_400-900_22.mzML	10.304192079917	10.212617271933	10.456850697533	9.691800736576855E-05	1
YLAVESPFLK	2	Ste-2024-12-02_HeLa_4mz_sDIA_400-900_20.mzML	15.559619667133	15.436855330733	15.621014532583	0.0003099573808601317	0
YLAVESPFLK	2	Ste-2024-12-02_HeLa_4mz_sDIA_400-900_21.mzML	15.538177526917	15.47687144785	15.660833098583	9.921619208254787E-05	0
YLAVESPFLK	2	Ste-2024-12-02_HeLa_4mz_sDIA_400-900_22.mzML	15.556534705983	15.43389968625	15.679298039033	9.691800736576855E-05	1
YNVLGAETVLNQMR	2	Ste-2024-12-02_HeLa_4mz_sDIA_400-900_20.mzML	16.617627284733	16.525562881633	16.709715190267	0.0005820044232336166	0
YNVLGAETVLNQMR	2	Ste-2024-12-02_HeLa_4mz_sDIA_400-900_21.mzML	16.626661344267	16.565207493067	16.749619111583	0.0001734454947532738	0
YNVLGAETVLNQMR	2	Ste-2024-12-02_HeLa_4mz_sDIA_400-900_22.mzML	16.645303774517	16.5837898312	16.7684240833	9.691800736576855E-05	1
YYFEGIK	2	Ste-2024-12-02_HeLa_4mz_sDIA_400-900_20.mzML		11.455714094283	11.608529662717	0.07181507748883635	0
YYFEGIK	2	Ste-2024-12-02_HeLa_4mz_sDIA_400-900_21.mzML		11.464655053967	11.617300668833	0.03256903864977902	0
YYFEGIK	2	Ste-2024-12-02_HeLa_4mz_sDIA_400-900_22.mzML	11.544293567283	11.513656545467	11.636101449033	0.00040158338592163385	1
