peptideModSeq	precursorCharge	fileName	retentionTime	startTime	endTime	score	bestSpectrum
AAGFKDPLLASGTDGVGTK	3	Ste-2024-12-02_HeLa_4mz_sDIA_400-900_20.mzML	12.227729180983	12.166615582683	12.34976181075	0.0025987006496751624	0
AAGFKDPLLASGTDGVGTK	3	Ste-2024-12-02_HeLa_4mz_sDIA_400-900_21.mzML	12.26684706545	12.2057954846	12.358412309883	0.0017544739084665898	1
AAGFKDPLLASGTDGVGTK	3	Ste-2024-12-02_HeLa_4mz_sDIA_400-900_22.mzML	12.255034064117	12.13293108395	12.37702650975	0.001766249495357287	0
AASNIIFSNGNLDPWAGGGIR	3	Ste-2024-12-02_HeLa_4mz_sDIA_400-900_20.mzML	18.5819859094	18.520312343617	18.643557974633	0.0019787544261612162	0
AASNIIFSNGNLDPWAGGGIR	3	Ste-2024-12-02_HeLa_4mz_sDIA_400-900_21.mzML	18.560283780717	18.467816867917	18.652718025167	0.0017544739084665898	1
AASNIIFSNGNLDPWAGGGIR	3	Ste-2024-12-02_HeLa_4mz_sDIA_400-900_22.mzML	18.5815182378	18.488938434217	18.7049201541	0.005336999150931953	0
AATENIPVVR	2	Ste-2024-12-02_HeLa_4mz_sDIA_400-900_20.mzML		9.261736360083	9.4144715356	0.017613118736714242	0
AATENIPVVR	2	Ste-2024-12-02_HeLa_4mz_sDIA_400-900_21.mzML	9.331683773267	9.20931321885	9.392872280367	0.002847101739401219	1
AATENIPVVR	2	Ste-2024-12-02_HeLa_4mz_sDIA_400-900_22.mzML	9.320218479717	9.259102604783	9.44240605505	0.0068280332962522535	0
AEVLWLMGAK	2	Ste-2024-12-02_HeLa_4mz_sDIA_400-900_20.mzML	16.940961974933	16.818021300233	17.002452136383	0.00011510128913443831	0
AEVLWLMGAK	2	Ste-2024-12-02_HeLa_4mz_sDIA_400-900_21.mzML	16.950147563867	16.8579001154	17.011618907167	8.979885057471264E-05	1
AEVLWLMGAK	2	Ste-2024-12-02_HeLa_4mz_sDIA_400-900_22.mzML	16.938443075	16.876863296517	17.030745781367	0.0001855976243504083	0
AFPEHFTYEPNEADAAQGYR	3	Ste-2024-12-02_HeLa_4mz_sDIA_400-900_20.mzML	12.268368283883	12.14618541325	12.39037309075	0.001184202735508319	1
AFPEHFTYEPNEADAAQGYR	3	Ste-2024-12-02_HeLa_4mz_sDIA_400-900_21.mzML	12.276966898367	12.154844019283	12.460011786667	0.005065123010130246	0
AFPEHFTYEPNEADAAQGYR	3	Ste-2024-12-02_HeLa_4mz_sDIA_400-900_22.mzML	12.265148361167	12.173539179067	12.417636776617	0.0018478749438146133	0
AGEGTYALDSESC[+57.0215]MEK	2	Ste-2024-12-02_HeLa_4mz_sDIA_400-900_20.mzML	9.64867612295	9.587642519567	9.770870285217	0.00011510128913443831	0
AGEGTYALDSESC[+57.0215]MEK	2	Ste-2024-12-02_HeLa_4mz_sDIA_400-900_21.mzML	9.6579157259	9.535656850433	9.78027449365	8.979885057471264E-05	1
AGEGTYALDSESC[+57.0215]MEK	2	Ste-2024-12-02_HeLa_4mz_sDIA_400-900_22.mzML	9.646081961917	9.584973857317	9.768241650367	0.0001855976243504083	0
AGVNTVTTLVENKK	3	Ste-2024-12-02_HeLa_4mz_sDIA_400-900_20.mzML	10.098770757333	9.97648146285	10.220952174817	0.00011510128913443831	0
AGVNTVTTLVENKK	3	Ste-2024-12-02_HeLa_4mz_sDIA_400-900_21.mzML	10.1080137741	9.985767516283	10.169176997083	8.979885057471264E-05	1
AGVNTVTTLVENKK	3	Ste-2024-12-02_HeLa_4mz_sDIA_400-900_22.mzML	10.096006168333	10.034884695583	10.218151355267	0.0001855976243504083	0
AIEINPDSAQPYK	2	Ste-2024-12-02_HeLa_4mz_sDIA_400-900_20.mzML	10.800158795983	10.708487701067	10.861164685583	0.00011510128913443831	0
AIEINPDSAQPYK	2	Ste-2024-12-02_HeLa_4mz_sDIA_400-900_21.mzML	10.809196209083	10.71743357005	10.900723650467	8.979885057471264E-05	1
AIEINPDSAQPYK	2	Ste-2024-12-02_HeLa_4mz_sDIA_400-900_22.mzML	10.797068436917	10.675034130533	10.858077009917	0.0001855976243504083	0
AIPSFLNSFNR	2	Ste-2024-12-02_HeLa_4mz_sDIA_400-900_20.mzML	16.546142191967	16.453933142883	16.607515208067	0.005372624038422402	0
AIPSFLNSFNR	2	Ste-2024-12-02_HeLa_4mz_sDIA_400-900_21.mzML	16.555089936383	16.462949833933	16.616534600767	0.0011373483535528596	1
AIPSFLNSFNR	2	Ste-2024-12-02_HeLa_4mz_sDIA_400-900_22.mzML	16.542955390133	16.4198691017	16.665936555783	0.004200621692010418	0
AKPAEAPAAAAPK	2	Ste-2024-12-02_HeLa_4mz_sDIA_400-900_20.mzML	4.428055365817	4.335899088267	4.5202310314	0.0004071992833292613	0
AKPAEAPAAAAPK	2	Ste-2024-12-02_HeLa_4mz_sDIA_400-900_21.mzML	4.462091674583	4.338959133217	4.52359944445	8.979885057471264E-05	1
AKPAEAPAAAAPK	2	Ste-2024-12-02_HeLa_4mz_sDIA_400-900_22.mzML	4.457204872867	4.3342681788	4.580079915683	0.0001855976243504083	0
ALDDISESIK	2	Ste-2024-12-02_HeLa_4mz_sDIA_400-900_20.mzML		11.125441540083	11.33903251575	0.12712084999645046	0
ALDDISESIK	2	Ste-2024-12-02_HeLa_4mz_sDIA_400-900_21.mzML	11.256371895067	11.16485858945	11.34797306595	0.0017355793772332823	0
ALDDISESIK	2	Ste-2024-12-02_HeLa_4mz_sDIA_400-900_22.mzML	11.24438365105	11.1833727237	11.335938238183	0.0008424008424008424	1
ALWEDEGVR	2	Ste-2024-12-02_HeLa_4mz_sDIA_400-900_20.mzML	10.94173414605	10.8501128244	11.002853436467	0.0004583651642475172	0
ALWEDEGVR	2	Ste-2024-12-02_HeLa_4mz_sDIA_400-900_21.mzML	10.920190693583	10.859126455433	10.98127673575	0.00030206917384080956	0
ALWEDEGVR	2	Ste-2024-12-02_HeLa_4mz_sDIA_400-900_22.mzML	10.938668737667	10.847020102	10.999760717867	0.0002604618857440528	1
AQAALAVNISAAR	2	Ste-2024-12-02_HeLa_4mz_sDIA_400-900_20.mzML	11.46580597835	11.313307775517	11.587969556733	0.0036897127295089168	0
AQAALAVNISAAR	2	Ste-2024-12-02_HeLa_4mz_sDIA_400-900_21.mzML	11.444252912517	11.38326092825	11.50527292065	0.0011373483535528596	1
AQAALAVNISAAR	2	Ste-2024-12-02_HeLa_4mz_sDIA_400-900_22.mzML	11.46271816425	11.371246365433	11.523763074183	0.002309148847734725	0
AQAEAQQPTFDALRDELR	3	Ste-2024-12-02_HeLa_4mz_sDIA_400-900_20.mzML	13.79033573925	13.6985721573	13.8820166085	0.004730879362576254	0
AQAEAQQPTFDALRDELR	3	Ste-2024-12-02_HeLa_4mz_sDIA_400-900_21.mzML	13.799067659367	13.73785662125	13.9213363764	0.0018712759147092135	0
AQAEAQQPTFDALRDELR	3	Ste-2024-12-02_HeLa_4mz_sDIA_400-900_22.mzML	13.817585654133	13.69518656935	13.8787473571	0.0014774281805745553	1
AQEAGLQQEQR	2	Ste-2024-12-02_HeLa_4mz_sDIA_400-900_20.mzML		4.58363426865	4.70671591915	0.02750478621569879	0
AQEAGLQQEQR	2	Ste-2024-12-02_HeLa_4mz_sDIA_400-900_21.mzML		4.587078830133	4.710168609533	0.07619750223955314	0
AQEAGLQQEQR	2	Ste-2024-12-02_HeLa_4mz_sDIA_400-900_22.mzML	4.61277050855	4.582006285917	4.674291958433	0.0014290425414971969	1
AQEEADYIEWLK	2	Ste-2024-12-02_HeLa_4mz_sDIA_400-900_20.mzML	16.306918892083	16.245469712167	16.368414847317	0.0036571932143643973	1
AQEEADYIEWLK	2	Ste-2024-12-02_HeLa_4mz_sDIA_400-900_21.mzML	16.3160780038	16.223827844717	16.4389556651	0.003734867347814888	0
AQEEADYIEWLK	2	Ste-2024-12-02_HeLa_4mz_sDIA_400-900_22.mzML		16.242258949233	16.365137429517	0.029516193769489642	0
AQQMHTGPVLDVC[+57.0215]WSDDGSK	3	Ste-2024-12-02_HeLa_4mz_sDIA_400-900_20.mzML	12.968801566533	12.877173323633	13.060360722933	0.003399797849857576	0
AQQMHTGPVLDVC[+57.0215]WSDDGSK	3	Ste-2024-12-02_HeLa_4mz_sDIA_400-900_21.mzML	12.9774519652	12.88582775545	13.06901540505	0.001948747929455325	1
AQQMHTGPVLDVC[+57.0215]WSDDGSK	3	Ste-2024-12-02_HeLa_4mz_sDIA_400-900_22.mzML	12.965661707617	12.843512986817	13.087742857367	0.008186046511627907	0
AQTAHIVLEDGTK	2	Ste-2024-12-02_HeLa_4mz_sDIA_400-900_20.mzML	7.590122746533	7.52896350085	7.712349359567	0.00011510128913443831	0
AQTAHIVLEDGTK	2	Ste-2024-12-02_HeLa_4mz_sDIA_400-900_21.mzML	7.5965883296	7.47418459635	7.7190026465	8.979885057471264E-05	1
AQTAHIVLEDGTK	2	Ste-2024-12-02_HeLa_4mz_sDIA_400-900_22.mzML	7.58807366095	7.526919899783	7.710222491133	0.0001855976243504083	0
AQVARPGGDTIFGK	3	Ste-2024-12-02_HeLa_4mz_sDIA_400-900_20.mzML	9.058645574883	8.997540363367	9.180712094717	0.00011510128913443831	1
AQVARPGGDTIFGK	3	Ste-2024-12-02_HeLa_4mz_sDIA_400-900_21.mzML	9.067097961083	9.0059326017	9.189363055433	0.00016959213092512508	0
AQVARPGGDTIFGK	3	Ste-2024-12-02_HeLa_4mz_sDIA_400-900_22.mzML	9.086526118867	8.964413911517	9.147592536433	0.0001855976243504083	0
ATAGAYIASQTVK	2	Ste-2024-12-02_HeLa_4mz_sDIA_400-900_20.mzML	8.779571467217	8.748971992267	8.871229523683	0.00011510128913443831	0
ATAGAYIASQTVK	2	Ste-2024-12-02_HeLa_4mz_sDIA_400-900_21.mzML	8.7876931567	8.726475892217	8.910093754367	8.979885057471264E-05	1
ATAGAYIASQTVK	2	Ste-2024-12-02_HeLa_4mz_sDIA_400-900_22.mzML	8.807540902617	8.685369536267	8.868651606767	0.0001855976243504083	0
AVDEDPENQTLR	2	Ste-2024-12-02_HeLa_4mz_sDIA_400-900_20.mzML		7.437512304683	7.620892122433	0.07263192217814249	0
AVDEDPENQTLR	2	Ste-2024-12-02_HeLa_4mz_sDIA_400-900_21.mzML		7.443805788167	7.62741276915	0.05996019240338365	0
AVDEDPENQTLR	2	Ste-2024-12-02_HeLa_4mz_sDIA_400-900_22.mzML	7.496629607117	7.404948036417	7.557715989917	0.0038762991991821436	1
AVEVQGPSLESGDHGK	2	Ste-2024-12-02_HeLa_4mz_sDIA_400-900_20.mzML	7.933545688083	7.811135261817	7.99467271695	0.00011510128913443831	0
AVEVQGPSLESGDHGK	2	Ste-2024-12-02_HeLa_4mz_sDIA_400-900_21.mzML	7.94074415745	7.848777494267	8.0019568227	8.979885057471264E-05	1
AVEVQGPSLESGDHGK	2	Ste-2024-12-02_HeLa_4mz_sDIA_400-900_22.mzML	7.931409569117	7.808993360233	8.053668056983	0.0001855976243504083	0
AVLQEEQANLWFSK	2	Ste-2024-12-02_HeLa_4mz_sDIA_400-900_20.mzML	15.6974057367	15.666692817567	15.789510851733	0.000766016713091922	0
AVLQEEQANLWFSK	2	Ste-2024-12-02_HeLa_4mz_sDIA_400-900_21.mzML	15.706441056367	15.614476583	15.829283357583	8.979885057471264E-05	1
AVLQEEQANLWFSK	2	Ste-2024-12-02_HeLa_4mz_sDIA_400-900_22.mzML	15.72492689185	15.663527123767	15.8171102117	0.0009009009009009009	0
C[+57.0215]C[+57.0215]LTYC[+57.0215]FNKPEDK	3	Ste-2024-12-02_HeLa_4mz_sDIA_400-900_20.mzML	9.5566070506	9.4955315149	9.6787472486	0.00011510128913443831	0
C[+57.0215]C[+57.0215]LTYC[+57.0215]FNKPEDK	3	Ste-2024-12-02_HeLa_4mz_sDIA_400-900_21.mzML	9.565742318883	9.5045949316	9.688009531383	8.979885057471264E-05	1
C[+57.0215]C[+57.0215]LTYC[+57.0215]FNKPEDK	3	Ste-2024-12-02_HeLa_4mz_sDIA_400-900_22.mzML	9.553942139833	9.462407579983	9.61503677785	0.0001855976243504083	0
C[+57.0215]EAVVADVLDK	2	Ste-2024-12-02_HeLa_4mz_sDIA_400-900_20.mzML	12.6249025387	12.5638778498	12.747097391517	0.0019787544261612162	0
C[+57.0215]EAVVADVLDK	2	Ste-2024-12-02_HeLa_4mz_sDIA_400-900_21.mzML	12.66413273685	12.541955982717	12.725209018683	0.003471619510501649	0
C[+57.0215]EAVVADVLDK	2	Ste-2024-12-02_HeLa_4mz_sDIA_400-900_22.mzML	12.6523930452	12.5300639823	12.713485611817	0.0017357565856646927	1
C[+57.0215]PLC[+57.0215]QESNFTR	2	Ste-2024-12-02_HeLa_4mz_sDIA_400-900_20.mzML		8.538811218217	8.752825706417	0.017613118736714242	0
C[+57.0215]PLC[+57.0215]QESNFTR	2	Ste-2024-12-02_HeLa_4mz_sDIA_400-900_21.mzML	8.669130090683	8.607928236167	8.760954013117	0.0025539818899465985	1
C[+57.0215]PLC[+57.0215]QESNFTR	2	Ste-2024-12-02_HeLa_4mz_sDIA_400-900_22.mzML		8.628099866417	8.750303868917	1	0
DAGYGGISLAVEGPSK	2	Ste-2024-12-02_HeLa_4mz_sDIA_400-900_20.mzML	13.9782987787	13.886593600267	14.13104736405	0.00011510128913443831	0
DAGYGGISLAVEGPSK	2	Ste-2024-12-02_HeLa_4mz_sDIA_400-900_21.mzML	13.9871350442	13.92591406275	14.109337089333	8.979885057471264E-05	1
DAGYGGISLAVEGPSK	2	Ste-2024-12-02_HeLa_4mz_sDIA_400-900_22.mzML	13.975025764117	13.913839970917	14.158274715333	0.0001855976243504083	0
DC[+57.0215]QIAHGAAQFLR	2	Ste-2024-12-02_HeLa_4mz_sDIA_400-900_20.mzML		11.991831364967	12.14450085275	0.03191290242076367	0
DC[+57.0215]QIAHGAAQFLR	2	Ste-2024-12-02_HeLa_4mz_sDIA_400-900_21.mzML	12.092099223767	12.031069991417	12.183676561783	0.007628734901462174	0
DC[+57.0215]QIAHGAAQFLR	2	Ste-2024-12-02_HeLa_4mz_sDIA_400-900_22.mzML	12.110839957317	12.049835587383	12.23292671095	0.0015294551975106798	1
DDVIVTASNFSSER	2	Ste-2024-12-02_HeLa_4mz_sDIA_400-900_20.mzML	12.75671882685	12.695650829617	12.939948261433	0.003989361702127659	0
DDVIVTASNFSSER	2	Ste-2024-12-02_HeLa_4mz_sDIA_400-900_21.mzML	12.76537859415	12.734833402233	12.856969302083	0.0013244331426149607	1
DDVIVTASNFSSER	2	Ste-2024-12-02_HeLa_4mz_sDIA_400-900_22.mzML	12.75363545605	12.6925917745	12.936793773167	0.0018066847335140017	0
DEPIHILNVAIK	2	Ste-2024-12-02_HeLa_4mz_sDIA_400-900_20.mzML		15.521196089767	15.644055262067	0.14832643512686702	0
DEPIHILNVAIK	2	Ste-2024-12-02_HeLa_4mz_sDIA_400-900_21.mzML		15.438496847883	15.7145383857	0.07012694237943158	0
DEPIHILNVAIK	2	Ste-2024-12-02_HeLa_4mz_sDIA_400-900_22.mzML	15.5318748683	15.378560374667	15.68530654075	0.0030616319829613525	1
DGDGTITTK	2	Ste-2024-12-02_HeLa_4mz_sDIA_400-900_20.mzML	3.988322547417	3.926761318883	4.173194712717	0.00011510128913443831	0
DGDGTITTK	2	Ste-2024-12-02_HeLa_4mz_sDIA_400-900_21.mzML	3.960161442033	3.86772130265	4.176095293883	8.979885057471264E-05	1
DGDGTITTK	2	Ste-2024-12-02_HeLa_4mz_sDIA_400-900_22.mzML	3.9866250975	3.863536420617	4.171537082467	0.0001855976243504083	0
DGIDDESYEAIFKPVMSK	3	Ste-2024-12-02_HeLa_4mz_sDIA_400-900_20.mzML	17.16373768035	17.102170728867	17.2559410924	0.00011510128913443831	0
DGIDDESYEAIFKPVMSK	3	Ste-2024-12-02_HeLa_4mz_sDIA_400-900_21.mzML	17.172875962133	17.049856981267	17.265103884233	8.979885057471264E-05	1
DGIDDESYEAIFKPVMSK	3	Ste-2024-12-02_HeLa_4mz_sDIA_400-900_22.mzML	17.192193467333	17.069009502117	17.253768765767	0.0001855976243504083	0
DHLVTAYNHLFETK	3	Ste-2024-12-02_HeLa_4mz_sDIA_400-900_20.mzML	12.2727012485	12.150514412033	12.333733354467	0.00011510128913443831	0
DHLVTAYNHLFETK	3	Ste-2024-12-02_HeLa_4mz_sDIA_400-900_21.mzML	12.281305489083	12.159174916233	12.403372455867	8.979885057471264E-05	1
DHLVTAYNHLFETK	3	Ste-2024-12-02_HeLa_4mz_sDIA_400-900_22.mzML	12.2999983745	12.208416730783	12.391478601733	0.0001855976243504083	0
DHSPDLYSLELAGLDEIGK	3	Ste-2024-12-02_HeLa_4mz_sDIA_400-900_20.mzML	19.228121268417	19.166445763	19.351570031867	0.003624647603705195	0
DHSPDLYSLELAGLDEIGK	3	Ste-2024-12-02_HeLa_4mz_sDIA_400-900_21.mzML	19.237365500933	19.175685438333	19.360791325567	0.002240869648135787	1
DHSPDLYSLELAGLDEIGK	3	Ste-2024-12-02_HeLa_4mz_sDIA_400-900_22.mzML	19.259471595167	19.13592835705	19.32131141785	0.003948541587058973	0
DILVATDVAGR	2	Ste-2024-12-02_HeLa_4mz_sDIA_400-900_20.mzML	12.56123969685	12.500172370183	12.683374448117	0.0003709886848451122	0
DILVATDVAGR	2	Ste-2024-12-02_HeLa_4mz_sDIA_400-900_21.mzML	12.5698976359	12.44773793735	12.692048226567	0.00030206917384080956	1
DILVATDVAGR	2	Ste-2024-12-02_HeLa_4mz_sDIA_400-900_22.mzML	12.55801951195	12.4358684056	12.680320883983	0.0006028636021100226	0
DLEALMFDR	2	Ste-2024-12-02_HeLa_4mz_sDIA_400-900_20.mzML	17.74080537245	17.61756114215	17.802404135617	0.00011510128913443831	0
DLEALMFDR	2	Ste-2024-12-02_HeLa_4mz_sDIA_400-900_21.mzML	17.7191430975	17.59589202015	17.842311805667	8.979885057471264E-05	1
DLEALMFDR	2	Ste-2024-12-02_HeLa_4mz_sDIA_400-900_22.mzML	17.739220541267	17.615847594517	17.8625887909	0.0001855976243504083	0
DLEGAGDAAAWQAEHVR	2	Ste-2024-12-02_HeLa_4mz_sDIA_400-900_20.mzML	11.9707188053	11.90967646495	12.031750712433	0.003452975920036347	1
DLEGAGDAAAWQAEHVR	2	Ste-2024-12-02_HeLa_4mz_sDIA_400-900_21.mzML		11.918386000017	12.040467571133	1	0
DLEGAGDAAAWQAEHVR	2	Ste-2024-12-02_HeLa_4mz_sDIA_400-900_22.mzML		11.906681878283	12.028726576	1	0
DLLFQALGR	2	Ste-2024-12-02_HeLa_4mz_sDIA_400-900_20.mzML	17.615397923117	17.55382492695	17.738639364183	0.0004071992833292613	0
DLLFQALGR	2	Ste-2024-12-02_HeLa_4mz_sDIA_400-900_21.mzML	17.624533095217	17.501354655583	17.7477883872	8.979885057471264E-05	1
DLLFQALGR	2	Ste-2024-12-02_HeLa_4mz_sDIA_400-900_22.mzML	17.64452966345	17.52120163895	17.706205294417	0.00040508790407518434	0
DLSSHQLNEFLAQTLQR	3	Ste-2024-12-02_HeLa_4mz_sDIA_400-900_20.mzML	18.024744643	17.93233209205	18.11723041365	0.00011510128913443831	0
DLSSHQLNEFLAQTLQR	3	Ste-2024-12-02_HeLa_4mz_sDIA_400-900_21.mzML	18.033860607767	17.97226150495	18.1571188411	8.979885057471264E-05	1
DLSSHQLNEFLAQTLQR	3	Ste-2024-12-02_HeLa_4mz_sDIA_400-900_22.mzML	18.054428721533	17.931031701517	18.177846014667	0.0001855976243504083	0
DMSPLSETEMALGK	2	Ste-2024-12-02_HeLa_4mz_sDIA_400-900_20.mzML	16.1844891309	16.09225801205	16.276678820733	0.0003009328919650918	0
DMSPLSETEMALGK	2	Ste-2024-12-02_HeLa_4mz_sDIA_400-900_21.mzML	16.193582725683	16.07060777635	16.31656112725	8.979885057471264E-05	1
DMSPLSETEMALGK	2	Ste-2024-12-02_HeLa_4mz_sDIA_400-900_22.mzML	16.21201963675	16.089067317067	16.273457957217	0.0001855976243504083	0
DNTSVYHISGK	2	Ste-2024-12-02_HeLa_4mz_sDIA_400-900_20.mzML	6.667407657033	6.575510286367	6.728674561267	0.002603910779208018	0
DNTSVYHISGK	2	Ste-2024-12-02_HeLa_4mz_sDIA_400-900_21.mzML	6.672974556283	6.6116366268	6.73426431075	0.0006654245408570668	1
DNTSVYHISGK	2	Ste-2024-12-02_HeLa_4mz_sDIA_400-900_22.mzML	6.665838886567	6.573961681767	6.757718753233	0.0012119743061447098	0
DPSASNGGGSPAR	2	Ste-2024-12-02_HeLa_4mz_sDIA_400-900_20.mzML	3.135523088817	3.074046886717	3.196970234017	0.0017615971814445098	1
DPSASNGGGSPAR	2	Ste-2024-12-02_HeLa_4mz_sDIA_400-900_21.mzML	3.106329849217	3.044805333633	3.198603391017	0.004970098593825764	0
DPSASNGGGSPAR	2	Ste-2024-12-02_HeLa_4mz_sDIA_400-900_22.mzML	3.1341037024	3.0726488519	3.195543022917	0.004231252618349393	0
DPSQPQQWVSSQVLLC[+57.0215]K	3	Ste-2024-12-02_HeLa_4mz_sDIA_400-900_20.mzML	16.271377996317	16.209920739967	16.394388811533	0.001409721439043645	1
DPSQPQQWVSSQVLLC[+57.0215]K	3	Ste-2024-12-02_HeLa_4mz_sDIA_400-900_21.mzML		16.21900748545	16.4034709425	1	0
DPSQPQQWVSSQVLLC[+57.0215]K	3	Ste-2024-12-02_HeLa_4mz_sDIA_400-900_22.mzML		16.237443285883	16.391048899183	1	0
DSDGDGRGDAC[+57.0215]K	2	Ste-2024-12-02_HeLa_4mz_sDIA_400-900_20.mzML	2.305325103017	2.24259175085	2.429260716533	0.007499234771962045	0
DSDGDGRGDAC[+57.0215]K	2	Ste-2024-12-02_HeLa_4mz_sDIA_400-900_21.mzML	2.306496780017	2.243706024933	2.430267658483	0.005576500157084511	0
DSDGDGRGDAC[+57.0215]K	2	Ste-2024-12-02_HeLa_4mz_sDIA_400-900_22.mzML	2.335173031333	2.241620169733	2.42792041585	0.0027383731370084394	1
DSLSVNEFK	2	Ste-2024-12-02_HeLa_4mz_sDIA_400-900_20.mzML	11.093230248833	10.971106707633	11.15425857435	0.0005738469263324008	0
DSLSVNEFK	2	Ste-2024-12-02_HeLa_4mz_sDIA_400-900_21.mzML	11.071675567917	10.949542957217	11.193693860167	0.00036990456462232746	1
DSLSVNEFK	2	Ste-2024-12-02_HeLa_4mz_sDIA_400-900_22.mzML	11.059621100983	10.968003444883	11.1511728409	0.0008424008424008424	0
DTSVEDALER	2	Ste-2024-12-02_HeLa_4mz_sDIA_400-900_20.mzML	10.332730832967	10.271645259967	10.424335554083	0.002603910779208018	0
DTSVEDALER	2	Ste-2024-12-02_HeLa_4mz_sDIA_400-900_21.mzML	10.341927700083	10.280881919017	10.4640580247	0.0008224650452355775	1
DTSVEDALER	2	Ste-2024-12-02_HeLa_4mz_sDIA_400-900_22.mzML	10.329927176817	10.268853996717	10.452036521067	0.0014290425414971969	0
DVEGSTSPQIGDK	2	Ste-2024-12-02_HeLa_4mz_sDIA_400-900_20.mzML	7.12990840215	7.007527333333	7.191181521717	0.00011510128913443831	0
DVEGSTSPQIGDK	2	Ste-2024-12-02_HeLa_4mz_sDIA_400-900_21.mzML	7.105254135167	6.982788696517	7.22784090225	8.979885057471264E-05	1
DVEGSTSPQIGDK	2	Ste-2024-12-02_HeLa_4mz_sDIA_400-900_22.mzML	7.09741440585	7.03629108495	7.2198500679	0.0001855976243504083	0
DVQNFPAATDEK	2	Ste-2024-12-02_HeLa_4mz_sDIA_400-900_20.mzML	8.811558404217	8.750416884317	8.90326049055	0.0004071992833292613	1
DVQNFPAATDEK	2	Ste-2024-12-02_HeLa_4mz_sDIA_400-900_21.mzML	8.789141920833	8.697321894717	8.94214363335	0.005212270719770819	0
DVQNFPAATDEK	2	Ste-2024-12-02_HeLa_4mz_sDIA_400-900_22.mzML	8.808985507517	8.747896799183	8.870095549233	0.0010226909555768617	0
EANFTVSSMHGDMPQK	3	Ste-2024-12-02_HeLa_4mz_sDIA_400-900_20.mzML	9.8940357746	9.832979975017	10.016292796967	0.00011510128913443831	0
EANFTVSSMHGDMPQK	3	Ste-2024-12-02_HeLa_4mz_sDIA_400-900_21.mzML	9.903495686617	9.84243072015	10.025485413267	8.979885057471264E-05	1
EANFTVSSMHGDMPQK	3	Ste-2024-12-02_HeLa_4mz_sDIA_400-900_22.mzML	9.8913529058	9.7997725994	9.98293413405	0.0001855976243504083	0
EAQNDLEQVLR	2	Ste-2024-12-02_HeLa_4mz_sDIA_400-900_20.mzML	12.475177723667	12.4446614882	12.566764003083	0.0037438509424927084	1
EAQNDLEQVLR	2	Ste-2024-12-02_HeLa_4mz_sDIA_400-900_21.mzML	12.483778647733	12.392286428933	12.544849106167	0.007595884003741815	0
EAQNDLEQVLR	2	Ste-2024-12-02_HeLa_4mz_sDIA_400-900_22.mzML		12.4108873877	12.563546010133	0.02140046183367483	0
EATTDFTVDSR	2	Ste-2024-12-02_HeLa_4mz_sDIA_400-900_20.mzML	8.717204851683	8.62549657865	8.870024422867	0.00011510128913443831	0
EATTDFTVDSR	2	Ste-2024-12-02_HeLa_4mz_sDIA_400-900_21.mzML	8.72526790225	8.664066828017	8.84769501695	8.979885057471264E-05	1
EATTDFTVDSR	2	Ste-2024-12-02_HeLa_4mz_sDIA_400-900_22.mzML	8.714716804633	8.65361078915	8.867446095667	0.0001855976243504083	0
EDEISLEDLIER	2	Ste-2024-12-02_HeLa_4mz_sDIA_400-900_20.mzML	18.305945405333	18.1826841325	18.36756635275	0.0003009328919650918	0
EDEISLEDLIER	2	Ste-2024-12-02_HeLa_4mz_sDIA_400-900_21.mzML	18.3150412666	18.19178006915	18.376658675167	8.979885057471264E-05	1
EDEISLEDLIER	2	Ste-2024-12-02_HeLa_4mz_sDIA_400-900_22.mzML	18.305129744367	18.243427287217	18.42848687475	0.0006028636021100226	0
EDFLNIC[+57.0215]IEPDTISK	2	Ste-2024-12-02_HeLa_4mz_sDIA_400-900_20.mzML	18.316062345517	18.25444973475	18.439248880883	0.0003709886848451122	0
EDFLNIC[+57.0215]IEPDTISK	2	Ste-2024-12-02_HeLa_4mz_sDIA_400-900_21.mzML	18.3251584394	18.201894708833	18.417562609583	0.00030206917384080956	1
EDFLNIC[+57.0215]IEPDTISK	2	Ste-2024-12-02_HeLa_4mz_sDIA_400-900_22.mzML	18.346117208933	18.253552935917	18.4077857882	0.0006028636021100226	0
EEFAVPENSSVQQFK	2	Ste-2024-12-02_HeLa_4mz_sDIA_400-900_20.mzML	12.701671560017	12.61002746715	12.793292826383	0.00011510128913443831	0
EEFAVPENSSVQQFK	2	Ste-2024-12-02_HeLa_4mz_sDIA_400-900_21.mzML	12.710334860867	12.6186467951	12.80194029045	8.979885057471264E-05	1
EEFAVPENSSVQQFK	2	Ste-2024-12-02_HeLa_4mz_sDIA_400-900_22.mzML	12.7291233631	12.606820576167	12.851216023983	0.0001855976243504083	0
EEIPEEELAEDVEEIDHAER	3	Ste-2024-12-02_HeLa_4mz_sDIA_400-900_20.mzML	17.478068173417	17.354916417817	17.601210509033	0.00011510128913443831	0
EEIPEEELAEDVEEIDHAER	3	Ste-2024-12-02_HeLa_4mz_sDIA_400-900_21.mzML	17.4872163209	17.3641346391	17.610346433183	8.979885057471264E-05	1
EEIPEEELAEDVEEIDHAER	3	Ste-2024-12-02_HeLa_4mz_sDIA_400-900_22.mzML	17.476200879467	17.383717465433	17.568662548133	0.0001855976243504083	0
ELAQQIQK	2	Ste-2024-12-02_HeLa_4mz_sDIA_400-900_20.mzML	6.0163167174	5.9551203763	6.13882932225	0.0003009328919650918	0
ELAQQIQK	2	Ste-2024-12-02_HeLa_4mz_sDIA_400-900_21.mzML	6.021148034917	5.898601541467	6.08249758625	8.979885057471264E-05	1
ELAQQIQK	2	Ste-2024-12-02_HeLa_4mz_sDIA_400-900_22.mzML	6.014560468767	5.953366607367	6.137071023483	0.0001855976243504083	0
ELC[+57.0215]GPWPSHQLLTNQLQR	3	Ste-2024-12-02_HeLa_4mz_sDIA_400-900_20.mzML	14.587645404417	14.465241504333	14.710172738717	0.0017615971814445098	0
ELC[+57.0215]GPWPSHQLLTNQLQR	3	Ste-2024-12-02_HeLa_4mz_sDIA_400-900_21.mzML	14.597030754733	14.474446844617	14.6583737408	0.0011373483535528596	1
ELC[+57.0215]GPWPSHQLLTNQLQR	3	Ste-2024-12-02_HeLa_4mz_sDIA_400-900_22.mzML	14.615137154417	14.5233214541	14.707069924817	0.0018478749438146133	0
ELEEAMAGER	2	Ste-2024-12-02_HeLa_4mz_sDIA_400-900_20.mzML	7.79666100475	7.7049019883	7.91908377745	0.001142170123234145	1
ELEEAMAGER	2	Ste-2024-12-02_HeLa_4mz_sDIA_400-900_21.mzML	7.772800618817	7.71153388685	7.864994536367	0.002240869648135787	0
ELEEAMAGER	2	Ste-2024-12-02_HeLa_4mz_sDIA_400-900_22.mzML	7.79454140975	7.70277045405	7.855752370783	0.002386634844868735	0
ELLEPLFK	2	Ste-2024-12-02_HeLa_4mz_sDIA_400-900_20.mzML	16.261021120583	16.199562861433	16.384017146283	0.0051523205888366385	0
ELLEPLFK	2	Ste-2024-12-02_HeLa_4mz_sDIA_400-900_21.mzML		16.208661175917	16.39311670645	1	0
ELLEPLFK	2	Ste-2024-12-02_HeLa_4mz_sDIA_400-900_22.mzML	16.288537673867	16.165637282833	16.349985006333	0.0026306240928882438	1
ENAAYFQFFSDVR	2	Ste-2024-12-02_HeLa_4mz_sDIA_400-900_20.mzML	18.217608117833	18.094366485917	18.279232166583	0.0004071992833292613	0
ENAAYFQFFSDVR	2	Ste-2024-12-02_HeLa_4mz_sDIA_400-900_21.mzML	18.195871732133	18.103457345067	18.34996286015	8.979885057471264E-05	1
ENAAYFQFFSDVR	2	Ste-2024-12-02_HeLa_4mz_sDIA_400-900_22.mzML	18.216664385417	18.154956807067	18.340090702567	0.0001855976243504083	0
ENAGVDPTLAIPMIQK	2	Ste-2024-12-02_HeLa_4mz_sDIA_400-900_20.mzML	16.774097443983	16.681877901083	16.86633584535	0.0005738469263324008	0
ENAGVDPTLAIPMIQK	2	Ste-2024-12-02_HeLa_4mz_sDIA_400-900_21.mzML	16.813990669333	16.721738473983	16.906239959217	0.00016959213092512508	1
ENAGVDPTLAIPMIQK	2	Ste-2024-12-02_HeLa_4mz_sDIA_400-900_22.mzML	16.802100961567	16.740529492167	16.925258048683	0.0008424008424008424	0
ERDFTSLENTVEER	2	Ste-2024-12-02_HeLa_4mz_sDIA_400-900_20.mzML	11.480012600383	11.358048351	11.602177181033	0.00011510128913443831	1
ERDFTSLENTVEER	2	Ste-2024-12-02_HeLa_4mz_sDIA_400-900_21.mzML		11.380142075517	11.624266979317	0.17439302846848356	0
ERDFTSLENTVEER	2	Ste-2024-12-02_HeLa_4mz_sDIA_400-900_22.mzML	11.476915041867	11.38546273905	11.568636913033	0.0001855976243504083	0
ESEFDDEPK	2	Ste-2024-12-02_HeLa_4mz_sDIA_400-900_20.mzML	6.4491873926	6.32670235235	6.571663199767	0.0010221682744521816	0
ESEFDDEPK	2	Ste-2024-12-02_HeLa_4mz_sDIA_400-900_21.mzML	6.423927932983	6.331976364933	6.51583731055	0.0007981335952848723	1
ESEFDDEPK	2	Ste-2024-12-02_HeLa_4mz_sDIA_400-900_22.mzML	6.416913778467	6.325033655583	6.570114866567	0.0013071118768938268	0
ESENLASGDQPR	2	Ste-2024-12-02_HeLa_4mz_sDIA_400-900_20.mzML	5.475151416167	5.383113133817	5.628456762267	0.000985092270309319	0
ESENLASGDQPR	2	Ste-2024-12-02_HeLa_4mz_sDIA_400-900_21.mzML	5.479446316783	5.38728387155	5.602196524017	0.00030206917384080956	1
ESENLASGDQPR	2	Ste-2024-12-02_HeLa_4mz_sDIA_400-900_22.mzML	5.4734731239	5.412094587833	5.596119011283	0.000551745881611098	0
ESLEALLQR	2	Ste-2024-12-02_HeLa_4mz_sDIA_400-900_20.mzML	14.63713749815	14.54526279405	14.729051074733	0.000766016713091922	0
ESLEALLQR	2	Ste-2024-12-02_HeLa_4mz_sDIA_400-900_21.mzML	14.615882640867	14.554644508917	14.738503896533	8.979885057471264E-05	1
ESLEALLQR	2	Ste-2024-12-02_HeLa_4mz_sDIA_400-900_22.mzML	14.634037865217	14.5115344654	14.6952900838	0.0001855976243504083	0
ESNEEEQVWHFLGK	2	Ste-2024-12-02_HeLa_4mz_sDIA_400-900_20.mzML	15.576721069817	15.515308604233	15.69957020025	0.00011510128913443831	0
ESNEEEQVWHFLGK	2	Ste-2024-12-02_HeLa_4mz_sDIA_400-900_21.mzML	15.585971107133	15.5245909701	15.708609815417	8.979885057471264E-05	1
ESNEEEQVWHFLGK	2	Ste-2024-12-02_HeLa_4mz_sDIA_400-900_22.mzML	15.604323500433	15.51228631005	15.665692292317	0.0001855976243504083	0
ESYSVYVYK	2	Ste-2024-12-02_HeLa_4mz_sDIA_400-900_20.mzML	10.363499733833	10.302422715983	10.48570817975	0.00011510128913443831	0
ESYSVYVYK	2	Ste-2024-12-02_HeLa_4mz_sDIA_400-900_21.mzML	10.372701336	10.250608704433	10.494819255783	8.979885057471264E-05	1
ESYSVYVYK	2	Ste-2024-12-02_HeLa_4mz_sDIA_400-900_22.mzML	10.360707419267	10.29961941705	10.482803370133	0.0001855976243504083	0
ETLPNVR	2	Ste-2024-12-02_HeLa_4mz_sDIA_400-900_20.mzML	7.6040508625	7.481795911833	7.665168418617	0.001756408145342774	0
ETLPNVR	2	Ste-2024-12-02_HeLa_4mz_sDIA_400-900_21.mzML	7.579973194217	7.518760424033	7.64115884195	0.001113647753215658	1
ETLPNVR	2	Ste-2024-12-02_HeLa_4mz_sDIA_400-900_22.mzML	7.602005911283	7.479780447717	7.66311036	0.0014094830016350003	0
EVEQFDVATHLQTAPELVDR	3	Ste-2024-12-02_HeLa_4mz_sDIA_400-900_20.mzML	15.233416588967	15.141592425033	15.325303166317	0.0018087030535163316	0
EVEQFDVATHLQTAPELVDR	3	Ste-2024-12-02_HeLa_4mz_sDIA_400-900_21.mzML	15.242786077	15.181497238	15.3653218681	0.00016959213092512508	1
EVEQFDVATHLQTAPELVDR	3	Ste-2024-12-02_HeLa_4mz_sDIA_400-900_22.mzML	15.261072110167	15.199757687717	15.352983375733	0.002309148847734725	0
EVSDFIQDSGQIK	2	Ste-2024-12-02_HeLa_4mz_sDIA_400-900_20.mzML	12.54081738615	12.479753325817	12.662908638067	0.0036571932143643973	0
EVSDFIQDSGQIK	2	Ste-2024-12-02_HeLa_4mz_sDIA_400-900_21.mzML	12.549422699983	12.488350818133	12.671602235417	0.0030839721561371045	1
EVSDFIQDSGQIK	2	Ste-2024-12-02_HeLa_4mz_sDIA_400-900_22.mzML		12.476490601017	12.65985637165	0.0332746371971583	0
EYQDLLNVK	2	Ste-2024-12-02_HeLa_4mz_sDIA_400-900_20.mzML	12.4083464623	12.2863732972	12.530475527917	0.0003009328919650918	0
EYQDLLNVK	2	Ste-2024-12-02_HeLa_4mz_sDIA_400-900_21.mzML	12.417003495283	12.294991182333	12.5390734704	8.979885057471264E-05	1
EYQDLLNVK	2	Ste-2024-12-02_HeLa_4mz_sDIA_400-900_22.mzML	12.4051138263	12.344146309517	12.527182080617	0.0001855976243504083	0
FAELVYTGFWHSPEC[+57.0215]EFVR	3	Ste-2024-12-02_HeLa_4mz_sDIA_400-900_20.mzML	18.401959903883	18.3711798241	18.494322686583	0.004640468227424749	0
FAELVYTGFWHSPEC[+57.0215]EFVR	3	Ste-2024-12-02_HeLa_4mz_sDIA_400-900_21.mzML	18.441852440483	18.349479790883	18.5034505704	0.0013244331426149607	1
FAELVYTGFWHSPEC[+57.0215]EFVR	3	Ste-2024-12-02_HeLa_4mz_sDIA_400-900_22.mzML		18.401281047117	18.55547484195	0.014507167844159407	0
FFPASFPNR	2	Ste-2024-12-02_HeLa_4mz_sDIA_400-900_20.mzML	13.231569239383	13.048329358917	13.323219476883	0.00946893235952582	0
FFPASFPNR	2	Ste-2024-12-02_HeLa_4mz_sDIA_400-900_21.mzML	13.20963492865	12.934872343	13.331837669683	0.003840081921747664	0
FFPASFPNR	2	Ste-2024-12-02_HeLa_4mz_sDIA_400-900_22.mzML	13.228331597783	13.0147097875	13.44212990225	0.0014290425414971969	1
FGIQAQMVTTDFQK	2	Ste-2024-12-02_HeLa_4mz_sDIA_400-900_20.mzML	14.990791891317	14.929475292083	15.11337563405	0.00011510128913443831	0
FGIQAQMVTTDFQK	2	Ste-2024-12-02_HeLa_4mz_sDIA_400-900_21.mzML	15.0001434513	14.938792442917	15.122691542083	8.979885057471264E-05	1
FGIQAQMVTTDFQK	2	Ste-2024-12-02_HeLa_4mz_sDIA_400-900_22.mzML	15.018447504767	14.8958633401	15.079807666767	0.0001855976243504083	0
FGNQADHFLGSLAFAK	3	Ste-2024-12-02_HeLa_4mz_sDIA_400-900_20.mzML	15.8662489736	15.804815137417	15.927755435633	0.0003009328919650918	0
FGNQADHFLGSLAFAK	3	Ste-2024-12-02_HeLa_4mz_sDIA_400-900_21.mzML	15.8753097904	15.813877598	16.059774536367	8.979885057471264E-05	1
FGNQADHFLGSLAFAK	3	Ste-2024-12-02_HeLa_4mz_sDIA_400-900_22.mzML	15.89388592315	15.832413981183	15.955354252817	0.0001855976243504083	0
FLAAGTHLGGTNLDFQMEQYIYK	3	Ste-2024-12-02_HeLa_4mz_sDIA_400-900_20.mzML	17.729258723917	17.667631881617	17.852454652317	0.00011510128913443831	0
FLAAGTHLGGTNLDFQMEQYIYK	3	Ste-2024-12-02_HeLa_4mz_sDIA_400-900_21.mzML	17.738410684067	17.615164472867	17.861576284083	8.979885057471264E-05	1
FLAAGTHLGGTNLDFQMEQYIYK	3	Ste-2024-12-02_HeLa_4mz_sDIA_400-900_22.mzML	17.75852763165	17.635140632683	17.8818857535	0.0001855976243504083	0
FLIC[+57.0215]TDVAAR	2	Ste-2024-12-02_HeLa_4mz_sDIA_400-900_20.mzML	13.2033979862	13.08126353215	13.325616794667	0.00011510128913443831	0
FLIC[+57.0215]TDVAAR	2	Ste-2024-12-02_HeLa_4mz_sDIA_400-900_21.mzML	13.181489442217	13.12040797995	13.303676341233	8.979885057471264E-05	1
FLIC[+57.0215]TDVAAR	2	Ste-2024-12-02_HeLa_4mz_sDIA_400-900_22.mzML	13.200170404883	13.078127960633	13.322357058983	0.0001855976243504083	0
FLLDTNK	2	Ste-2024-12-02_HeLa_4mz_sDIA_400-900_20.mzML	10.751717990933	10.629609002067	10.8433865363	0.0017615971814445098	1
FLLDTNK	2	Ste-2024-12-02_HeLa_4mz_sDIA_400-900_21.mzML	10.760661254833	10.669151594767	10.85239475175	0.002803364036844213	0
FLLDTNK	2	Ste-2024-12-02_HeLa_4mz_sDIA_400-900_22.mzML	10.748737830217	10.6877470576	10.87082301105	0.001968697706467172	0
FNPETDYLTGTDGKK	3	Ste-2024-12-02_HeLa_4mz_sDIA_400-900_20.mzML		10.135626775083	10.3798778316	0.015152558716165025	0
FNPETDYLTGTDGKK	3	Ste-2024-12-02_HeLa_4mz_sDIA_400-900_21.mzML	10.2669846134	10.20594518185	10.389078986667	0.004970098593825764	1
FNPETDYLTGTDGKK	3	Ste-2024-12-02_HeLa_4mz_sDIA_400-900_22.mzML		10.193900018583	10.40760021575	0.03994327582131884	0
FSNTGEDWYVLVGVAK	2	Ste-2024-12-02_HeLa_4mz_sDIA_400-900_20.mzML	18.43900943075	18.346634035317	18.562239726967	0.0003709886848451122	0
FSNTGEDWYVLVGVAK	2	Ste-2024-12-02_HeLa_4mz_sDIA_400-900_21.mzML	18.4481150843	18.38652928215	18.571361390667	8.979885057471264E-05	1
FSNTGEDWYVLVGVAK	2	Ste-2024-12-02_HeLa_4mz_sDIA_400-900_22.mzML	18.469202912283	18.345877363333	18.592606370083	0.0001855976243504083	0
FTITPPTAQVVGVLK	3	Ste-2024-12-02_HeLa_4mz_sDIA_400-900_20.mzML		17.539167827633	17.78557421805	0.168639882685299	0
FTITPPTAQVVGVLK	3	Ste-2024-12-02_HeLa_4mz_sDIA_400-900_21.mzML	17.67147807025	17.548278981867	17.794695841117	0.0027494816550978096	1
FTITPPTAQVVGVLK	3	Ste-2024-12-02_HeLa_4mz_sDIA_400-900_22.mzML		17.568179904267	17.814903093517	0.03210336611888325	0
FTLRDEGK	2	Ste-2024-12-02_HeLa_4mz_sDIA_400-900_20.mzML		5.9859503973	6.108451641017	0.010726281194698256	0
FTLRDEGK	2	Ste-2024-12-02_HeLa_4mz_sDIA_400-900_21.mzML		5.960099367017	6.082736875767	0.12286560985935369	0
FTLRDEGK	2	Ste-2024-12-02_HeLa_4mz_sDIA_400-900_22.mzML	6.04544139485	5.984212104617	6.106721007717	0.002238388360380526	1
GAGSIAGASASPK	2	Ste-2024-12-02_HeLa_4mz_sDIA_400-900_20.mzML	5.437753142083	5.345728178433	5.560378085417	0.005007593481919304	0
GAGSIAGASASPK	2	Ste-2024-12-02_HeLa_4mz_sDIA_400-900_21.mzML		5.31912737395	5.503388005917	0.3318228351198362	0
GAGSIAGASASPK	2	Ste-2024-12-02_HeLa_4mz_sDIA_400-900_22.mzML	5.436062530317	5.31330395625	5.49737730895	0.002976322686686509	1
GDSHLNVQVSNFK	2	Ste-2024-12-02_HeLa_4mz_sDIA_400-900_20.mzML	9.7005896292	9.639519031967	9.792252315017	0.00942632005302305	0
GDSHLNVQVSNFK	2	Ste-2024-12-02_HeLa_4mz_sDIA_400-900_21.mzML	9.709913223233	9.6487409421	9.83227283885	0.006006820647961556	0
GDSHLNVQVSNFK	2	Ste-2024-12-02_HeLa_4mz_sDIA_400-900_22.mzML	9.7285615954	9.606350469467	9.820148735217	0.005412173351104649	1
GDTPGHATPGHGGATSSAR	3	Ste-2024-12-02_HeLa_4mz_sDIA_400-900_20.mzML	2.844908461233	2.783293146033	2.968049231917	0.00011510128913443831	0
GDTPGHATPGHGGATSSAR	3	Ste-2024-12-02_HeLa_4mz_sDIA_400-900_21.mzML	2.84627819085	2.784622078117	2.969524878833	8.979885057471264E-05	1
GDTPGHATPGHGGATSSAR	3	Ste-2024-12-02_HeLa_4mz_sDIA_400-900_22.mzML	2.843539654283	2.7819438477	2.966661792417	0.0001855976243504083	0
GFVLYPVK	2	Ste-2024-12-02_HeLa_4mz_sDIA_400-900_20.mzML	13.7462509612	13.6851050077	13.8685491169	0.004326617179215271	0
GFVLYPVK	2	Ste-2024-12-02_HeLa_4mz_sDIA_400-900_21.mzML	13.754990196517	13.693801185833	13.846770226917	0.0024094108754192847	1
GFVLYPVK	2	Ste-2024-12-02_HeLa_4mz_sDIA_400-900_22.mzML		13.681732551167	13.834704047433	0.010054416375364878	0
GGAEVQIFAPDVPQMHVIDHTK	3	Ste-2024-12-02_HeLa_4mz_sDIA_400-900_20.mzML		14.898400338183	15.08232903415	0.013133405906521052	0
GGAEVQIFAPDVPQMHVIDHTK	3	Ste-2024-12-02_HeLa_4mz_sDIA_400-900_21.mzML	14.999661449517	14.93831089925	15.061039859217	0.0011373483535528596	1
GGAEVQIFAPDVPQMHVIDHTK	3	Ste-2024-12-02_HeLa_4mz_sDIA_400-900_22.mzML	15.01796495095	14.95661629005	15.07932512465	0.002238388360380526	0
GGAVVDEGPTGVK	2	Ste-2024-12-02_HeLa_4mz_sDIA_400-900_20.mzML	7.339786503217	7.217475556683	7.400944603933	0.00011510128913443831	0
GGAVVDEGPTGVK	2	Ste-2024-12-02_HeLa_4mz_sDIA_400-900_21.mzML	7.315363171167	7.254149101983	7.437786301833	8.979885057471264E-05	1
GGAVVDEGPTGVK	2	Ste-2024-12-02_HeLa_4mz_sDIA_400-900_22.mzML	7.337835923633	7.21551242755	7.398933268183	0.0001855976243504083	0
GGTLLSVTGEVEPR	2	Ste-2024-12-02_HeLa_4mz_sDIA_400-900_20.mzML	13.669206731683	13.577573580183	13.760920891417	0.00011510128913443831	1
GGTLLSVTGEVEPR	2	Ste-2024-12-02_HeLa_4mz_sDIA_400-900_21.mzML	13.616832959883	13.525127372333	13.769663137217	0.00036990456462232746	0
GGTLLSVTGEVEPR	2	Ste-2024-12-02_HeLa_4mz_sDIA_400-900_22.mzML	13.66587900705	13.574239898817	13.757556291283	0.0001855976243504083	0
GIVEFSGK	2	Ste-2024-12-02_HeLa_4mz_sDIA_400-900_20.mzML	9.376947976767	9.254769073433	9.499094276117	0.0004071992833292613	0
GIVEFSGK	2	Ste-2024-12-02_HeLa_4mz_sDIA_400-900_21.mzML	9.35531782765	9.263515890217	9.447029920783	0.0005003931660590464	0
GIVEFSGK	2	Ste-2024-12-02_HeLa_4mz_sDIA_400-900_22.mzML	9.374361398267	9.313239420317	9.496475957717	0.0001855976243504083	1
GIYFADMVSK	2	Ste-2024-12-02_HeLa_4mz_sDIA_400-900_20.mzML	14.516876092567	14.394314565067	14.578010196533	0.00011510128913443831	0
GIYFADMVSK	2	Ste-2024-12-02_HeLa_4mz_sDIA_400-900_21.mzML	14.495512391633	14.403377572317	14.587405200517	8.979885057471264E-05	1
GIYFADMVSK	2	Ste-2024-12-02_HeLa_4mz_sDIA_400-900_22.mzML	14.5137004865	14.452410038383	14.636203026783	0.0001855976243504083	0
GLGTDEDSLIEIIC[+57.0215]SR	3	Ste-2024-12-02_HeLa_4mz_sDIA_400-900_20.mzML	19.4252637153	19.363608169367	19.54862080255	0.00011510128913443831	0
GLGTDEDSLIEIIC[+57.0215]SR	3	Ste-2024-12-02_HeLa_4mz_sDIA_400-900_21.mzML	19.434494340867	19.372833669033	19.5578632172	8.979885057471264E-05	1
GLGTDEDSLIEIIC[+57.0215]SR	3	Ste-2024-12-02_HeLa_4mz_sDIA_400-900_22.mzML	19.45691776815	19.333369990117	19.5804830536	0.0001855976243504083	0
GNIIGYSQVDK	2	Ste-2024-12-02_HeLa_4mz_sDIA_400-900_20.mzML	9.845898107333	9.784786441967	9.937457743617	0.0025987006496751624	0
GNIIGYSQVDK	2	Ste-2024-12-02_HeLa_4mz_sDIA_400-900_21.mzML	9.824796845517	9.794200835167	9.885916700467	0.0017544739084665898	0
GNIIGYSQVDK	2	Ste-2024-12-02_HeLa_4mz_sDIA_400-900_22.mzML	9.843226963817	9.782142657017	9.904277111567	0.0015294551975106798	1
GNNVLYISTQK	2	Ste-2024-12-02_HeLa_4mz_sDIA_400-900_20.mzML	10.244266736783	10.183234034833	10.366379372117	0.0003009328919650918	0
GNNVLYISTQK	2	Ste-2024-12-02_HeLa_4mz_sDIA_400-900_21.mzML	10.25349493055	10.131368482733	10.3145255402	0.00016959213092512508	1
GNNVLYISTQK	2	Ste-2024-12-02_HeLa_4mz_sDIA_400-900_22.mzML	10.24145236875	10.180410627933	10.363587768467	0.0001855976243504083	0
GQLEANLLQVLEK	2	Ste-2024-12-02_HeLa_4mz_sDIA_400-900_20.mzML		18.95283935325	19.137777010117	0.024672969822561844	0
GQLEANLLQVLEK	2	Ste-2024-12-02_HeLa_4mz_sDIA_400-900_21.mzML		18.931058608183	19.116179167417	0.01157204474523968	0
GQLEANLLQVLEK	2	Ste-2024-12-02_HeLa_4mz_sDIA_400-900_22.mzML	19.0454261805	18.92194418315	19.168981946183	0.0026306240928882438	1
HASSGSFLPSANEHLK	3	Ste-2024-12-02_HeLa_4mz_sDIA_400-900_20.mzML	8.438441901633	8.316256338383	8.560743280867	0.0005100553774409793	1
HASSGSFLPSANEHLK	3	Ste-2024-12-02_HeLa_4mz_sDIA_400-900_21.mzML	8.446204174517	8.323868471017	8.568668096083	0.0036253776435045317	0
HASSGSFLPSANEHLK	3	Ste-2024-12-02_HeLa_4mz_sDIA_400-900_22.mzML		8.34448081395	8.527812003283	0.12169609981472361	0
HGLVPFAFVR	2	Ste-2024-12-02_HeLa_4mz_sDIA_400-900_20.mzML	15.190964905667	15.099162637117	15.313512643283	0.0037438509424927084	0
HGLVPFAFVR	2	Ste-2024-12-02_HeLa_4mz_sDIA_400-900_21.mzML	15.169707479633	15.108486900333	15.2922744316	0.0025875612235468073	1
HGLVPFAFVR	2	Ste-2024-12-02_HeLa_4mz_sDIA_400-900_22.mzML	15.187966560833	15.126803487583	15.24928300545	0.004337671004337671	0
HLAC[+57.0215]LPR	2	Ste-2024-12-02_HeLa_4mz_sDIA_400-900_20.mzML		6.13618643865	6.258771202867	1	0
HLAC[+57.0215]LPR	2	Ste-2024-12-02_HeLa_4mz_sDIA_400-900_21.mzML	6.171845102617	6.110514423233	6.263952455633	0.0045969463142341155	0
HLAC[+57.0215]LPR	2	Ste-2024-12-02_HeLa_4mz_sDIA_400-900_22.mzML	6.195706087017	6.13442829975	6.257088260117	0.0038441824705279346	1
HLATSDMLAAASK	3	Ste-2024-12-02_HeLa_4mz_sDIA_400-900_20.mzML	9.66620490915	9.60514217765	9.788400745067	0.0025595984943538267	0
HLATSDMLAAASK	3	Ste-2024-12-02_HeLa_4mz_sDIA_400-900_21.mzML	9.6754488907	9.55317365435	9.7366337664	0.0024094108754192847	0
HLATSDMLAAASK	3	Ste-2024-12-02_HeLa_4mz_sDIA_400-900_22.mzML	9.680925979833	9.619785559917	9.803065626133	0.0014774281805745553	1
HLLVSNVGGDGEEIER	2	Ste-2024-12-02_HeLa_4mz_sDIA_400-900_20.mzML	10.320014683633	10.197920838533	10.3810913305	0.00011510128913443831	0
HLLVSNVGGDGEEIER	2	Ste-2024-12-02_HeLa_4mz_sDIA_400-900_21.mzML	10.298684726433	10.237681053217	10.420810018183	8.979885057471264E-05	1
HLLVSNVGGDGEEIER	2	Ste-2024-12-02_HeLa_4mz_sDIA_400-900_22.mzML	10.317205687683	10.256156635283	10.4393300171	0.0001855976243504083	0
HLSPYATLTVGDSSHK	2	Ste-2024-12-02_HeLa_4mz_sDIA_400-900_20.mzML		9.080752335333	9.202799944783	0.1627490778934503	0
HLSPYATLTVGDSSHK	2	Ste-2024-12-02_HeLa_4mz_sDIA_400-900_21.mzML	9.119777145383	9.089219791333	9.211479445083	0.0025875612235468073	1
HLSPYATLTVGDSSHK	2	Ste-2024-12-02_HeLa_4mz_sDIA_400-900_22.mzML		9.078112591583	9.2001997466	0.3218537414965986	0
HMNSAGVLATLR	3	Ste-2024-12-02_HeLa_4mz_sDIA_400-900_20.mzML		10.397901838917	10.55057561225	0.022486252945797328	0
HMNSAGVLATLR	3	Ste-2024-12-02_HeLa_4mz_sDIA_400-900_21.mzML	10.468146317433	10.407081068817	10.529153273883	0.003812706164588956	0
HMNSAGVLATLR	3	Ste-2024-12-02_HeLa_4mz_sDIA_400-900_22.mzML	10.4866541355	10.425614950517	10.547669111617	0.0009986019572598363	1
HNEFDFISGTR	2	Ste-2024-12-02_HeLa_4mz_sDIA_400-900_20.mzML	12.170229153767	12.0785835081	12.261864015217	0.0004071992833292613	0
HNEFDFISGTR	2	Ste-2024-12-02_HeLa_4mz_sDIA_400-900_21.mzML	12.17886082255	12.117813330333	12.300995017817	0.00030206917384080956	1
HNEFDFISGTR	2	Ste-2024-12-02_HeLa_4mz_sDIA_400-900_22.mzML	12.197583081367	12.136536513383	12.25864642945	0.0006028636021100226	0
HSFFSTIDWNK	3	Ste-2024-12-02_HeLa_4mz_sDIA_400-900_20.mzML	14.187885660483	14.126707854117	14.310022353483	0.003624647603705195	0
HSFFSTIDWNK	3	Ste-2024-12-02_HeLa_4mz_sDIA_400-900_21.mzML	14.213512620233	14.030268953433	14.274637400283	0.001986530355152866	1
HSFFSTIDWNK	3	Ste-2024-12-02_HeLa_4mz_sDIA_400-900_22.mzML	14.2013755189	14.140215149217	14.262477730533	0.0062179813069492785	0
HSQEELLQR	2	Ste-2024-12-02_HeLa_4mz_sDIA_400-900_20.mzML	5.960654662433	5.868791612933	6.052525384717	0.0029536468010099566	0
HSQEELLQR	2	Ste-2024-12-02_HeLa_4mz_sDIA_400-900_21.mzML	5.96539494055	5.90414693885	6.026695816533	0.0008224650452355775	1
HSQEELLQR	2	Ste-2024-12-02_HeLa_4mz_sDIA_400-900_22.mzML	5.989501019367	5.9283109989	6.050739230467	0.0009986019572598363	0
HSVDGESLSSELQQLGLPK	3	Ste-2024-12-02_HeLa_4mz_sDIA_400-900_20.mzML	16.70200693025	16.6099210615	16.763495511917	0.0004583651642475172	1
HSVDGESLSSELQQLGLPK	3	Ste-2024-12-02_HeLa_4mz_sDIA_400-900_21.mzML	16.6803848462	16.6189426349	16.772657015883	0.0008224650452355775	0
HSVDGESLSSELQQLGLPK	3	Ste-2024-12-02_HeLa_4mz_sDIA_400-900_22.mzML	16.699112869683	16.606801058883	16.760697278067	0.0012119743061447098	0
HVGMAVAGLLADAR	2	Ste-2024-12-02_HeLa_4mz_sDIA_400-900_20.mzML	14.035121871783	13.9127675745	14.096136029167	0.00011510128913443831	0
HVGMAVAGLLADAR	2	Ste-2024-12-02_HeLa_4mz_sDIA_400-900_21.mzML	14.043984526767	13.921577571817	14.1660848574	8.979885057471264E-05	1
HVGMAVAGLLADAR	2	Ste-2024-12-02_HeLa_4mz_sDIA_400-900_22.mzML	14.062416180333	13.940087676883	14.184503052567	0.0001855976243504083	0
HVVAVVLGDVGR	3	Ste-2024-12-02_HeLa_4mz_sDIA_400-900_20.mzML	11.727497901717	11.6359228099	11.7580179776	0.006908865083061637	0
HVVAVVLGDVGR	3	Ste-2024-12-02_HeLa_4mz_sDIA_400-900_21.mzML		11.65693853695	11.8095385955	0.02927374996115479	0
HVVAVVLGDVGR	3	Ste-2024-12-02_HeLa_4mz_sDIA_400-900_22.mzML	11.724607262717	11.663529684283	11.75508847295	0.0035782031384721503	1
IADQLEELNK	2	Ste-2024-12-02_HeLa_4mz_sDIA_400-900_20.mzML	10.425539174017	10.303385601917	10.5476892874	0.0004071992833292613	0
IADQLEELNK	2	Ste-2024-12-02_HeLa_4mz_sDIA_400-900_21.mzML	10.4347277025	10.343129837067	10.49578170275	8.979885057471264E-05	1
IADQLEELNK	2	Ste-2024-12-02_HeLa_4mz_sDIA_400-900_22.mzML	10.42272305195	10.361668428233	10.544782074033	0.0001855976243504083	0
IAMENDDGRTEEEK	2	Ste-2024-12-02_HeLa_4mz_sDIA_400-900_20.mzML	5.239948380517	5.178611131317	5.301344163533	0.00011510128913443831	0
IAMENDDGRTEEEK	2	Ste-2024-12-02_HeLa_4mz_sDIA_400-900_21.mzML	5.21318783515	5.151766322617	5.274644706317	8.979885057471264E-05	1
IAMENDDGRTEEEK	2	Ste-2024-12-02_HeLa_4mz_sDIA_400-900_22.mzML	5.238175774733	5.14614183725	5.299567995083	0.0001855976243504083	0
IAQLEEQLDNETK	2	Ste-2024-12-02_HeLa_4mz_sDIA_400-900_20.mzML	10.98601628165	10.924915203067	11.10814039395	0.00011510128913443831	0
IAQLEEQLDNETK	2	Ste-2024-12-02_HeLa_4mz_sDIA_400-900_21.mzML	10.99499119665	10.87284269055	11.117085688417	8.979885057471264E-05	1
IAQLEEQLDNETK	2	Ste-2024-12-02_HeLa_4mz_sDIA_400-900_22.mzML	10.982923168317	10.9218160064	11.105053011933	0.0001855976243504083	0
IAVSNLHK	2	Ste-2024-12-02_HeLa_4mz_sDIA_400-900_20.mzML	5.70787963245	5.646582011717	5.76919157905	0.005503844597329017	0
IAVSNLHK	2	Ste-2024-12-02_HeLa_4mz_sDIA_400-900_21.mzML	5.712373867217	5.65101012585	5.773749418217	0.003999326429232971	1
IAVSNLHK	2	Ste-2024-12-02_HeLa_4mz_sDIA_400-900_22.mzML		5.583620244883	5.798151296067	0.021287676583555758	0
IEEQSQSEK	2	Ste-2024-12-02_HeLa_4mz_sDIA_400-900_20.mzML	2.516535414567	2.4548128722	2.5782679179	0.003624647603705195	0
IEEQSQSEK	2	Ste-2024-12-02_HeLa_4mz_sDIA_400-900_21.mzML	2.517659270633	2.455842538167	2.579443120183	0.0017861572810716944	1
IEEQSQSEK	2	Ste-2024-12-02_HeLa_4mz_sDIA_400-900_22.mzML	2.515183075667	2.422577761817	2.638552581983	0.0026306240928882438	0
IEGEGSVLQAK	2	Ste-2024-12-02_HeLa_4mz_sDIA_400-900_20.mzML	8.224861678183	8.16371574295	8.285951883017	0.002603910779208018	0
IEGEGSVLQAK	2	Ste-2024-12-02_HeLa_4mz_sDIA_400-900_21.mzML	8.232364750267	8.17117392305	8.29351792565	0.001113647753215658	1
IEGEGSVLQAK	2	Ste-2024-12-02_HeLa_4mz_sDIA_400-900_22.mzML	8.253107368333	8.161488776333	8.2836183579	0.0015724918754586434	0
IGIPEFK	2	Ste-2024-12-02_HeLa_4mz_sDIA_400-900_20.mzML	12.948356898933	12.795647799917	13.070438033583	0.0029536468010099566	1
IGIPEFK	2	Ste-2024-12-02_HeLa_4mz_sDIA_400-900_21.mzML		12.834834015883	13.018053439717	0.3419359576968273	0
IGIPEFK	2	Ste-2024-12-02_HeLa_4mz_sDIA_400-900_22.mzML	12.9452018221	12.792558880767	13.036787839517	0.004063148093283109	0
IGLDFC[+57.0215]K	2	Ste-2024-12-02_HeLa_4mz_sDIA_400-900_20.mzML	11.9423063601	11.820232212217	12.064395699667	0.001756408145342774	0
IGLDFC[+57.0215]K	2	Ste-2024-12-02_HeLa_4mz_sDIA_400-900_21.mzML	11.951041966083	11.82896738535	12.07309492955	0.0008224650452355775	1
IGLDFC[+57.0215]K	2	Ste-2024-12-02_HeLa_4mz_sDIA_400-900_22.mzML	11.939293079233	11.878283239	12.061319705183	0.0008424008424008424	0
IIDDSEITK	2	Ste-2024-12-02_HeLa_4mz_sDIA_400-900_20.mzML	8.374713469867	8.283073752867	8.466334324817	0.0003009328919650918	0
IIDDSEITK	2	Ste-2024-12-02_HeLa_4mz_sDIA_400-900_21.mzML	8.382404899033	8.260039566633	8.504810575217	8.979885057471264E-05	1
IIDDSEITK	2	Ste-2024-12-02_HeLa_4mz_sDIA_400-900_22.mzML	8.372408035817	8.28074609045	8.4640739834	0.0001855976243504083	0
ILETTTFFQR	2	Ste-2024-12-02_HeLa_4mz_sDIA_400-900_20.mzML	14.3367216825	14.27563893725	14.428586638117	0.0025595984943538267	0
ILETTTFFQR	2	Ste-2024-12-02_HeLa_4mz_sDIA_400-900_21.mzML		14.284510147833	14.468409648	0.15563440064430464	0
ILETTTFFQR	2	Ste-2024-12-02_HeLa_4mz_sDIA_400-900_22.mzML	14.36405753385	14.24179629915	14.425391556883	0.0014094830016350003	1
ILQEYITQEGHK	2	Ste-2024-12-02_HeLa_4mz_sDIA_400-900_20.mzML		9.212433928283	9.365165166567	0.35174178994403715	0
ILQEYITQEGHK	2	Ste-2024-12-02_HeLa_4mz_sDIA_400-900_21.mzML	9.343494847717	9.251714296817	9.404678980317	8.979885057471264E-05	1
ILQEYITQEGHK	2	Ste-2024-12-02_HeLa_4mz_sDIA_400-900_22.mzML	9.317329405117	9.256212578217	9.378442767367	0.00040508790407518434	0
IQELENLPGSLAGDLR	2	Ste-2024-12-02_HeLa_4mz_sDIA_400-900_20.mzML	17.113027490883	16.95927168625	17.2053459574	0.001409721439043645	0
IQELENLPGSLAGDLR	2	Ste-2024-12-02_HeLa_4mz_sDIA_400-900_21.mzML	17.12225357565	16.968449263233	17.1837172419	0.00036990456462232746	0
IQELENLPGSLAGDLR	2	Ste-2024-12-02_HeLa_4mz_sDIA_400-900_22.mzML	17.1106879855	16.956776292567	17.233862986133	0.0001855976243504083	1
ISALALLK	2	Ste-2024-12-02_HeLa_4mz_sDIA_400-900_20.mzML	14.936516319567	14.844647087367	15.0285809574	0.0036571932143643973	1
ISALALLK	2	Ste-2024-12-02_HeLa_4mz_sDIA_400-900_21.mzML		14.854040198133	15.03793453075	0.12162672202302321	0
ISALALLK	2	Ste-2024-12-02_HeLa_4mz_sDIA_400-900_22.mzML		14.872256083033	15.0562152211	0.1097152226857322	0
ITC[+57.0215]LC[+57.0215]QVPQNAANR	2	Ste-2024-12-02_HeLa_4mz_sDIA_400-900_20.mzML	9.279075910717	9.1874680325	9.37071233925	0.00011510128913443831	0
ITC[+57.0215]LC[+57.0215]QVPQNAANR	2	Ste-2024-12-02_HeLa_4mz_sDIA_400-900_21.mzML	9.28784736755	9.226697192167	9.41023311935	8.979885057471264E-05	1
ITC[+57.0215]LC[+57.0215]QVPQNAANR	2	Ste-2024-12-02_HeLa_4mz_sDIA_400-900_22.mzML	9.306997029	9.184859995033	9.429210480367	0.0001855976243504083	0
IYQIYEGTSQIQR	2	Ste-2024-12-02_HeLa_4mz_sDIA_400-900_20.mzML	11.4456657194	11.38467904255	11.567716017517	0.00011510128913443831	0
IYQIYEGTSQIQR	2	Ste-2024-12-02_HeLa_4mz_sDIA_400-900_21.mzML	11.454605639867	11.332607719167	11.546150036383	8.979885057471264E-05	1
IYQIYEGTSQIQR	2	Ste-2024-12-02_HeLa_4mz_sDIA_400-900_22.mzML	11.442594990633	11.381603742117	11.534135273233	0.0001855976243504083	0
KADC[+57.0215]TITMADSDFLALMTGK	3	Ste-2024-12-02_HeLa_4mz_sDIA_400-900_20.mzML	19.81679149035	19.724194232683	19.940084760533	0.0004071992833292613	0
KADC[+57.0215]TITMADSDFLALMTGK	3	Ste-2024-12-02_HeLa_4mz_sDIA_400-900_21.mzML	19.85686447905	19.733364062583	19.918590911067	8.979885057471264E-05	1
KADC[+57.0215]TITMADSDFLALMTGK	3	Ste-2024-12-02_HeLa_4mz_sDIA_400-900_22.mzML	19.848467884033	19.72518160275	19.940886496017	0.0001855976243504083	0
KADIDLTK	2	Ste-2024-12-02_HeLa_4mz_sDIA_400-900_20.mzML	5.70836313605	5.616434501067	5.8003013166	0.0004071992833292613	0
KADIDLTK	2	Ste-2024-12-02_HeLa_4mz_sDIA_400-900_21.mzML	5.682189486167	5.5901503778	5.835545175933	0.0025539818899465985	0
KADIDLTK	2	Ste-2024-12-02_HeLa_4mz_sDIA_400-900_22.mzML	5.706690216633	5.614771441167	5.798633245533	0.0001855976243504083	1
KEDGSEVGVGGAQVTGSNTR	3	Ste-2024-12-02_HeLa_4mz_sDIA_400-900_20.mzML		6.639183683567	6.731078651567	0.0433370093290811	0
KEDGSEVGVGGAQVTGSNTR	3	Ste-2024-12-02_HeLa_4mz_sDIA_400-900_21.mzML	6.675385279083	6.614044244617	6.736670794467	0.0022035928143712574	1
KEDGSEVGVGGAQVTGSNTR	3	Ste-2024-12-02_HeLa_4mz_sDIA_400-900_22.mzML	6.66825131255	6.606972747433	6.760118905917	0.002907757000984164	0
KPQDQLVIER	2	Ste-2024-12-02_HeLa_4mz_sDIA_400-900_20.mzML	7.5549564346	7.4326947081	7.6466311938	0.0004583651642475172	0
KPQDQLVIER	2	Ste-2024-12-02_HeLa_4mz_sDIA_400-900_21.mzML	7.530805679283	7.43899179635	7.653202166667	8.979885057471264E-05	1
KPQDQLVIER	2	Ste-2024-12-02_HeLa_4mz_sDIA_400-900_22.mzML	7.552901247333	7.43067866305	7.644561231933	0.0002604618857440528	0
KPYPDDENLVEVK	3	Ste-2024-12-02_HeLa_4mz_sDIA_400-900_20.mzML	9.764806220383	9.581598648067	9.825924009083	0.0036571932143643973	0
KPYPDDENLVEVK	3	Ste-2024-12-02_HeLa_4mz_sDIA_400-900_21.mzML	9.727952985533	9.6362138985	9.789142114133	0.00036990456462232746	0
KPYPDDENLVEVK	3	Ste-2024-12-02_HeLa_4mz_sDIA_400-900_22.mzML	9.701144387483	9.6094784416	9.792741778983	0.0002604618857440528	1
LANIDEEMLQK	2	Ste-2024-12-02_HeLa_4mz_sDIA_400-900_20.mzML	11.9862887448	11.925244338433	12.0778600391	0.0058327673684631055	0
LANIDEEMLQK	2	Ste-2024-12-02_HeLa_4mz_sDIA_400-900_21.mzML	12.0255296708	11.9645020246	12.086557015233	8.979885057471264E-05	1
LANIDEEMLQK	2	Ste-2024-12-02_HeLa_4mz_sDIA_400-900_22.mzML	12.013800513633	11.952755098367	12.074773266933	0.0020261469438950263	0
LC[+57.0215]GDTSLNNMQR	2	Ste-2024-12-02_HeLa_4mz_sDIA_400-900_20.mzML	8.26381390325	8.20270281275	8.386021449817	0.00011510128913443831	0
LC[+57.0215]GDTSLNNMQR	2	Ste-2024-12-02_HeLa_4mz_sDIA_400-900_21.mzML	8.2713545948	8.149028492117	8.332540023367	8.979885057471264E-05	1
LC[+57.0215]GDTSLNNMQR	2	Ste-2024-12-02_HeLa_4mz_sDIA_400-900_22.mzML	8.261527650517	8.200447682417	8.383733279483	0.0001855976243504083	0
LEELTNR	2	Ste-2024-12-02_HeLa_4mz_sDIA_400-900_20.mzML	6.320222155967	6.259012354817	6.38147153255	0.004446308724832215	0
LEELTNR	2	Ste-2024-12-02_HeLa_4mz_sDIA_400-900_21.mzML	6.29482657465	6.233502426117	6.35613951395	0.0024870952604411074	0
LEELTNR	2	Ste-2024-12-02_HeLa_4mz_sDIA_400-900_22.mzML	6.28795367125	6.257329623083	6.37979090275	0.002276634298192631	1
LEGFHTQISK	2	Ste-2024-12-02_HeLa_4mz_sDIA_400-900_20.mzML	8.0726796334	8.011521396667	8.225583435033	0.0019787544261612162	0
LEGFHTQISK	2	Ste-2024-12-02_HeLa_4mz_sDIA_400-900_21.mzML	8.0800702414	8.018821377833	8.233087420167	0.0017544739084665898	0
LEGFHTQISK	2	Ste-2024-12-02_HeLa_4mz_sDIA_400-900_22.mzML	8.10106337055	8.00936442105	8.223318212317	0.0001855976243504083	1
LEGIITR	2	Ste-2024-12-02_HeLa_4mz_sDIA_400-900_20.mzML	8.94849539525	8.9179372797	9.04011124925	0.0025595984943538267	1
LEGIITR	2	Ste-2024-12-02_HeLa_4mz_sDIA_400-900_21.mzML	8.9568080438	8.895641938533	9.017984689533	0.0031651134165640933	0
LEGIITR	2	Ste-2024-12-02_HeLa_4mz_sDIA_400-900_22.mzML	8.976421539633	8.884803026567	9.03750769265	0.004985085604543783	0
LENWITSLAESQLQTR	3	Ste-2024-12-02_HeLa_4mz_sDIA_400-900_20.mzML	19.532975347183	19.409625644583	19.594701247833	0.00011510128913443831	0
LENWITSLAESQLQTR	3	Ste-2024-12-02_HeLa_4mz_sDIA_400-900_21.mzML	19.542212381883	19.4188426076	19.603907638067	8.979885057471264E-05	1
LENWITSLAESQLQTR	3	Ste-2024-12-02_HeLa_4mz_sDIA_400-900_22.mzML	19.5648156002	19.441248510283	19.62659061635	0.0006028636021100226	0
LEQEIATYR	2	Ste-2024-12-02_HeLa_4mz_sDIA_400-900_20.mzML	8.530143060033	8.407895469333	8.652470667867	0.00011510128913443831	0
LEQEIATYR	2	Ste-2024-12-02_HeLa_4mz_sDIA_400-900_21.mzML	8.507460733533	8.446204174517	8.629838553483	8.979885057471264E-05	1
LEQEIATYR	2	Ste-2024-12-02_HeLa_4mz_sDIA_400-900_22.mzML	8.527812003283	8.405623889533	8.588891733967	0.0001855976243504083	0
LESEGSPETLTNLRK	2	Ste-2024-12-02_HeLa_4mz_sDIA_400-900_20.mzML	9.324263143483	9.263180335433	9.38536434505	0.0019787544261612162	0
LESEGSPETLTNLRK	2	Ste-2024-12-02_HeLa_4mz_sDIA_400-900_21.mzML	9.33312933645	9.27194004195	9.394317357733	0.0039380081300813006	0
LESEGSPETLTNLRK	2	Ste-2024-12-02_HeLa_4mz_sDIA_400-900_22.mzML	9.3385331783	9.277423134133	9.399633233867	0.0002604618857440528	1
LFEGNALLR	2	Ste-2024-12-02_HeLa_4mz_sDIA_400-900_20.mzML	13.505145879433	13.413387778067	13.596840373017	0.0004071992833292613	0
LFEGNALLR	2	Ste-2024-12-02_HeLa_4mz_sDIA_400-900_21.mzML	13.5138114735	13.422074603	13.605532441467	0.00030206917384080956	1
LFEGNALLR	2	Ste-2024-12-02_HeLa_4mz_sDIA_400-900_22.mzML	13.50182027505	13.3795814154	13.624090537633	0.0008424008424008424	0
LFELLEK	2	Ste-2024-12-02_HeLa_4mz_sDIA_400-900_20.mzML	15.152885682867	15.030513777717	15.275441316517	0.0003709886848451122	0
LFELLEK	2	Ste-2024-12-02_HeLa_4mz_sDIA_400-900_21.mzML	15.162252230333	15.07041682605	15.25418675935	0.00030206917384080956	0
LFELLEK	2	Ste-2024-12-02_HeLa_4mz_sDIA_400-900_22.mzML	15.14990814845	15.08870351485	15.2724564249	0.0002604618857440528	1
LFVLLPEQSPVSYSK	2	Ste-2024-12-02_HeLa_4mz_sDIA_400-900_20.mzML		17.8204656528	18.005252611883	0.08210972700768619	0
LFVLLPEQSPVSYSK	2	Ste-2024-12-02_HeLa_4mz_sDIA_400-900_21.mzML	17.8911649556	17.768008340817	18.01438173515	0.001948747929455325	0
LFVLLPEQSPVSYSK	2	Ste-2024-12-02_HeLa_4mz_sDIA_400-900_22.mzML	17.880680072917	17.788185381483	18.034896275133	0.0009009009009009009	1
LGQHVVGMAPLSVGSLDDEPGGEAETK	3	Ste-2024-12-02_HeLa_4mz_sDIA_400-900_20.mzML	14.475590683717	14.3530919235	14.598000765133	0.00011510128913443831	0
LGQHVVGMAPLSVGSLDDEPGGEAETK	3	Ste-2024-12-02_HeLa_4mz_sDIA_400-900_21.mzML	14.454090606583	14.3620607629	14.546202551233	8.979885057471264E-05	1
LGQHVVGMAPLSVGSLDDEPGGEAETK	3	Ste-2024-12-02_HeLa_4mz_sDIA_400-900_22.mzML	14.47238422695	14.41107315935	14.594909085017	0.0001855976243504083	0
LIDEVIEDTR	2	Ste-2024-12-02_HeLa_4mz_sDIA_400-900_20.mzML	12.563399399	12.471809853567	12.654967013	0.0013447933111150091	0
LIDEVIEDTR	2	Ste-2024-12-02_HeLa_4mz_sDIA_400-900_21.mzML	12.541476185783	12.48040585835	12.663653145433	0.0011373483535528596	1
LIDEVIEDTR	2	Ste-2024-12-02_HeLa_4mz_sDIA_400-900_22.mzML	12.52958241725	12.49905370935	12.621370172883	0.0015294551975106798	0
LIDFLESGK	2	Ste-2024-12-02_HeLa_4mz_sDIA_400-900_20.mzML	14.819761867067	14.697182359383	14.942302452533	0.00011510128913443831	0
LIDFLESGK	2	Ste-2024-12-02_HeLa_4mz_sDIA_400-900_21.mzML	14.82915972685	14.706648465417	14.890385684033	8.979885057471264E-05	1
LIDFLESGK	2	Ste-2024-12-02_HeLa_4mz_sDIA_400-900_22.mzML	14.816660466317	14.694088544483	14.939284733217	0.0001855976243504083	0
LIIVEGC[+57.0215]QR	2	Ste-2024-12-02_HeLa_4mz_sDIA_400-900_20.mzML	9.811964106183	9.750855828417	9.93408875895	0.0003009328919650918	1
LIIVEGC[+57.0215]QR	2	Ste-2024-12-02_HeLa_4mz_sDIA_400-900_21.mzML	9.821423087533	9.729640502383	9.882546500333	0.0007046764894298527	0
LIIVEGC[+57.0215]QR	2	Ste-2024-12-02_HeLa_4mz_sDIA_400-900_22.mzML	9.809318880017	9.748247176767	9.931415553483	0.00040508790407518434	0
LISLLNEK	2	Ste-2024-12-02_HeLa_4mz_sDIA_400-900_20.mzML	12.830028141083	12.7689989181	12.952205669283	0.0014492753623188406	0
LISLLNEK	2	Ste-2024-12-02_HeLa_4mz_sDIA_400-900_21.mzML	12.838690766783	12.7776448481	12.8997648815	0.000923041421483789	1
LISLLNEK	2	Ste-2024-12-02_HeLa_4mz_sDIA_400-900_22.mzML	12.857449599883	12.79640815965	12.91851603725	0.0012119743061447098	0
LLAELPASVHALTGVDLSK	3	Ste-2024-12-02_HeLa_4mz_sDIA_400-900_20.mzML	17.71552868135	17.653902336617	17.838730132067	0.003624647603705195	0
LLAELPASVHALTGVDLSK	3	Ste-2024-12-02_HeLa_4mz_sDIA_400-900_21.mzML	17.724682646483	17.601431972683	17.847848932383	8.979885057471264E-05	1
LLAELPASVHALTGVDLSK	3	Ste-2024-12-02_HeLa_4mz_sDIA_400-900_22.mzML	17.74476761735	17.621392663583	17.868133582967	0.00040508790407518434	0
LLVVTDPR	2	Ste-2024-12-02_HeLa_4mz_sDIA_400-900_20.mzML	10.509487589	10.387320319633	10.570503779867	0.000985092270309319	0
LLVVTDPR	2	Ste-2024-12-02_HeLa_4mz_sDIA_400-900_21.mzML	10.48809182355	10.427033591917	10.610056832533	0.0007046764894298527	1
LLVVTDPR	2	Ste-2024-12-02_HeLa_4mz_sDIA_400-900_22.mzML	10.506600540483	10.38449967765	10.628651781	0.0014094830016350003	0
LNQIMVGTGNGLAK	2	Ste-2024-12-02_HeLa_4mz_sDIA_400-900_20.mzML	11.47062155265	11.379145168683	11.5927855431	0.002802067732740712	0
LNQIMVGTGNGLAK	2	Ste-2024-12-02_HeLa_4mz_sDIA_400-900_21.mzML	11.4795613103	11.418566076033	11.54061291675	0.0017544739084665898	1
LNQIMVGTGNGLAK	2	Ste-2024-12-02_HeLa_4mz_sDIA_400-900_22.mzML	11.467531428833	11.43706156255	11.55922360525	0.0033001848103493795	0
LPEEPITR	2	Ste-2024-12-02_HeLa_4mz_sDIA_400-900_20.mzML	8.311216877767	8.25011576675	8.4334044093	0.003989361702127659	0
LPEEPITR	2	Ste-2024-12-02_HeLa_4mz_sDIA_400-900_21.mzML		8.227081808033	8.38000228035	0.019176908629608882	0
LPEEPITR	2	Ste-2024-12-02_HeLa_4mz_sDIA_400-900_22.mzML	8.339424242383	8.247823762533	8.43112774025	0.0020261469438950263	1
LPQTSDDEK	2	Ste-2024-12-02_HeLa_4mz_sDIA_400-900_20.mzML	4.207869434333	4.1462005896	4.300323553917	0.0020989044742500255	0
LPQTSDDEK	2	Ste-2024-12-02_HeLa_4mz_sDIA_400-900_21.mzML	4.210808833033	4.087421108283	4.3341394445	0.0009718172983479105	1
LPQTSDDEK	2	Ste-2024-12-02_HeLa_4mz_sDIA_400-900_22.mzML	4.17537845835	4.08296297715	4.329459493483	0.0034609560891196195	0
LPVDLAEELGHR	3	Ste-2024-12-02_HeLa_4mz_sDIA_400-900_20.mzML	13.7761436546	13.6538100193	13.89832974045	0.00011510128913443831	0
LPVDLAEELGHR	3	Ste-2024-12-02_HeLa_4mz_sDIA_400-900_21.mzML	13.784886626983	13.662522929167	13.84604850285	8.979885057471264E-05	1
LPVDLAEELGHR	3	Ste-2024-12-02_HeLa_4mz_sDIA_400-900_22.mzML	13.772796295567	13.6504906481	13.895064872083	0.0001855976243504083	0
LQQTQNQVDEVVDIMR	3	Ste-2024-12-02_HeLa_4mz_sDIA_400-900_20.mzML	15.6858486915	15.5936884138	15.77794889535	0.0004583651642475172	0
LQQTQNQVDEVVDIMR	3	Ste-2024-12-02_HeLa_4mz_sDIA_400-900_21.mzML	15.694874316283	15.633591436433	15.8177212919	0.00036990456462232746	0
LQQTQNQVDEVVDIMR	3	Ste-2024-12-02_HeLa_4mz_sDIA_400-900_22.mzML	15.713364882767	15.590604956517	15.83626224185	0.0001855976243504083	1
LQWFEQQAK	2	Ste-2024-12-02_HeLa_4mz_sDIA_400-900_20.mzML	12.0742512405	12.013214132533	12.165898016683	0.0039691099702316756	1
LQWFEQQAK	2	Ste-2024-12-02_HeLa_4mz_sDIA_400-900_21.mzML	12.082948990633	12.0219300264	12.205077636433	0.005545504601588925	0
LQWFEQQAK	2	Ste-2024-12-02_HeLa_4mz_sDIA_400-900_22.mzML	12.101699915833	12.010198780333	12.1627153123	0.005984251968503937	0
LSDQFHDILIR	3	Ste-2024-12-02_HeLa_4mz_sDIA_400-900_20.mzML	13.300825148533	13.239735545367	13.361929883133	0.00011510128913443831	0
LSDQFHDILIR	3	Ste-2024-12-02_HeLa_4mz_sDIA_400-900_21.mzML	13.3094455637	13.24838489515	13.370565508617	8.979885057471264E-05	1
LSDQFHDILIR	3	Ste-2024-12-02_HeLa_4mz_sDIA_400-900_22.mzML	13.297607414333	13.20594155665	13.419739524917	0.0001855976243504083	0
LSGLEQPQGALQTR	2	Ste-2024-12-02_HeLa_4mz_sDIA_400-900_20.mzML	10.61856390935	10.496528516783	10.67960273355	0.00011510128913443831	0
LSGLEQPQGALQTR	2	Ste-2024-12-02_HeLa_4mz_sDIA_400-900_21.mzML	10.59711191545	10.536138294833	10.719118012417	8.979885057471264E-05	1
LSGLEQPQGALQTR	2	Ste-2024-12-02_HeLa_4mz_sDIA_400-900_22.mzML	10.615720256067	10.49362659925	10.67671628675	0.0001855976243504083	0
LSLDGQNIYNAC[+57.0215]C[+57.0215]TLR	3	Ste-2024-12-02_HeLa_4mz_sDIA_400-900_20.mzML		14.184521686567	14.429067047183	0.014412416851441241	0
LSLDGQNIYNAC[+57.0215]C[+57.0215]TLR	3	Ste-2024-12-02_HeLa_4mz_sDIA_400-900_21.mzML	14.22385289765	14.193292911433	14.43816853405	0.002803364036844213	0
LSLDGQNIYNAC[+57.0215]C[+57.0215]TLR	3	Ste-2024-12-02_HeLa_4mz_sDIA_400-900_22.mzML	14.242278472967	14.15057166095	14.39518326055	0.0013859213489634463	1
LSTGC[+57.0215]TGTLVAEK	2	Ste-2024-12-02_HeLa_4mz_sDIA_400-900_20.mzML	8.8423493941	8.78125862795	8.964600695717	0.00011510128913443831	0
LSTGC[+57.0215]TGTLVAEK	2	Ste-2024-12-02_HeLa_4mz_sDIA_400-900_21.mzML	8.850587830967	8.697561380017	8.911779656083	8.979885057471264E-05	1
LSTGC[+57.0215]TGTLVAEK	2	Ste-2024-12-02_HeLa_4mz_sDIA_400-900_22.mzML	8.839741517617	8.778698920783	8.96200850225	0.0001855976243504083	0
LTDC[+57.0215]VVMRDPASK	3	Ste-2024-12-02_HeLa_4mz_sDIA_400-900_20.mzML	8.694113147667	8.5718101926	8.755226385617	0.0005100553774409793	0
LTDC[+57.0215]VVMRDPASK	3	Ste-2024-12-02_HeLa_4mz_sDIA_400-900_21.mzML	8.671551593633	8.610346916683	8.7939600721	8.979885057471264E-05	1
LTDC[+57.0215]VVMRDPASK	3	Ste-2024-12-02_HeLa_4mz_sDIA_400-900_22.mzML	8.69163204025	8.569406333717	8.8137916611	0.0001855976243504083	0
LVAIVDPHIK	2	Ste-2024-12-02_HeLa_4mz_sDIA_400-900_20.mzML	11.247947383217	11.186957742	11.400487693033	0.006255163460403635	0
LVAIVDPHIK	2	Ste-2024-12-02_HeLa_4mz_sDIA_400-900_21.mzML	11.2568549	11.165338699417	11.348455175133	0.003999326429232971	1
LVAIVDPHIK	2	Ste-2024-12-02_HeLa_4mz_sDIA_400-900_22.mzML	11.275373818317	11.214349561517	11.366922871067	0.007449141647130001	0
LVPSQEETK	2	Ste-2024-12-02_HeLa_4mz_sDIA_400-900_20.mzML		4.884026824217	5.068214208383	1	0
LVPSQEETK	2	Ste-2024-12-02_HeLa_4mz_sDIA_400-900_21.mzML		4.918327213167	5.0719314058	1	0
LVPSQEETK	2	Ste-2024-12-02_HeLa_4mz_sDIA_400-900_22.mzML	5.004968570033	4.94360011125	5.12772896785	0.0013071118768938268	1
MFTSMDPPPVELIR	2	Ste-2024-12-02_HeLa_4mz_sDIA_400-900_20.mzML	17.571876107417	17.510300556733	17.695073974383	0.001184202735508319	1
MFTSMDPPPVELIR	2	Ste-2024-12-02_HeLa_4mz_sDIA_400-900_21.mzML	17.58099449315	17.48865952685	17.7350374151	0.002769217026218232	0
MFTSMDPPPVELIR	2	Ste-2024-12-02_HeLa_4mz_sDIA_400-900_22.mzML	17.600918323183	17.47764801495	17.72428598335	0.0014290425414971969	0
MLEQLDMR	2	Ste-2024-12-02_HeLa_4mz_sDIA_400-900_20.mzML	11.6121359903	11.550879317383	11.73423330775	0.0003009328919650918	0
MLEQLDMR	2	Ste-2024-12-02_HeLa_4mz_sDIA_400-900_21.mzML	11.6209054967	11.498784217583	11.742980106033	8.979885057471264E-05	1
MLEQLDMR	2	Ste-2024-12-02_HeLa_4mz_sDIA_400-900_22.mzML	11.609010191917	11.54790412995	11.731347716683	0.0001855976243504083	0
MSDGLFLQK	2	Ste-2024-12-02_HeLa_4mz_sDIA_400-900_20.mzML	12.28373226225	12.222677564617	12.405707545167	0.002603910779208018	0
MSDGLFLQK	2	Ste-2024-12-02_HeLa_4mz_sDIA_400-900_21.mzML	12.292348851317	12.231275532567	12.41436635195	0.0024870952604411074	1
MSDGLFLQK	2	Ste-2024-12-02_HeLa_4mz_sDIA_400-900_22.mzML	12.280498011917	12.1889290046	12.371983236833	0.007213089859914202	0
MVNHFIAEFK	3	Ste-2024-12-02_HeLa_4mz_sDIA_400-900_20.mzML	11.740228034267	11.618137213567	11.862282698733	0.00011510128913443831	0
MVNHFIAEFK	3	Ste-2024-12-02_HeLa_4mz_sDIA_400-900_21.mzML	11.748972931733	11.626908013417	11.8709966682	8.979885057471264E-05	1
MVNHFIAEFK	3	Ste-2024-12-02_HeLa_4mz_sDIA_400-900_22.mzML	11.737344009333	11.645709964117	11.828831892767	0.0001855976243504083	0
NFRPDDPTR	2	Ste-2024-12-02_HeLa_4mz_sDIA_400-900_20.mzML		5.438954279283	5.684195678433	0.012437546507919634	0
NFRPDDPTR	2	Ste-2024-12-02_HeLa_4mz_sDIA_400-900_21.mzML	5.535270818683	5.412456629167	5.658000732233	0.001948747929455325	1
NFRPDDPTR	2	Ste-2024-12-02_HeLa_4mz_sDIA_400-900_22.mzML	5.5292362593	5.437264754133	5.621263846717	0.0059535543902535185	0
NFVDSPIIVDITK	2	Ste-2024-12-02_HeLa_4mz_sDIA_400-900_20.mzML	18.05941265335	17.997782326167	18.1826841325	0.003452975920036347	0
NFVDSPIIVDITK	2	Ste-2024-12-02_HeLa_4mz_sDIA_400-900_21.mzML	18.068539843717	18.006918284417	18.19178006915	0.0024870952604411074	0
NFVDSPIIVDITK	2	Ste-2024-12-02_HeLa_4mz_sDIA_400-900_22.mzML	18.089147264283	17.96573298855	18.212563002617	0.00234720176730486	1
NFYVEHPEVAR	3	Ste-2024-12-02_HeLa_4mz_sDIA_400-900_20.mzML	9.043238667383	8.92105997525	9.1043188324	0.00022683452421458545	0
NFYVEHPEVAR	3	Ste-2024-12-02_HeLa_4mz_sDIA_400-900_21.mzML	9.02111517815	8.929381883083	9.11280058405	0.00030206917384080956	0
NFYVEHPEVAR	3	Ste-2024-12-02_HeLa_4mz_sDIA_400-900_22.mzML	9.040633667417	8.97954194495	9.162719245217	0.0001855976243504083	1
NKPNMSDPEESR	2	Ste-2024-12-02_HeLa_4mz_sDIA_400-900_20.mzML	4.495809847517	4.342169121683	4.588038613583	0.0036571932143643973	0
NKPNMSDPEESR	2	Ste-2024-12-02_HeLa_4mz_sDIA_400-900_21.mzML	4.468385926383	4.314461183217	4.591470573817	0.0014120600387009048	1
NKPNMSDPEESR	2	Ste-2024-12-02_HeLa_4mz_sDIA_400-900_22.mzML		4.371266401017	4.555618286933	0.03671977956151911	0
NPVHNGHALLMQDTR	2	Ste-2024-12-02_HeLa_4mz_sDIA_400-900_20.mzML		7.049246608833	7.202329877583	0.014793819778092703	0
NPVHNGHALLMQDTR	2	Ste-2024-12-02_HeLa_4mz_sDIA_400-900_21.mzML		6.9939260162	7.208344641717	0.010108976197304272	0
NPVHNGHALLMQDTR	2	Ste-2024-12-02_HeLa_4mz_sDIA_400-900_22.mzML	7.1085542089	7.016859745067	7.200322274833	0.0018478749438146133	1
NPVLQQVLEGR	2	Ste-2024-12-02_HeLa_4mz_sDIA_400-900_20.mzML	14.245124242983	14.092286664717	14.3979214847	0.0003709886848451122	1
NPVLQQVLEGR	2	Ste-2024-12-02_HeLa_4mz_sDIA_400-900_21.mzML	14.284510147833	14.16223928125	14.406985926867	0.0015890916547057618	0
NPVLQQVLEGR	2	Ste-2024-12-02_HeLa_4mz_sDIA_400-900_22.mzML	14.272342917433	14.15008947015	14.394705283217	0.0011690868816145706	0
NSEPEEVIPSR	2	Ste-2024-12-02_HeLa_4mz_sDIA_400-900_20.mzML	8.625978806167	8.4730667976	8.717687090167	0.00011510128913443831	0
NSEPEEVIPSR	2	Ste-2024-12-02_HeLa_4mz_sDIA_400-900_21.mzML	8.603355298233	8.480929492117	8.725751574817	8.979885057471264E-05	1
NSEPEEVIPSR	2	Ste-2024-12-02_HeLa_4mz_sDIA_400-900_22.mzML	8.62352678735	8.470802981117	8.71519951745	0.0001855976243504083	0
NSSNTSVGSPSNTIGR	2	Ste-2024-12-02_HeLa_4mz_sDIA_400-900_20.mzML	6.6782863561	6.5557442739	6.739526607717	0.00011510128913443831	0
NSSNTSVGSPSNTIGR	2	Ste-2024-12-02_HeLa_4mz_sDIA_400-900_21.mzML	6.653172063367	6.591840859567	6.714488528733	8.979885057471264E-05	1
NSSNTSVGSPSNTIGR	2	Ste-2024-12-02_HeLa_4mz_sDIA_400-900_22.mzML	6.676727113633	6.584816211217	6.737960856033	0.0001855976243504083	0
NYLPLLEPVKPEPK	3	Ste-2024-12-02_HeLa_4mz_sDIA_400-900_20.mzML	14.33191382585	14.179235949783	14.39311011385	0.006062527241748227	0
NYLPLLEPVKPEPK	3	Ste-2024-12-02_HeLa_4mz_sDIA_400-900_21.mzML	14.340880775933	14.218565151167	14.402173071217	0.000923041421483789	1
NYLPLLEPVKPEPK	3	Ste-2024-12-02_HeLa_4mz_sDIA_400-900_22.mzML		14.175850000367	14.451207120267	0.017688207861425716	0
PFSVDFFR	2	Ste-2024-12-02_HeLa_4mz_sDIA_400-900_20.mzML	17.0608002348	16.968584861417	17.122367586317	0.007291147012548448	0
PFSVDFFR	2	Ste-2024-12-02_HeLa_4mz_sDIA_400-900_21.mzML	17.039261915467	17.00849183025	17.13160915555	0.001948747929455325	1
PFSVDFFR	2	Ste-2024-12-02_HeLa_4mz_sDIA_400-900_22.mzML	17.089216166483	16.9968445688	17.150857166	0.00520071509832602	0
PGFSIADK	2	Ste-2024-12-02_HeLa_4mz_sDIA_400-900_20.mzML	9.07162547985	8.949457326683	9.132665729933	0.00011510128913443831	0
PGFSIADK	2	Ste-2024-12-02_HeLa_4mz_sDIA_400-900_21.mzML	9.049510422933	8.988359210267	9.171784018017	8.979885057471264E-05	1
PGFSIADK	2	Ste-2024-12-02_HeLa_4mz_sDIA_400-900_22.mzML	9.06898755935	8.946864725117	9.191080585067	0.0001855976243504083	0
PGPELGGEFPVQDLK	2	Ste-2024-12-02_HeLa_4mz_sDIA_400-900_20.mzML		15.265491213	15.418699131167	0.02596274490879259	0
PGPELGGEFPVQDLK	2	Ste-2024-12-02_HeLa_4mz_sDIA_400-900_21.mzML	15.3361267347	15.274875992417	15.397402613117	0.004662004662004662	0
PGPELGGEFPVQDLK	2	Ste-2024-12-02_HeLa_4mz_sDIA_400-900_22.mzML	15.35443037185	15.262518138783	15.385067808383	0.0018478749438146133	1
PHSVSLNDTETR	2	Ste-2024-12-02_HeLa_4mz_sDIA_400-900_20.mzML	5.75270155055	5.69141136375	5.875278213717	0.00011510128913443831	0
PHSVSLNDTETR	2	Ste-2024-12-02_HeLa_4mz_sDIA_400-900_21.mzML	5.726584080817	5.665224130017	5.849287238817	8.979885057471264E-05	1
PHSVSLNDTETR	2	Ste-2024-12-02_HeLa_4mz_sDIA_400-900_22.mzML	5.751044922067	5.68977008925	5.873563060533	0.0001855976243504083	0
PNMVTPGHAC[+57.0215]TQK	3	Ste-2024-12-02_HeLa_4mz_sDIA_400-900_20.mzML	5.111393182833	4.988700383133	5.2341011739	0.00011510128913443831	0
PNMVTPGHAC[+57.0215]TQK	3	Ste-2024-12-02_HeLa_4mz_sDIA_400-900_21.mzML	5.0844545861	4.992317473783	5.176642453917	8.979885057471264E-05	1
PNMVTPGHAC[+57.0215]TQK	3	Ste-2024-12-02_HeLa_4mz_sDIA_400-900_22.mzML	5.10954201545	4.986825740133	5.23230661565	0.0001855976243504083	0
PVHLTAFLGYK	2	Ste-2024-12-02_HeLa_4mz_sDIA_400-900_20.mzML		13.835164298867	14.079537509033	0.02938110131741067	0
PVHLTAFLGYK	2	Ste-2024-12-02_HeLa_4mz_sDIA_400-900_21.mzML	13.966181380783	13.90497502325	14.057897171233	0.0026791390427754066	0
PVHLTAFLGYK	2	Ste-2024-12-02_HeLa_4mz_sDIA_400-900_22.mzML	13.984698132017	13.862390943967	14.106813231967	0.0017357565856646927	1
PVTVEPMDQLDDEEGLPEK	3	Ste-2024-12-02_HeLa_4mz_sDIA_400-900_20.mzML	14.433878619667	14.34201074885	14.525772291817	0.001409721439043645	0
PVTVEPMDQLDDEEGLPEK	3	Ste-2024-12-02_HeLa_4mz_sDIA_400-900_21.mzML	14.442989592017	14.32039182835	14.535118781867	0.00044176115446915035	1
PVTVEPMDQLDDEEGLPEK	3	Ste-2024-12-02_HeLa_4mz_sDIA_400-900_22.mzML		14.36934162255	14.553227090617	0.04712478435882691	0
QAVPGRPGPFPSK	2	Ste-2024-12-02_HeLa_4mz_sDIA_400-900_20.mzML	7.588920479483	7.527761668833	7.680564226083	0.003989361702127659	1
QAVPGRPGPFPSK	2	Ste-2024-12-02_HeLa_4mz_sDIA_400-900_21.mzML		7.503594619367	7.656575877733	0.22490944763054632	0
QAVPGRPGPFPSK	2	Ste-2024-12-02_HeLa_4mz_sDIA_400-900_22.mzML		7.495187954683	7.67849721365	0.02123294362848862	0
QEELTPLGVHLAR	3	Ste-2024-12-02_HeLa_4mz_sDIA_400-900_20.mzML	12.525909169933	12.37329731165	12.709104160033	0.006510213628566974	0
QEELTPLGVHLAR	3	Ste-2024-12-02_HeLa_4mz_sDIA_400-900_21.mzML	12.5345041298	12.4429388554	12.748303596283	0.0033709832764206287	1
QEELTPLGVHLAR	3	Ste-2024-12-02_HeLa_4mz_sDIA_400-900_22.mzML		12.49208544665	12.6449403771	0.021751796465333074	0
QFESLPATHIR	2	Ste-2024-12-02_HeLa_4mz_sDIA_400-900_20.mzML		9.726811209717	9.879576740133	0.37026632362144496	0
QFESLPATHIR	2	Ste-2024-12-02_HeLa_4mz_sDIA_400-900_21.mzML		9.705573806	9.9195235356	1	0
QFESLPATHIR	2	Ste-2024-12-02_HeLa_4mz_sDIA_400-900_22.mzML	9.84636036955	9.7852752399	9.937908031033	0.003218694885361552	1
QHLEETTQK	2	Ste-2024-12-02_HeLa_4mz_sDIA_400-900_20.mzML	2.610287504133	2.456031802367	2.671982202267	0.004760524899615018	0
QHLEETTQK	2	Ste-2024-12-02_HeLa_4mz_sDIA_400-900_21.mzML	2.611498706683	2.487988568067	2.73496656205	0.0017861572810716944	1
QHLEETTQK	2	Ste-2024-12-02_HeLa_4mz_sDIA_400-900_22.mzML	2.6089330758	2.547249366167	2.732311903017	0.0025196994685724758	0
QHLENDPGSNEDTDIPK	3	Ste-2024-12-02_HeLa_4mz_sDIA_400-900_20.mzML	7.220122708	7.097630112583	7.2812871202	0.0003009328919650918	1
QHLENDPGSNEDTDIPK	3	Ste-2024-12-02_HeLa_4mz_sDIA_400-900_21.mzML	7.19552483495	7.134213411333	7.31801295835	0.00030206917384080956	0
QHLENDPGSNEDTDIPK	3	Ste-2024-12-02_HeLa_4mz_sDIA_400-900_22.mzML	7.21816318015	7.09573267745	7.279364938933	0.0011690868816145706	0
QILIAC[+57.0215]SPVSSVR	2	Ste-2024-12-02_HeLa_4mz_sDIA_400-900_20.mzML	13.119711759533	13.028165233433	13.18078035005	0.0036484983314794216	0
QILIAC[+57.0215]SPVSSVR	2	Ste-2024-12-02_HeLa_4mz_sDIA_400-900_21.mzML	13.097844697817	13.036820018683	13.189424595833	0.0076498246137771475	0
QILIAC[+57.0215]SPVSSVR	2	Ste-2024-12-02_HeLa_4mz_sDIA_400-900_22.mzML	13.116555739733	13.055547554233	13.17756569755	0.0015294551975106798	1
QLSSSVTGLTNIEEENC[+57.0215]QR	3	Ste-2024-12-02_HeLa_4mz_sDIA_400-900_20.mzML	12.845424999583	12.78437814425	12.967595788683	0.0019787544261612162	0
QLSSSVTGLTNIEEENC[+57.0215]QR	3	Ste-2024-12-02_HeLa_4mz_sDIA_400-900_21.mzML	12.854074980383	12.793029850317	12.97624674105	0.0011373483535528596	1
QLSSSVTGLTNIEEENC[+57.0215]QR	3	Ste-2024-12-02_HeLa_4mz_sDIA_400-900_22.mzML	12.87283872565	12.75074259775	12.933903738767	0.005909884182135491	0
QPAENVNQYLTDPK	2	Ste-2024-12-02_HeLa_4mz_sDIA_400-900_20.mzML	10.988661043883	10.86646432925	11.049752034	0.00011510128913443831	0
QPAENVNQYLTDPK	2	Ste-2024-12-02_HeLa_4mz_sDIA_400-900_21.mzML	10.9670969486	10.9060248309	11.089243124333	8.979885057471264E-05	1
QPAENVNQYLTDPK	2	Ste-2024-12-02_HeLa_4mz_sDIA_400-900_22.mzML	10.985565170483	10.863375658	11.107703367933	0.0001855976243504083	0
QSMAFSILNTPK	2	Ste-2024-12-02_HeLa_4mz_sDIA_400-900_20.mzML	15.1969718161	15.135805501367	15.319519738433	0.0075627363355104844	0
QSMAFSILNTPK	2	Ste-2024-12-02_HeLa_4mz_sDIA_400-900_21.mzML	15.206326733633	15.14513165445	15.328902587567	0.0022035928143712574	1
QSMAFSILNTPK	2	Ste-2024-12-02_HeLa_4mz_sDIA_400-900_22.mzML	15.224640928117	15.163376471583	15.28592603745	0.008657530209254347	0
QTSDGNWLMVHR	3	Ste-2024-12-02_HeLa_4mz_sDIA_400-900_20.mzML	10.87727436405	10.78573218415	10.938373248133	0.001409721439043645	0
QTSDGNWLMVHR	3	Ste-2024-12-02_HeLa_4mz_sDIA_400-900_21.mzML	10.8557554489	10.79477152805	10.916831936683	0.00025110906503724784	1
QTSDGNWLMVHR	3	Ste-2024-12-02_HeLa_4mz_sDIA_400-900_22.mzML	10.858077009917	10.827582763267	10.919170371883	0.0012119743061447098	0
QVVEEPSPQLPADK	2	Ste-2024-12-02_HeLa_4mz_sDIA_400-900_20.mzML	10.16182627405	10.100700199933	10.253405922367	0.0003709886848451122	0
QVVEEPSPQLPADK	2	Ste-2024-12-02_HeLa_4mz_sDIA_400-900_21.mzML	10.140537555133	10.048750286517	10.262640490133	0.0006183017312448475	0
QVVEEPSPQLPADK	2	Ste-2024-12-02_HeLa_4mz_sDIA_400-900_22.mzML	10.15902231075	10.097928915767	10.220075021833	0.0001855976243504083	1
RLEEPEEPK	2	Ste-2024-12-02_HeLa_4mz_sDIA_400-900_20.mzML	5.28580707955	5.224451072267	5.408520225867	0.00011510128913443831	1
RLEEPEEPK	2	Ste-2024-12-02_HeLa_4mz_sDIA_400-900_21.mzML	5.28981962285	5.16697070735	5.351258062433	0.00025110906503724784	0
RLEEPEEPK	2	Ste-2024-12-02_HeLa_4mz_sDIA_400-900_22.mzML	5.284034264083	5.161317328117	5.406803608967	0.0001855976243504083	0
RVESQLK	2	Ste-2024-12-02_HeLa_4mz_sDIA_400-900_20.mzML	2.8184063046	2.695126991517	2.8799560974	0.0003009328919650918	1
RVESQLK	2	Ste-2024-12-02_HeLa_4mz_sDIA_400-900_21.mzML	2.788925151967	2.696388686217	2.881377649967	0.0007046764894298527	0
RVESQLK	2	Ste-2024-12-02_HeLa_4mz_sDIA_400-900_22.mzML	2.817032807017	2.75544874135	2.940161800483	0.00040508790407518434	0
SDHLIQTDTVNLHR	2	Ste-2024-12-02_HeLa_4mz_sDIA_400-900_20.mzML		8.79067549545	8.943457364567	0.04524056254626203	0
SDHLIQTDTVNLHR	2	Ste-2024-12-02_HeLa_4mz_sDIA_400-900_21.mzML	8.890626935583	8.737611158417	8.951794641433	0.005545504601588925	0
SDHLIQTDTVNLHR	2	Ste-2024-12-02_HeLa_4mz_sDIA_400-900_22.mzML	8.9103371125	8.818631527817	8.97140944325	0.0017357565856646927	1
SDVQIHVPTFTFR	3	Ste-2024-12-02_HeLa_4mz_sDIA_400-900_20.mzML	15.862635997033	15.770494867133	15.954876541933	0.0019787544261612162	0
SDVQIHVPTFTFR	3	Ste-2024-12-02_HeLa_4mz_sDIA_400-900_21.mzML	15.840969839033	15.779532842767	15.9639495517	0.0026791390427754066	0
SDVQIHVPTFTFR	3	Ste-2024-12-02_HeLa_4mz_sDIA_400-900_22.mzML	15.859529320117	15.7366145325	15.982495343267	0.001705955334987593	1
SDYLNTFEFMDK	2	Ste-2024-12-02_HeLa_4mz_sDIA_400-900_20.mzML	17.229586756333	17.168071736717	17.352507611483	0.00011510128913443831	0
SDYLNTFEFMDK	2	Ste-2024-12-02_HeLa_4mz_sDIA_400-900_21.mzML	17.2386916278	17.115749799017	17.3617248635	8.979885057471264E-05	1
SDYLNTFEFMDK	2	Ste-2024-12-02_HeLa_4mz_sDIA_400-900_22.mzML	17.2581161856	17.134993459717	17.31966730515	0.0001855976243504083	0
SEDEPPAASASAAPPPQR	2	Ste-2024-12-02_HeLa_4mz_sDIA_400-900_20.mzML	6.8986889503	6.806882408917	7.02111009435	0.006458178402285804	0
SEDEPPAASASAAPPPQR	2	Ste-2024-12-02_HeLa_4mz_sDIA_400-900_21.mzML	6.904485183867	6.812557578	7.057596823167	0.0046275441254760635	1
SEDEPPAASASAAPPPQR	2	Ste-2024-12-02_HeLa_4mz_sDIA_400-900_22.mzML		6.805215408567	7.049848509383	0.13686859526616488	0
SFDVNKPGC[+57.0215]EVDDLK	3	Ste-2024-12-02_HeLa_4mz_sDIA_400-900_20.mzML	10.47274449685	10.411641208583	10.59479680335	0.00011510128913443831	0
SFDVNKPGC[+57.0215]EVDDLK	3	Ste-2024-12-02_HeLa_4mz_sDIA_400-900_21.mzML	10.481879331917	10.420810018183	10.603849916567	8.979885057471264E-05	1
SFDVNKPGC[+57.0215]EVDDLK	3	Ste-2024-12-02_HeLa_4mz_sDIA_400-900_22.mzML	10.500397102667	10.378287062317	10.561417469617	0.0001855976243504083	0
SGLEELVLSEMNSPSR	3	Ste-2024-12-02_HeLa_4mz_sDIA_400-900_20.mzML	18.389445818883	18.327848647583	18.481799520933	0.002603910779208018	0
SGLEELVLSEMNSPSR	3	Ste-2024-12-02_HeLa_4mz_sDIA_400-900_21.mzML	18.416120664533	18.32371620435	18.539327428567	0.0025875612235468073	0
SGLEELVLSEMNSPSR	3	Ste-2024-12-02_HeLa_4mz_sDIA_400-900_22.mzML	18.406342463267	18.313816786583	18.49882874465	0.0015294551975106798	1
SHSLSQHTATSSK	2	Ste-2024-12-02_HeLa_4mz_sDIA_400-900_20.mzML	2.309015416267	2.246280695117	2.432939195133	0.001184202735508319	0
SHSLSQHTATSSK	2	Ste-2024-12-02_HeLa_4mz_sDIA_400-900_21.mzML	2.310191222933	2.247398498217	2.433957310933	0.0011373483535528596	1
SHSLSQHTATSSK	2	Ste-2024-12-02_HeLa_4mz_sDIA_400-900_22.mzML	2.30807107475	2.245309450383	2.431600143383	0.0033331871409148723	0
SHTEEDC[+57.0215]TEELFDFLHAR	3	Ste-2024-12-02_HeLa_4mz_sDIA_400-900_20.mzML	16.8600710258	16.767832197117	16.952282257733	0.00011510128913443831	0
SHTEEDC[+57.0215]TEELFDFLHAR	3	Ste-2024-12-02_HeLa_4mz_sDIA_400-900_21.mzML	16.869212975767	16.807720946483	16.992207315733	8.979885057471264E-05	1
SHTEEDC[+57.0215]TEELFDFLHAR	3	Ste-2024-12-02_HeLa_4mz_sDIA_400-900_22.mzML	16.888189214	16.826624433967	17.01130498625	0.0001855976243504083	0
SIIGMGTGAGAYILTR	2	Ste-2024-12-02_HeLa_4mz_sDIA_400-900_20.mzML	16.862721592867	16.8012353357	16.9241963735	0.0007021485746383935	0
SIIGMGTGAGAYILTR	2	Ste-2024-12-02_HeLa_4mz_sDIA_400-900_21.mzML	16.841113480617	16.77964044125	16.964115992167	8.979885057471264E-05	1
SIIGMGTGAGAYILTR	2	Ste-2024-12-02_HeLa_4mz_sDIA_400-900_22.mzML		16.76770017225	16.921642188333	0.3453644727530078	0
SLVALLVETQMK	2	Ste-2024-12-02_HeLa_4mz_sDIA_400-900_20.mzML	18.76407034245	18.671620528417	18.82573120455	0.0003709886848451122	1
SLVALLVETQMK	2	Ste-2024-12-02_HeLa_4mz_sDIA_400-900_21.mzML	18.8040920886	18.680839077267	18.8040920886	0.0013244331426149607	0
SLVALLVETQMK	2	Ste-2024-12-02_HeLa_4mz_sDIA_400-900_22.mzML	18.763939031667	18.7331306008	18.85658706305	0.0008424008424008424	0
SNILLLGPTGSGK	2	Ste-2024-12-02_HeLa_4mz_sDIA_400-900_20.mzML	13.75635320055	13.695206298767	13.878648742967	0.0004583651642475172	0
SNILLLGPTGSGK	2	Ste-2024-12-02_HeLa_4mz_sDIA_400-900_21.mzML	13.734494106467	13.673344549717	13.826282489867	0.00036990456462232746	1
SNILLLGPTGSGK	2	Ste-2024-12-02_HeLa_4mz_sDIA_400-900_22.mzML	13.752986606917	13.691824337617	13.875376021283	0.0010226909555768617	0
SQIYGSR	2	Ste-2024-12-02_HeLa_4mz_sDIA_400-900_20.mzML	4.570148109383	4.5086869059	4.693238670617	0.0029536468010099566	0
SQIYGSR	2	Ste-2024-12-02_HeLa_4mz_sDIA_400-900_21.mzML	4.573580589567	4.450519339067	4.69667967695	0.0026791390427754066	0
SQIYGSR	2	Ste-2024-12-02_HeLa_4mz_sDIA_400-900_22.mzML	4.5685256006	4.445660443767	4.66081701455	0.00234720176730486	1
SQLIMQAEAEAASVR	2	Ste-2024-12-02_HeLa_4mz_sDIA_400-900_20.mzML	14.561630421233	14.500451804617	14.653491489617	0.0004071992833292613	0
SQLIMQAEAEAASVR	2	Ste-2024-12-02_HeLa_4mz_sDIA_400-900_21.mzML	14.571015516717	14.509743336383	14.662951636133	0.00016959213092512508	1
SQLIMQAEAEAASVR	2	Ste-2024-12-02_HeLa_4mz_sDIA_400-900_22.mzML	14.589134046033	14.527893111333	14.650402079267	0.00040508790407518434	0
SQPDPVDTPTSSKPQSK	2	Ste-2024-12-02_HeLa_4mz_sDIA_400-900_20.mzML	5.520892520283	5.398255784817	5.582232592717	0.00011510128913443831	0
SQPDPVDTPTSSKPQSK	2	Ste-2024-12-02_HeLa_4mz_sDIA_400-900_21.mzML	5.463871006917	5.3717055252	5.617300620767	8.979885057471264E-05	1
SQPDPVDTPTSSKPQSK	2	Ste-2024-12-02_HeLa_4mz_sDIA_400-900_22.mzML	5.4885609686	5.427227762583	5.61124145765	0.0001855976243504083	0
SQTEAVTFLANHDDSR	3	Ste-2024-12-02_HeLa_4mz_sDIA_400-900_20.mzML		10.5357418354	10.688312917733	0.08189940875467296	0
SQTEAVTFLANHDDSR	3	Ste-2024-12-02_HeLa_4mz_sDIA_400-900_21.mzML	10.587969595417	10.465980849233	10.709980381767	0.0018712759147092135	1
SQTEAVTFLANHDDSR	3	Ste-2024-12-02_HeLa_4mz_sDIA_400-900_22.mzML	10.593913288367	10.532828681167	10.654889541033	0.00416894765654609	0
SSENGVDYVIMGMPHR	3	Ste-2024-12-02_HeLa_4mz_sDIA_400-900_20.mzML	13.72384994965	13.72384994965	13.785042002117	0.001142170123234145	0
SSENGVDYVIMGMPHR	3	Ste-2024-12-02_HeLa_4mz_sDIA_400-900_21.mzML	13.701993550783	13.61033740875	13.732571798083	0.0017861572810716944	0
SSENGVDYVIMGMPHR	3	Ste-2024-12-02_HeLa_4mz_sDIA_400-900_22.mzML	13.720472636717	13.689904497	13.78170055935	0.00040508790407518434	1
SSGPTSLFAVTVAPPGAR	3	Ste-2024-12-02_HeLa_4mz_sDIA_400-900_20.mzML	16.59030044015	16.467427432533	16.713090033067	0.00011510128913443831	1
SSGPTSLFAVTVAPPGAR	3	Ste-2024-12-02_HeLa_4mz_sDIA_400-900_21.mzML	16.59929281325	16.4764493972	16.7222207482	0.004662004662004662	0
SSGPTSLFAVTVAPPGAR	3	Ste-2024-12-02_HeLa_4mz_sDIA_400-900_22.mzML	16.617903415883	16.494907237817	16.74101126785	0.0012119743061447098	0
SSPLLNYNTGVYR	2	Ste-2024-12-02_HeLa_4mz_sDIA_400-900_20.mzML		12.510765997083	12.693963228517	0.016427595628415302	0
SSPLLNYNTGVYR	2	Ste-2024-12-02_HeLa_4mz_sDIA_400-900_21.mzML		12.54990456945	12.702628543733	0.17064162093710428	0
SSPLLNYNTGVYR	2	Ste-2024-12-02_HeLa_4mz_sDIA_400-900_22.mzML	12.62979054655	12.568597022433	12.69090496755	0.0017357565856646927	1
SSTPTTIFPIR	2	Ste-2024-12-02_HeLa_4mz_sDIA_400-900_20.mzML	14.2136062597	14.15251582565	14.335758449367	0.0006417112299465241	1
SSTPTTIFPIR	2	Ste-2024-12-02_HeLa_4mz_sDIA_400-900_21.mzML	14.22240891335	14.161279680517	14.283547046283	0.0026682614896259833	0
SSTPTTIFPIR	2	Ste-2024-12-02_HeLa_4mz_sDIA_400-900_22.mzML	14.240835629283	14.14912605675	14.301925128	0.0020451843043995245	0
STFVNILK	2	Ste-2024-12-02_HeLa_4mz_sDIA_400-900_20.mzML	13.410022193167	13.318401108433	13.50178215265	0.0036897127295089168	0
STFVNILK	2	Ste-2024-12-02_HeLa_4mz_sDIA_400-900_21.mzML	13.449305003583	13.327027045717	13.510446826183	0.007683986720877317	0
STFVNILK	2	Ste-2024-12-02_HeLa_4mz_sDIA_400-900_22.mzML	13.437325900467	13.376216938067	13.559571905717	0.0034437663469921533	1
STLMDTLFNTK	2	Ste-2024-12-02_HeLa_4mz_sDIA_400-900_20.mzML	17.622378345667	17.560794655333	17.7456188463	0.00011510128913443831	1
STLMDTLFNTK	2	Ste-2024-12-02_HeLa_4mz_sDIA_400-900_21.mzML	17.631509013283	17.50832897185	17.693134257883	0.00016959213092512508	0
STLMDTLFNTK	2	Ste-2024-12-02_HeLa_4mz_sDIA_400-900_22.mzML	17.6206696442	17.55901177665	17.713188297517	0.0010226909555768617	0
STTTGHLIYK	2	Ste-2024-12-02_HeLa_4mz_sDIA_400-900_20.mzML	6.082672568083	5.960173178883	6.143878585967	0.00011510128913443831	0
STTTGHLIYK	2	Ste-2024-12-02_HeLa_4mz_sDIA_400-900_21.mzML	6.056889457867	5.934271744833	6.17955213905	8.979885057471264E-05	1
STTTGHLIYK	2	Ste-2024-12-02_HeLa_4mz_sDIA_400-900_22.mzML	6.050257521183	5.958417319417	6.203421554117	0.0001855976243504083	0
SYLYFTQFK	2	Ste-2024-12-02_HeLa_4mz_sDIA_400-900_20.mzML	15.46847958285	15.34585331245	15.560580717367	0.0004071992833292613	0
SYLYFTQFK	2	Ste-2024-12-02_HeLa_4mz_sDIA_400-900_21.mzML	15.477828234517	15.355209117617	15.53914047125	0.0005003931660590464	0
SYLYFTQFK	2	Ste-2024-12-02_HeLa_4mz_sDIA_400-900_22.mzML	15.496148982317	15.373514750283	15.55749755015	0.0001855976243504083	1
SYMAPER	2	Ste-2024-12-02_HeLa_4mz_sDIA_400-900_20.mzML	5.522983288333	5.431015569633	5.584326645617	0.009597489325986206	0
SYMAPER	2	Ste-2024-12-02_HeLa_4mz_sDIA_400-900_21.mzML	5.496653209883	5.435249113867	5.588707013	0.004811220745331485	1
SYMAPER	2	Ste-2024-12-02_HeLa_4mz_sDIA_400-900_22.mzML		5.4293212807	5.58265929275	0.017388112004805927	0
SYSSGGEDGYVR	2	Ste-2024-12-02_HeLa_4mz_sDIA_400-900_20.mzML	6.3016591554	6.240384536317	6.424118602383	0.00011510128913443831	0
SYSSGGEDGYVR	2	Ste-2024-12-02_HeLa_4mz_sDIA_400-900_21.mzML	6.276237446267	6.214843526517	6.39883194955	8.979885057471264E-05	1
SYSSGGEDGYVR	2	Ste-2024-12-02_HeLa_4mz_sDIA_400-900_22.mzML	6.299974906433	6.177309095533	6.3611849407	0.0001855976243504083	0
TADDPSLSLIK	2	Ste-2024-12-02_HeLa_4mz_sDIA_400-900_20.mzML		12.37882317965	12.531436411	0.12148300819632843	0
TADDPSLSLIK	2	Ste-2024-12-02_HeLa_4mz_sDIA_400-900_21.mzML	12.448459368567	12.295951833533	12.540036544817	0.0008224650452355775	1
TADDPSLSLIK	2	Ste-2024-12-02_HeLa_4mz_sDIA_400-900_22.mzML		12.314654646417	12.49761405815	0.03614602393736689	0
TASEGDGGAAAGAAAAGAR	2	Ste-2024-12-02_HeLa_4mz_sDIA_400-900_20.mzML	5.7580210688	5.635449767383	5.8499599709	0.0003709886848451122	0
TASEGDGGAAAGAAAAGAR	2	Ste-2024-12-02_HeLa_4mz_sDIA_400-900_21.mzML	5.731907290067	5.670544922517	5.823934344667	8.979885057471264E-05	1
TASEGDGGAAAGAAAAGAR	2	Ste-2024-12-02_HeLa_4mz_sDIA_400-900_22.mzML	5.7563666613	5.63379264585	5.817653645083	0.0001855976243504083	0
TDSFVPR	2	Ste-2024-12-02_HeLa_4mz_sDIA_400-900_20.mzML	7.787284163133	7.664927393433	7.848519151283	0.004730879362576254	0
TDSFVPR	2	Ste-2024-12-02_HeLa_4mz_sDIA_400-900_21.mzML	7.73277203005	7.64091763835	7.855612669583	0.0031651134165640933	0
TDSFVPR	2	Ste-2024-12-02_HeLa_4mz_sDIA_400-900_22.mzML	7.723970785583	7.6628692597	7.846379165533	0.002157092614302462	1
THQPSDEVGTSIEHPR	3	Ste-2024-12-02_HeLa_4mz_sDIA_400-900_20.mzML	6.3604624891	6.299253183383	6.421708844833	0.0004071992833292613	0
THQPSDEVGTSIEHPR	3	Ste-2024-12-02_HeLa_4mz_sDIA_400-900_21.mzML	6.335110684417	6.273827412867	6.396422590817	0.000923041421483789	0
THQPSDEVGTSIEHPR	3	Ste-2024-12-02_HeLa_4mz_sDIA_400-900_22.mzML	6.358779067317	6.236297913533	6.420046835267	0.0001855976243504083	1
TILSLMTR	2	Ste-2024-12-02_HeLa_4mz_sDIA_400-900_20.mzML	14.571992914717	14.449602639133	14.633287397533	0.001142170123234145	0
TILSLMTR	2	Ste-2024-12-02_HeLa_4mz_sDIA_400-900_21.mzML	14.5813906761	14.458774510133	14.6427414103	0.00030206917384080956	1
TILSLMTR	2	Ste-2024-12-02_HeLa_4mz_sDIA_400-900_22.mzML	14.599510988833	14.477023416167	14.660820559417	0.001130298273155416	0
TIVITSHPGQIVK	2	Ste-2024-12-02_HeLa_4mz_sDIA_400-900_20.mzML	9.7768480125	9.715746996283	9.837967123217	0.0003709886848451122	0
TIVITSHPGQIVK	2	Ste-2024-12-02_HeLa_4mz_sDIA_400-900_21.mzML	9.769635503717	9.739043845733	9.86139697935	8.979885057471264E-05	1
TIVITSHPGQIVK	2	Ste-2024-12-02_HeLa_4mz_sDIA_400-900_22.mzML	9.788166802017	9.727118631683	9.9102966606	0.0001855976243504083	0
TKPADMVIEAYGHGQR	3	Ste-2024-12-02_HeLa_4mz_sDIA_400-900_20.mzML	9.814845049817	9.723200816417	9.906466917	0.001142170123234145	0
TKPADMVIEAYGHGQR	3	Ste-2024-12-02_HeLa_4mz_sDIA_400-900_21.mzML	9.824314327767	9.70195410585	9.915918652417	0.00036990456462232746	1
TKPADMVIEAYGHGQR	3	Ste-2024-12-02_HeLa_4mz_sDIA_400-900_22.mzML	9.812205109333	9.7206189321	9.903797154317	0.0010226909555768617	0
TLAAEMQELR	2	Ste-2024-12-02_HeLa_4mz_sDIA_400-900_20.mzML		12.165416032817	12.3485617117	0.30210905100772945	0
TLAAEMQELR	2	Ste-2024-12-02_HeLa_4mz_sDIA_400-900_21.mzML	12.265646800817	12.204597671367	12.357211852633	0.00692979813196746	0
TLAAEMQELR	2	Ste-2024-12-02_HeLa_4mz_sDIA_400-900_22.mzML	12.284347901633	12.223296985117	12.345345568967	0.001968697706467172	1
TLQIFNIEMK	2	Ste-2024-12-02_HeLa_4mz_sDIA_400-900_20.mzML	17.5290495033	17.46746677185	17.652214630967	0.00011510128913443831	0
TLQIFNIEMK	2	Ste-2024-12-02_HeLa_4mz_sDIA_400-900_21.mzML	17.53815739235	17.415096395483	17.661353824	8.979885057471264E-05	1
TLQIFNIEMK	2	Ste-2024-12-02_HeLa_4mz_sDIA_400-900_22.mzML	17.558045815433	17.434766244767	17.619703669733	0.0001855976243504083	0
TLSTSDDVEDRENEK	2	Ste-2024-12-02_HeLa_4mz_sDIA_400-900_20.mzML		5.672458997	5.825688369717	0.023594116115594897	0
TLSTSDDVEDRENEK	2	Ste-2024-12-02_HeLa_4mz_sDIA_400-900_21.mzML	5.676930050367	5.615577986183	5.738288348767	0.004734307403477267	0
TLSTSDDVEDRENEK	2	Ste-2024-12-02_HeLa_4mz_sDIA_400-900_22.mzML	5.701432920617	5.54812806395	5.7933867349	0.003777148253068933	1
TNGDSQQPSSSGLASSK	2	Ste-2024-12-02_HeLa_4mz_sDIA_400-900_20.mzML	5.332487576417	5.20977081575	5.455185330933	0.0004583651642475172	1
TNGDSQQPSSSGLASSK	2	Ste-2024-12-02_HeLa_4mz_sDIA_400-900_21.mzML	5.336550765733	5.183002675267	5.4287294221	0.0013244331426149607	0
TNGDSQQPSSSGLASSK	2	Ste-2024-12-02_HeLa_4mz_sDIA_400-900_22.mzML	5.300053576983	5.20795902315	5.392097617967	0.0011690868816145706	0
TVEFLQEYIVNR	2	Ste-2024-12-02_HeLa_4mz_sDIA_400-900_20.mzML	16.706821652133	16.6147349968	16.799064676567	0.007076566125290023	0
TVEFLQEYIVNR	2	Ste-2024-12-02_HeLa_4mz_sDIA_400-900_21.mzML	16.7467263881	16.65447408005	16.777475468483	0.005905894237867661	0
TVEFLQEYIVNR	2	Ste-2024-12-02_HeLa_4mz_sDIA_400-900_22.mzML	16.73473656115	16.64240378575	16.765524099733	0.0013859213489634463	1
TYDLLFK	2	Ste-2024-12-02_HeLa_4mz_sDIA_400-900_20.mzML	14.265057962633	14.142882306467	14.38734245635	0.0004071992833292613	0
TYDLLFK	2	Ste-2024-12-02_HeLa_4mz_sDIA_400-900_21.mzML	14.273914818717	14.1516544288	14.335105086817	8.979885057471264E-05	1
TYDLLFK	2	Ste-2024-12-02_HeLa_4mz_sDIA_400-900_22.mzML	14.261756336933	14.200653688983	14.384131151383	0.0002604618857440528	0
VAC[+57.0215]C[+57.0215]PLER	2	Ste-2024-12-02_HeLa_4mz_sDIA_400-900_20.mzML	6.415938506117	6.3546812742	6.538389172883	0.003399797849857576	0
VAC[+57.0215]C[+57.0215]PLER	2	Ste-2024-12-02_HeLa_4mz_sDIA_400-900_21.mzML	6.4212733779	6.35998948235	6.4825054096	0.0011373483535528596	1
VAC[+57.0215]C[+57.0215]PLER	2	Ste-2024-12-02_HeLa_4mz_sDIA_400-900_22.mzML	6.414261486517	6.3530024229	6.5368705031	0.006760390258892218	0
VAEELALEQAK	2	Ste-2024-12-02_HeLa_4mz_sDIA_400-900_20.mzML	9.998889140183	9.937699383	10.121160111717	0.00011510128913443831	0
VAEELALEQAK	2	Ste-2024-12-02_HeLa_4mz_sDIA_400-900_21.mzML	10.0081145047	9.886157596783	10.13040523825	8.979885057471264E-05	1
VAEELALEQAK	2	Ste-2024-12-02_HeLa_4mz_sDIA_400-900_22.mzML	9.996134635133	9.935018058517	10.057256805417	0.0001855976243504083	0
VATLNSEEESDPPTYK	2	Ste-2024-12-02_HeLa_4mz_sDIA_400-900_20.mzML	8.916811019633	8.7945661445	8.97790499915	0.00011510128913443831	0
VATLNSEEESDPPTYK	2	Ste-2024-12-02_HeLa_4mz_sDIA_400-900_21.mzML	8.89451673355	8.833312958967	9.016839901417	8.979885057471264E-05	1
VATLNSEEESDPPTYK	2	Ste-2024-12-02_HeLa_4mz_sDIA_400-900_22.mzML	8.91424296625	8.791986457233	8.9752942166	0.0001855976243504083	0
VC[+57.0215]GHTYEEDAIVR	2	Ste-2024-12-02_HeLa_4mz_sDIA_400-900_20.mzML		7.747997353533	7.870429753	0.0352608441698177	0
VC[+57.0215]GHTYEEDAIVR	2	Ste-2024-12-02_HeLa_4mz_sDIA_400-900_21.mzML	7.8159923251	7.78534307965	7.938816937233	0.003812706164588956	1
VC[+57.0215]GHTYEEDAIVR	2	Ste-2024-12-02_HeLa_4mz_sDIA_400-900_22.mzML		7.74588153215	7.89888179655	0.3934199469976084	0
VDAQFGGIDQR	2	Ste-2024-12-02_HeLa_4mz_sDIA_400-900_20.mzML	9.693373376183	9.632309359267	9.815567524733	0.00011510128913443831	0
VDAQFGGIDQR	2	Ste-2024-12-02_HeLa_4mz_sDIA_400-900_21.mzML	9.702679355983	9.58037707835	9.825038670883	8.979885057471264E-05	1
VDAQFGGIDQR	2	Ste-2024-12-02_HeLa_4mz_sDIA_400-900_22.mzML	9.690796506633	9.629661046033	9.812927657033	0.0001855976243504083	0
VDIDVPDVNLEAPEGK	2	Ste-2024-12-02_HeLa_4mz_sDIA_400-900_20.mzML	15.790955361433	15.6988505736	15.883117732833	0.00011510128913443831	0
VDIDVPDVNLEAPEGK	2	Ste-2024-12-02_HeLa_4mz_sDIA_400-900_21.mzML	15.800002683183	15.70788695085	15.922923249733	8.979885057471264E-05	1
VDIDVPDVNLEAPEGK	2	Ste-2024-12-02_HeLa_4mz_sDIA_400-900_22.mzML	15.818557695667	15.695659042633	15.880002610233	0.0001855976243504083	0
VGDQILLAIK	2	Ste-2024-12-02_HeLa_4mz_sDIA_400-900_20.mzML	15.1276329571	15.035805556217	15.280727915117	0.0008240626287597857	0
VGDQILLAIK	2	Ste-2024-12-02_HeLa_4mz_sDIA_400-900_21.mzML	15.1369554348	15.014446065367	15.198159390233	0.0006183017312448475	1
VGDQILLAIK	2	Ste-2024-12-02_HeLa_4mz_sDIA_400-900_22.mzML	15.124636909683	15.032784755133	15.277746603717	0.0013071118768938268	0
VGTEC[+57.0215]GNQK	2	Ste-2024-12-02_HeLa_4mz_sDIA_400-900_20.mzML	2.328819338083	2.26608838985	2.452381996367	0.0028900341987380183	0
VGTEC[+57.0215]GNQK	2	Ste-2024-12-02_HeLa_4mz_sDIA_400-900_21.mzML	2.329900551283	2.267224010017	2.45341684605	0.0008224650452355775	1
VGTEC[+57.0215]GNQK	2	Ste-2024-12-02_HeLa_4mz_sDIA_400-900_22.mzML	2.327511417983	2.265123779033	2.4510296389	0.0008424008424008424	0
VHQLYETIQR	2	Ste-2024-12-02_HeLa_4mz_sDIA_400-900_20.mzML	7.954233871817	7.831841669883	8.0153723926	0.001409721439043645	0
VHQLYETIQR	2	Ste-2024-12-02_HeLa_4mz_sDIA_400-900_21.mzML	7.93086248245	7.86957236845	8.053315707783	0.0017544739084665898	0
VHQLYETIQR	2	Ste-2024-12-02_HeLa_4mz_sDIA_400-900_22.mzML	7.952093960517	7.829687748733	8.043793547417	0.0010226909555768617	1
VKPLQDQNELFGK	2	Ste-2024-12-02_HeLa_4mz_sDIA_400-900_20.mzML		10.29857929925	10.481861715083	0.036224567844577026	0
VKPLQDQNELFGK	2	Ste-2024-12-02_HeLa_4mz_sDIA_400-900_21.mzML	10.3993910603	10.307797340133	10.490977936217	0.0015471094837811357	1
VKPLQDQNELFGK	2	Ste-2024-12-02_HeLa_4mz_sDIA_400-900_22.mzML		10.2652459173	10.539975389267	0.15690754400852971	0
VLAFLSSVAGDALTR	3	Ste-2024-12-02_HeLa_4mz_sDIA_400-900_20.mzML	19.1861962979	19.062839810683	19.247884151867	0.0004071992833292613	0
VLAFLSSVAGDALTR	3	Ste-2024-12-02_HeLa_4mz_sDIA_400-900_21.mzML	19.195442883583	19.0720706783	19.318828664217	8.979885057471264E-05	1
VLAFLSSVAGDALTR	3	Ste-2024-12-02_HeLa_4mz_sDIA_400-900_22.mzML	19.186593718167	19.124821393617	19.310181652333	0.0002604618857440528	0
VLC[+57.0215]GGDIYVPEDPK	2	Ste-2024-12-02_HeLa_4mz_sDIA_400-900_20.mzML	12.391095970367	12.269090461983	12.452137088683	0.00011510128913443831	0
VLC[+57.0215]GGDIYVPEDPK	2	Ste-2024-12-02_HeLa_4mz_sDIA_400-900_21.mzML	12.369260276867	12.27769042295	12.460733454633	8.979885057471264E-05	1
VLC[+57.0215]GGDIYVPEDPK	2	Ste-2024-12-02_HeLa_4mz_sDIA_400-900_22.mzML	12.3878639581	12.26587097235	12.50988989755	0.0001855976243504083	0
VLPANSMAESR	2	Ste-2024-12-02_HeLa_4mz_sDIA_400-900_20.mzML	7.492131127333	7.369883376183	7.614398100133	0.0003709886848451122	1
VLPANSMAESR	2	Ste-2024-12-02_HeLa_4mz_sDIA_400-900_21.mzML	7.498535568983	7.3761230308	7.55971968765	0.0007981335952848723	0
VLPANSMAESR	2	Ste-2024-12-02_HeLa_4mz_sDIA_400-900_22.mzML	7.490137021967	7.367902192833	7.612348231567	0.0008424008424008424	0
VLQEALC[+57.0215]VISGVPGLK	2	Ste-2024-12-02_HeLa_4mz_sDIA_400-900_20.mzML	18.86720597995	18.743860256017	18.928976527383	0.00011510128913443831	0
VLQEALC[+57.0215]VISGVPGLK	2	Ste-2024-12-02_HeLa_4mz_sDIA_400-900_21.mzML	18.87635255875	18.7838635553	18.968947128367	8.979885057471264E-05	1
VLQEALC[+57.0215]VISGVPGLK	2	Ste-2024-12-02_HeLa_4mz_sDIA_400-900_22.mzML	18.86719575165	18.743748079533	18.928940050917	0.0001855976243504083	0
VLYAYGYYTGEPSK	2	Ste-2024-12-02_HeLa_4mz_sDIA_400-900_20.mzML	12.270536191617	12.209462626183	12.423027367517	0.00011510128913443831	0
VLYAYGYYTGEPSK	2	Ste-2024-12-02_HeLa_4mz_sDIA_400-900_21.mzML	12.248603982583	12.218069422933	12.3707053428	8.979885057471264E-05	1
VLYAYGYYTGEPSK	2	Ste-2024-12-02_HeLa_4mz_sDIA_400-900_22.mzML	12.26731757725	12.175703574067	12.41980212895	0.0001855976243504083	0
VMPAPPPK	2	Ste-2024-12-02_HeLa_4mz_sDIA_400-900_20.mzML	6.104608810517	5.982103746633	6.227162867733	0.001142170123234145	0
VMPAPPPK	2	Ste-2024-12-02_HeLa_4mz_sDIA_400-900_21.mzML	6.109551848867	5.986867020567	6.2936222748	8.979885057471264E-05	1
VMPAPPPK	2	Ste-2024-12-02_HeLa_4mz_sDIA_400-900_22.mzML	6.1028753333	6.0416007802	6.286745396933	0.0008424008424008424	0
VMVLDFVTPTPLGTR	3	Ste-2024-12-02_HeLa_4mz_sDIA_400-900_20.mzML	19.6988779829	19.637173891633	19.822329801917	0.00011510128913443831	0
VMVLDFVTPTPLGTR	3	Ste-2024-12-02_HeLa_4mz_sDIA_400-900_21.mzML	19.708044226333	19.584612738633	19.831548192967	8.979885057471264E-05	1
VMVLDFVTPTPLGTR	3	Ste-2024-12-02_HeLa_4mz_sDIA_400-900_22.mzML	19.73071158725	19.607270416383	19.7923396608	0.0001855976243504083	0
VNDFLAEIFKK	3	Ste-2024-12-02_HeLa_4mz_sDIA_400-900_20.mzML		17.579998337333	17.703193261567	0.010037823683444864	0
VNDFLAEIFKK	3	Ste-2024-12-02_HeLa_4mz_sDIA_400-900_21.mzML	17.650720659617	17.589118284533	17.712343056567	0.004863616098569286	0
VNDFLAEIFKK	3	Ste-2024-12-02_HeLa_4mz_sDIA_400-900_22.mzML	17.670744201167	17.6090544228	17.732422903317	0.003948541587058973	1
VQAWYMDDAPGDPR	2	Ste-2024-12-02_HeLa_4mz_sDIA_400-900_20.mzML	12.789679534383	12.7285777415	12.911814484717	0.00011510128913443831	0
VQAWYMDDAPGDPR	2	Ste-2024-12-02_HeLa_4mz_sDIA_400-900_21.mzML	12.798331635233	12.6761868101	12.920447364217	8.979885057471264E-05	1
VQAWYMDDAPGDPR	2	Ste-2024-12-02_HeLa_4mz_sDIA_400-900_22.mzML	12.786566864817	12.725509876683	12.908667162867	0.0001855976243504083	0
VTEGQQER	2	Ste-2024-12-02_HeLa_4mz_sDIA_400-900_20.mzML	2.35798264085	2.264612431317	2.4509409591	0.0009530292716133424	0
VTEGQQER	2	Ste-2024-12-02_HeLa_4mz_sDIA_400-900_21.mzML		2.265746227217	2.451973048017	0.2350185366213549	0
VTEGQQER	2	Ste-2024-12-02_HeLa_4mz_sDIA_400-900_22.mzML	2.3566785909	2.200897821133	2.449587011333	0.00040508790407518434	1
VTPPAVTGSPEFER	2	Ste-2024-12-02_HeLa_4mz_sDIA_400-900_20.mzML	11.198269000133	11.076217508083	11.32028945925	0.00011510128913443831	0
VTPPAVTGSPEFER	2	Ste-2024-12-02_HeLa_4mz_sDIA_400-900_21.mzML	11.207168544833	11.085153980967	11.26818365045	8.979885057471264E-05	1
VTPPAVTGSPEFER	2	Ste-2024-12-02_HeLa_4mz_sDIA_400-900_22.mzML	11.195157423383	11.07310070975	11.317209388933	0.0001855976243504083	0
VVNGAAASQPPSK	2	Ste-2024-12-02_HeLa_4mz_sDIA_400-900_20.mzML	4.582668163117	4.49050219435	4.675028694217	0.0003709886848451122	0
VVNGAAASQPPSK	2	Ste-2024-12-02_HeLa_4mz_sDIA_400-900_21.mzML	4.586108665517	4.524567372033	4.709206758333	8.979885057471264E-05	1
VVNGAAASQPPSK	2	Ste-2024-12-02_HeLa_4mz_sDIA_400-900_22.mzML	4.581039714617	4.519581592717	4.704039745233	0.0006028636021100226	0
VVNSETPVVVDFHAQWC[+57.0215]GPC[+57.0215]K	3	Ste-2024-12-02_HeLa_4mz_sDIA_400-900_20.mzML		14.684609274233	14.868460966383	0.1051234536986027	0
VVNSETPVVVDFHAQWC[+57.0215]GPC[+57.0215]K	3	Ste-2024-12-02_HeLa_4mz_sDIA_400-900_21.mzML	14.755334026033	14.72469749155	14.908427573033	0.0009718172983479105	1
VVNSETPVVVDFHAQWC[+57.0215]GPC[+57.0215]K	3	Ste-2024-12-02_HeLa_4mz_sDIA_400-900_22.mzML	14.804094503717	14.681506651933	14.865409937183	0.005641353924941986	0
VWNNSSTVNAVPVAPPVC[+57.0215]DVAR	3	Ste-2024-12-02_HeLa_4mz_sDIA_400-900_20.mzML	14.928271145533	14.867015929683	15.081606448567	0.0008240626287597857	1
VWNNSSTVNAVPVAPPVC[+57.0215]DVAR	3	Ste-2024-12-02_HeLa_4mz_sDIA_400-900_21.mzML	14.876416931633	14.84577111355	14.99893757665	0.006358935069909979	0
VWNNSSTVNAVPVAPPVC[+57.0215]DVAR	3	Ste-2024-12-02_HeLa_4mz_sDIA_400-900_22.mzML	14.925253587967	14.8332771422	14.986568636017	0.002276634298192631	0
WLAPDGLIFPDR	2	Ste-2024-12-02_HeLa_4mz_sDIA_400-900_20.mzML	18.76599753105	18.673547273717	18.9202882302	0.00011510128913443831	0
WLAPDGLIFPDR	2	Ste-2024-12-02_HeLa_4mz_sDIA_400-900_21.mzML	18.77518965875	18.682767494883	18.867677101383	8.979885057471264E-05	1
WLAPDGLIFPDR	2	Ste-2024-12-02_HeLa_4mz_sDIA_400-900_22.mzML	18.79672509005	18.7350600043	18.920257077967	0.0001855976243504083	0
WNENVQYLSEDR	2	Ste-2024-12-02_HeLa_4mz_sDIA_400-900_20.mzML	11.658286792617	11.535981575733	11.749855192	0.003323332564043388	1
WNENVQYLSEDR	2	Ste-2024-12-02_HeLa_4mz_sDIA_400-900_21.mzML	11.636543821483	11.57549264125	11.697577598083	0.0033709832764206287	0
WNENVQYLSEDR	2	Ste-2024-12-02_HeLa_4mz_sDIA_400-900_22.mzML	11.624655715317	11.502356661367	11.7164390493	0.006845386056828177	0
WSNAGELMELIR	2	Ste-2024-12-02_HeLa_4mz_sDIA_400-900_20.mzML		18.489500079567	18.674269820117	0.021409749670619236	0
WSNAGELMELIR	2	Ste-2024-12-02_HeLa_4mz_sDIA_400-900_21.mzML	18.529456285783	18.498633807833	18.621925220617	8.979885057471264E-05	1
WSNAGELMELIR	2	Ste-2024-12-02_HeLa_4mz_sDIA_400-900_22.mzML	18.550650850167	18.488938434217	18.643221388383	0.0001855976243504083	0
YEDEINK	2	Ste-2024-12-02_HeLa_4mz_sDIA_400-900_20.mzML	5.003233084983	4.880412577617	5.064608374817	0.00011510128913443831	0
YEDEINK	2	Ste-2024-12-02_HeLa_4mz_sDIA_400-900_21.mzML	4.97617098075	4.914711670567	5.0990163753	8.979885057471264E-05	1
YEDEINK	2	Ste-2024-12-02_HeLa_4mz_sDIA_400-900_22.mzML	4.970669271583	4.90932434115	5.093394354717	0.0001855976243504083	0
YEELFPAFSDSR	2	Ste-2024-12-02_HeLa_4mz_sDIA_400-900_20.mzML	16.367449738933	16.244506572067	16.490473618383	0.000985092270309319	0
YEELFPAFSDSR	2	Ste-2024-12-02_HeLa_4mz_sDIA_400-900_21.mzML	16.376581695083	16.253622862317	16.499487534183	0.0007981335952848723	1
YEELFPAFSDSR	2	Ste-2024-12-02_HeLa_4mz_sDIA_400-900_22.mzML	16.394905416217	16.272012887883	16.517966436333	0.0014094830016350003	0
YGGQPVPNFPSK	2	Ste-2024-12-02_HeLa_4mz_sDIA_400-900_20.mzML	10.30699158215	10.245952199817	10.429154568833	0.00011510128913443831	0
YGGQPVPNFPSK	2	Ste-2024-12-02_HeLa_4mz_sDIA_400-900_21.mzML	10.316211257133	10.194142286867	10.438340036467	8.979885057471264E-05	1
YGGQPVPNFPSK	2	Ste-2024-12-02_HeLa_4mz_sDIA_400-900_22.mzML	10.304192079917	10.212617271933	10.456850697533	0.0001855976243504083	0
YLAVESPFLK	2	Ste-2024-12-02_HeLa_4mz_sDIA_400-900_20.mzML	15.559619667133	15.436855330733	15.621014532583	0.0003709886848451122	0
YLAVESPFLK	2	Ste-2024-12-02_HeLa_4mz_sDIA_400-900_21.mzML	15.538177526917	15.47687144785	15.660833098583	8.979885057471264E-05	1
YLAVESPFLK	2	Ste-2024-12-02_HeLa_4mz_sDIA_400-900_22.mzML	15.556534705983	15.43389968625	15.679298039033	0.0001855976243504083	0
YNVLGAETVLNQMR	2	Ste-2024-12-02_HeLa_4mz_sDIA_400-900_20.mzML	16.617627284733	16.525562881633	16.709715190267	0.001409721439043645	0
YNVLGAETVLNQMR	2	Ste-2024-12-02_HeLa_4mz_sDIA_400-900_21.mzML	16.626661344267	16.565207493067	16.749619111583	8.979885057471264E-05	1
YNVLGAETVLNQMR	2	Ste-2024-12-02_HeLa_4mz_sDIA_400-900_22.mzML	16.645303774517	16.5837898312	16.7684240833	0.0001855976243504083	0
YYFEGIK	2	Ste-2024-12-02_HeLa_4mz_sDIA_400-900_20.mzML		11.455714094283	11.608529662717	0.07765324180833379	0
YYFEGIK	2	Ste-2024-12-02_HeLa_4mz_sDIA_400-900_21.mzML		11.464655053967	11.617300668833	0.02177148033126294	0
YYFEGIK	2	Ste-2024-12-02_HeLa_4mz_sDIA_400-900_22.mzML	11.544293567283	11.513656545467	11.636101449033	0.0015088645794039985	1
