accessions	n_unique	n_shared	best_peptide_score	group_qvalue	is_target_winner
gi|136429|sp	3	0	6.374935708822386	0	true
sp|A0AV96|RBM47_HUMAN	3	0	5.799622853351777	0	true
sp|A0AVT1|UBA6_HUMAN	12	0	7.447943030114647	0	true
sp|A0FGR8|ESYT2_HUMAN	11	0	5.878809820888332	0	true
sp|A0MZ66|SHOT1_HUMAN	12	0	4.2986511226906385	0	true
sp|A0PJW6|TM223_HUMAN	1	0	2.7407142306659975	0	true
sp|A1L0T0|HACL2_HUMAN	5	0	6.27056913790531	0	true
sp|A2A3N6|PIPSL_HUMAN	0	7	6.912165517532391	0	true
sp|A3KMH1|VWA8_HUMAN	5	0	3.3088863903034476	0	true
sp|A5YKK6|CNOT1_HUMAN	23	0	5.263005555835038	0	true
sp|A6NCE7|MP3B2_HUMAN;sp|Q9GZQ8|MLP3B_HUMAN	1	0	3.9577770215052874	0	true
sp|A6NDG6|PGP_HUMAN	7	0	4.562448843705394	0	true
sp|A6NDU8|RIMC1_HUMAN	2	0	3.7461727034573045	0	true
sp|A6NED2|RCCD1_HUMAN	1	0	3.6992828779414517	0	true
sp|A6NHR9|SMHD1_HUMAN	9	0	5.082406072925792	0	true
sp|A6NIH7|U119B_HUMAN	2	0	2.3756005295491778	0	true
sp|A8CG34|P121C_HUMAN;sp|Q96HA1|P121A_HUMAN	2	0	5.777040747846982	0	true
sp|A8MWD9|RUXGL_HUMAN;sp|P62308|RUXG_HUMAN	2	0	7.802749728662213	0	true
sp|A9QM74|IMA8_HUMAN	1	0	6.706308600324117	0	true
sp|B0I1T2|MYO1G_HUMAN	19	0	7.648616170958769	0	true
sp|B7ZW38|HNRC3_HUMAN;sp|O60812|HNRC1_HUMAN;sp|P0DMR1|HNRC4_HUMAN	1	7	8.68395607735939	0	true
sp|E9PAV3|NACAM_HUMAN	4	0	11.086111800842332	0	true
sp|G2XKQ0|SUMO5_HUMAN;sp|P63165|SUMO1_HUMAN	2	0	3.5074303057526794	0	true
sp|O00115|DNS2A_HUMAN	2	0	3.8984995701361544	0	true
sp|O00116|ADAS_HUMAN	12	0	6.359126181080167	0	true
sp|O00139|KIF2A_HUMAN	9	0	5.158244805136586	0	true
sp|O00148|DX39A_HUMAN	6	11	8.64039396485869	0	true
sp|O00154|BACH_HUMAN	9	0	6.922946934768241	0	true
sp|O00159|MYO1C_HUMAN	14	1	6.890345404839937	0	true
sp|O00161|SNP23_HUMAN	4	0	3.9780277716788324	0	true
sp|O00170|AIP_HUMAN	9	0	7.454664026881762	0	true
sp|O00186|STXB3_HUMAN	5	0	4.085088458706527	0	true
sp|O00193|SMAP_HUMAN	1	0	4.309013516328311	0	true
sp|O00203|AP3B1_HUMAN	5	0	5.720826876694409	0	true
sp|O00217|NDUS8_HUMAN	3	0	5.560495856736051	0	true
sp|O00231|PSD11_HUMAN	18	0	9.973832363073353	0	true
sp|O00232|PSD12_HUMAN	12	0	9.020483655843076	0	true
sp|O00233|PSMD9_HUMAN	3	0	3.430635881025971	0	true
sp|O00255|MEN1_HUMAN	1	0	3.9887616284819845	0	true
sp|O00257|CBX4_HUMAN	3	0	2.3678971119910965	0	true
sp|O00264|PGRC1_HUMAN	7	1	9.636828805792437	0	true
sp|O00267|SPT5H_HUMAN	18	0	7.392082535958173	0	true
sp|O00273|DFFA_HUMAN	8	0	8.838313305989578	0	true
sp|O00299|CLIC1_HUMAN	8	0	9.798966818904903	0	true
sp|O00303|EIF3F_HUMAN	10	0	9.382386000824628	0	true
sp|O00330|ODPX_HUMAN	6	0	4.285109366289665	0	true
sp|O00391|QSOX1_HUMAN	2	0	5.660004594142725	0	true
sp|O00399|DCTN6_HUMAN	2	0	5.052333222919917	0	true
sp|O00400|ACATN_HUMAN	1	0	4.737585425446507	0	true
sp|O00410|IPO5_HUMAN	22	2	8.814211501095716	0	true
sp|O00422|SAP18_HUMAN	5	0	6.55379251518849	0	true
sp|O00425|IF2B3_HUMAN	15	2	7.732490071925296	0	true
sp|O00429|DNM1L_HUMAN	18	0	7.3564930890117335	0	true
sp|O00442|RTCA_HUMAN	3	0	3.331030095642992	0	true
sp|O00458|IFRD1_HUMAN	3	0	5.278452355580744	0	true
sp|O00461|GOLI4_HUMAN	9	0	6.98440991639459	0	true
sp|O00468|AGRIN_HUMAN	5	0	3.8160333861890505	0	true
sp|O00483|NDUA4_HUMAN	3	0	7.625867557746102	0	true
sp|O00487|PSDE_HUMAN	5	0	7.571183112950877	0	true
sp|O00499|BIN1_HUMAN	5	0	3.321757877897598	0	true
sp|O00505|IMA4_HUMAN	3	2	8.254225544620489	0	true
sp|O00506|STK25_HUMAN	1	1	7.787436254959184	0	true
sp|O00534|VMA5A_HUMAN	4	0	4.532122614514294	0	true
sp|O00541|PESC_HUMAN	14	0	7.916271022235457	0	true
sp|O00560|SDCB1_HUMAN	1	0	5.609935699667578	0	true
sp|O00566|MPP10_HUMAN	3	0	3.862567095762	0	true
sp|O00567|NOP56_HUMAN	15	0	9.853649316443903	0	true
sp|O00571|DDX3X_HUMAN	23	1	12.599130843184927	0	true
sp|O00592|PODXL_HUMAN	6	0	5.25405595791872	0	true
sp|O00625|PIR_HUMAN	5	0	5.386933979015014	0	true
sp|O00629|IMA3_HUMAN	4	2	9.898317714129988	0	true
sp|O00712|NFIB_HUMAN	1	1	5.861470556310639	0	true
sp|O00743|PPP6_HUMAN	2	0	4.664952759684165	0	true
sp|O00764|PDXK_HUMAN	6	0	6.926313097385061	0	true
sp|O00767|SCD_HUMAN	3	0	6.286196613641023	0	true
sp|O14521|DHSD_HUMAN	1	0	2.5618629034000953	0	true
sp|O14548|CO72L_HUMAN	2	0	5.853005904524468	0	true
sp|O14561|ACPM_HUMAN	3	0	9.710060557248802	0	true
sp|O14562|UBFD1_HUMAN	3	0	3.338590278785089	0	true
sp|O14578|CTRO_HUMAN	2	0	3.2409580692015636	0	true
sp|O14579|COPE_HUMAN	5	0	6.611269701025617	0	true
sp|O14602|IF1AY_HUMAN;sp|P47813|IF1AX_HUMAN	3	0	5.831095325949785	0	true
sp|O14617|AP3D1_HUMAN	5	0	3.653189269646341	0	true
sp|O14618|CCS_HUMAN	2	0	2.554270501947077	0	true
sp|O14639|ABLM1_HUMAN	2	0	5.1994994079734616	0	true
sp|O14646|CHD1_HUMAN	1	4	3.352172935009374	0	true
sp|O14647|CHD2_HUMAN	1	4	3.352172935009374	0	true
sp|O14656|TOR1A_HUMAN	2	0	3.8096455251127277	0	true
sp|O14657|TOR1B_HUMAN	2	0	2.7836911208881396	0	true
sp|O14662|STX16_HUMAN	3	0	3.805219498729349	0	true
sp|O14672|ADA10_HUMAN	3	0	6.939418923381002	0	true
sp|O14684|PTGES_HUMAN	3	0	5.086910720135994	0	true
sp|O14732|IMPA2_HUMAN	4	0	4.2684774601530355	0	true
sp|O14734|ACOT8_HUMAN	2	0	4.797736250628013	0	true
sp|O14737|PDCD5_HUMAN	6	0	8.350519055152631	0	true
sp|O14744|ANM5_HUMAN	15	0	7.75712581231997	0	true
sp|O14745|NHRF1_HUMAN	10	0	6.905083110478403	0	true
sp|O14773|TPP1_HUMAN	5	0	5.290987311930095	0	true
sp|O14776|TCRG1_HUMAN	17	1	5.28058143490806	0	true
sp|O14787|TNPO2_HUMAN	3	5	4.2267528726681425	0	true
sp|O14802|RPC1_HUMAN	5	0	2.402959598967348	0	true
sp|O14818|PSA7_HUMAN	12	0	10.059972711903692	0	true
sp|O14828|SCAM3_HUMAN	3	0	9.880596310775305	0	true
sp|O14880|MGST3_HUMAN	3	0	5.067277353128323	0	true
sp|O14893|GEMI2_HUMAN	2	0	3.9364804979156127	0	true
sp|O14907|TX1B3_HUMAN	2	0	6.48289954881425	0	true
sp|O14908|GIPC1_HUMAN	9	0	8.304535000462657	0	true
sp|O14929|HAT1_HUMAN	5	0	9.930355926918491	0	true
sp|O14949|QCR8_HUMAN	3	0	6.804621277737514	0	true
sp|O14950|ML12B_HUMAN;sp|P19105|ML12A_HUMAN	9	0	7.837049083335373	0	true
sp|O14964|HGS_HUMAN	3	0	6.404722691964357	0	true
sp|O14974|MYPT1_HUMAN	15	0	11.48100107561722	0	true
sp|O14975|S27A2_HUMAN	16	0	8.4615523969753	0	true
sp|O14979|HNRDL_HUMAN	7	1	10.846477998005255	0	true
sp|O14980|XPO1_HUMAN	28	0	7.289312707177175	0	true
sp|O14981|BTAF1_HUMAN	6	0	3.6213990116398787	0	true
sp|O15020|SPTN2_HUMAN	19	6	5.165463957323676	0	true
sp|O15027|SC16A_HUMAN	12	0	6.336100481558111	0	true
sp|O15031|PLXB2_HUMAN	6	0	2.9774278604628805	0	true
sp|O15042|SR140_HUMAN	11	0	6.996085664267815	0	true
sp|O15067|PUR4_HUMAN	22	0	8.360616585033574	0	true
sp|O15084|ANR28_HUMAN	2	0	6.20638949840127	0	true
sp|O15118|NPC1_HUMAN	2	0	2.7126208376361496	0	true
sp|O15119|TBX3_HUMAN	4	0	3.533847520800723	0	true
sp|O15126|SCAM1_HUMAN	2	0	3.7213109431978544	0	true
sp|O15127|SCAM2_HUMAN	1	0	4.723189493528755	0	true
sp|O15143|ARC1B_HUMAN	9	1	5.9035550743302085	0	true
sp|O15144|ARPC2_HUMAN	9	0	5.35390463531663	0	true
sp|O15145|ARPC3_HUMAN	7	0	6.805059347297165	0	true
sp|O15160|RPAC1_HUMAN	5	0	8.513887577089859	0	true
sp|O15173|PGRC2_HUMAN	4	1	8.926039369888889	0	true
sp|O15212|PFD6_HUMAN	6	0	7.393726662745234	0	true
sp|O15213|WDR46_HUMAN	5	0	5.290665297878153	0	true
sp|O15226|NKRF_HUMAN;tr|A0AAG2UWQ9|A0AAG2UWQ9_HUMAN	6	0	4.859610173426496	0	true
sp|O15230|LAMA5_HUMAN	2	0	4.577161238008181	0	true
sp|O15234|CASC3_HUMAN	4	0	6.3555253572242165	0	true
sp|O15258|RER1_HUMAN	1	0	4.45494993621252	0	true
sp|O15260|SURF4_HUMAN	2	0	5.087716670914695	0	true
sp|O15270|SPTC2_HUMAN	4	0	3.2358622694122983	0	true
sp|O15294|OGT1_HUMAN	12	0	4.460305890887834	0	true
sp|O15305|PMM2_HUMAN	7	0	6.022579984973593	0	true
sp|O15347|HMGB3_HUMAN	4	0	8.065293701658216	0	true
sp|O15355|PPM1G_HUMAN	17	0	8.861532104059465	0	true
sp|O15357|SHIP2_HUMAN	10	0	6.333051430705058	0	true
sp|O15371|EIF3D_HUMAN	12	0	7.959821851010803	0	true
sp|O15372|EIF3H_HUMAN	5	0	10.10616425943435	0	true
sp|O15381|NVL_HUMAN	7	0	5.009036243899555	0	true
sp|O15382|BCAT2_HUMAN	5	0	4.022547473576654	0	true
sp|O15397|IPO8_HUMAN	6	1	6.7987723978922014	0	true
sp|O15400|STX7_HUMAN	2	0	6.526109906091021	0	true
sp|O15427|MOT4_HUMAN	7	0	6.066922298496067	0	true
sp|O15431|COPT1_HUMAN	1	0	2.7388400128753427	0	true
sp|O15438|MRP3_HUMAN	3	0	2.7878835712624617	0	true
sp|O15498|YKT6_HUMAN	3	0	3.5441299357351226	0	true
sp|O15511|ARPC5_HUMAN	6	0	5.883055269234077	0	true
sp|O15533|TPSN_HUMAN	4	0	6.695081217993144	0	true
sp|O43143|DHX15_HUMAN	23	1	8.920047143531333	0	true
sp|O43148|MCES_HUMAN	4	0	5.133165401573664	0	true
sp|O43156|TTI1_HUMAN	3	0	2.5578374789119533	0	true
sp|O43159|RRP8_HUMAN	9	0	4.921238237203892	0	true
sp|O43169|CYB5B_HUMAN	2	0	6.3980117008092305	0	true
sp|O43172|PRP4_HUMAN	13	0	7.709888308531807	0	true
sp|O43175|SERA_HUMAN	18	0	9.8753035794469	0	true
sp|O43181|NDUS4_HUMAN	2	0	3.113731334043391	0	true
sp|O43237|DC1L2_HUMAN	4	1	7.3490814661503086	0	true
sp|O43242|PSMD3_HUMAN	16	0	9.1245879507233	0	true
sp|O43252|PAPS1_HUMAN	4	1	3.746250799754872	0	true
sp|O43264|ZW10_HUMAN	7	0	3.9953273917904206	0	true
sp|O43290|SNUT1_HUMAN	16	0	6.956667331454075	0	true
sp|O43292|GPAA1_HUMAN	3	0	2.391392735314809	0	true
sp|O43314|VIP2_HUMAN	5	0	2.4372851160022457	0	true
sp|O43324|MCA3_HUMAN	5	0	4.374590352079878	0	true
sp|O43390|HNRPR_HUMAN	15	8	9.74809521626402	0	true
sp|O43395|PRPF3_HUMAN	10	0	4.608257059984715	0	true
sp|O43396|TXNL1_HUMAN	12	0	7.7148741031216455	0	true
sp|O43399|TPD54_HUMAN	12	0	8.657932355387041	0	true
sp|O43402|EMC8_HUMAN	3	0	5.311194365281266	0	true
sp|O43432|IF4G3_HUMAN	2	4	7.638787435108082	0	true
sp|O43447|PPIH_HUMAN	5	0	7.1679497821884715	0	true
sp|O43464|HTRA2_HUMAN	3	0	2.803314800215046	0	true
sp|O43488|ARK72_HUMAN	5	0	6.629150187898443	0	true
sp|O43491|E41L2_HUMAN	10	0	6.890792921854932	0	true
sp|O43493|TGON2_HUMAN	4	0	7.110742246071188	0	true
sp|O43504|LTOR5_HUMAN	2	0	3.8963233920908134	0	true
sp|O43505|B4GA1_HUMAN	1	0	3.0856353944379937	0	true
sp|O43583|DENR_HUMAN	1	0	2.4757160696020937	0	true
sp|O43592|XPOT_HUMAN	15	0	7.168855907262639	0	true
sp|O43598|DNPH1_HUMAN	1	0	4.257861870027859	0	true
sp|O43615|TIM44_HUMAN	15	0	8.01048115994904	0	true
sp|O43633|CHM2A_HUMAN	3	0	5.538972734032227	0	true
sp|O43657|TSN6_HUMAN	1	0	2.592227389973595	0	true
sp|O43660|PLRG1_HUMAN	8	0	6.895426190222426	0	true
sp|O43663|PRC1_HUMAN	2	0	4.955846105018815	0	true
sp|O43670|ZN207_HUMAN	3	0	6.859392573773053	0	true
sp|O43674|NDUB5_HUMAN	2	0	3.67840704159426	0	true
sp|O43676|NDUB3_HUMAN	3	0	4.60535218668058	0	true
sp|O43678|NDUA2_HUMAN	3	0	3.0979793098071546	0	true
sp|O43681|GET3_HUMAN	5	0	6.876199263101622	0	true
sp|O43684|BUB3_HUMAN	9	0	9.055305001722832	0	true
sp|O43707|ACTN4_HUMAN	32	17	10.097309115616943	0	true
sp|O43708|MAAI_HUMAN	1	0	7.235593409513254	0	true
sp|O43709|BUD23_HUMAN	1	0	3.665968019775976	0	true
sp|O43719|HTSF1_HUMAN	12	0	8.730886610689344	0	true
sp|O43747|AP1G1_HUMAN	6	0	7.233922509521506	0	true
sp|O43752|STX6_HUMAN	2	0	2.3661726105804854	0	true
sp|O43765|SGTA_HUMAN	5	1	7.2736822110843296	0	true
sp|O43768|ENSA_HUMAN	4	1	9.203513344737486	0	true
sp|O43772|MCAT_HUMAN	2	0	3.920488699815115	0	true
sp|O43776|SYNC_HUMAN	14	0	9.992119461168231	0	true
sp|O43795|MYO1B_HUMAN	2	1	5.54939961102311	0	true
sp|O43809|CPSF5_HUMAN	7	0	7.576653762883553	0	true
sp|O43813|LANC1_HUMAN	7	0	4.747865435414135	0	true
sp|O43815|STRN_HUMAN	3	0	3.0920745055955132	0	true
sp|O43818|U3IP2_HUMAN	5	0	4.275666058671781	0	true
sp|O43823|AKAP8_HUMAN	6	0	5.677916436374384	0	true
sp|O43837|IDH3B_HUMAN	9	0	5.046261323266375	0	true
sp|O43847|NRDC_HUMAN	11	0	6.929591655353104	0	true
sp|O43852|CALU_HUMAN	13	0	8.578130257004915	0	true
sp|O43865|SAHH2_HUMAN	9	0	6.13202478919762	0	true
sp|O43920|NDUS5_HUMAN	3	0	3.7469608861921806	0	true
sp|O43933|PEX1_HUMAN	1	0	2.848299621577022	0	true
sp|O60216|RAD21_HUMAN	14	0	6.455557160989085	0	true
sp|O60220|TIM8A_HUMAN	2	0	6.520926828025786	0	true
sp|O60231|DHX16_HUMAN	10	1	3.779185768738013	0	true
sp|O60232|ZNRD2_HUMAN	3	0	7.0606299407330395	0	true
sp|O60256|KPRB_HUMAN	5	1	5.550769059789861	0	true
sp|O60264|SMCA5_HUMAN	24	0	9.159482149602875	0	true
sp|O60271|JIP4_HUMAN	7	0	5.5719613460587345	0	true
sp|O60287|NPA1P_HUMAN	5	0	5.474960707466795	0	true
sp|O60306|AQR_HUMAN	9	0	4.309674135439467	0	true
sp|O60313|OPA1_HUMAN	15	0	4.592195566740316	0	true
sp|O60341|KDM1A_HUMAN	10	0	3.8471863304052243	0	true
sp|O60343|TBCD4_HUMAN	8	0	3.723828435308366	0	true
sp|O60361|NDK8_HUMAN	1	7	9.46796909573655	0	true
sp|O60427|FADS1_HUMAN	3	0	3.046812896489626	0	true
sp|O60437|PEPL_HUMAN	9	0	2.6822647712664107	0	true
sp|O60443|GSDME_HUMAN	6	0	3.7933741662796003	0	true
sp|O60488|ACSL4_HUMAN	14	2	7.337953857469093	0	true
sp|O60493|SNX3_HUMAN	4	2	7.846689636218062	0	true
sp|O60502|OGA_HUMAN	8	0	2.7652331618515724	0	true
sp|O60506|HNRPQ_HUMAN	15	8	10.003482499352645	0	true
sp|O60508|PRP17_HUMAN	6	0	4.2525450625292915	0	true
sp|O60518|RNBP6_HUMAN	3	2	6.948450506131712	0	true
sp|O60524|NEMF_HUMAN	10	0	5.501149211612019	0	true
sp|O60547|GMDS_HUMAN	4	0	4.2220490623116085	0	true
sp|O60563|CCNT1_HUMAN	4	0	3.6853685922585315	0	true
sp|O60568|PLOD3_HUMAN	18	0	9.397479312382611	0	true
sp|O60573|IF4E2_HUMAN	2	0	4.378554571290489	0	true
sp|O60610|DIAP1_HUMAN	21	0	5.6367025166938864	0	true
sp|O60613|SEP15_HUMAN	2	0	6.174620992982554	0	true
sp|O60664|PLIN3_HUMAN	14	0	10.086544841307658	0	true
sp|O60678|ANM3_HUMAN	4	0	2.969512480251296	0	true
sp|O60684|IMA7_HUMAN	5	5	8.728717973529172	0	true
sp|O60701|UGDH_HUMAN	16	0	6.6370216070840735	0	true
sp|O60716|CTND1_HUMAN	13	0	4.895584761335691	0	true
sp|O60739|EIF1B_HUMAN;sp|P41567|EIF1_HUMAN	3	0	8.447371250276584	0	true
sp|O60749|SNX2_HUMAN	11	2	6.548355657436628	0	true
sp|O60762|DPM1_HUMAN	6	0	6.2096405936231855	0	true
sp|O60763|USO1_HUMAN	13	0	7.02065672948695	0	true
sp|O60784|TOM1_HUMAN	4	0	3.4217750307717427	0	true
sp|O60814|H2B1K_HUMAN;sp|P57053|H2BFS_HUMAN;sp|P58876|H2B1D_HUMAN;sp|P62807|H2B1C_HUMAN;sp|Q5QNW6|H2B2F_HUMAN;sp|Q93079|H2B1H_HUMAN;sp|Q99877|H2B1N_HUMAN;sp|Q99879|H2B1M_HUMAN;sp|Q99880|H2B1L_HUMAN	2	4	6.135064636474056	0	true
sp|O60828|PQBP1_HUMAN	4	0	5.6768666473520675	0	true
sp|O60830|TI17B_HUMAN	1	0	2.9009915790828424	0	true
sp|O60832|DKC1_HUMAN	17	0	9.405795899075178	0	true
sp|O60841|IF2P_HUMAN	26	0	9.07654578850974	0	true
sp|O60869|EDF1_HUMAN	7	0	6.807734711324621	0	true
sp|O60879|DIAP2_HUMAN	6	0	3.8376231827473313	0	true
sp|O60884|DNJA2_HUMAN	7	0	7.769330381817499	0	true
sp|O60885|BRD4_HUMAN	4	2	3.6545498197927726	0	true
sp|O60888|CUTA_HUMAN	2	0	7.8720419392527905	0	true
sp|O60907|TBL1X_HUMAN	2	3	6.555819064458417	0	true
sp|O60921|HUS1_HUMAN	1	0	5.445116546940778	0	true
sp|O60925|PFD1_HUMAN	4	0	3.8145328977408988	0	true
sp|O60934|NBN_HUMAN	8	0	4.98727431662219	0	true
sp|O60936|NOL3_HUMAN	2	0	3.4124375046362867	0	true
sp|O60942|MCE1_HUMAN	2	0	2.5660060079888796	0	true
sp|O75027|ABCB7_HUMAN	4	0	5.076299193080737	0	true
sp|O75044|SRGP2_HUMAN	1	1	3.5231471433240213	0	true
sp|O75083|WDR1_HUMAN	13	0	8.870784574438016	0	true
sp|O75116|ROCK2_HUMAN	15	3	4.03065835312288	0	true
sp|O75122|CLAP2_HUMAN	4	1	5.937426228860117	0	true
sp|O75128|COBL_HUMAN	1	0	2.8184795991783234	0	true
sp|O75131|CPNE3_HUMAN	11	1	5.894713812410469	0	true
sp|O75150|BRE1B_HUMAN	5	1	5.845050914851455	0	true
sp|O75152|ZC11A_HUMAN	9	0	7.321931242946102	0	true
sp|O75153|CLU_HUMAN	12	0	5.004938860637702	0	true
sp|O75157|T22D2_HUMAN	1	1	4.02435287145765	0	true
sp|O75165|DJC13_HUMAN	9	0	4.08319217464826	0	true
sp|O75179|ANR17_HUMAN	5	2	4.409592135832259	0	true
sp|O75208|COQ9_HUMAN	2	0	6.967547441595797	0	true
sp|O75223|GGCT_HUMAN	5	0	8.3386651745305	0	true
sp|O75251|NDUS7_HUMAN	3	0	6.812412004023494	0	true
sp|O75306|NDUS2_HUMAN	8	0	7.851296826642837	0	true
sp|O75312|ZPR1_HUMAN	7	0	4.810462949107048	0	true
sp|O75323|NIPS2_HUMAN	3	0	2.3639505829054097	0	true
sp|O75340|PDCD6_HUMAN	6	0	7.92723842445628	0	true
sp|O75347|TBCA_HUMAN	6	0	6.594233725781822	0	true
sp|O75348|VATG1_HUMAN	2	0	5.592621132666597	0	true
sp|O75351|VPS4B_HUMAN	4	2	5.8557412680818315	0	true
sp|O75352|MPU1_HUMAN	1	0	4.304234875220025	0	true
sp|O75367|H2AY_HUMAN	14	0	9.92739410172675	0	true
sp|O75368|SH3L1_HUMAN	4	0	5.998829777751295	0	true
sp|O75369|FLNB_HUMAN	98	9	11.394187910260813	0	true
sp|O75376|NCOR1_HUMAN	6	0	3.6563619156388696	0	true
sp|O75380|NDUS6_HUMAN	4	0	5.904303403005655	0	true
sp|O75381|PEX14_HUMAN	3	0	3.383359602040779	0	true
sp|O75390|CISY_HUMAN	11	0	8.784343799186525	0	true
sp|O75391|SPAG7_HUMAN	2	0	5.400510658054106	0	true
sp|O75394|RM33_HUMAN	1	0	3.998960795981962	0	true
sp|O75396|SC22B_HUMAN	7	0	8.885405227487794	0	true
sp|O75400|PR40A_HUMAN	9	0	4.842427874533715	0	true
sp|O75431|MTX2_HUMAN	4	0	2.3604347302602227	0	true
sp|O75436|VP26A_HUMAN	9	0	6.8180272329922875	0	true
sp|O75438|NDUB1_HUMAN	2	0	6.003424019049331	0	true
sp|O75439|MPPB_HUMAN	8	0	7.794436295911002	0	true
sp|O75475|PSIP1_HUMAN	13	1	8.09029962720006	0	true
sp|O75477|ERLN1_HUMAN	5	2	6.722731347139703	0	true
sp|O75489|NDUS3_HUMAN	5	0	7.96642415103416	0	true
sp|O75494|SRS10_HUMAN	5	0	7.2615522853081576	0	true
sp|O75521|ECI2_HUMAN	9	0	9.124006849068747	0	true
sp|O75531|BAF_HUMAN	6	0	10.353790855425204	0	true
sp|O75533|SF3B1_HUMAN	31	0	8.229447853497467	0	true
sp|O75534|CSDE1_HUMAN	23	0	8.860686159714339	0	true
sp|O75569|PRKRA_HUMAN	5	0	5.5867622500956085	0	true
sp|O75592|MYCB2_HUMAN	5	0	2.64164569173353	0	true
sp|O75607|NPM3_HUMAN	3	0	7.965598728662629	0	true
sp|O75608|LYPA1_HUMAN	2	0	3.758145082755849	0	true
sp|O75616|ERAL1_HUMAN	2	0	5.307208026319085	0	true
sp|O75643|U520_HUMAN	58	0	7.94651712185261	0	true
sp|O75663|TIPRL_HUMAN	3	0	7.233999569491027	0	true
sp|O75676|KS6A4_HUMAN	1	0	3.1237866187092123	0	true
sp|O75683|SURF6_HUMAN	7	0	6.439815548246771	0	true
sp|O75688|PPM1B_HUMAN	1	1	4.281620054314625	0	true
sp|O75691|UTP20_HUMAN	16	0	4.935932995221781	0	true
sp|O75694|NU155_HUMAN	17	0	9.387189878591553	0	true
sp|O75695|XRP2_HUMAN	3	0	2.779743220460155	0	true
sp|O75717|WDHD1_HUMAN	13	0	8.976118564739037	0	true
sp|O75746|S2512_HUMAN	7	5	3.8261737860186904	0	true
sp|O75792|RNH2A_HUMAN	3	0	5.304572639670719	0	true
sp|O75817|POP7_HUMAN	3	0	6.457373426475669	0	true
sp|O75818|RPP40_HUMAN	4	0	2.512505702063031	0	true
sp|O75821|EIF3G_HUMAN	14	0	9.955376952373758	0	true
sp|O75822|EIF3J_HUMAN	12	0	8.818543112923026	0	true
sp|O75828|CBR3_HUMAN	1	2	11.835018678364793	0	true
sp|O75832|PSD10_HUMAN	5	0	7.145004691414491	0	true
sp|O75844|FACE1_HUMAN	8	0	6.443205002574314	0	true
sp|O75874|IDHC_HUMAN	10	1	8.587850423999646	0	true
sp|O75880|SCO1_HUMAN	1	0	5.913450649155878	0	true
sp|O75909|CCNK_HUMAN	4	0	3.0590003909106644	0	true
sp|O75915|PRAF3_HUMAN	1	0	5.415093822225806	0	true
sp|O75928|PIAS2_HUMAN	2	0	3.7990012048579156	0	true
sp|O75934|SPF27_HUMAN	5	0	2.5877164719529233	0	true
sp|O75935|DCTN3_HUMAN	2	0	2.6925386037482433	0	true
sp|O75937|DNJC8_HUMAN	8	0	3.9430987506112585	0	true
sp|O75940|SPF30_HUMAN	3	0	3.272563287004287	0	true
sp|O75947|ATP5H_HUMAN	4	0	7.106365966549023	0	true
sp|O75955|FLOT1_HUMAN	16	0	6.267377419809572	0	true
sp|O75964|ATP5L_HUMAN	3	0	8.113119546974453	0	true
sp|O76003|GLRX3_HUMAN	11	0	8.078468551889465	0	true
sp|O76021|RL1D1_HUMAN	13	0	8.068922963833785	0	true
sp|O76031|CLPX_HUMAN	8	0	7.772520141397239	0	true
sp|O76071|CIAO1_HUMAN	5	0	5.600869134046669	0	true
sp|O76094|SRP72_HUMAN	18	0	8.315835292679186	0	true
sp|O94760|DDAH1_HUMAN	2	0	2.3833248772630657	0	true
sp|O94776|MTA2_HUMAN	14	1	4.9774101823669294	0	true
sp|O94804|STK10_HUMAN	3	1	6.31586485091797	0	true
sp|O94822|LTN1_HUMAN	3	0	3.4585683813330856	0	true
sp|O94826|TOM70_HUMAN	10	0	5.861572224344175	0	true
sp|O94842|TOX4_HUMAN	4	0	6.090409350865323	0	true
sp|O94855|SC24D_HUMAN	3	0	8.101688259049604	0	true
sp|O94864|ST65G_HUMAN	1	0	3.229182745015364	0	true
sp|O94874|UFL1_HUMAN	14	0	5.225612129954269	0	true
sp|O94888|UBXN7_HUMAN	6	0	3.370592718262237	0	true
sp|O94903|PLPHP_HUMAN	5	0	3.0305692232326003	0	true
sp|O94905|ERLN2_HUMAN	5	2	8.011356877407673	0	true
sp|O94906|PRP6_HUMAN	21	0	7.388798561653217	0	true
sp|O94913|PCF11_HUMAN	1	0	2.3918154346913045	0	true
sp|O94925|GLSK_HUMAN	8	0	6.190558051094967	0	true
sp|O94927|HAUS5_HUMAN	1	0	2.7007281515841375	0	true
sp|O94966|UBP19_HUMAN	3	0	5.156636014683723	0	true
sp|O94973|AP2A2_HUMAN	5	6	7.566877303906015	0	true
sp|O94979|SC31A_HUMAN	13	0	6.155592192974129	0	true
sp|O94992|HEXI1_HUMAN	3	0	3.1053548570364575	0	true
sp|O95071|UBR5_HUMAN	8	0	5.7576805723405435	0	true
sp|O95084|PRS23_HUMAN	2	0	5.989881819391337	0	true
sp|O95104|SCAF4_HUMAN	2	1	4.650049293689374	0	true
sp|O95155|UBE4B_HUMAN	7	0	3.6227431293043777	0	true
sp|O95163|ELP1_HUMAN	14	0	4.19323685990669	0	true
sp|O95167|NDUA3_HUMAN	1	0	3.4633355298572663	0	true
sp|O95182|NDUA7_HUMAN	4	0	3.927798804353488	0	true
sp|O95197|RTN3_HUMAN	2	0	5.935660142866263	0	true
sp|O95202|LETM1_HUMAN	16	0	8.154195820997145	0	true
sp|O95218|ZRAB2_HUMAN	12	0	4.6394666222320895	0	true
sp|O95232|LC7L3_HUMAN	5	0	9.921015234373035	0	true
sp|O95239|KIF4A_HUMAN	10	0	5.258791297771094	0	true
sp|O95260|ATE1_HUMAN	2	0	3.3116448891107715	0	true
sp|O95292|VAPB_HUMAN	7	1	8.722746495777987	0	true
sp|O95295|SNAPN_HUMAN	4	0	5.4650862126182975	0	true
sp|O95297|MPZL1_HUMAN	2	0	6.1801213823044225	0	true
sp|O95298_p_target|NDUC2_HUMAN_p_target	1	0	2.530074548420249	0	true
sp|O95299|NDUAA_HUMAN	7	0	7.217191779992667	0	true
sp|O95302|FKBP9_HUMAN	7	1	4.700974615183598	0	true
sp|O95336|6PGL_HUMAN	10	0	8.432658861742757	0	true
sp|O95340|PAPS2_HUMAN	10	1	3.6526061719555174	0	true
sp|O95347|SMC2_HUMAN	27	0	5.394480369785797	0	true
sp|O95361|TRI16_HUMAN	2	0	4.642473090276721	0	true
sp|O95372|LYPA2_HUMAN	4	0	3.842887321489364	0	true
sp|O95373|IPO7_HUMAN	12	1	9.457810704523402	0	true
sp|O95376|ARI2_HUMAN	1	0	3.477711594276847	0	true
sp|O95379|TFIP8_HUMAN	1	0	3.9026548239565098	0	true
sp|O95394|AGM1_HUMAN	7	0	5.175941244008953	0	true
sp|O95396|MOCS3_HUMAN	3	0	4.980942104687071	0	true
sp|O95400|CD2B2_HUMAN	2	0	5.191109913592837	0	true
sp|O95433|AHSA1_HUMAN	14	0	9.175080482047063	0	true
sp|O95445|APOM_HUMAN	2	0	4.1864728363105055	0	true
sp|O95453|PARN_HUMAN	7	0	4.582500668230368	0	true
sp|O95456|PSMG1_HUMAN	3	0	6.573884351640971	0	true
sp|O95466|FMNL1_HUMAN	2	0	3.3214677902822176	0	true
sp|O95470|SGPL1_HUMAN	3	0	2.405267072141455	0	true
sp|O95478|NSA2_HUMAN	5	0	4.700887284462508	0	true
sp|O95486|SC24A_HUMAN	5	1	3.9485378027148097	0	true
sp|O95544|NADK_HUMAN	1	0	2.966803850302335	0	true
sp|O95551|TYDP2_HUMAN	2	0	3.427813485403679	0	true
sp|O95571|ETHE1_HUMAN	5	0	7.77501668312405	0	true
sp|O95573|ACSL3_HUMAN	11	2	7.497199245152634	0	true
sp|O95602|RPA1_HUMAN	8	0	4.869242931136363	0	true
sp|O95630|STABP_HUMAN	7	0	4.211703982056103	0	true
sp|O95716|RAB3D_HUMAN	0	2	7.010741255692215	0	true
sp|O95747|OXSR1_HUMAN	10	0	8.250321998679253	0	true
sp|O95757|HS74L_HUMAN	17	2	8.385924356934344	0	true
sp|O95758|PTBP3_HUMAN	5	2	6.311619358973289	0	true
sp|O95777|LSM8_HUMAN	1	0	6.727808737620651	0	true
sp|O95782|AP2A1_HUMAN	19	6	7.566877303906015	0	true
sp|O95785|WIZ_HUMAN	3	0	4.259425257915257	0	true
sp|O95816|BAG2_HUMAN	11	0	8.205206437951189	0	true
sp|O95817|BAG3_HUMAN	11	0	5.448140266545608	0	true
sp|O95819|M4K4_HUMAN	3	0	6.4945620109148745	0	true
sp|O95831|AIFM1_HUMAN	17	0	9.740481972636417	0	true
sp|O95833|CLIC3_HUMAN	8	0	4.804521243937298	0	true
sp|O95834|EMAL2_HUMAN	4	0	6.3396667511055265	0	true
sp|O95861|BPNT1_HUMAN	12	0	7.110752479984033	0	true
sp|O95865|DDAH2_HUMAN	2	0	4.325795556445133	0	true
sp|O95881|TXD12_HUMAN	4	0	10.715284823174562	0	true
sp|O95983|MBD3_HUMAN	1	0	4.317459970851599	0	true
sp|O96000|NDUBA_HUMAN	6	0	9.28668572463111	0	true
sp|O96005|CLPT1_HUMAN	3	0	4.730043004213789	0	true
sp|O96008|TOM40_HUMAN	3	0	5.665923294352169	0	true
sp|O96011|PX11B_HUMAN	4	0	3.10657186313675	0	true
sp|O96019|ACL6A_HUMAN	9	0	8.289708496978838	0	true
sp|P00338|LDHA_HUMAN	12	1	10.834797125890155	0	true
sp|P00367|DHE3_HUMAN	16	0	8.872967975636548	0	true
sp|P00374|DYR_HUMAN	4	0	3.2377122507412257	0	true
sp|P00387|NB5R3_HUMAN	10	0	8.155613286955944	0	true
sp|P00390|GSHR_HUMAN	10	0	5.7912592174751385	0	true
sp|P00403|COX2_HUMAN	3	0	8.625740534230859	0	true
sp|P00441|SODC_HUMAN	4	0	9.932958164027527	0	true
sp|P00491|PNPH_HUMAN	13	0	10.034107161056951	0	true
sp|P00492|HPRT_HUMAN	8	0	9.356147242983473	0	true
sp|P00505|AATM_HUMAN	21	0	10.550613514105931	0	true
sp|P00533|EGFR_HUMAN	23	0	5.84967368394547	0	true
sp|P00558|PGK1_HUMAN	24	0	11.146709758137483	0	true
sp|P00568|KAD1_HUMAN	11	0	9.431508113747263	0	true
sp|P00734|THRB_HUMAN	3	0	8.703549658918144	0	true
sp|P00742|FA10_HUMAN	2	0	4.548386163504733	0	true
sp|P00746|CFAD_HUMAN	1	0	4.366175126539579	0	true
sp|P00747|PLMN_HUMAN	2	0	3.4979975758688324	0	true
sp|P00846|ATP6_HUMAN	1	0	5.467040203509183	0	true
sp|P00966|ASSY_HUMAN	16	0	10.442789739788369	0	true
sp|P01008|ANT3_HUMAN	5	0	5.388550392334763	0	true
sp|P01023|A2MG_HUMAN	3	1	6.939195767452957	0	true
sp|P01024|CO3_HUMAN	10	0	7.589967538685236	0	true
sp|P01033|TIMP1_HUMAN	3	0	4.5681099286360105	0	true
sp|P01111|RASN_HUMAN	5	2	6.615449065741671	0	true
sp|P01130|LDLR_HUMAN	2	0	3.6864868576914382	0	true
sp|P01889|HLAB_HUMAN	2	7	9.776408627916668	0	true
sp|P01893|HLAH_HUMAN	1	5	10.59033187120578	0	true
sp|P02042|HBD_HUMAN;sp|P68871|HBB_HUMAN	2	0	7.872348528592594	0	true
sp|P02462|CO4A1_HUMAN;sp|P29400|CO4A5_HUMAN	1	0	3.185892153689803	0	true
sp|P02533|K1C14_HUMAN	1	14	10.122569041102798	0	true
sp|P02545|LMNA_HUMAN	43	1	11.410240108614593	0	true
sp|P02649|APOE_HUMAN	2	0	7.284756285130402	0	true
sp|P02656|APOC3_HUMAN	1	0	8.414782830711049	0	true
sp|P02675|FIBB_HUMAN	4	0	2.9500326742210854	0	true
sp|P02748|CO9_HUMAN	2	0	2.886362338269685	0	true
sp|P02760|AMBP_HUMAN	1	0	4.502686168642203	0	true
sp|P02765|FETUA_HUMAN	3	0	7.6897768896005605	0	true
sp|P02768|ALBU_HUMAN	5	0	8.689981322389475	0	true
sp|P02771|FETA_HUMAN	3	0	5.176995081064298	0	true
sp|P02786|TFR1_HUMAN	27	0	11.559510789409142	0	true
sp|P02788|TRFL_HUMAN	2	0	3.6582629560778916	0	true
sp|P02795|MT2_HUMAN;sp|P13640|MT1G_HUMAN;sp|P80297|MT1X_HUMAN	1	1	7.578315880362215	0	true
sp|P03891|NU2M_HUMAN	1	0	3.907566795965469	0	true
sp|P03897|NU3M_HUMAN	1	0	5.211770487823108	0	true
sp|P04040|CATA_HUMAN	22	0	9.077544882379707	0	true
sp|P04062|GBA1_HUMAN	3	0	3.4207201772638056	0	true
sp|P04075|ALDOA_HUMAN	17	2	11.058353847729142	0	true
sp|P04080|CYTB_HUMAN	5	0	8.629886327579047	0	true
sp|P04083|ANXA1_HUMAN	19	0	10.921908669545095	0	true
sp|P04150|GCR_HUMAN	5	0	7.429132669919445	0	true
sp|P04156|PRIO_HUMAN	1	0	4.882425147439303	0	true
sp|P04179|SODM_HUMAN	8	0	10.16822686390359	0	true
sp|P04180|LCAT_HUMAN	1	0	2.3795248728103124	0	true
sp|P04181|OAT_HUMAN	4	0	8.405994524488763	0	true
sp|P04183|KITH_HUMAN	3	0	4.623920955831238	0	true
sp|P04406|G3P_HUMAN	15	0	11.374451036684437	0	true
sp|P04439|HLAA_HUMAN	2	5	10.59033187120578	0	true
sp|P04632|CPNS1_HUMAN	4	0	8.141426459597062	0	true
sp|P04732|MT1E_HUMAN	1	1	7.578315880362215	0	true
sp|P04746|AMYP_HUMAN;sp|P0DTE7|AMY1B_HUMAN;sp|P0DTE8|AMY1C_HUMAN;sp|P0DUB6|AMY1A_HUMAN;sp|P19961|AMY2B_HUMAN	3	0	3.0309521528681156	0	true
sp|P04792|HSPB1_HUMAN	10	0	8.394299241552043	0	true
sp|P04843|RPN1_HUMAN	24	0	8.554701920848306	0	true
sp|P04844|RPN2_HUMAN	9	0	9.409046939282364	0	true
sp|P04899|GNAI2_HUMAN	6	5	8.751126526668951	0	true
sp|P04908|H2A1B_HUMAN;sp|P0C0S8|H2A1_HUMAN;sp|P16104|H2AX_HUMAN;sp|P20671|H2A1D_HUMAN;sp|Q16777|H2A2C_HUMAN;sp|Q6FI13|H2A2A_HUMAN;sp|Q7L7L0|H2A3_HUMAN;sp|Q93077|H2A1C_HUMAN;sp|Q96KK5|H2A1H_HUMAN;sp|Q96QV6|H2A1A_HUMAN;sp|Q99878|H2A1J_HUMAN;sp|Q9BTM1|H2AJ_HUMAN	0	3	6.617688215135006	0	true
sp|P04920|B3A2_HUMAN	3	0	3.078487036049171	0	true
sp|P05023|AT1A1_HUMAN	28	0	7.864084809211328	0	true
sp|P05026|AT1B1_HUMAN	2	0	4.735658957343182	0	true
sp|P05091|ALDH2_HUMAN	3	0	3.0600868111443695	0	true
sp|P05114|HMGN1_HUMAN	4	0	7.440450680050942	0	true
sp|P05141|ADT2_HUMAN	4	9	8.594922235800487	0	true
sp|P05155|IC1_HUMAN	2	0	4.542305880736016	0	true
sp|P05161|ISG15_HUMAN	5	0	6.65965166539087	0	true
sp|P05166|PCCB_HUMAN	4	0	7.351232007221567	0	true
sp|P05198|IF2A_HUMAN	16	0	9.09358283832577	0	true
sp|P05204|HMGN2_HUMAN	3	0	6.733245493726483	0	true
sp|P05362|ICAM1_HUMAN	3	0	5.095793983970898	0	true
sp|P05387|RLA2_HUMAN	4	0	11.779604359893076	0	true
sp|P05388|RLA0_HUMAN;sp|Q8NHW5|RLA0L_HUMAN	8	0	9.48607347827667	0	true
sp|P05455|LA_HUMAN	16	0	8.839134812054779	0	true
sp|P05543|THBG_HUMAN	3	1	6.651060828189661	0	true
sp|P05546|HEP2_HUMAN	2	0	7.892049040198357	0	true
sp|P05556|ITB1_HUMAN	15	0	9.061342873528393	0	true
sp|P05783|K1C18_HUMAN	24	3	11.378928754800597	0	true
sp|P05787|K2C8_HUMAN	28	7	10.81214036734596	0	true
sp|P06132|DCUP_HUMAN	4	0	6.552130240992709	0	true
sp|P06396|GELS_HUMAN	17	0	9.357691860025136	0	true
sp|P06454|PTMA_HUMAN	4	0	10.467313007916575	0	true
sp|P06493|CDK1_HUMAN	9	2	7.353062787057551	0	true
sp|P06576|ATPB_HUMAN	16	0	11.615367041783742	0	true
sp|P06703|S10A6_HUMAN	2	0	4.237672582336077	0	true
sp|P06730|IF4E_HUMAN	3	0	7.26091841070955	0	true
sp|P06733|ENOA_HUMAN	16	2	10.835681865860222	0	true
sp|P06737|PYGL_HUMAN	21	4	7.373122977813619	0	true
sp|P06744|G6PI_HUMAN	12	1	9.962679830302154	0	true
sp|P06748|NPM_HUMAN	7	0	11.248180077938956	0	true
sp|P06753|TPM3_HUMAN	2	6	7.200015054373252	0	true
sp|P06756|ITAV_HUMAN	5	0	2.532916507536794	0	true
sp|P06865|HEXA_HUMAN	6	0	5.44801028850993	0	true
sp|P06899|H2B1J_HUMAN;sp|P23527|H2B1O_HUMAN;sp|P33778|H2B1B_HUMAN;sp|Q16778|H2B2E_HUMAN;sp|Q8N257|H2B3B_HUMAN	1	4	5.672958356550937	0	true
sp|P07099|HYEP_HUMAN	6	0	7.690081640900967	0	true
sp|P07108|ACBP_HUMAN	4	0	4.877817734772808	0	true
sp|P07195|LDHB_HUMAN	12	1	11.306863649516796	0	true
sp|P07199|CENPB_HUMAN	3	0	4.078778765716937	0	true
sp|P07203|GPX1_HUMAN	9	0	6.008552980109459	0	true
sp|P07237|PDIA1_HUMAN	24	0	9.77025839579744	0	true
sp|P07305|H10_HUMAN	3	0	7.606549890243116	0	true
sp|P07311|ACYP1_HUMAN	2	0	4.5943583212925745	0	true
sp|P07339|CATD_HUMAN	7	0	7.256513776695571	0	true
sp|P07355|ANXA2_HUMAN	21	0	11.70154210859501	0	true
sp|P07384|CAN1_HUMAN	21	0	8.456919233052696	0	true
sp|P07437|TBB5_HUMAN	2	12	10.17817002245683	0	true
sp|P07602|SAP_HUMAN	10	0	6.191781762991044	0	true
sp|P07686|HEXB_HUMAN	8	0	6.098572451368031	0	true
sp|P07737|PROF1_HUMAN	9	0	10.036571794596991	0	true
sp|P07741|APT_HUMAN	4	0	7.560146690336913	0	true
sp|P07814|SYEP_HUMAN	47	1	10.826374327074715	0	true
sp|P07858|CATB_HUMAN	4	0	6.4430720026936195	0	true
sp|P07900|HS90A_HUMAN	20	12	11.87171411156071	0	true
sp|P07910|HNRPC_HUMAN	7	7	10.869821893092741	0	true
sp|P07919|QCR6_HUMAN	3	0	8.983918669817339	0	true
sp|P07951|TPM2_HUMAN	3	7	8.291321224155306	0	true
sp|P07954|FUMH_HUMAN	12	0	11.35917270732217	0	true
sp|P07996|TSP1_HUMAN	25	1	9.08333792305288	0	true
sp|P08047|SP1_HUMAN	2	0	3.3969179359293915	0	true
sp|P08133|ANXA6_HUMAN	19	0	7.956532050014481	0	true
sp|P08134|RHOC_HUMAN	1	5	7.929882301686014	0	true
sp|P08174|DAF_HUMAN	12	0	9.450794873216598	0	true
sp|P08195|4F2_HUMAN	19	0	10.425816650882737	0	true
sp|P08236|BGLR_HUMAN	6	0	4.313486486714434	0	true
sp|P08237|PFKAM_HUMAN	10	3	7.72054766742375	0	true
sp|P08238|HS90B_HUMAN	22	13	11.87171411156071	0	true
sp|P08240|SRPRA_HUMAN	13	0	5.301003243632394	0	true
sp|P08243|ASNS_HUMAN	18	0	9.46138775082523	0	true
sp|P08559|ODPA_HUMAN	16	0	8.226245677023517	0	true
sp|P08574|CY1_HUMAN	6	0	9.439144311499925	0	true
sp|P08579|RU2B_HUMAN	2	1	7.234155176110119	0	true
sp|P08603|CFAH_HUMAN	2	0	2.5242256616454886	0	true
sp|P08621|RU17_HUMAN	11	0	8.777587255195446	0	true
sp|P08648|ITA5_HUMAN	4	0	4.821718877445132	0	true
sp|P08651|NFIC_HUMAN	4	1	4.305287514149334	0	true
sp|P08670|VIME_HUMAN	29	4	11.72509597484584	0	true
sp|P08697|A2AP_HUMAN	2	0	5.883007056908134	0	true
sp|P08708|RS17_HUMAN	4	0	7.932857765145163	0	true
sp|P08727|K1C19_HUMAN	15	9	10.572940423535922	0	true
sp|P08729|K2C7_HUMAN	21	7	9.587034242697698	0	true
sp|P08754|GNAI3_HUMAN	5	5	9.502352533372878	0	true
sp|P08758|ANXA5_HUMAN	9	0	8.365731590015773	0	true
sp|P08779|K1C16_HUMAN	1	7	10.122569041102798	0	true
sp|P08865|RSSA_HUMAN	9	0	11.956672047188372	0	true
sp|P08962|CD63_HUMAN	1	0	5.592529816206764	0	true
sp|P09001|RM03_HUMAN	4	0	3.683467476416994	0	true
sp|P09012|SNRPA_HUMAN	6	1	4.120397299180659	0	true
sp|P09038|FGF2_HUMAN	3	0	3.6085270338320634	0	true
sp|P09086|PO2F2_HUMAN;sp|P14859|PO2F1_HUMAN;sp|Q9UKI9|PO2F3_HUMAN	3	0	2.7766045841880307	0	true
sp|P09104|ENOG_HUMAN	4	2	10.835681865860222	0	true
sp|P09110|THIK_HUMAN	1	0	4.550835588279543	0	true
sp|P09132|SRP19_HUMAN	2	0	5.25587666725656	0	true
sp|P09234|RU1C_HUMAN	2	0	9.807237194795208	0	true
sp|P09382|LEG1_HUMAN	7	0	10.550362454874575	0	true
sp|P09417|DHPR_HUMAN	2	0	3.9694692333447494	0	true
sp|P09429|HMGB1_HUMAN	7	3	8.272088665686274	0	true
sp|P09493|TPM1_HUMAN	3	4	8.291321224155306	0	true
sp|P09496|CLCA_HUMAN	5	0	5.815424493532788	0	true
sp|P09497|CLCB_HUMAN	6	0	5.0569729716870935	0	true
sp|P09525|ANXA4_HUMAN	8	0	8.062071117822137	0	true
sp|P09543|CN37_HUMAN	8	0	4.198596570754549	0	true
sp|P09622|DLDH_HUMAN	9	0	5.455021136328613	0	true
sp|P09651|ROA1_HUMAN	14	2	12.042452749720084	0	true
sp|P09661|RU2A_HUMAN	8	0	7.773554415330934	0	true
sp|P09669|COX6C_HUMAN	3	0	3.342137401119899	0	true
sp|P09874|PARP1_HUMAN	35	0	10.088165114628142	0	true
sp|P09884|DPOLA_HUMAN	8	0	5.4340880071481505	0	true
sp|P09960|LKHA4_HUMAN	24	0	8.341509559215195	0	true
sp|P09972|ALDOC_HUMAN	1	2	8.384440423662138	0	true
sp|P0C0S5|H2AZ_HUMAN;sp|Q71UI9|H2AV_HUMAN	2	2	7.097280190467784	0	true
sp|P0C7P4|UCRIL_HUMAN	0	8	6.47054184721249	0	true
sp|P0DMM9|ST1A3_HUMAN;sp|P0DMN0|ST1A4_HUMAN	8	0	5.353984032121767	0	true
sp|P0DMV8|HS71A_HUMAN;sp|P0DMV9|HS71B_HUMAN	6	15	10.74427707911067	0	true
sp|P0DP23|CALM1_HUMAN;sp|P0DP24|CALM2_HUMAN;sp|P0DP25|CALM3_HUMAN	7	0	6.948641933569827	0	true
sp|P0DPB6|RPAC2_HUMAN	2	0	6.997589334535614	0	true
sp|P0DPI2|GAL3A_HUMAN	7	0	6.5283181371845975	0	true
sp|P10155|RO60_HUMAN	3	0	6.2745972001597625	0	true
sp|P10253|LYAG_HUMAN	7	0	4.697922173973679	0	true
sp|P10301|RRAS_HUMAN	1	1	5.109956618902415	0	true
sp|P10321|HLAC_HUMAN	2	6	10.59033187120578	0	true
sp|P10398|ARAF_HUMAN	9	0	5.168361097987401	0	true
sp|P10412|H14_HUMAN	1	4	7.7141342253637015	0	true
sp|P10515|ODP2_HUMAN	9	0	9.494782091256415	0	true
sp|P10586|PTPRF_HUMAN	7	0	2.463673343991902	0	true
sp|P10599|THIO_HUMAN	3	0	9.983310940438727	0	true
sp|P10606|COX5B_HUMAN	3	0	6.725899421178497	0	true
sp|P10619|PPGB_HUMAN	5	0	6.857658032991971	0	true
sp|P10620|MGST1_HUMAN	3	0	5.993418185460114	0	true
sp|P10643|CO7_HUMAN	2	0	5.250872483434372	0	true
sp|P10644|KAP0_HUMAN	6	0	5.43267839065122	0	true
sp|P10768|ESTD_HUMAN	6	0	6.97032866829766	0	true
sp|P10809|CH60_HUMAN	24	0	11.899437250294044	0	true
sp|P10909|CLUS_HUMAN	9	0	8.905905999381263	0	true
sp|P11021|BIP_HUMAN	31	1	11.981627109316117	0	true
sp|P11047|LAMC1_HUMAN	4	0	5.662570648893189	0	true
sp|P11117|PPAL_HUMAN	4	0	3.4654125458478147	0	true
sp|P11142|HSP7C_HUMAN	15	8	11.981627109316117	0	true
sp|P11166|GTR1_HUMAN	3	0	6.467236176687199	0	true
sp|P11169|GTR3_HUMAN;sp|Q8TDB8|GTR14_HUMAN	2	0	5.9447111653770275	0	true
sp|P11172|UMPS_HUMAN	12	0	4.884729357826609	0	true
sp|P11177|ODPB_HUMAN	9	0	9.76506655894083	0	true
sp|P11216|PYGB_HUMAN	7	4	7.268952065813872	0	true
sp|P11233|RALA_HUMAN	2	2	3.7638416933591516	0	true
sp|P11234|RALB_HUMAN	2	2	3.7638416933591516	0	true
sp|P11279|LAMP1_HUMAN	5	0	5.9038694230981745	0	true
sp|P11310|ACADM_HUMAN	8	0	6.730914376491926	0	true
sp|P11387|TOP1_HUMAN	30	0	9.57894020999515	0	true
sp|P11388|TOP2A_HUMAN	23	13	9.197031074016776	0	true
sp|P11413|G6PD_HUMAN	22	0	11.165129725706384	0	true
sp|P11441|UBL4A_HUMAN	2	0	4.299261886443038	0	true
sp|P11498|PYC_HUMAN	30	0	9.237176026812875	0	true
sp|P11532|DMD_HUMAN	6	1	5.842024884568234	0	true
sp|P11586|C1TC_HUMAN	38	1	9.798640485373545	0	true
sp|P11717|MPRI_HUMAN	18	0	7.264560684553136	0	true
sp|P11766|ADHX_HUMAN	10	0	8.677319070426826	0	true
sp|P11802|CDK4_HUMAN	3	1	4.0791734847444125	0	true
sp|P11908|PRPS2_HUMAN	3	6	8.908120345766031	0	true
sp|P11940|PABP1_HUMAN	16	9	9.956319306521106	0	true
sp|P12004|PCNA_HUMAN	13	0	9.903368785105389	0	true
sp|P12081|HARS1_HUMAN	8	5	7.217224704435644	0	true
sp|P12109|CO6A1_HUMAN	5	0	6.2026944768859975	0	true
sp|P12235|ADT1_HUMAN	1	8	8.510329275815128	0	true
sp|P12236|ADT3_HUMAN	2	11	8.510329275815128	0	true
sp|P12259|FA5_HUMAN	2	0	4.186584910102942	0	true
sp|P12268|IMDH2_HUMAN	18	1	9.258631219581149	0	true
sp|P12270|TPR_HUMAN	53	0	8.869691949213877	0	true
sp|P12277|KCRB_HUMAN	8	0	9.598685312098521	0	true
sp|P12429|ANXA3_HUMAN	16	0	10.014899133710104	0	true
sp|P12694|ODBA_HUMAN	4	0	6.465418239699925	0	true
sp|P12814|ACTN1_HUMAN	29	16	11.138193841558538	0	true
sp|P12955|PEPD_HUMAN	5	0	4.935565921646108	0	true
sp|P12956|XRCC6_HUMAN	23	0	10.282363903318497	0	true
sp|P13010|XRCC5_HUMAN	22	0	9.20816667214346	0	true
sp|P13073|COX41_HUMAN	5	0	7.316251883727061	0	true
sp|P13284|GILT_HUMAN	3	0	7.0114994280369025	0	true
sp|P13473|LAMP2_HUMAN	3	0	3.8996104145210313	0	true
sp|P13489|RINI_HUMAN	12	0	8.899610091855578	0	true
sp|P13639|EF2_HUMAN	36	1	9.984612041256318	0	true
sp|P13645|K1C10_HUMAN	14	4	10.059429540671895	0	true
sp|P13646|K1C13_HUMAN	0	5	10.122569041102798	0	true
sp|P13667|PDIA4_HUMAN	31	0	9.471150522013794	0	true
sp|P13674|P4HA1_HUMAN	9	0	6.475119245255699	0	true
sp|P13693|TCTP_HUMAN	8	0	8.42598507168773	0	true
sp|P13797|PLST_HUMAN	21	3	10.595870778179677	0	true
sp|P13798|ACPH_HUMAN	12	0	8.06573110199217	0	true
sp|P13804|ETFA_HUMAN	13	0	10.50413587500536	0	true
sp|P13807|GYS1_HUMAN	7	0	5.344849769991883	0	true
sp|P13861|KAP2_HUMAN	13	0	6.289130160961098	0	true
sp|P13929|ENOB_HUMAN	5	2	10.835681865860222	0	true
sp|P13984|T2FB_HUMAN	3	0	3.9927192030509686	0	true
sp|P13987|CD59_HUMAN	4	0	9.503388670660202	0	true
sp|P13995|MTDC_HUMAN	5	0	6.795469849573091	0	true
sp|P14136|GFAP_HUMAN	0	4	4.811912460630945	0	true
sp|P14174|MIF_HUMAN	2	0	6.12470525892873	0	true
sp|P14209|CD99_HUMAN	2	0	7.559508713223086	0	true
sp|P14314|GLU2B_HUMAN	15	0	10.670457733351476	0	true
sp|P14324|FPPS_HUMAN	8	0	6.584641209811947	0	true
sp|P14373|TRI27_HUMAN	3	0	3.777370038576499	0	true
sp|P14384|CBPM_HUMAN	7	0	4.97199780552302	0	true
sp|P14406|CX7A2_HUMAN	2	0	4.435731902913208	0	true
sp|P14550|AK1A1_HUMAN	11	0	8.902184278392815	0	true
sp|P14618|KPYM_HUMAN	29	1	12.349459970279643	0	true
sp|P14621|ACYP2_HUMAN	1	0	2.5660521849510842	0	true
sp|P14625|ENPL_HUMAN	31	1	10.466786974140257	0	true
sp|P14678|RSMB_HUMAN;sp|P63162|RSMN_HUMAN	7	0	6.631303952672826	0	true
sp|P14735|IDE_HUMAN	15	0	4.979117776229015	0	true
sp|P14854|CX6B1_HUMAN	5	0	7.426726903771097	0	true
sp|P14866|HNRPL_HUMAN	15	1	9.994663648499383	0	true
sp|P14868|SYDC_HUMAN	25	0	8.261687648153599	0	true
sp|P14923|PLAK_HUMAN	11	0	4.66436723825284	0	true
sp|P14927|QCR7_HUMAN	3	0	6.830540597220343	0	true
sp|P15121|ALDR_HUMAN	11	0	8.36197697818684	0	true
sp|P15170|ERF3A_HUMAN	6	9	8.11992630587665	0	true
sp|P15291|B4GT1_HUMAN	1	0	4.841326719697923	0	true
sp|P15311|EZRI_HUMAN	14	10	11.238638074901036	0	true
sp|P15328|FOLR1_HUMAN	8	0	10.110176429955569	0	true
sp|P15374|UCHL3_HUMAN	5	0	7.660341862010331	0	true
sp|P15529|MCP_HUMAN	4	0	4.57708989597297	0	true
sp|P15531|NDKA_HUMAN	4	5	9.880660189781828	0	true
sp|P15559|NQO1_HUMAN	4	0	7.048410510315214	0	true
sp|P15586|GNS_HUMAN	6	0	4.2131044987937125	0	true
sp|P15880|RS2_HUMAN	10	0	9.990149443792825	0	true
sp|P15924|DESP_HUMAN	19	0	3.915621732042801	0	true
sp|P15927|RFA2_HUMAN	3	0	7.761761287380175	0	true
sp|P15954|COX7C_HUMAN	1	0	4.682632276164291	0	true
sp|P16066|ANPRA_HUMAN	1	0	2.7591955280860176	0	true
sp|P16070|CD44_HUMAN	10	0	9.801219417157165	0	true
sp|P16083|NQO2_HUMAN	5	0	6.810829124457474	0	true
sp|P16144|ITB4_HUMAN	14	0	6.889771189539679	0	true
sp|P16152|CBR1_HUMAN	11	2	11.835018678364793	0	true
sp|P16219|ACADS_HUMAN	2	0	3.4298678229760213	0	true
sp|P16220|CREB1_HUMAN	1	2	4.282398275576966	0	true
sp|P16278|BGAL_HUMAN	7	0	9.84481032614315	0	true
sp|P16401|H15_HUMAN	4	1	6.793171477921048	0	true
sp|P16403|H12_HUMAN	1	4	7.7141342253637015	0	true
sp|P16435|NCPR_HUMAN	15	0	6.860720547209637	0	true
sp|P16455|MGMT_HUMAN	6	0	6.2770895834088005	0	true
sp|P16615|AT2A2_HUMAN	25	0	11.881843966363446	0	true
sp|P16949|STMN1_HUMAN	4	2	7.641518701491846	0	true
sp|P16989|YBOX3_HUMAN	5	3	9.955787070886627	0	true
sp|P17036|ZNF3_HUMAN	1	1	3.8411785344208793	0	true
sp|P17066|HSP76_HUMAN	1	8	10.678588083246355	0	true
sp|P17096|HMGA1_HUMAN	2	0	7.937039184645081	0	true
sp|P17152|TMM11_HUMAN	2	0	5.091985551909313	0	true
sp|P17174|AATC_HUMAN	15	0	7.367607990878982	0	true
sp|P17252|KPCA_HUMAN	4	0	5.8380564065430525	0	true
sp|P17275|JUNB_HUMAN	5	0	3.639294628423282	0	true
sp|P17301|ITA2_HUMAN	17	0	9.248165560206335	0	true
sp|P17480|UBF1_HUMAN	11	0	6.419207775863134	0	true
sp|P17612|KAPCA_HUMAN	7	0	4.131831225869213	0	true
sp|P17655|CAN2_HUMAN	11	0	7.397753700663798	0	true
sp|P17676|CEBPB_HUMAN	4	0	7.723340084019912	0	true
sp|P17706|PTN2_HUMAN	3	0	5.153746524635717	0	true
sp|P17812|PYRG1_HUMAN	17	3	7.9804374416081565	0	true
sp|P17813|EGLN_HUMAN	1	0	2.446656991976199	0	true
sp|P17844|DDX5_HUMAN	19	8	9.46565083782099	0	true
sp|P17858|PFKAL_HUMAN	10	4	9.897160568498034	0	true
sp|P17931|LEG3_HUMAN	9	0	10.42377348012303	0	true
sp|P17980|PRS6A_HUMAN	11	0	7.682919940027259	0	true
sp|P17987|TCPA_HUMAN	23	0	10.930415588706596	0	true
sp|P18031|PTN1_HUMAN	8	0	5.640984538136654	0	true
sp|P18074|ERCC2_HUMAN	2	0	3.540122895771652	0	true
sp|P18077|RL35A_HUMAN	7	0	8.249970626605029	0	true
sp|P18085|ARF4_HUMAN	5	2	7.779842347607746	0	true
sp|P18124|RL7_HUMAN	11	0	8.721289777946865	0	true
sp|P18206|VINC_HUMAN	52	0	10.400549878913045	0	true
sp|P18583|SON_HUMAN	14	0	7.4852282505664895	0	true
sp|P18615|NELFE_HUMAN	7	0	4.819017228489915	0	true
sp|P18621|RL17_HUMAN	7	0	8.326262993229147	0	true
sp|P18669|PGAM1_HUMAN	11	0	9.601552138117338	0	true
sp|P18754|RCC1_HUMAN	11	0	9.038708586841189	0	true
sp|P18846|ATF1_HUMAN	1	2	5.306934890862542	0	true
sp|P18858|DNLI1_HUMAN	13	0	8.982137264706132	0	true
sp|P18859|ATP5J_HUMAN	4	0	8.831127102145498	0	true
sp|P18887|XRCC1_HUMAN	2	0	2.768684532822315	0	true
sp|P19012|K1C15_HUMAN	0	6	10.122569041102798	0	true
sp|P19075|TSN8_HUMAN	1	0	4.6481932199604366	0	true
sp|P19174|PLCG1_HUMAN	3	0	2.674372413489331	0	true
sp|P19256|LFA3_HUMAN	1	0	3.79848383950557	0	true
sp|P19338|NUCL_HUMAN	23	0	10.477324740978501	0	true
sp|P19367|HXK1_HUMAN	2	2	2.688167545694161	0	true
sp|P19387|RPB3_HUMAN	4	0	7.1744537344358275	0	true
sp|P19388|RPAB1_HUMAN	3	0	6.257371071967646	0	true
sp|P19404|NDUV2_HUMAN	5	0	7.006236707823162	0	true
sp|P19447|ERCC3_HUMAN	2	0	4.391580751742252	0	true
sp|P19525|E2AK2_HUMAN	10	0	5.668396228849325	0	true
sp|P19623|SPEE_HUMAN	10	0	6.56183750784544	0	true
sp|P19784|CSK22_HUMAN	6	0	5.679999020875127	0	true
sp|P19823|ITIH2_HUMAN	6	0	9.438608323545493	0	true
sp|P19827|ITIH1_HUMAN	2	0	7.049610739260297	0	true
sp|P20020|AT2B1_HUMAN	6	4	9.249936201568442	0	true
sp|P20042|IF2B_HUMAN	20	0	8.189926556242309	0	true
sp|P20073|ANXA7_HUMAN	14	0	8.370636361292744	0	true
sp|P20290|BTF3_HUMAN	5	0	10.863337394144455	0	true
sp|P20339|RAB5A_HUMAN	5	3	6.714033069705911	0	true
sp|P20340|RAB6A_HUMAN	4	0	5.8511508677452895	0	true
sp|P20585|MSH3_HUMAN	5	0	2.5912929589495186	0	true
sp|P20618|PSB1_HUMAN	9	0	8.766976093265091	0	true
sp|P20645|MPRD_HUMAN	4	0	9.37925562742581	0	true
sp|P20674|COX5A_HUMAN	3	0	7.932521501469346	0	true
sp|P20700|LMNB1_HUMAN	31	2	10.158187637531341	0	true
sp|P20742|PZP_HUMAN	1	1	5.797297169845737	0	true
sp|P20774|MIME_HUMAN	2	0	2.9824044732248076	0	true
sp|P20810|ICAL_HUMAN	12	0	7.670071272561458	0	true
sp|P20839|IMDH1_HUMAN	5	1	3.3608823291300394	0	true
sp|P20962|PTMS_HUMAN	4	0	7.781268178415847	0	true
sp|P21108|PRPS3_HUMAN	0	4	8.271737371420597	0	true
sp|P21127|CD11B_HUMAN;sp|Q9UQ88|CD11A_HUMAN	9	0	2.99615764740768	0	true
sp|P21266|GSTM3_HUMAN	13	0	10.679474677387038	0	true
sp|P21281|VATB2_HUMAN	11	0	4.883490586350558	0	true
sp|P21283|VATC1_HUMAN	4	0	2.4339959160267837	0	true
sp|P21291|CSRP1_HUMAN	9	0	9.627197066975189	0	true
sp|P21333|FLNA_HUMAN	101	9	10.92094683896953	0	true
sp|P21399|ACOHC_HUMAN	13	0	7.1801829501910746	0	true
sp|P21589|5NTD_HUMAN	4	0	5.0366413458380235	0	true
sp|P21796|VDAC1_HUMAN	13	0	10.532432731918426	0	true
sp|P21912|SDHB_HUMAN	8	0	6.451902811496774	0	true
sp|P21926|CD9_HUMAN	1	0	4.488146910089706	0	true
sp|P21964|COMT_HUMAN	5	0	7.648745438943397	0	true
sp|P21980|TGM2_HUMAN	14	0	7.7019673665134	0	true
sp|P22059|OSBP1_HUMAN	11	0	7.733170731281349	0	true
sp|P22061|PIMT_HUMAN	7	0	8.787452327952831	0	true
sp|P22087|FBRL_HUMAN	13	0	8.9526188545655	0	true
sp|P22102|PUR2_HUMAN	33	0	10.509812550928947	0	true
sp|P22234|PUR6_HUMAN	13	0	10.417994974808483	0	true
sp|P22307|SCP2_HUMAN	5	0	8.132844537535194	0	true
sp|P22314|UBA1_HUMAN	36	0	9.82615567713872	0	true
sp|P22392|NDKB_HUMAN	1	9	9.46796909573655	0	true
sp|P22570|ADRO_HUMAN	4	0	2.377220461485993	0	true
sp|P22626|ROA2_HUMAN	17	1	11.201900088572847	0	true
sp|P22695|QCR2_HUMAN	12	0	8.336651783990746	0	true
sp|P22830|HEMH_HUMAN	7	0	3.8200331187988055	0	true
sp|P23142|FBLN1_HUMAN	5	0	6.478332902065691	0	true
sp|P23193|TCEA1_HUMAN	12	0	7.042857841444467	0	true
sp|P23229|ITA6_HUMAN	7	0	7.041686826276089	0	true
sp|P23246|SFPQ_HUMAN	28	1	9.806073422451329	0	true
sp|P23258|TBG1_HUMAN	6	0	5.351891053626813	0	true
sp|P23284|PPIB_HUMAN	9	1	9.001961315263483	0	true
sp|P23368|MAOM_HUMAN	7	0	4.735315729334081	0	true
sp|P23381|SYWC_HUMAN	15	0	9.722886948195104	0	true
sp|P23396|RS3_HUMAN	17	0	8.66770108511369	0	true
sp|P23434|GCSH_HUMAN	2	0	4.542643154725987	0	true
sp|P23497|SP100_HUMAN	1	2	4.288262981022865	0	true
sp|P23526|SAHH_HUMAN	20	0	10.412524216828022	0	true
sp|P23528|COF1_HUMAN	10	1	10.388818228384409	0	true
sp|P23588|IF4B_HUMAN	17	0	11.20131249928217	0	true
sp|P23634|AT2B4_HUMAN	10	4	9.249936201568442	0	true
sp|P23786|CPT2_HUMAN	10	0	6.358718449317529	0	true
sp|P23919|KTHY_HUMAN	8	0	5.210362600255262	0	true
sp|P23921|RIR1_HUMAN	21	0	9.2746688469024	0	true
sp|P24390|ERD21_HUMAN;sp|P33947|ERD22_HUMAN	1	0	3.815887094623838	0	true
sp|P24534|EF1B_HUMAN	5	2	12.911158517990396	0	true
sp|P24539|AT5F1_HUMAN	7	0	7.611921641224173	0	true
sp|P24666|PPAC_HUMAN	5	0	8.50039123654585	0	true
sp|P24752|THIL_HUMAN	12	0	8.706867435206394	0	true
sp|P24928|RPB1_HUMAN	15	0	5.897928501784034	0	true
sp|P24941|CDK2_HUMAN	4	2	4.232008520866055	0	true
sp|P25205|MCM3_HUMAN	30	1	10.272800757028552	0	true
sp|P25208|NFYB_HUMAN	1	0	3.9401397660497435	0	true
sp|P25325|THTM_HUMAN	5	0	6.944599875273571	0	true
sp|P25398|RS12_HUMAN	7	0	10.540991337744261	0	true
sp|P25440|BRD2_HUMAN	2	1	3.0295528497348845	0	true
sp|P25445|TNR6_HUMAN	1	0	3.1468057377725818	0	true
sp|P25490|TYY1_HUMAN	2	0	3.8165916144871015	0	true
sp|P25685|DNJB1_HUMAN	8	1	8.448247545441907	0	true
sp|P25705|ATPA_HUMAN	25	0	11.053193021509973	0	true
sp|P25786|PSA1_HUMAN	13	0	9.894132924795061	0	true
sp|P25787|PSA2_HUMAN	4	0	9.58048950256252	0	true
sp|P25788|PSA3_HUMAN	8	0	8.878624304936832	0	true
sp|P25789|PSA4_HUMAN	9	0	9.439553603999435	0	true
sp|P25815|S100P_HUMAN	2	0	7.83411851738839	0	true
sp|P26006|ITA3_HUMAN	10	0	4.588961495211556	0	true
sp|P26038|MOES_HUMAN	22	10	9.579680467826595	0	true
sp|P26196|DDX6_HUMAN	11	0	9.053311121391786	0	true
sp|P26358|DNMT1_HUMAN	25	0	9.297480028150966	0	true
sp|P26368|U2AF2_HUMAN	7	0	7.9067980158212094	0	true
sp|P26373|RL13_HUMAN	10	0	7.710050919456522	0	true
sp|P26447|S10A4_HUMAN	5	0	8.302768304314887	0	true
sp|P26583|HMGB2_HUMAN	6	1	7.485356139769865	0	true
sp|P26599|PTBP1_HUMAN	7	2	8.241422680242366	0	true
sp|P26639|SYTC_HUMAN	26	0	10.02359736715748	0	true
sp|P26640|SYVC_HUMAN	37	0	9.800334293528845	0	true
sp|P26641|EF1G_HUMAN	15	0	9.039760190591878	0	true
sp|P26885|FKBP2_HUMAN	4	0	8.325767588233502	0	true
sp|P27105|STOM_HUMAN	7	0	7.463795109168723	0	true
sp|P27338|AOFB_HUMAN	3	0	5.410811477688659	0	true
sp|P27348|1433T_HUMAN	7	4	9.622460074038557	0	true
sp|P27361|MK03_HUMAN	2	3	4.0907568874022155	0	true
sp|P27448|MARK3_HUMAN	3	1	4.647862396831795	0	true
sp|P27635|RL10_HUMAN	7	0	8.420265465704475	0	true
sp|P27694|RFA1_HUMAN	18	0	6.793581710501855	0	true
sp|P27695|APEX1_HUMAN	11	0	10.30661035451912	0	true
sp|P27708|PYR1_HUMAN	44	2	10.441218405493961	0	true
sp|P27797|CALR_HUMAN	15	0	12.732184721010245	0	true
sp|P27816|MAP4_HUMAN	28	0	9.028695266008347	0	true
sp|P27824|CALX_HUMAN	23	0	9.464873449106346	0	true
sp|P28062|PSB8_HUMAN	3	0	6.91711825304878	0	true
sp|P28066|PSA5_HUMAN	8	0	9.235733762783783	0	true
sp|P28070|PSB4_HUMAN	5	0	9.247448342860713	0	true
sp|P28072|PSB6_HUMAN	4	0	5.952923873746191	0	true
sp|P28074|PSB5_HUMAN	9	0	8.696962634272865	0	true
sp|P28288|ABCD3_HUMAN	8	0	6.736829757086474	0	true
sp|P28290|ITPI2_HUMAN	10	0	3.266741329387421	0	true
sp|P28331|NDUS1_HUMAN	25	0	8.008689570124632	0	true
sp|P28340|DPOD1_HUMAN	22	0	6.823862912098608	0	true
sp|P28482|MK01_HUMAN	3	3	4.0907568874022155	0	true
sp|P28799|GRN_HUMAN	2	0	6.003932805749872	0	true
sp|P28838|AMPL_HUMAN	11	0	7.922329031903804	0	true
sp|P29084|T2EB_HUMAN	2	0	2.6145150059741544	0	true
sp|P29144|TPP2_HUMAN	22	0	6.165767197932167	0	true
sp|P29218|IMPA1_HUMAN	4	0	3.735478953595394	0	true
sp|P29317|EPHA2_HUMAN	8	0	9.638465235711415	0	true
sp|P29353|SHC1_HUMAN	6	0	8.082084199117412	0	true
sp|P29401|TKT_HUMAN	20	0	10.88621323165893	0	true
sp|P29466|CASP1_HUMAN	6	0	5.003323442853912	0	true
sp|P29508|SPB3_HUMAN	4	0	5.24732994033381	0	true
sp|P29590|PML_HUMAN	8	0	2.824278307639813	0	true
sp|P29692|EF1D_HUMAN	11	2	10.410272683447106	0	true
sp|P30040|ERP29_HUMAN	9	0	8.477107502428316	0	true
sp|P30041|PRDX6_HUMAN	13	0	13.058904365471113	0	true
sp|P30043|BLVRB_HUMAN	7	0	10.200896942806493	0	true
sp|P30044|PRDX5_HUMAN	7	0	8.117283386451989	0	true
sp|P30046|DOPD_HUMAN	4	0	6.855409837441933	0	true
sp|P30048|PRDX3_HUMAN	6	0	10.251441937047375	0	true
sp|P30049|ATPD_HUMAN	2	0	7.783078488701065	0	true
sp|P30050|RL12_HUMAN	6	0	11.572353171349468	0	true
sp|P30084|ECHM_HUMAN	10	0	8.65947235621907	0	true
sp|P30085|KCY_HUMAN	9	0	7.620694606915874	0	true
sp|P30086|PEBP1_HUMAN	9	0	10.618605491635394	0	true
sp|P30101|PDIA3_HUMAN	25	0	10.824508040219719	0	true
sp|P30153|2AAA_HUMAN	17	3	8.351861678508662	0	true
sp|P30154|2AAB_HUMAN	2	3	6.859102219495546	0	true
sp|P30260|CDC27_HUMAN	4	0	3.797019220005149	0	true
sp|P30405|PPIF_HUMAN	4	0	7.00962827403979	0	true
sp|P30408|T4S1_HUMAN	1	0	5.278709470420557	0	true
sp|P30419|NMT1_HUMAN	7	0	6.115428670084346	0	true
sp|P30519|HMOX2_HUMAN	7	0	6.216452294140057	0	true
sp|P30520|PURA2_HUMAN	9	0	9.121744724682175	0	true
sp|P30533|AMRP_HUMAN	6	0	5.61353921664255	0	true
sp|P30566|PUR8_HUMAN	5	0	7.238468552541338	0	true
sp|P30613|KPYR_HUMAN	1	1	6.1727911083334615	0	true
sp|P30622|CLIP1_HUMAN	10	0	8.642018408278947	0	true
sp|P30626|SORCN_HUMAN	6	0	4.433294010602875	0	true
sp|P30740|ILEU_HUMAN	12	0	7.353024672828395	0	true
sp|P30825|CTR1_HUMAN	2	1	5.604166306014966	0	true
sp|P30837|AL1B1_HUMAN	4	0	2.607913587974135	0	true
sp|P30876|RPB2_HUMAN	14	0	4.997844946471035	0	true
sp|P31040|SDHA_HUMAN	16	0	8.998239296178996	0	true
sp|P31150|GDIA_HUMAN	7	7	8.512157695618074	0	true
sp|P31153|METK2_HUMAN	13	2	10.805477540062986	0	true
sp|P31327|CPSM_HUMAN	58	2	10.572124770429772	0	true
sp|P31350|RIR2_HUMAN	9	0	7.541467327553101	0	true
sp|P31431|SDC4_HUMAN	1	0	2.551632652140608	0	true
sp|P31483|TIA1_HUMAN	5	3	8.315616141239131	0	true
sp|P31689|DNJA1_HUMAN	8	0	7.926185118668791	0	true
sp|P31930|QCR1_HUMAN	15	0	8.544365035201578	0	true
sp|P31937|3HIDH_HUMAN	4	0	5.625849178385733	0	true
sp|P31939|PUR9_HUMAN	26	0	8.047875473944332	0	true
sp|P31942|HNRH3_HUMAN	7	1	8.491195770500003	0	true
sp|P31943|HNRH1_HUMAN	8	5	9.721847648975238	0	true
sp|P31946|1433B_HUMAN	4	5	10.800462684689771	0	true
sp|P31947|1433S_HUMAN	9	3	7.712778045492817	0	true
sp|P31948|STIP1_HUMAN	28	1	9.009255627242835	0	true
sp|P31949|S10AB_HUMAN	3	0	6.962429921706567	0	true
sp|P32004|L1CAM_HUMAN	18	0	7.882563937043493	0	true
sp|P32119|PRDX2_HUMAN	8	1	6.730764642668673	0	true
sp|P32320|CDD_HUMAN	3	0	9.199747584809929	0	true
sp|P32321|DCTD_HUMAN	3	0	6.186542270961342	0	true
sp|P32322|P5CR1_HUMAN	4	1	4.060644334093092	0	true
sp|P32929|CGL_HUMAN	4	0	4.085536134540595	0	true
sp|P32969|RL9_HUMAN	7	0	11.366366390009729	0	true
sp|P33176|KINH_HUMAN	29	0	7.772583093785471	0	true
sp|P33240|CSTF2_HUMAN	5	4	6.149167288835483	0	true
sp|P33316|DUT_HUMAN	10	0	9.360171356749326	0	true
sp|P33527|MRP1_HUMAN	4	0	3.394082401759976	0	true
sp|P33897|ABCD1_HUMAN	3	0	5.735642964413925	0	true
sp|P33991|MCM4_HUMAN	22	0	6.68074333774254	0	true
sp|P33992|MCM5_HUMAN	28	1	7.825314902043277	0	true
sp|P33993|MCM7_HUMAN	22	0	9.77516715201518	0	true
sp|P34896|GLYC_HUMAN	7	1	9.854777620816348	0	true
sp|P34897|GLYM_HUMAN	20	1	9.854777620816348	0	true
sp|P34931|HS71L_HUMAN	0	11	11.981627109316117	0	true
sp|P34932_p_target|HSP74_HUMAN_p_target	1	0	2.4606960639436553	0	true
sp|P34932|HSP74_HUMAN	29	2	10.095200340706253	0	true
sp|P34949|MPI_HUMAN	7	0	9.267987101638308	0	true
sp|P35052|GPC1_HUMAN	5	0	3.5633927748272742	0	true
sp|P35080|PROF2_HUMAN	2	0	6.489426437188109	0	true
sp|P35221|CTNA1_HUMAN	6	0	5.029821529921402	0	true
sp|P35232|PHB1_HUMAN	14	0	9.430217282646884	0	true
sp|P35237|SPB6_HUMAN	9	1	7.201666212533609	0	true
sp|P35240|MERL_HUMAN	1	1	3.1487071240259854	0	true
sp|P35241|RADI_HUMAN	13	12	8.923575099022333	0	true
sp|P35244|RFA3_HUMAN	4	0	4.932687650485728	0	true
sp|P35249|RFC4_HUMAN	11	0	7.3544079960236335	0	true
sp|P35250|RFC2_HUMAN	9	0	6.875678564225751	0	true
sp|P35251|RFC1_HUMAN	5	0	5.392150121345806	0	true
sp|P35268|RL22_HUMAN	2	0	7.886427015418785	0	true
sp|P35269|T2FA_HUMAN	7	0	2.631986294846802	0	true
sp|P35270|SPRE_HUMAN	7	0	8.538917935980436	0	true
sp|P35354|PGH2_HUMAN	6	0	3.2938273038339982	0	true
sp|P35443|TSP4_HUMAN	2	2	3.95270489374868	0	true
sp|P35520|CBS_HUMAN	9	0	5.792185143375209	0	true
sp|P35579|MYH9_HUMAN	75	9	10.17203725927625	0	true
sp|P35580|MYH10_HUMAN	3	9	10.17203725927625	0	true
sp|P35606|COPB2_HUMAN	22	0	7.580054042004299	0	true
sp|P35610|SOAT1_HUMAN	6	0	6.127779901899059	0	true
sp|P35613|BASI_HUMAN	9	0	8.347052082119955	0	true
sp|P35637|FUS_HUMAN	5	2	8.206407898637181	0	true
sp|P35658|NU214_HUMAN	27	0	6.841204758231511	0	true
sp|P35659|DEK_HUMAN	8	0	9.123177700933704	0	true
sp|P35813|PPM1A_HUMAN	3	1	4.281620054314625	0	true
sp|P35914|HMGCL_HUMAN	3	0	3.959831968400074	0	true
sp|P35998|PRS7_HUMAN	17	0	8.306787864562573	0	true
sp|P36404|ARL2_HUMAN	2	0	5.296248331949206	0	true
sp|P36405|ARL3_HUMAN	4	0	5.416899157714811	0	true
sp|P36507|MP2K2_HUMAN	6	4	6.320956633328364	0	true
sp|P36542|ATPG_HUMAN	9	0	7.5557582943193795	0	true
sp|P36543|VATE1_HUMAN	5	0	8.836065650672353	0	true
sp|P36551|HEM6_HUMAN	4	0	2.8998546046633558	0	true
sp|P36578|RL4_HUMAN	15	0	10.381874601540142	0	true
sp|P36639|8ODP_HUMAN	2	0	3.574824412641445	0	true
sp|P36776|LONM_HUMAN	20	0	9.48303303854585	0	true
sp|P36871|PGM1_HUMAN	20	0	10.026566629975889	0	true
sp|P36873|PP1G_HUMAN	2	8	10.14576435838814	0	true
sp|P36952|SPB5_HUMAN	16	0	9.471584933755272	0	true
sp|P36954|RPB9_HUMAN	1	0	2.798153217652697	0	true
sp|P36955|PEDF_HUMAN	5	0	9.481635040990419	0	true
sp|P36957|ODO2_HUMAN	10	0	7.983780825949028	0	true
sp|P36969|GPX4_HUMAN	1	0	3.8524193112790277	0	true
sp|P37108|SRP14_HUMAN	5	0	8.823650086131112	0	true
sp|P37198|NUP62_HUMAN	7	0	5.722665510676185	0	true
sp|P37235|HPCL1_HUMAN	7	0	6.044472283425654	0	true
sp|P37802|TAGL2_HUMAN	11	0	10.03821745918893	0	true
sp|P37837|TALDO_HUMAN	13	0	8.322261076546024	0	true
sp|P38117|ETFB_HUMAN	13	0	8.7149639065138	0	true
sp|P38159|RBMX_HUMAN	4	11	9.488970760331501	0	true
sp|P38432|COIL_HUMAN	2	0	3.5857198594869044	0	true
sp|P38435|VKGC_HUMAN	2	0	2.7184964005112047	0	true
sp|P38606|VATA_HUMAN	18	0	7.607136107337252	0	true
sp|P38646|GRP75_HUMAN	33	2	11.888108788911085	0	true
sp|P38919|IF4A3_HUMAN	15	3	8.910955483298356	0	true
sp|P39019|RS19_HUMAN	8	0	8.641287321951344	0	true
sp|P39023|RL3_HUMAN	15	0	11.746551905646937	0	true
sp|P39656|OST48_HUMAN	6	0	6.042404133155114	0	true
sp|P39687|AN32A_HUMAN	7	2	9.505508972002625	0	true
sp|P39748|FEN1_HUMAN	12	0	10.296869503652443	0	true
sp|P40121|CAPG_HUMAN	9	0	10.539067140160839	0	true
sp|P40123|CAP2_HUMAN	1	1	4.887655841553099	0	true
sp|P40222|TXLNA_HUMAN	5	0	6.548896859715692	0	true
sp|P40227|TCPZ_HUMAN	14	0	8.62353794518958	0	true
sp|P40261|NNMT_HUMAN	5	0	6.335344173719705	0	true
sp|P40424|PBX1_HUMAN	2	0	2.551095479081207	0	true
sp|P40429|RL13A_HUMAN	7	0	7.510973321997422	0	true
sp|P40616|ARL1_HUMAN	4	0	5.715667610811383	0	true
sp|P40692|MLH1_HUMAN	6	0	3.5120820544452904	0	true
sp|P40763|STAT3_HUMAN	8	0	5.914049982140972	0	true
sp|P40818|UBP8_HUMAN	2	0	6.123073960561135	0	true
sp|P40855|PEX19_HUMAN	1	0	6.3653096172494985	0	true
sp|P40925|MDHC_HUMAN	8	0	9.699288065415564	0	true
sp|P40926|MDHM_HUMAN	15	0	8.411463603578476	0	true
sp|P40937|RFC5_HUMAN	11	0	6.648042791323469	0	true
sp|P40938|RFC3_HUMAN	9	0	9.558839157349595	0	true
sp|P40939|ECHA_HUMAN	19	0	9.128343271440817	0	true
sp|P41091|IF2G_HUMAN	14	0	11.348776206226164	0	true
sp|P41214|EIF2D_HUMAN	5	0	4.346723292910074	0	true
sp|P41223|BUD31_HUMAN	6	0	5.118426109001686	0	true
sp|P41227|NAA10_HUMAN	9	0	6.481245837660267	0	true
sp|P41236|IPP2_HUMAN	3	0	9.487828085662148	0	true
sp|P41240|CSK_HUMAN	7	0	3.3577024272381553	0	true
sp|P41250|GARS_HUMAN	18	0	7.186596405752791	0	true
sp|P41252|SYIC_HUMAN	31	0	8.761747047075	0	true
sp|P41743|KPCI_HUMAN	3	0	4.086713144738308	0	true
sp|P42025|ACTY_HUMAN	2	5	4.733883619044182	0	true
sp|P42126|ECI1_HUMAN	5	0	8.421576055338276	0	true
sp|P42166|LAP2A_HUMAN	19	0	10.23149269754996	0	true
sp|P42224|STAT1_HUMAN	12	0	7.412045485746419	0	true
sp|P42226|STAT6_HUMAN	2	0	4.29786221373547	0	true
sp|P42285|MTREX_HUMAN	16	0	5.8549639762053625	0	true
sp|P42330|AK1C3_HUMAN	12	0	11.87864176564812	0	true
sp|P42345|MTOR_HUMAN	9	0	5.374456986767868	0	true
sp|P42566|EPS15_HUMAN	5	0	4.034225429648589	0	true
sp|P42574|CASP3_HUMAN	3	0	4.8670257239217625	0	true
sp|P42677|RS27_HUMAN	1	2	8.264045843066807	0	true
sp|P42695|CNDD3_HUMAN	3	0	3.8408738663100586	0	true
sp|P42696|RBM34_HUMAN	6	0	7.425575819618992	0	true
sp|P42704|LPPRC_HUMAN	44	1	8.649313020890508	0	true
sp|P42765|THIM_HUMAN	11	0	7.822040670422139	0	true
sp|P42766|RL35_HUMAN	2	1	6.38066094640775	0	true
sp|P42771|CDN2A_HUMAN	4	0	9.834206421401719	0	true
sp|P42785|PCP_HUMAN	1	0	3.7537327171917254	0	true
sp|P42858|HD_HUMAN	2	0	2.47880435522668	0	true
sp|P43034|LIS1_HUMAN	12	0	9.080379482807093	0	true
sp|P43121|MUC18_HUMAN	8	0	7.254871422158769	0	true
sp|P43243|MATR3_HUMAN	28	0	9.935225852055291	0	true
sp|P43246|MSH2_HUMAN	22	0	7.030441323378405	0	true
sp|P43304|GPDM_HUMAN	14	0	7.73652766667376	0	true
sp|P43307|SSRA_HUMAN	3	0	4.60024863823962	0	true
sp|P43353|AL3B1_HUMAN	2	1	4.377432475619102	0	true
sp|P43487|RANG_HUMAN	5	0	7.126863587093868	0	true
sp|P43490|NAMPT_HUMAN	15	0	7.856923434115026	0	true
sp|P43686|PRS6B_HUMAN	12	1	5.893324082352714	0	true
sp|P43897|EFTS_HUMAN	9	0	8.444833730672865	0	true
sp|P45877|PPIC_HUMAN	1	1	3.8698638674302246	0	true
sp|P45880|VDAC2_HUMAN	12	0	8.668357912695173	0	true
sp|P45973|CBX5_HUMAN	7	1	7.525834157159284	0	true
sp|P45974|UBP5_HUMAN	23	0	7.837262399210937	0	true
sp|P46013|KI67_HUMAN	56	0	7.0099013674075445	0	true
sp|P46060|RAGP1_HUMAN	19	0	9.840402902769075	0	true
sp|P46063|RECQ1_HUMAN	19	0	7.971361735364657	0	true
sp|P46087|NOP2_HUMAN	17	0	9.03140376741423	0	true
sp|P46100|ATRX_HUMAN	9	1	5.832090815782787	0	true
sp|P46108|CRK_HUMAN	3	0	4.682190472935887	0	true
sp|P46109|CRKL_HUMAN	3	0	5.605492583192547	0	true
sp|P46199|IF2M_HUMAN	1	0	2.7717317059656525	0	true
sp|P46379|BAG6_HUMAN	10	0	6.012064053214786	0	true
sp|P46459|NSF_HUMAN	13	1	4.9866664726074825	0	true
sp|P46734|MP2K3_HUMAN	4	2	5.95777746933443	0	true
sp|P46736|BRCC3_HUMAN	2	0	3.192519019780506	0	true
sp|P46776|RL27A_HUMAN	5	0	7.592428724565726	0	true
sp|P46777|RL5_HUMAN	15	0	9.870713836937561	0	true
sp|P46778|RL21_HUMAN	5	0	11.915917456131249	0	true
sp|P46779|RL28_HUMAN	6	0	6.9448961252361805	0	true
sp|P46781|RS9_HUMAN	12	0	6.058281947852625	0	true
sp|P46782|RS5_HUMAN	8	0	9.135462910467082	0	true
sp|P46783|RS10_HUMAN	7	0	9.62384877444762	0	true
sp|P46926|GNPI1_HUMAN	1	2	5.029340076497258	0	true
sp|P46934|NEDD4_HUMAN	3	0	4.926814754673036	0	true
sp|P46937|YAP1_HUMAN	3	0	4.657845777913555	0	true
sp|P46939|UTRN_HUMAN	3	1	5.446680633102697	0	true
sp|P46940|IQGA1_HUMAN	57	3	10.67057914327751	0	true
sp|P46976|GLYG_HUMAN	2	0	8.596436246097733	0	true
sp|P46977|STT3A_HUMAN	7	0	5.669057658297242	0	true
sp|P47712|PA24A_HUMAN	14	0	6.708026429006684	0	true
sp|P47755|CAZA2_HUMAN	7	1	7.000857448583383	0	true
sp|P47756|CAPZB_HUMAN	9	0	8.482303590256175	0	true
sp|P47897|SYQ_HUMAN	24	1	8.349149536772517	0	true
sp|P47914|RL29_HUMAN	2	0	9.721133377125685	0	true
sp|P47985|UCRI_HUMAN	1	7	6.875839791816345	0	true
sp|P48047|ATPO_HUMAN	8	0	7.904232546915176	0	true
sp|P48059|LIMS1_HUMAN;sp|Q7Z4I7|LIMS2_HUMAN	1	0	2.7183732042492497	0	true
sp|P48147|PPCE_HUMAN	8	0	6.767917288739259	0	true
sp|P48163|MAOX_HUMAN	11	0	5.760165540430416	0	true
sp|P48382|RFX5_HUMAN	4	0	4.74806735643708	0	true
sp|P48444|COPD_HUMAN	15	0	8.812884012669278	0	true
sp|P48506|GSH1_HUMAN	4	0	3.6662733573839184	0	true
sp|P48507|GSH0_HUMAN	6	0	5.388034508157632	0	true
sp|P48509|CD151_HUMAN	2	0	2.850703181882524	0	true
sp|P48556|PSMD8_HUMAN	7	0	4.389313497542188	0	true
sp|P48634|PRC2A_HUMAN	10	0	3.9339454214655936	0	true
sp|P48637|GSHB_HUMAN	17	0	6.91761509619678	0	true
sp|P48643|TCPE_HUMAN	24	0	8.22751145829034	0	true
sp|P48651|PTSS1_HUMAN	1	0	5.423405388882251	0	true
sp|P48729|KC1A_HUMAN	7	0	4.364518083246107	0	true
sp|P48735|IDHP_HUMAN	9	1	5.628679692539612	0	true
sp|P48739|PIPNB_HUMAN	5	0	4.884079800076033	0	true
sp|P48960|AGRE5_HUMAN	6	0	8.438953876748972	0	true
sp|P49005|DPOD2_HUMAN	8	0	7.062705819953252	0	true
sp|P49006|MRP_HUMAN	2	0	3.43381877888381	0	true
sp|P49023|PAXI_HUMAN	7	0	8.209829309366846	0	true
sp|P49189|AL9A1_HUMAN	15	0	8.156209780606616	0	true
sp|P49207|RL34_HUMAN	7	0	6.284234802049002	0	true
sp|P49257|LMAN1_HUMAN	8	0	9.023440778134173	0	true
sp|P49321|NASP_HUMAN	24	0	9.934243381359929	0	true
sp|P49327|FAS_HUMAN	67	0	10.569994483070275	0	true
sp|P49354|FNTA_HUMAN	3	0	2.8272242360152	0	true
sp|P49356|FNTB_HUMAN	1	0	2.7873998444618096	0	true
sp|P49368|TCPG_HUMAN	25	0	9.215450959211779	0	true
sp|P49406|RM19_HUMAN	6	0	3.7644773846914044	0	true
sp|P49411|EFTU_HUMAN	20	0	10.067870861439758	0	true
sp|P49419|AL7A1_HUMAN	17	0	7.759249348066132	0	true
sp|P49458|SRP09_HUMAN	5	0	8.62790510479979	0	true
sp|P49585|PCY1A_HUMAN	7	0	6.436158133392572	0	true
sp|P49588|SYAC_HUMAN	25	0	11.497614429293803	0	true
sp|P49589|SYCC_HUMAN	21	0	9.058956430472586	0	true
sp|P49590|SYHM_HUMAN	3	5	5.5155019465637265	0	true
sp|P49591|SYSC_HUMAN	11	0	9.009083660028468	0	true
sp|P49593|PPM1F_HUMAN	2	0	5.450730928474597	0	true
sp|P49642|PRI1_HUMAN	5	0	4.862674178908648	0	true
sp|P49643|PRI2_HUMAN	4	0	4.830965329053539	0	true
sp|P49711|CTCF_HUMAN	5	0	5.458136904065006	0	true
sp|P49720|PSB3_HUMAN	7	0	8.10365247357392	0	true
sp|P49721|PSB2_HUMAN	4	0	5.954125521189279	0	true
sp|P49736|MCM2_HUMAN	24	0	9.406642256343142	0	true
sp|P49747|COMP_HUMAN	7	1	5.6970316933588	0	true
sp|P49748|ACADV_HUMAN	26	0	11.675030808369739	0	true
sp|P49750|YLPM1_HUMAN	8	0	5.292850862795384	0	true
sp|P49753|ACOT2_HUMAN;sp|Q86TX2|ACOT1_HUMAN	7	0	4.616791604429624	0	true
sp|P49755|TMEDA_HUMAN	3	0	8.489010087045754	0	true
sp|P49756|RBM25_HUMAN	18	0	9.060806957190694	0	true
sp|P49757|NUMB_HUMAN	3	0	4.859266509813549	0	true
sp|P49770|EI2BB_HUMAN	5	0	8.730029779651609	0	true
sp|P49773|HINT1_HUMAN	7	0	9.201218608609175	0	true
sp|P49790|NU153_HUMAN	11	0	8.935073806590236	0	true
sp|P49792|RBP2_HUMAN	55	0	9.889712937194943	0	true
sp|P49821|NDUV1_HUMAN	7	0	7.5029732937673375	0	true
sp|P49841|GSK3B_HUMAN	3	1	4.10991693342696	0	true
sp|P49902|5NTC_HUMAN	4	0	4.115324312207539	0	true
sp|P49903|SPS1_HUMAN	2	0	5.855173370141496	0	true
sp|P49914|MTHFS_HUMAN	1	0	3.5830491446825365	0	true
sp|P49915|GUAA_HUMAN	23	0	8.650429980895423	0	true
sp|P49916|DNLI3_HUMAN	9	0	2.8722522363712315	0	true
sp|P49959|MRE11_HUMAN	7	1	6.025470454803098	0	true
sp|P50135|HNMT_HUMAN	2	0	3.2168041056979746	0	true
sp|P50213|IDH3A_HUMAN	12	0	7.185533047387102	0	true
sp|P50238|CRIP1_HUMAN	4	0	10.292228851198667	0	true
sp|P50336|PPOX_HUMAN	3	0	2.6966204217198224	0	true
sp|P50395|GDIB_HUMAN	17	7	8.645236911920776	0	true
sp|P50402|EMD_HUMAN	7	0	7.074227815946966	0	true
sp|P50416|CPT1A_HUMAN	17	0	9.363192686455712	0	true
sp|P50452|SPB8_HUMAN	6	1	6.075650779671934	0	true
sp|P50454|SERPH_HUMAN	15	0	10.542189308239418	0	true
sp|P50502|F10A1_HUMAN	8	0	7.21436049190577	0	true
sp|P50542|PEX5_HUMAN	2	0	2.7476389336757894	0	true
sp|P50552|VASP_HUMAN	7	0	7.428498420851327	0	true
sp|P50570|DYN2_HUMAN	18	0	5.7779184006484146	0	true
sp|P50579|MAP2_HUMAN	6	0	7.767080997308973	0	true
sp|P50583|AP4A_HUMAN	3	0	7.22228618567367	0	true
sp|P50748|KNTC1_HUMAN	5	0	3.83968137343792	0	true
sp|P50750|CDK9_HUMAN	2	1	5.940252722656508	0	true
sp|P50851|LRBA_HUMAN	16	0	5.666229621833996	0	true
sp|P50897|PPT1_HUMAN	5	0	5.853707520899293	0	true
sp|P50914|RL14_HUMAN	4	0	9.58122472312785	0	true
sp|P50990|TCPQ_HUMAN	29	0	10.358238736450714	0	true
sp|P50991|TCPD_HUMAN	24	1	9.824265895071608	0	true
sp|P50995|ANX11_HUMAN	16	0	9.101316118289164	0	true
sp|P51003|PAPOA_HUMAN	5	0	4.216422662583938	0	true
sp|P51114|FXR1_HUMAN	8	2	4.651301380254878	0	true
sp|P51116|FXR2_HUMAN	5	3	5.880331591404286	0	true
sp|P51148|RAB5C_HUMAN	4	4	8.295986602007364	0	true
sp|P51149|RAB7A_HUMAN	13	0	8.964708533213978	0	true
sp|P51151|RAB9A_HUMAN	5	1	4.444454426412809	0	true
sp|P51153|RAB13_HUMAN	4	2	5.141102456812854	0	true
sp|P51398|RT29_HUMAN	8	0	7.027810499528653	0	true
sp|P51531|SMCA2_HUMAN	1	8	5.359556698460212	0	true
sp|P51532|SMCA4_HUMAN	7	8	6.312495025925318	0	true
sp|P51553|IDH3G_HUMAN	4	0	6.964884078802182	0	true
sp|P51570|GALK1_HUMAN	7	0	5.848937707651318	0	true
sp|P51571|SSRD_HUMAN	3	0	8.859524324173806	0	true
sp|P51572|BAP31_HUMAN	9	0	6.7130943336821165	0	true
sp|P51580|TPMT_HUMAN	7	0	2.439666652396522	0	true
sp|P51610|HCFC1_HUMAN	22	0	4.7336604732272916	0	true
sp|P51617|IRAK1_HUMAN	2	0	3.1343396938542667	0	true
sp|P51648|AL3A2_HUMAN	6	1	6.429616061263258	0	true
sp|P51659|DHB4_HUMAN	16	0	10.035567909228627	0	true
sp|P51665|PSMD7_HUMAN	5	0	7.036948203265762	0	true
sp|P51668|UB2D1_HUMAN;sp|Q9Y2X8|UB2D4_HUMAN	1	1	4.3424622334788605	0	true
sp|P51692|STA5B_HUMAN	4	0	3.099486343878827	0	true
sp|P51809|VAMP7_HUMAN	4	0	5.891731416199384	0	true
sp|P51812|KS6A3_HUMAN	7	5	5.342477201129397	0	true
sp|P51858|HDGF_HUMAN	13	1	10.073106911394143	0	true
sp|P51884|LUM_HUMAN	2	0	4.404323704669658	0	true
sp|P51970|NDUA8_HUMAN	6	0	7.390738963212277	0	true
sp|P51991|ROA3_HUMAN	10	1	9.292291307317484	0	true
sp|P52209|6PGD_HUMAN	13	0	8.010722560558143	0	true
sp|P52272|HNRPM_HUMAN	33	0	10.127505223414254	0	true
sp|P52292|IMA1_HUMAN	7	0	7.082394557066857	0	true
sp|P52294|IMA5_HUMAN	2	5	8.728717973529172	0	true
sp|P52298|NCBP2_HUMAN	4	0	3.5586313561612184	0	true
sp|P52306|GDS1_HUMAN	8	0	3.712972050715535	0	true
sp|P52434|RPAB3_HUMAN	3	0	8.344031465475927	0	true
sp|P52564|MP2K6_HUMAN	4	2	4.561444227055508	0	true
sp|P52565|GDIR1_HUMAN	6	0	7.485408183405803	0	true
sp|P52569|CTR2_HUMAN	6	1	5.772118000366198	0	true
sp|P52594|AGFG1_HUMAN	3	0	5.615201491076357	0	true
sp|P52597|HNRPF_HUMAN	9	1	10.60302674445457	0	true
sp|P52701|MSH6_HUMAN	28	0	7.187399361086134	0	true
sp|P52732|KIF11_HUMAN	8	0	3.5978629704900587	0	true
sp|P52735|VAV2_HUMAN	3	0	5.113535863931501	0	true
sp|P52756|RBM5_HUMAN	3	0	3.393338099445547	0	true
sp|P52758|RIDA_HUMAN	2	0	8.424465636486516	0	true
sp|P52788|SPSY_HUMAN	12	0	6.581736158459987	0	true
sp|P52789|HXK2_HUMAN	12	2	6.321540102885115	0	true
sp|P52815|RM12_HUMAN	4	0	5.927400710351348	0	true
sp|P52888|THOP1_HUMAN	16	0	9.544975495173912	0	true
sp|P52907|CAZA1_HUMAN	8	1	9.034305841105915	0	true
sp|P52943|CRIP2_HUMAN	8	0	7.545465439218445	0	true
sp|P52948|NUP98_HUMAN	19	0	7.615375534840538	0	true
sp|P53004|BIEA_HUMAN	5	0	6.586307729774431	0	true
sp|P53007|TXTP_HUMAN	4	0	5.391453318496374	0	true
sp|P53041|PPP5_HUMAN	5	0	6.172108920504552	0	true
sp|P53365|ARFP2_HUMAN	3	0	6.07036933208975	0	true
sp|P53384|NUBP1_HUMAN	1	0	4.984834675467491	0	true
sp|P53396|ACLY_HUMAN	40	0	8.89073268209943	0	true
sp|P53582|MAP11_HUMAN	10	0	6.426018845888495	0	true
sp|P53597|SUCA_HUMAN	4	0	7.687930786166084	0	true
sp|P53602|MVD1_HUMAN	3	0	4.7317629717899985	0	true
sp|P53611|PGTB2_HUMAN	4	0	4.173720755134828	0	true
sp|P53618|COPB_HUMAN	23	0	8.276509738333347	0	true
sp|P53621|COPA_HUMAN	30	1	8.193212806546123	0	true
sp|P53634|CATC_HUMAN	5	0	5.121586613403612	0	true
sp|P53701|CCHL_HUMAN	10	0	7.891415588591908	0	true
sp|P53985|MOT1_HUMAN	3	0	8.378611581316829	0	true
sp|P53990|IST1_HUMAN	2	0	2.5180291130891392	0	true
sp|P53992|SC24C_HUMAN	10	0	7.612513458361737	0	true
sp|P53999|TCP4_HUMAN	6	0	9.32164983509424	0	true
sp|P54105|ICLN_HUMAN	4	0	7.355228860405932	0	true
sp|P54136|SYRC_HUMAN	28	0	8.994056035563979	0	true
sp|P54278|PMS2_HUMAN	4	0	3.1761644191998455	0	true
sp|P54289|CA2D1_HUMAN	6	0	3.913033031101775	0	true
sp|P54577|SYYC_HUMAN	29	0	8.536757187194471	0	true
sp|P54578|UBP14_HUMAN	16	0	8.189362876946205	0	true
sp|P54652|HSP72_HUMAN	1	7	11.981627109316117	0	true
sp|P54709|AT1B3_HUMAN	8	0	5.953139195955511	0	true
sp|P54725|RD23A_HUMAN	3	2	5.446665667591617	0	true
sp|P54727|RD23B_HUMAN	7	2	10.232095235527865	0	true
sp|P54819|KAD2_HUMAN	10	0	9.5719019345837	0	true
sp|P54886|P5CS_HUMAN	21	0	8.642837994905307	0	true
sp|P54920|SNAA_HUMAN	7	0	7.639350115989352	0	true
sp|P55010|IF5_HUMAN	12	0	6.817509078261048	0	true
sp|P55011|S12A2_HUMAN	5	0	3.806866833865745	0	true
sp|P55036|PSMD4_HUMAN	6	4	8.307885347184063	0	true
sp|P55039|DRG2_HUMAN	1	0	4.755379700589852	0	true
sp|P55058|PLTP_HUMAN	1	0	3.7038242707410243	0	true
sp|P55060|XPO2_HUMAN	26	0	7.063955682943453	0	true
sp|P55072|TERA_HUMAN	34	0	8.134305467081024	0	true
sp|P55084|ECHB_HUMAN	17	0	9.055904727474738	0	true
sp|P55145|MANF_HUMAN	5	0	6.899006675226083	0	true
sp|P55209|NP1L1_HUMAN	5	1	8.727795408966815	0	true
sp|P55210|CASP7_HUMAN	1	0	4.453944740490038	0	true
sp|P55211|CASP9_HUMAN	3	0	3.3040800155567673	0	true
sp|P55263|ADK_HUMAN	10	0	5.806176483245385	0	true
sp|P55265|DSRAD_HUMAN	25	0	6.850144906343753	0	true
sp|P55327|TPD52_HUMAN	6	0	7.946186945158666	0	true
sp|P55735|SEC13_HUMAN	7	0	6.217355767712071	0	true
sp|P55769|NH2L1_HUMAN	5	0	8.961505052834168	0	true
sp|P55786|PSA_HUMAN	28	0	8.748964504011091	0	true
sp|P55795|HNRH2_HUMAN	4	5	9.721847648975238	0	true
sp|P55809|SCOT1_HUMAN	9	0	8.7258767509317	0	true
sp|P55854|SUMO3_HUMAN	1	1	8.240650828612296	0	true
sp|P55884|EIF3B_HUMAN	19	0	11.961727641930432	0	true
sp|P55957|BID_HUMAN	2	0	6.456464319115016	0	true
sp|P56134|ATPK_HUMAN	2	0	6.682849357742421	0	true
sp|P56182|RRP1_HUMAN	9	0	6.107555135977117	0	true
sp|P56192|SYMC_HUMAN	23	0	9.067757951804706	0	true
sp|P56199|ITA1_HUMAN	10	0	4.708341042516555	0	true
sp|P56211|ARP19_HUMAN	1	1	3.367043209170935	0	true
sp|P56270|MAZ_HUMAN	2	0	4.050512991067699	0	true
sp|P56378|ATP68_HUMAN	2	0	2.668390905060356	0	true
sp|P56385|ATP5I_HUMAN	2	0	5.72610472198264	0	true
sp|P56537|IF6_HUMAN	6	0	8.294740584984764	0	true
sp|P56545|CTBP2_HUMAN	5	2	6.192096484000876	0	true
sp|P56556|NDUA6_HUMAN	4	0	3.6648788816877964	0	true
sp|P57076|CF298_HUMAN	2	0	4.677069951941616	0	true
sp|P57081|WDR4_HUMAN	3	0	2.5459825619137466	0	true
sp|P57088|TMM33_HUMAN	4	0	7.304343501578823	0	true
sp|P57105|SYJ2B_HUMAN	3	0	5.175324132400111	0	true
sp|P57678|GEMI4_HUMAN	5	0	2.436003306654991	0	true
sp|P57721|PCBP3_HUMAN	1	3	8.140058473881835	0	true
sp|P57737|CORO7_HUMAN	5	0	5.208487097271568	0	true
sp|P57740|NU107_HUMAN	12	0	5.9013548715375554	0	true
sp|P57772|SELB_HUMAN	2	0	3.3619093414734595	0	true
sp|P58107|EPIPL_HUMAN	15	6	7.101296593502037	0	true
sp|P58317|ZN121_HUMAN;sp|Q8N184|ZN567_HUMAN	0	2	3.8411785344208793	0	true
sp|P58546|MTPN_HUMAN	2	0	11.457873632393197	0	true
sp|P59998|ARPC4_HUMAN	3	0	5.189982272776833	0	true
sp|P60033|CD81_HUMAN	2	0	4.305600051228394	0	true
sp|P60174|TPIS_HUMAN	14	0	10.703676521304445	0	true
sp|P60228|EIF3E_HUMAN	10	0	6.0111790976128505	0	true
sp|P60468|SC61B_HUMAN	3	0	8.260207330616106	0	true
sp|P60510|PP4C_HUMAN	1	1	4.689028514792986	0	true
sp|P60660|MYL6_HUMAN	5	0	9.262683512513298	0	true
sp|P60709|ACTB_HUMAN;sp|P63261|ACTG_HUMAN	7	12	9.551906176823339	0	true
sp|P60842|IF4A1_HUMAN	10	12	10.443486972893774	0	true
sp|P60866|RS20_HUMAN	4	0	10.766737477030516	0	true
sp|P60891|PRPS1_HUMAN	3	6	8.908120345766031	0	true
sp|P60900|PSA6_HUMAN	12	0	10.551693694296654	0	true
sp|P60903|S10AA_HUMAN	2	0	9.65048596429652	0	true
sp|P60953|CDC42_HUMAN	7	1	7.261660449440463	0	true
sp|P60981|DEST_HUMAN	8	0	9.552156735737267	0	true
sp|P60983|GMFB_HUMAN	4	0	6.177467736211705	0	true
sp|P61006|RAB8A_HUMAN	7	3	8.393484271330736	0	true
sp|P61009|SPCS3_HUMAN	4	0	6.876734570646385	0	true
sp|P61011|SRP54_HUMAN	4	0	6.56923538121296	0	true
sp|P61019|RAB2A_HUMAN	10	0	9.196985234359367	0	true
sp|P61020|RAB5B_HUMAN	4	4	5.886841968072433	0	true
sp|P61026|RAB10_HUMAN	4	3	9.212363423567774	0	true
sp|P61077|UB2D3_HUMAN;sp|P62837|UB2D2_HUMAN	1	1	5.238722791641943	0	true
sp|P61081|UBC12_HUMAN	6	0	6.707456416556517	0	true
sp|P61086|UBE2K_HUMAN	8	1	8.260969248684264	0	true
sp|P61088|UBE2N_HUMAN	7	1	8.666104554236801	0	true
sp|P61106|RAB14_HUMAN	13	1	7.886765572888975	0	true
sp|P61158|ARP3_HUMAN	12	0	10.256594148637445	0	true
sp|P61160|ARP2_HUMAN	9	0	9.467177105757829	0	true
sp|P61163|ACTZ_HUMAN	3	5	8.968225652725948	0	true
sp|P61201|CSN2_HUMAN	9	0	6.286929846903612	0	true
sp|P61204|ARF3_HUMAN;sp|P84077|ARF1_HUMAN	3	3	11.574941235602704	0	true
sp|P61221|ABCE1_HUMAN	11	0	8.419671608336166	0	true
sp|P61224|RAP1B_HUMAN	2	5	6.615449065741671	0	true
sp|P61247|RS3A_HUMAN	13	0	10.632708749554174	0	true
sp|P61254|RL26_HUMAN	2	7	8.513685020236169	0	true
sp|P61289|PSME3_HUMAN	8	0	7.284793571208123	0	true
sp|P61313|RL15_HUMAN	12	0	10.001653553117288	0	true
sp|P61326|MGN_HUMAN;sp|Q96A72|MGN2_HUMAN	7	0	6.066171600760906	0	true
sp|P61353|RL27_HUMAN	5	0	7.322005978340898	0	true
sp|P61421|VA0D1_HUMAN	3	0	2.5266194059626748	0	true
sp|P61457|PHS_HUMAN	3	0	2.950844065825672	0	true
sp|P61513|RL37A_HUMAN	4	0	6.428537470131977	0	true
sp|P61586|RHOA_HUMAN	1	5	7.929882301686014	0	true
sp|P61604|CH10_HUMAN	6	0	9.314917690101193	0	true
sp|P61619|S61A1_HUMAN	6	0	9.21914461013972	0	true
sp|P61758|PFD3_HUMAN	9	0	7.795342469589551	0	true
sp|P61764|STXB1_HUMAN	7	0	3.76003609989236	0	true
sp|P61769|B2MG_HUMAN	2	0	5.1333242835459085	0	true
sp|P61803|DAD1_HUMAN	2	0	5.891212412157434	0	true
sp|P61923|COPZ1_HUMAN	4	0	6.201121768770735	0	true
sp|P61927|RL37_HUMAN	1	0	3.335397887158606	0	true
sp|P61956|SUMO2_HUMAN	1	1	8.240650828612296	0	true
sp|P61960|UFM1_HUMAN	2	0	7.048513610281425	0	true
sp|P61964|WDR5_HUMAN	6	0	8.420922759419033	0	true
sp|P61970|NTF2_HUMAN	2	0	8.870056778839785	0	true
sp|P61978|HNRPK_HUMAN	18	0	11.607705712327531	0	true
sp|P61981|1433G_HUMAN	7	5	10.52529780686319	0	true
sp|P62070|RRAS2_HUMAN	2	1	5.967867908126841	0	true
sp|P62072|TIM10_HUMAN	2	0	3.368865097742888	0	true
sp|P62081|RS7_HUMAN	4	0	5.5486954565094875	0	true
sp|P62136|PP1A_HUMAN	4	9	10.14576435838814	0	true
sp|P62140|PP1B_HUMAN	4	8	10.14576435838814	0	true
sp|P62166|NCS1_HUMAN	2	0	2.7852109681384323	0	true
sp|P62191|PRS4_HUMAN	14	1	8.252875427531807	0	true
sp|P62195|PRS8_HUMAN	17	2	8.75276119632333	0	true
sp|P62241|RS8_HUMAN	12	0	10.349976692253293	0	true
sp|P62244|RS15A_HUMAN	5	0	9.176725560674033	0	true
sp|P62249|RS16_HUMAN	10	0	7.810819427103252	0	true
sp|P62256|UBE2H_HUMAN	1	0	3.290572174704596	0	true
sp|P62258|1433E_HUMAN	13	2	9.571952389818904	0	true
sp|P62263|RS14_HUMAN	4	0	11.59590293989123	0	true
sp|P62266|RS23_HUMAN	4	0	7.932976627910592	0	true
sp|P62269|RS18_HUMAN	9	1	11.225808837526042	0	true
sp|P62273|RS29_HUMAN	2	0	5.172949218567642	0	true
sp|P62277|RS13_HUMAN	7	0	7.733037868601508	0	true
sp|P62280|RS11_HUMAN	9	0	9.598822392733883	0	true
sp|P62304|RUXE_HUMAN	2	0	8.433087026870467	0	true
sp|P62306|RUXF_HUMAN	3	0	8.803845591988404	0	true
sp|P62310|LSM3_HUMAN	2	0	6.579047171018921	0	true
sp|P62312|LSM6_HUMAN	3	0	4.217061446225864	0	true
sp|P62314|SMD1_HUMAN	4	0	12.431965911959105	0	true
sp|P62316|SMD2_HUMAN	6	0	10.67839718151011	0	true
sp|P62318|SMD3_HUMAN	4	0	10.44952785655056	0	true
sp|P62328|TYB4_HUMAN;sp|P63313|TYB10_HUMAN	1	0	3.522826925441894	0	true
sp|P62330|ARF6_HUMAN	3	0	6.759501360006471	0	true
sp|P62333|PRS10_HUMAN	13	0	8.265040878253052	0	true
sp|P62424|RL7A_HUMAN	12	0	9.505791198156029	0	true
sp|P62495|ERF1_HUMAN	15	0	8.250538685416945	0	true
sp|P62633|CNBP_HUMAN	8	0	8.611522218119209	0	true
sp|P62701|RS4X_HUMAN	13	0	10.742629890387173	0	true
sp|P62714|PP2AB_HUMAN	1	8	9.679342033013128	0	true
sp|P62745|RHOB_HUMAN	4	1	6.053132671469911	0	true
sp|P62750|RL23A_HUMAN	5	0	10.459296055034775	0	true
sp|P62753|RS6_HUMAN	10	0	10.712616138246728	0	true
sp|P62805|H4_HUMAN	8	0	9.041324410382732	0	true
sp|P62820|RAB1A_HUMAN	5	5	7.010741255692215	0	true
sp|P62826|RAN_HUMAN	9	0	10.126141189493751	0	true
sp|P62829|RL23_HUMAN	5	0	11.39027786947564	0	true
sp|P62834|RAP1A_HUMAN	2	5	6.615449065741671	0	true
sp|P62841|RS15_HUMAN	3	0	6.228413218700077	0	true
sp|P62847|RS24_HUMAN	2	0	10.27216786735034	0	true
sp|P62851|RS25_HUMAN	6	0	7.452606492113143	0	true
sp|P62854|RS26_HUMAN	5	0	10.815848322816372	0	true
sp|P62857|RS28_HUMAN	3	0	9.504788428085767	0	true
sp|P62873|GBB1_HUMAN	4	4	7.719610016928954	0	true
sp|P62875|RPAB5_HUMAN	2	0	3.9556382776896277	0	true
sp|P62879|GBB2_HUMAN	4	4	7.719610016928954	0	true
sp|P62888|RL30_HUMAN	8	0	9.737051342829073	0	true
sp|P62891|RL39_HUMAN;sp|Q59GN2|R39L5_HUMAN	1	0	6.71805559850234	0	true
sp|P62899|RL31_HUMAN	6	0	9.52554369724594	0	true
sp|P62906|RL10A_HUMAN	11	0	10.14274282643331	0	true
sp|P62910|RL32_HUMAN	8	0	9.842973639873398	0	true
sp|P62913|RL11_HUMAN	7	0	8.822546484732284	0	true
sp|P62917|RL8_HUMAN	8	0	11.088092462490144	0	true
sp|P62937|PPIA_HUMAN	5	0	7.7780932177767355	0	true
sp|P62942|FKB1A_HUMAN	4	0	8.703706658225375	0	true
sp|P62979|RS27A_HUMAN	3	4	10.624197628622785	0	true
sp|P62987|RL40_HUMAN	1	4	10.624197628622785	0	true
sp|P62993|GRB2_HUMAN	6	0	3.9835452752182836	0	true
sp|P62995|TRA2B_HUMAN	6	2	7.970663272234996	0	true
sp|P63000|RAC1_HUMAN	5	1	6.928599423018118	0	true
sp|P63010|AP2B1_HUMAN	12	13	9.225704000357924	0	true
sp|P63096|GNAI1_HUMAN	1	5	6.164879221042657	0	true
sp|P63104|1433Z_HUMAN	8	4	9.679637481671929	0	true
sp|P63151|2ABA_HUMAN	11	0	7.438953119422951	0	true
sp|P63167|DYL1_HUMAN	1	2	9.411207253676716	0	true
sp|P63172|DYLT1_HUMAN	2	0	4.616736510587668	0	true
sp|P63173|RL38_HUMAN	3	0	5.592596872022121	0	true
sp|P63208|SKP1_HUMAN	6	0	8.704342771269982	0	true
sp|P63220|RS21_HUMAN	3	0	10.025670345133209	0	true
sp|P63241|IF5A1_HUMAN	6	0	8.426042872756462	0	true
sp|P63244|RACK1_HUMAN	15	0	9.047101465395778	0	true
sp|P63279|UBC9_HUMAN	7	0	4.361077567760231	0	true
sp|P67775|PP2AA_HUMAN	1	8	9.679342033013128	0	true
sp|P67809|YBOX1_HUMAN	7	3	10.975946376415145	0	true
sp|P67812|SC11A_HUMAN	2	0	4.713925063902405	0	true
sp|P67870|CSK2B_HUMAN	3	0	5.8353483505561226	0	true
sp|P67936|TPM4_HUMAN	6	8	7.160988034410165	0	true
sp|P68032|ACTC_HUMAN;sp|P68133|ACTS_HUMAN	2	12	8.99541861526799	0	true
sp|P68036|UB2L3_HUMAN	6	0	7.024739601567652	0	true
sp|P68104|EF1A1_HUMAN	7	10	11.464890847602259	0	true
sp|P68363|TBA1B_HUMAN	0	16	11.107852414945881	0	true
sp|P68366|TBA4A_HUMAN	4	12	11.107852414945881	0	true
sp|P68371|TBB4B_HUMAN	3	12	10.86897383713431	0	true
sp|P68400|CSK21_HUMAN	9	0	7.4548693831374715	0	true
sp|P68402|PA1B2_HUMAN	2	0	8.780115191157245	0	true
sp|P68431|H31_HUMAN;sp|P84243|H33_HUMAN;sp|Q16695|H31T_HUMAN;sp|Q71DI3|H32_HUMAN	1	3	5.0307330399838825	0	true
sp|P69905|HBA_HUMAN	5	0	7.770189290248149	0	true
sp|P78310|CXAR_HUMAN	4	0	3.292098117011277	0	true
sp|P78316|NOP14_HUMAN	9	0	6.0370277606089	0	true
sp|P78318|IGBP1_HUMAN	6	0	7.5736855101025125	0	true
sp|P78330|SERB_HUMAN	7	0	7.3293712316616935	0	true
sp|P78344|IF4G2_HUMAN	23	0	6.633226979894683	0	true
sp|P78346|RPP30_HUMAN	2	0	4.475165072145787	0	true
sp|P78347|GTF2I_HUMAN	24	0	7.77846211829936	0	true
sp|P78356|PI42B_HUMAN	3	0	3.3703051335681313	0	true
sp|P78362|SRPK2_HUMAN	4	2	5.48376000716599	0	true
sp|P78371|TCPB_HUMAN	20	0	11.070471289762724	0	true
sp|P78406|RAE1L_HUMAN	9	0	8.945278641666071	0	true
sp|P78417|GSTO1_HUMAN	10	0	7.825938858934583	0	true
sp|P78527|PRKDC_HUMAN	133	0	10.610368234941685	0	true
sp|P78549|NTH_HUMAN	3	0	3.1335440346424015	0	true
sp|P80303|NUCB2_HUMAN	7	0	4.240975875530573	0	true
sp|P80723|BASP1_HUMAN	15	0	11.58223411797696	0	true
sp|P82650|RT22_HUMAN	8	0	5.911476227111266	0	true
sp|P82664|RT10_HUMAN	1	0	5.7640260297214	0	true
sp|P82673|RT35_HUMAN	2	0	4.26522465465249	0	true
sp|P82675|RT05_HUMAN	2	0	5.084450541715471	0	true
sp|P82909|KGD4_HUMAN	2	0	4.075172550538295	0	true
sp|P82921|RT21_HUMAN	1	0	4.385542273649955	0	true
sp|P82930|RT34_HUMAN	5	0	6.035243873299827	0	true
sp|P82932|RT06_HUMAN	3	0	2.90151096324185	0	true
sp|P82933|RT09_HUMAN	3	0	6.181815785557689	0	true
sp|P82970|HMGN5_HUMAN	8	0	8.258014204567434	0	true
sp|P82979|SARNP_HUMAN	5	0	5.117363525064285	0	true
sp|P83111|LACTB_HUMAN	2	0	2.7662399455870306	0	true
sp|P83731|RL24_HUMAN	7	0	8.853962711826789	0	true
sp|P83876|TXN4A_HUMAN	2	0	2.8466360591011837	0	true
sp|P83881|RL36A_HUMAN	5	0	6.5200724612388905	0	true
sp|P83916|CBX1_HUMAN	3	1	11.764445358277714	0	true
sp|P84085|ARF5_HUMAN	4	3	8.59068072116763	0	true
sp|P84090|ERH_HUMAN	3	0	4.513258713472233	0	true
sp|P84095|RHOG_HUMAN	5	1	5.786383581368684	0	true
sp|P84098|RL19_HUMAN	4	0	5.7357051518402224	0	true
sp|P84103|SRSF3_HUMAN	5	1	9.542725706891154	0	true
sp|P85037|FOXK1_HUMAN	2	0	4.037515618270721	0	true
sp|P98082|DAB2_HUMAN	6	0	4.142552343604722	0	true
sp|P98170|XIAP_HUMAN	1	0	2.651274541668074	0	true
sp|P98175|RBM10_HUMAN	10	0	3.777724994507872	0	true
sp|P98179|RBM3_HUMAN	4	0	5.548893719201996	0	true
sp|P98194|AT2C1_HUMAN	5	0	3.0349693652155265	0	true
sp|P99999|CYC_HUMAN	4	0	7.842374599594425	0	true
sp|Q00059|TFAM_HUMAN	5	0	6.4602465053575635	0	true
sp|Q00169|PIPNA_HUMAN	4	0	2.3834911362783067	0	true
sp|Q00266|METK1_HUMAN	2	2	4.91686945047618	0	true
sp|Q00325|S25A3_HUMAN	10	0	7.778279949068319	0	true
sp|Q00341|VIGLN_HUMAN	26	0	7.762593012598781	0	true
sp|Q00534|CDK6_HUMAN	2	1	4.0791734847444125	0	true
sp|Q00535|CDK5_HUMAN	4	1	4.0791734847444125	0	true
sp|Q00536|CDK16_HUMAN;sp|Q00537|CDK17_HUMAN	1	1	4.0791734847444125	0	true
sp|Q00577|PURA_HUMAN	3	0	4.970059766384166	0	true
sp|Q00610|CLH1_HUMAN	54	0	11.180647688891021	0	true
sp|Q00653|NFKB2_HUMAN	11	1	6.911788599057989	0	true
sp|Q00688|FKBP3_HUMAN	7	0	7.230389693881219	0	true
sp|Q00765|REEP5_HUMAN	2	0	7.166376382852183	0	true
sp|Q00796|DHSO_HUMAN	13	0	9.289138310874447	0	true
sp|Q00839|HNRPU_HUMAN	18	0	10.399041240753467	0	true
sp|Q01081|U2AF1_HUMAN	5	0	9.363051135314045	0	true
sp|Q01082|SPTB2_HUMAN	80	6	10.98891805338683	0	true
sp|Q01085|TIAR_HUMAN	6	3	8.315616141239131	0	true
sp|Q01105|SET_HUMAN	8	0	10.164601836995134	0	true
sp|Q01130|SRSF2_HUMAN	3	2	9.48479690743358	0	true
sp|Q01433|AMPD2_HUMAN	3	0	2.4628668681837422	0	true
sp|Q01469|FABP5_HUMAN	7	0	9.057569932369441	0	true
sp|Q01484|ANK2_HUMAN	0	2	4.453129012130062	0	true
sp|Q01518|CAP1_HUMAN	17	1	8.841543640550407	0	true
sp|Q01628|IFM3_HUMAN	2	0	7.678679694294856	0	true
sp|Q01650|LAT1_HUMAN	4	0	9.34878036684322	0	true
sp|Q01658|NC2B_HUMAN	2	0	5.373419204202347	0	true
sp|Q01780|EXOSX_HUMAN	10	0	5.411773937109548	0	true
sp|Q01804|OTUD4_HUMAN	1	0	3.1025477966343438	0	true
sp|Q01813|PFKAP_HUMAN	16	3	9.897160568498034	0	true
sp|Q01844|EWS_HUMAN	6	0	8.918893465482075	0	true
sp|Q01970|PLCB3_HUMAN	9	0	4.918893348781707	0	true
sp|Q02127|PYRD_HUMAN	4	0	6.021173275613736	0	true
sp|Q02218|ODO1_HUMAN	26	0	9.155528709981763	0	true
sp|Q02252|MMSA_HUMAN	4	0	3.374188946593966	0	true
sp|Q02388|CO7A1_HUMAN	8	0	4.2310489174312735	0	true
sp|Q02543|RL18A_HUMAN	9	0	7.98393366647313	0	true
sp|Q02750|MP2K1_HUMAN	3	4	7.149045765197378	0	true
sp|Q02790|FKBP4_HUMAN	25	0	10.192919452910349	0	true
sp|Q02809|PLOD1_HUMAN	18	0	8.33010377484026	0	true
sp|Q02818|NUCB1_HUMAN	8	0	2.7521924172030463	0	true
sp|Q02878|RL6_HUMAN	13	0	9.863045586867873	0	true
sp|Q02880|TOP2B_HUMAN	14	13	7.375607218776468	0	true
sp|Q02978|M2OM_HUMAN	6	0	8.333796429448304	0	true
sp|Q03154|ACY1_HUMAN	6	0	4.057585381739727	0	true
sp|Q03169|TNAP2_HUMAN	4	0	3.247737777987804	0	true
sp|Q03252|LMNB2_HUMAN	22	2	6.619282552737954	0	true
sp|Q03405|UPAR_HUMAN	2	0	5.668593841449043	0	true
sp|Q03468|ERCC6_HUMAN	4	0	6.157717971364357	0	true
sp|Q03518|TAP1_HUMAN	4	0	5.415911825457952	0	true
sp|Q03519|TAP2_HUMAN	1	0	6.222679667353715	0	true
sp|Q03701|CEBPZ_HUMAN	13	0	4.665329480433462	0	true
sp|Q04206|TF65_HUMAN	3	0	3.263150362795965	0	true
sp|Q04323|UBXN1_HUMAN	7	0	6.049227401822905	0	true
sp|Q04446|GLGB_HUMAN	12	0	7.473034566396205	0	true
sp|Q04637|IF4G1_HUMAN	38	4	10.016894038961611	0	true
sp|Q04695|K1C17_HUMAN	18	14	11.095992054586823	0	true
sp|Q04726|TLE3_HUMAN	7	0	6.981161070019409	0	true
sp|Q04760|LGUL_HUMAN	8	0	8.347873017478555	0	true
sp|Q04837|SSBP_HUMAN	6	0	9.725319409489767	0	true
sp|Q04917|1433F_HUMAN	7	4	8.74887122955554	0	true
sp|Q04941|PLP2_HUMAN	1	0	8.179820304882274	0	true
sp|Q05048|CSTF1_HUMAN	6	0	4.60789245818735	0	true
sp|Q05519|SRS11_HUMAN	6	0	8.196604899893666	0	true
sp|Q05639|EF1A2_HUMAN	5	10	9.405129932948086	0	true
sp|Q05682|CALD1_HUMAN	11	0	8.169637823519961	0	true
sp|Q05D32|CTSL2_HUMAN	6	0	5.988102594976665	0	true
sp|Q06033|ITIH3_HUMAN	4	0	7.42498732553589	0	true
sp|Q06124|PTN11_HUMAN	7	0	5.11405315289492	0	true
sp|Q06136|KDSR_HUMAN	4	0	5.804778145638423	0	true
sp|Q06203|PUR1_HUMAN	6	0	4.668912333778623	0	true
sp|Q06210|GFPT1_HUMAN	15	0	8.896525647976901	0	true
sp|Q06265|EXOS9_HUMAN	5	0	3.7729566825804217	0	true
sp|Q06323|PSME1_HUMAN	12	0	8.247570181541768	0	true
sp|Q06546|GABPA_HUMAN	7	0	3.59789055419149	0	true
sp|Q06587|RING1_HUMAN	5	0	3.674986367130605	0	true
sp|Q06787|FMR1_HUMAN	5	2	5.880331591404286	0	true
sp|Q06830|PRDX1_HUMAN	10	4	10.170269002988794	0	true
sp|Q07020|RL18_HUMAN	6	0	9.621588982937144	0	true
sp|Q07021|C1QBP_HUMAN	4	0	10.556387339830364	0	true
sp|Q07065|CKAP4_HUMAN	15	0	8.83406830777946	0	true
sp|Q07157|ZO1_HUMAN	9	0	5.764440226521649	0	true
sp|Q07617|SPAG1_HUMAN	2	0	4.9758761726963066	0	true
sp|Q07666|KHDR1_HUMAN	11	0	8.802534227111412	0	true
sp|Q07812|BAX_HUMAN	4	0	5.539656527002519	0	true
sp|Q07864|DPOE1_HUMAN	3	0	3.8721726941311756	0	true
sp|Q07866|KLC1_HUMAN	6	6	6.377591717819715	0	true
sp|Q07955|SRSF1_HUMAN	12	0	8.396727232415277	0	true
sp|Q07960|RHG01_HUMAN	6	0	6.08338639868407	0	true
sp|Q08170|SRSF4_HUMAN	5	4	8.002941995234686	0	true
sp|Q08211|DHX9_HUMAN	34	0	10.92763980658087	0	true
sp|Q08257|QOR_HUMAN	6	0	5.341400720846572	0	true
sp|Q08379|GOGA2_HUMAN	5	0	5.632535658024584	0	true
sp|Q08380|LG3BP_HUMAN	5	0	4.697359734385508	0	true
sp|Q08499|PDE4D_HUMAN	2	0	6.485955005279628	0	true
sp|Q08752|PPID_HUMAN	4	0	3.387960083462401	0	true
sp|Q08945|SSRP1_HUMAN	13	0	9.229904451972471	0	true
sp|Q08AD1|CAMP2_HUMAN	4	0	5.045817745737185	0	true
sp|Q08AF3|SLFN5_HUMAN	3	0	4.131209990516215	0	true
sp|Q08AM6|VAC14_HUMAN	5	0	2.367696389339759	0	true
sp|Q08J23|NSUN2_HUMAN	27	0	7.9327798454725835	0	true
sp|Q09028|RBBP4_HUMAN	5	7	9.489326340496826	0	true
sp|Q09161|NCBP1_HUMAN	16	0	5.317434373419217	0	true
sp|Q09666|AHNK_HUMAN	170	0	11.443788818788443	0	true
sp|Q0JRZ9|FCHO2_HUMAN	1	0	2.5856341627027772	0	true
sp|Q0PNE2|ELP6_HUMAN	1	0	2.625255726717996	0	true
sp|Q0VDF9|HSP7E_HUMAN	7	0	3.838306615123721	0	true
sp|Q0VG06|FP100_HUMAN	1	0	3.476522190249494	0	true
sp|Q10469|MGAT2_HUMAN	2	0	3.270766949139513	0	true
sp|Q10471|GALT2_HUMAN	16	0	7.070697994944972	0	true
sp|Q10472|GALT1_HUMAN	3	0	6.425180984827763	0	true
sp|Q10567|AP1B1_HUMAN	8	13	7.163735567092325	0	true
sp|Q10570|CPSF1_HUMAN	8	0	6.836872344523725	0	true
sp|Q10589|BST2_HUMAN	1	0	3.1263604028033014	0	true
sp|Q10713|MPPA_HUMAN	9	0	8.208663801059895	0	true
sp|Q12768|WASC5_HUMAN	5	0	4.800879596751001	0	true
sp|Q12769|NU160_HUMAN	15	0	5.893245826000087	0	true
sp|Q12788|TBL3_HUMAN	13	0	6.32632744671338	0	true
sp|Q12789|TF3C1_HUMAN	2	0	3.735557848256239	0	true
sp|Q12792|TWF1_HUMAN	6	1	8.782671988796933	0	true
sp|Q12797|ASPH_HUMAN	15	0	8.144907531494436	0	true
sp|Q12800|TFCP2_HUMAN	2	1	5.221955244594242	0	true
sp|Q12805|FBLN3_HUMAN	8	0	7.443398659376551	0	true
sp|Q12824|SNF5_HUMAN	1	0	2.3869599052219956	0	true
sp|Q12830|BPTF_HUMAN	1	0	2.4206177761381706	0	true
sp|Q12846|STX4_HUMAN	3	0	7.500779674313292	0	true
sp|Q12873|CHD3_HUMAN	2	6	7.25517446302553	0	true
sp|Q12874|SF3A3_HUMAN	12	0	6.828976742303924	0	true
sp|Q12888|TP53B_HUMAN	16	0	7.5368330982658716	0	true
sp|Q12904|AIMP1_HUMAN	11	0	8.102532566842116	0	true
sp|Q12905|ILF2_HUMAN	13	0	8.90739500746238	0	true
sp|Q12906|ILF3_HUMAN	25	3	9.722955168565697	0	true
sp|Q12907|LMAN2_HUMAN	9	0	7.350324735353793	0	true
sp|Q12931|TRAP1_HUMAN	26	0	10.79714616662495	0	true
sp|Q12933|TRAF2_HUMAN	4	0	2.6731009059721123	0	true
sp|Q12948|FOXC1_HUMAN	1	0	3.148435307562757	0	true
sp|Q12959|DLG1_HUMAN	2	2	4.587171947605114	0	true
sp|Q12965|MYO1E_HUMAN	24	0	7.075025388717435	0	true
sp|Q12972|PP1R8_HUMAN	6	0	6.747549961572762	0	true
sp|Q12986|NFX1_HUMAN	4	0	3.275759771762883	0	true
sp|Q12996|CSTF3_HUMAN	4	0	6.821087425031074	0	true
sp|Q13011|ECH1_HUMAN	7	0	9.60459842403793	0	true
sp|Q13033|STRN3_HUMAN	3	0	4.167418706251944	0	true
sp|Q13042|CDC16_HUMAN	7	0	5.1429407229650534	0	true
sp|Q13045|FLII_HUMAN	8	0	5.7739682159396875	0	true
sp|Q13057|COASY_HUMAN	5	0	6.591253464222408	0	true
sp|Q13085|ACACA_HUMAN	29	0	5.553037406778109	0	true
sp|Q13098|CSN1_HUMAN	8	0	6.71540122343275	0	true
sp|Q13112|CAF1B_HUMAN	4	0	6.606705726596275	0	true
sp|Q13123|RED_HUMAN	5	0	3.5255665348589518	0	true
sp|Q13126|MTAP_HUMAN	9	0	5.1206701371432235	0	true
sp|Q13131|AAPK1_HUMAN	2	0	2.428555857778872	0	true
sp|Q13136|LIPA1_HUMAN	10	0	4.508627483803007	0	true
sp|Q13144|EI2BE_HUMAN	4	0	5.125720863777187	0	true
sp|Q13148|TADBP_HUMAN	6	0	9.02567802046646	0	true
sp|Q13151|ROA0_HUMAN	4	0	10.038119881157238	0	true
sp|Q13155|AIMP2_HUMAN	6	0	9.810637869746987	0	true
sp|Q13162|PRDX4_HUMAN	10	3	10.424671124058827	0	true
sp|Q13177|PAK2_HUMAN	12	0	5.377700745392232	0	true
sp|Q13185|CBX3_HUMAN	6	2	11.764445358277714	0	true
sp|Q13200|PSMD2_HUMAN	24	0	9.14746514352585	0	true
sp|Q13214|SEM3B_HUMAN	3	0	3.728057414506254	0	true
sp|Q13217|DNJC3_HUMAN	3	0	3.083384815230712	0	true
sp|Q13228|SBP1_HUMAN	14	0	6.2099101572276405	0	true
sp|Q13242|SRSF9_HUMAN	10	0	5.148026052124055	0	true
sp|Q13243|SRSF5_HUMAN	4	1	5.1688217307074	0	true
sp|Q13247|SRSF6_HUMAN	8	4	7.508519117304034	0	true
sp|Q13263|TIF1B_HUMAN	19	0	8.352864985838002	0	true
sp|Q13277|STX3_HUMAN	1	0	2.5457370180809917	0	true
sp|Q13283|G3BP1_HUMAN	14	1	8.589704491945998	0	true
sp|Q13287|NMI_HUMAN	1	0	2.758331266071746	0	true
sp|Q13303|KCAB2_HUMAN	1	0	2.85582039425342	0	true
sp|Q13310|PABP4_HUMAN	13	9	9.956319306521106	0	true
sp|Q13330|MTA1_HUMAN	4	1	4.9774101823669294	0	true
sp|Q13347|EIF3I_HUMAN	11	0	7.160925996735766	0	true
sp|Q13362|2A5G_HUMAN	1	4	5.197628099878185	0	true
sp|Q13363|CTBP1_HUMAN	4	2	6.192096484000876	0	true
sp|Q13404|UB2V1_HUMAN	2	3	7.327142845162604	0	true
sp|Q13405|RM49_HUMAN	3	0	8.273393786168269	0	true
sp|Q13409|DC1I2_HUMAN	9	0	8.108668659600651	0	true
sp|Q13418|ILK_HUMAN	6	0	6.733727689079452	0	true
sp|Q13421|MSLN_HUMAN	2	0	2.7621637615060886	0	true
sp|Q13423|NNTM_HUMAN	26	0	9.733776987874275	0	true
sp|Q13425|SNTB2_HUMAN	4	0	3.078753165520468	0	true
sp|Q13427|PPIG_HUMAN	3	0	4.719495129247317	0	true
sp|Q13428|TCOF_HUMAN	25	0	8.19845967676207	0	true
sp|Q13435|SF3B2_HUMAN	22	0	8.979001007033073	0	true
sp|Q13442|HAP28_HUMAN	3	0	7.151572082676567	0	true
sp|Q13443|ADAM9_HUMAN	5	0	6.398318167598479	0	true
sp|Q13444|ADA15_HUMAN	3	0	4.018871924264049	0	true
sp|Q13445|TMED1_HUMAN	2	0	6.355314335076398	0	true
sp|Q13451|FKBP5_HUMAN	10	0	6.109138183420964	0	true
sp|Q13464|ROCK1_HUMAN	5	3	2.632119129947354	0	true
sp|Q13492|PICAL_HUMAN	8	0	6.372255816391742	0	true
sp|Q13501|SQSTM_HUMAN	7	0	5.509962680266095	0	true
sp|Q13505|MTX1_HUMAN	2	0	3.870829842473419	0	true
sp|Q13509|TBB3_HUMAN	2	12	10.17817002245683	0	true
sp|Q13510|ASAH1_HUMAN	2	0	2.58725344931474	0	true
sp|Q13523|PRP4K_HUMAN	6	0	7.686337482528556	0	true
sp|Q13526|PIN1_HUMAN	5	0	8.224676953512787	0	true
sp|Q13541|4EBP1_HUMAN	1	0	7.662755352734838	0	true
sp|Q13547|HDAC1_HUMAN	6	1	7.500512114000998	0	true
sp|Q13561|DCTN2_HUMAN	12	0	9.039587230438064	0	true
sp|Q13564|ULA1_HUMAN	12	0	7.0611631314449115	0	true
sp|Q13572|ITPK1_HUMAN	1	0	2.8626027343170697	0	true
sp|Q13573|SNW1_HUMAN	7	0	6.748672991169395	0	true
sp|Q13586|STIM1_HUMAN	4	0	3.07323109972706	0	true
sp|Q13595|TRA2A_HUMAN	2	2	5.383914252031923	0	true
sp|Q13596|SNX1_HUMAN	15	2	8.690074890892049	0	true
sp|Q13601|KRR1_HUMAN	3	0	3.9024522364858103	0	true
sp|Q13610|PWP1_HUMAN	5	0	4.883183981884651	0	true
sp|Q13616|CUL1_HUMAN	10	0	5.511506080642801	0	true
sp|Q13617|CUL2_HUMAN	3	0	3.7164573643972663	0	true
sp|Q13619|CUL4A_HUMAN	10	5	4.333545041962596	0	true
sp|Q13620|CUL4B_HUMAN	13	5	6.290606210753346	0	true
sp|Q13627|DYR1A_HUMAN;sp|Q9Y463|DYR1B_HUMAN	1	0	5.096983019560608	0	true
sp|Q13630|FCL_HUMAN	8	0	4.286372690094745	0	true
sp|Q13636|RAB31_HUMAN	3	2	5.338896174833449	0	true
sp|Q13637|RAB32_HUMAN	3	0	4.449968069257666	0	true
sp|Q13641|TPBG_HUMAN	1	0	4.940789766924856	0	true
sp|Q13642|FHL1_HUMAN	7	0	6.251137271220103	0	true
sp|Q13643|FHL3_HUMAN	2	0	2.5402201697871547	0	true
sp|Q13671|RIN1_HUMAN	4	0	2.99063860285347	0	true
sp|Q13724|MOGS_HUMAN	9	0	6.197485275278375	0	true
sp|Q13740|CD166_HUMAN	6	0	4.060045567808448	0	true
sp|Q13769|THOC5_HUMAN	7	0	8.072317666937677	0	true
sp|Q13813|SPTN1_HUMAN	108	0	9.363982252429588	0	true
sp|Q13823|NOG2_HUMAN	13	0	7.804086120980901	0	true
sp|Q13838|DX39B_HUMAN	8	11	10.247018326122495	0	true
sp|Q13867|BLMH_HUMAN	5	0	4.7029372980483775	0	true
sp|Q13868|EXOS2_HUMAN	7	0	6.19115441088427	0	true
sp|Q13885|TBB2A_HUMAN	2	10	10.17817002245683	0	true
sp|Q13895|BYST_HUMAN	7	0	7.5220032286403224	0	true
sp|Q13907|IDI1_HUMAN	2	1	4.955907085279097	0	true
sp|Q13951|PEBB_HUMAN	3	0	2.9957134522242543	0	true
sp|Q14008|CKAP5_HUMAN	18	0	5.330520425295712	0	true
sp|Q14011|CIRBP_HUMAN	4	0	7.31340688549866	0	true
sp|Q14019|COTL1_HUMAN	6	0	5.328216029230108	0	true
sp|Q14061|COX17_HUMAN	2	0	10.0513470064642	0	true
sp|Q14103|HNRPD_HUMAN	8	1	8.884387276784205	0	true
sp|Q14108|SCRB2_HUMAN	3	0	6.712827736812952	0	true
sp|Q14116|IL18_HUMAN	4	0	5.095844039403765	0	true
sp|Q14118|DAG1_HUMAN	4	0	3.81539773114053	0	true
sp|Q14126|DSG2_HUMAN	8	0	4.392776303735499	0	true
sp|Q14134|TRI29_HUMAN	10	0	3.8883924085436403	0	true
sp|Q14137|BOP1_HUMAN	10	0	7.022427938229643	0	true
sp|Q14141|SEPT6_HUMAN	2	4	4.464393323915257	0	true
sp|Q14151|SAFB2_HUMAN	6	10	7.46880538114699	0	true
sp|Q14152|EIF3A_HUMAN	41	0	7.732264759822652	0	true
sp|Q14155|ARHG7_HUMAN	3	0	2.850008440305581	0	true
sp|Q14157|UBP2L_HUMAN	13	0	8.469022399206017	0	true
sp|Q14160|SCRIB_HUMAN	11	0	4.659496262488023	0	true
sp|Q14165|MLEC_HUMAN	9	0	7.323452345524052	0	true
sp|Q14166|TTL12_HUMAN	14	0	7.794128563181458	0	true
sp|Q14181|DPOA2_HUMAN	5	0	6.160195501655432	0	true
sp|Q14192|FHL2_HUMAN	3	0	3.623397998364567	0	true
sp|Q14197|ICT1_HUMAN	4	0	3.625322813297058	0	true
sp|Q14202|ZMYM3_HUMAN	1	0	5.031628832868384	0	true
sp|Q14203|DCTN1_HUMAN	19	0	6.744498699371466	0	true
sp|Q14204|DYHC1_HUMAN	120	0	9.54774962703461	0	true
sp|Q14232|EI2BA_HUMAN	7	0	6.710505113411922	0	true
sp|Q14240|IF4A2_HUMAN	6	12	10.441588806276128	0	true
sp|Q14241|ELOA1_HUMAN	2	0	8.068787515753566	0	true
sp|Q14244|MAP7_HUMAN	9	0	5.386843950037637	0	true
sp|Q14247|SRC8_HUMAN	19	0	9.235627333291843	0	true
sp|Q14254|FLOT2_HUMAN	12	0	8.6912701548974	0	true
sp|Q14257|RCN2_HUMAN	6	0	8.694156246543763	0	true
sp|Q14258|TRI25_HUMAN	16	0	6.6130983381803405	0	true
sp|Q14289|FAK2_HUMAN	1	0	3.111775537077107	0	true
sp|Q14315|FLNC_HUMAN	0	13	10.086922130678692	0	true
sp|Q14318|FKBP8_HUMAN	2	0	7.362175757995589	0	true
sp|Q14320|FA50A_HUMAN	5	0	6.170363338502012	0	true
sp|Q14331|FRG1_HUMAN	3	0	5.190628912655283	0	true
sp|Q14344|GNA13_HUMAN	4	0	3.8722697147830436	0	true
sp|Q14353|GAMT_HUMAN	3	0	4.0314867282868585	0	true
sp|Q14432|PDE3A_HUMAN	6	0	8.480459218060622	0	true
sp|Q14444|CAPR1_HUMAN	9	0	8.089185247323202	0	true
sp|Q14498|RBM39_HUMAN	12	0	9.18637301694254	0	true
sp|Q14527|HLTF_HUMAN	2	0	4.178151753274974	0	true
sp|Q14558|KPRA_HUMAN	6	1	7.724790975803799	0	true
sp|Q14566|MCM6_HUMAN	28	0	9.107432472141934	0	true
sp|Q14571|ITPR2_HUMAN	1	5	2.5844573771144046	0	true
sp|Q14573|ITPR3_HUMAN	24	6	6.837086867424256	0	true
sp|Q14624|ITIH4_HUMAN	2	0	4.962540428628748	0	true
sp|Q14643|ITPR1_HUMAN	10	5	6.543897253083752	0	true
sp|Q14651|PLSI_HUMAN	7	3	10.029573733877953	0	true
sp|Q14657|LAGE3_HUMAN	1	0	2.729067785896031	0	true
sp|Q14669|TRIPC_HUMAN	5	0	5.811954425982847	0	true
sp|Q14671|PUM1_HUMAN	5	2	3.847761106235979	0	true
sp|Q14676|MDC1_HUMAN	5	0	5.191704591070643	0	true
sp|Q14677|EPN4_HUMAN	13	0	7.216849988355642	0	true
sp|Q14683|SMC1A_HUMAN	30	0	5.994091847629968	0	true
sp|Q14684|RRP1B_HUMAN	13	0	7.921300243168319	0	true
sp|Q14690|RRP5_HUMAN	31	0	7.093128960789888	0	true
sp|Q14691|PSF1_HUMAN	3	0	3.8288030986462074	0	true
sp|Q14692|BMS1_HUMAN	13	0	8.298217028785661	0	true
sp|Q14694|UBP10_HUMAN	9	0	5.683422266711049	0	true
sp|Q14696|MESD_HUMAN	4	0	4.091628475089034	0	true
sp|Q14697|GANAB_HUMAN	34	0	11.70726204688513	0	true
sp|Q14738|2A5D_HUMAN	3	4	5.197628099878185	0	true
sp|Q14739|LBR_HUMAN	6	0	5.2108003688508875	0	true
sp|Q14764|MVP_HUMAN	14	0	4.435992825606698	0	true
sp|Q14789|GOGB1_HUMAN	8	0	4.399817905278218	0	true
sp|Q14790|CASP8_HUMAN	1	0	2.8057679899785533	0	true
sp|Q147X3|NAA30_HUMAN	2	0	3.1856920494886194	0	true
sp|Q14807|KIF22_HUMAN	4	0	2.740241678919452	0	true
sp|Q14839|CHD4_HUMAN	27	6	7.25517446302553	0	true
sp|Q14847|LASP1_HUMAN	13	0	7.736260758258249	0	true
sp|Q14914|PTGR1_HUMAN	8	0	7.807038755722675	0	true
sp|Q14919|NC2A_HUMAN	4	0	4.383555667687591	0	true
sp|Q14966|ZN638_HUMAN	4	0	5.175664980834107	0	true
sp|Q14974|IMB1_HUMAN	22	0	10.327220121788345	0	true
sp|Q14978|NOLC1_HUMAN	10	1	7.910298680879891	0	true
sp|Q14980|NUMA1_HUMAN	56	0	10.121236693583825	0	true
sp|Q14C86|GAPD1_HUMAN	21	0	6.589502465142921	0	true
sp|Q14CX7|NAA25_HUMAN	11	0	3.4955416392005367	0	true
sp|Q15003|CND2_HUMAN	9	0	6.484066553245355	0	true
sp|Q15004|PAF15_HUMAN	1	0	4.688017543946214	0	true
sp|Q15005|SPCS2_HUMAN	3	0	8.961968221491507	0	true
sp|Q15006|EMC2_HUMAN	4	0	2.9643697885585873	0	true
sp|Q15007|FL2D_HUMAN	4	0	6.721951101200302	0	true
sp|Q15008|PSMD6_HUMAN	13	0	10.367059203901466	0	true
sp|Q15014|MO4L2_HUMAN	2	0	2.60379784727559	0	true
sp|Q15018|ABRX2_HUMAN	2	0	4.662733982602424	0	true
sp|Q15019|SEPT2_HUMAN	12	0	8.387844996906518	0	true
sp|Q15020|SART3_HUMAN	15	0	6.588799840580836	0	true
sp|Q15021|CND1_HUMAN	22	0	5.856313719856327	0	true
sp|Q15024|EXOS7_HUMAN	3	0	4.972306935996402	0	true
sp|Q15029|U5S1_HUMAN	21	1	9.609009795810953	0	true
sp|Q15042|RB3GP_HUMAN	6	0	2.9716022220022396	0	true
sp|Q15046|SYK_HUMAN	21	0	9.800935206838494	0	true
sp|Q15050|RRS1_HUMAN	9	0	9.21244160610245	0	true
sp|Q15054|DPOD3_HUMAN	6	0	7.034958575959448	0	true
sp|Q15056|IF4H_HUMAN	9	0	8.478737045996162	0	true
sp|Q15057|ACAP2_HUMAN	5	0	6.687334704011235	0	true
sp|Q15059|BRD3_HUMAN	5	3	3.6545498197927726	0	true
sp|Q15061|WDR43_HUMAN	9	0	7.164108713847153	0	true
sp|Q15063|POSTN_HUMAN	14	0	7.586394609598849	0	true
sp|Q15067|ACOX1_HUMAN	8	0	6.269628489935442	0	true
sp|Q15070|OXA1L_HUMAN	3	0	3.265702375489361	0	true
sp|Q15075|EEA1_HUMAN	11	0	6.032390059737991	0	true
sp|Q15084|PDIA6_HUMAN	9	0	9.471458461470975	0	true
sp|Q15102|PA1B3_HUMAN	3	0	4.502929670696615	0	true
sp|Q15125|EBP_HUMAN	2	0	8.390832065658508	0	true
sp|Q15126|PMVK_HUMAN	7	0	5.919230217477436	0	true
sp|Q15149|PLEC_HUMAN	183	7	10.02292597465075	0	true
sp|Q15154|PCM1_HUMAN	10	1	4.047312953441661	0	true
sp|Q15155|NOMO1_HUMAN	1	18	8.907938880945538	0	true
sp|Q15181|IPYR_HUMAN	14	0	11.397645164582729	0	true
sp|Q15185|TEBP_HUMAN	5	0	8.732639967154391	0	true
sp|Q15233|NONO_HUMAN	21	2	10.38160671488148	0	true
sp|Q15257|PTPA_HUMAN	7	0	6.033750544190393	0	true
sp|Q15269|PWP2_HUMAN	5	0	3.077431967708983	0	true
sp|Q15286|RAB35_HUMAN	3	1	7.010741255692215	0	true
sp|Q15287|RNPS1_HUMAN	4	0	7.473783634368686	0	true
sp|Q15291|RBBP5_HUMAN	7	0	3.3622359044307366	0	true
sp|Q15293|RCN1_HUMAN	9	0	11.172876762999286	0	true
sp|Q15334|L2GL1_HUMAN	2	0	2.386585936221034	0	true
sp|Q15363|TMED2_HUMAN	4	0	7.864852890544788	0	true
sp|Q15365|PCBP1_HUMAN	8	3	9.334581304795398	0	true
sp|Q15366|PCBP2_HUMAN	6	4	9.905494172084243	0	true
sp|Q15369|ELOC_HUMAN	5	0	8.106322337593193	0	true
sp|Q15370|ELOB_HUMAN	7	0	8.53592521486133	0	true
sp|Q15382|RHEB_HUMAN	3	0	3.4575121710520618	0	true
sp|Q15392|DHC24_HUMAN	5	0	3.6118322076911076	0	true
sp|Q15393|SF3B3_HUMAN	26	0	9.612912792589155	0	true
sp|Q15397|PUM3_HUMAN	10	0	4.914629483505488	0	true
sp|Q15404|RSU1_HUMAN	5	0	3.460817531786032	0	true
sp|Q15418|KS6A1_HUMAN	6	5	4.092411907757716	0	true
sp|Q15424|SAFB1_HUMAN	10	10	7.46880538114699	0	true
sp|Q15427|SF3B4_HUMAN	2	0	8.976651831922656	0	true
sp|Q15428|SF3A2_HUMAN	6	0	6.991516750222323	0	true
sp|Q15434|RBMS2_HUMAN	3	0	3.6665713096000405	0	true
sp|Q15435|PP1R7_HUMAN	9	0	5.0785746398242555	0	true
sp|Q15436|SC23A_HUMAN	9	1	8.223421219929667	0	true
sp|Q15437|SC23B_HUMAN	11	1	5.666694605420393	0	true
sp|Q15459|SF3A1_HUMAN	18	0	8.544048273980863	0	true
sp|Q15477|SKI2_HUMAN	3	0	4.42655033831476	0	true
sp|Q15527|SURF2_HUMAN	2	0	3.954540147359668	0	true
sp|Q15555|MARE2_HUMAN	1	1	4.0989202654489505	0	true
sp|Q15599|NHRF2_HUMAN	3	0	2.7673002728898366	0	true
sp|Q15631|TSN_HUMAN	7	0	7.458175918519009	0	true
sp|Q15637|SF01_HUMAN	8	0	8.986983176310515	0	true
sp|Q15645|PCH2_HUMAN	10	0	6.948756473312599	0	true
sp|Q15650|TRIP4_HUMAN	3	0	2.692187506311747	0	true
sp|Q15654|TRIP6_HUMAN	4	0	4.954959884774089	0	true
sp|Q15691|MARE1_HUMAN	7	1	7.999538697000394	0	true
sp|Q15714|T22D1_HUMAN	1	1	7.029111137823243	0	true
sp|Q15717|ELAV1_HUMAN	11	0	8.257990920147638	0	true
sp|Q15738|NSDHL_HUMAN	5	0	3.285911976002081	0	true
sp|Q15750|TAB1_HUMAN	3	0	2.5044035602813945	0	true
sp|Q15758|AAAT_HUMAN	5	0	8.086087230859912	0	true
sp|Q15771|RAB30_HUMAN	1	1	7.010741255692215	0	true
sp|Q15785|TOM34_HUMAN	9	0	7.415860515213503	0	true
sp|Q15796|SMAD2_HUMAN	4	1	7.0836971194560885	0	true
sp|Q15797|SMAD1_HUMAN	2	1	4.734240867813835	0	true
sp|Q15800|MSMO1_HUMAN	2	0	3.171814004402935	0	true
sp|Q15811|ITSN1_HUMAN	6	0	3.4303348339312674	0	true
sp|Q15813|TBCE_HUMAN	3	0	2.729432395741528	0	true
sp|Q15814|TBCC_HUMAN	1	0	5.233893708621932	0	true
sp|Q15819|UB2V2_HUMAN	1	3	8.019235890363007	0	true
sp|Q15833|STXB2_HUMAN	2	0	2.8919859874194964	0	true
sp|Q15836|VAMP3_HUMAN	2	0	6.8269957338079745	0	true
sp|Q15843|NEDD8_HUMAN	1	0	2.991979750034434	0	true
sp|Q15904|VAS1_HUMAN	3	0	3.288933776334099	0	true
sp|Q15907|RB11B_HUMAN	10	0	6.169333345538006	0	true
sp|Q15910|EZH2_HUMAN	2	0	3.856831005607699	0	true
sp|Q15942|ZYX_HUMAN	14	0	8.620145096439646	0	true
sp|Q16181|SEPT7_HUMAN	12	1	6.720090236014149	0	true
sp|Q16186|ADRM1_HUMAN	4	0	7.447192214512823	0	true
sp|Q16204|CCDC6_HUMAN	7	0	5.105094744929045	0	true
sp|Q16222|UAP1_HUMAN	6	0	8.003593556456856	0	true
sp|Q16401|PSMD5_HUMAN	12	0	7.077640032541431	0	true
sp|Q16513|PKN2_HUMAN	12	1	5.384029164293786	0	true
sp|Q16531|DDB1_HUMAN	38	0	7.081214207631433	0	true
sp|Q16537|2A5E_HUMAN	2	2	3.955855233838595	0	true
sp|Q16539|MK14_HUMAN	5	0	7.100310389447241	0	true
sp|Q16540|RM23_HUMAN;tr|A0AAG2SUK6|A0AAG2SUK6_HUMAN	2	0	4.639514573886729	0	true
sp|Q16543|CDC37_HUMAN	9	0	7.184359435702674	0	true
sp|Q16555|DPYL2_HUMAN	16	0	9.099987888346812	0	true
sp|Q16563|SYPL1_HUMAN	3	0	7.374730720360425	0	true
sp|Q16576|RBBP7_HUMAN	5	7	9.489326340496826	0	true
sp|Q16594|TAF9_HUMAN;sp|Q9HBM6|TAF9B_HUMAN	1	0	2.377037689760581	0	true
sp|Q16595|FRDA_HUMAN	2	0	3.134284912130657	0	true
sp|Q16629|SRSF7_HUMAN	7	1	9.542725706891154	0	true
sp|Q16630|CPSF6_HUMAN	9	0	9.867775934511254	0	true
sp|Q16637|SMN_HUMAN	3	0	3.732966905256936	0	true
sp|Q16643|DREB_HUMAN	8	0	8.01453202441287	0	true
sp|Q16658|FSCN1_HUMAN	21	0	10.070714832906196	0	true
sp|Q16666|IF16_HUMAN	14	0	6.940756153486653	0	true
sp|Q16698|DECR_HUMAN	9	0	7.864290604148727	0	true
sp|Q16706|MA2A1_HUMAN	5	0	5.4358253521075195	0	true
sp|Q16718|NDUA5_HUMAN	4	0	7.220017547785623	0	true
sp|Q16719|KYNU_HUMAN	18	0	10.762550582976226	0	true
sp|Q16740|CLPP_HUMAN	3	0	7.39023271673658	0	true
sp|Q16762|THTR_HUMAN	6	0	5.862955433750281	0	true
sp|Q16763|UBE2S_HUMAN	2	0	2.8770197438435208	0	true
sp|Q16774|KGUA_HUMAN	2	0	2.9739138822944367	0	true
sp|Q16775|GLO2_HUMAN	3	0	5.868825750527425	0	true
sp|Q16795|NDUA9_HUMAN	4	0	4.459065413889492	0	true
sp|Q16822|PCKGM_HUMAN	16	0	8.801835983602283	0	true
sp|Q16831|UPP1_HUMAN	2	0	2.995119637865542	0	true
sp|Q16836|HCDH_HUMAN	2	0	3.8929616060517316	0	true
sp|Q16850|CP51A_HUMAN	2	0	2.8200257181496924	0	true
sp|Q16851|UGPA_HUMAN	15	0	6.977404605525644	0	true
sp|Q16881|TRXR1_HUMAN	14	1	11.433164848603944	0	true
sp|Q16891|MIC60_HUMAN	28	0	7.064966881614437	0	true
sp|Q1KMD3|HNRL2_HUMAN	24	0	9.205874773780454	0	true
sp|Q27J81|INF2_HUMAN	10	0	5.244182543376224	0	true
sp|Q29RF7|PDS5A_HUMAN	17	1	8.64015399982589	0	true
sp|Q2KHR3|QSER1_HUMAN	3	0	2.672532116303063	0	true
sp|Q2M389|WASC4_HUMAN	6	0	4.8533578464354585	0	true
sp|Q2NL82|TSR1_HUMAN	15	0	7.948017325836196	0	true
sp|Q2TAL8|QRIC1_HUMAN	3	0	4.964168041513844	0	true
sp|Q2TAY7|SMU1_HUMAN	15	0	6.84445512962084	0	true
sp|Q32MZ4|LRRF1_HUMAN	14	0	7.933583663807739	0	true
sp|Q32NC0|CR021_HUMAN	1	0	6.106033591623345	0	true
sp|Q32P28|P3H1_HUMAN	10	0	7.0077483518663835	0	true
sp|Q32P41|TRM5_HUMAN	4	0	3.2920109424903625	0	true
sp|Q32P44|EMAL3_HUMAN	1	0	5.721425701356693	0	true
sp|Q3KQU3|MA7D1_HUMAN	5	0	5.667851000879311	0	true
sp|Q3LXA3|TKFC_HUMAN	9	0	8.242870402596516	0	true
sp|Q3MHD2|LSM12_HUMAN	3	0	7.092551491293797	0	true
sp|Q3YEC7|RABL6_HUMAN	7	0	9.666381946214853	0	true
sp|Q3ZCQ8|TIM50_HUMAN	8	0	7.365804969606642	0	true
sp|Q49A26|GLYR1_HUMAN	5	0	4.81990225280797	0	true
sp|Q4G0J3|LARP7_HUMAN	3	0	4.887413341792189	0	true
sp|Q4G0N4|NAKD2_HUMAN	8	0	5.396487517268149	0	true
sp|Q4G176|ACSF3_HUMAN	4	0	3.458757386102423	0	true
sp|Q4J6C6|PPCEL_HUMAN	4	0	4.476227153058829	0	true
sp|Q4KMP7|TB10B_HUMAN	1	0	4.905990217508226	0	true
sp|Q4KMQ1|TPRN_HUMAN	1	0	3.0854722922754743	0	true
sp|Q4KWH8|PLCH1_HUMAN	1	0	3.1989954583595774	0	true
sp|Q4V328|GRAP1_HUMAN	8	0	3.76046490852126	0	true
sp|Q4V339|ZNG1F_HUMAN;sp|Q5JTY5|ZNG1C_HUMAN;sp|Q5RIA9|ZNG1E_HUMAN;sp|Q8IUF1|ZNG1B_HUMAN;sp|Q9BRT8|ZNG1A_HUMAN	1	0	3.069121609460105	0	true
sp|Q4VC31|MIX23_HUMAN	5	0	7.745643672431959	0	true
sp|Q52LJ0|FA98B_HUMAN	5	1	9.849211631567794	0	true
sp|Q53EL6|PDCD4_HUMAN	10	0	8.256340522400313	0	true
sp|Q53F19|NCBP3_HUMAN	4	0	2.9797925383222537	0	true
sp|Q53FT3|HIKES_HUMAN	3	0	3.2664801969295785	0	true
sp|Q53GA4|PHLA2_HUMAN	2	0	3.4339757842695775	0	true
sp|Q53GQ0|DHB12_HUMAN	3	0	3.541547655071058	0	true
sp|Q53GS7|GLE1_HUMAN	3	0	3.551944418036178	0	true
sp|Q53GS9|UBP39_HUMAN	8	0	6.162188987225272	0	true
sp|Q53H12|AGK_HUMAN	3	0	3.755157635957987	0	true
sp|Q53H82|LACB2_HUMAN	6	0	4.941591971617194	0	true
sp|Q53H96|P5CR3_HUMAN	4	0	5.915107300227375	0	true
sp|Q53HC9|EIPR1_HUMAN	1	0	4.513596042541274	0	true
sp|Q53LP3|SWAHC_HUMAN	2	0	3.703295213602418	0	true
sp|Q56NI9|ESCO2_HUMAN	1	0	2.4141094733706807	0	true
sp|Q56VL3|OCAD2_HUMAN	2	0	7.184120907739462	0	true
sp|Q5BJD5|TM41B_HUMAN	1	0	2.4528585383547257	0	true
sp|Q5BJF2|SGMR2_HUMAN	2	0	6.472035621120794	0	true
sp|Q5BJH7|YIF1B_HUMAN	1	0	2.7077036540574264	0	true
sp|Q5BKZ1|ZN326_HUMAN	10	0	4.153983175341052	0	true
sp|Q5F1R6|DJC21_HUMAN	4	0	8.482463493664747	0	true
sp|Q5H9R7|PP6R3_HUMAN	14	0	7.064782745994122	0	true
sp|Q5HYI8|RABL3_HUMAN	1	0	2.554974094950547	0	true
sp|Q5J8M3|EMC4_HUMAN	3	0	2.948222561056688	0	true
sp|Q5JPE7|NOMO2_HUMAN	1	18	6.063391442222527	0	true
sp|Q5JPH6|SYEM_HUMAN	1	0	2.8131944169252607	0	true
sp|Q5JQF8|PAP1M_HUMAN	0	2	6.495950794062351	0	true
sp|Q5JRA6|TGO1_HUMAN	8	0	5.356076325226875	0	true
sp|Q5JRX3|PREP_HUMAN	12	0	3.869472750468472	0	true
sp|Q5JS54|PSMG4_HUMAN	2	0	2.498769073647801	0	true
sp|Q5JSH3|WDR44_HUMAN	12	0	5.078370032653305	0	true
sp|Q5JSZ5|PRC2B_HUMAN	6	0	2.5368022836042226	0	true
sp|Q5JTH9|RRP12_HUMAN	16	0	5.179108649352513	0	true
sp|Q5JTJ3|COA6_HUMAN	4	0	6.892261141076496	0	true
sp|Q5JTV8|TOIP1_HUMAN	14	1	8.06025037996656	0	true
sp|Q5JTZ9|SYAM_HUMAN	5	0	4.612973183075071	0	true
sp|Q5JVF3|PCID2_HUMAN	5	0	4.813802302139536	0	true
sp|Q5JWF2|GNAS1_HUMAN	7	1	6.490234126343529	0	true
sp|Q5M775|CYTSB_HUMAN	7	0	6.286521919198967	0	true
sp|Q5QJE6|TDIF2_HUMAN	7	0	3.817797669285122	0	true
sp|Q5R3I4|TTC38_HUMAN	8	0	5.008499929024865	0	true
sp|Q5RI15|COX20_HUMAN	2	0	5.981443717821357	0	true
sp|Q5RKV6|EXOS6_HUMAN	4	0	5.86498910165136	0	true
sp|Q5SRE5|NU188_HUMAN	7	0	4.731402108424174	0	true
sp|Q5SSJ5|HP1B3_HUMAN	10	0	7.8953723486936775	0	true
sp|Q5SW79|CE170_HUMAN	13	0	7.312133872246614	0	true
sp|Q5SWX8|ODR4_HUMAN	6	0	3.112764367982997	0	true
sp|Q5SY16|NOL9_HUMAN	2	0	4.334940466408211	0	true
sp|Q5T0N5|FBP1L_HUMAN	1	0	5.315296844101701	0	true
sp|Q5T0W9|FA83B_HUMAN	2	0	3.965477859024879	0	true
sp|Q5T1C6|THEM4_HUMAN	3	0	4.083327429118551	0	true
sp|Q5T1J5|CHCH9_HUMAN;sp|Q9Y6H1|CHCH2_HUMAN	1	0	6.142518992853403	0	true
sp|Q5T1M5|FKB15_HUMAN	11	0	6.19747051356141	0	true
sp|Q5T1V6|DDX59_HUMAN	2	0	2.72540345348742	0	true
sp|Q5T200|ZC3HD_HUMAN	3	0	4.245751073134481	0	true
sp|Q5T280|CI114_HUMAN	3	0	6.766394769140644	0	true
sp|Q5T2N8|ATD3C_HUMAN	0	6	5.107112349189818	0	true
sp|Q5T3I0|GPTC4_HUMAN	8	0	6.018062897001866	0	true
sp|Q5T440|CAF17_HUMAN	2	0	3.95964673723078	0	true
sp|Q5T447|HECD3_HUMAN	2	0	4.316142310464625	0	true
sp|Q5T4S7|UBR4_HUMAN	33	0	7.376730461163802	0	true
sp|Q5T653|RM02_HUMAN	5	0	6.615279823013207	0	true
sp|Q5T6F2|UBAP2_HUMAN	9	0	5.42213142329072	0	true
sp|Q5T6V5|QNG1_HUMAN	6	0	4.757323049315711	0	true
sp|Q5T8P6|RBM26_HUMAN	8	1	4.874074756590718	0	true
sp|Q5T9A4|ATD3B_HUMAN	0	11	6.37628770791895	0	true
sp|Q5TA45|INT11_HUMAN	2	0	3.651516942055777	0	true
sp|Q5TAQ9|DCAF8_HUMAN	2	0	2.8906850611002572	0	true
sp|Q5TBB1|RNH2B_HUMAN	2	0	4.981891278236806	0	true
sp|Q5TDH0|DDI2_HUMAN	6	0	3.653984838103463	0	true
sp|Q5TEC6|H37_HUMAN	1	3	5.0307330399838825	0	true
sp|Q5TFE4|NT5D1_HUMAN	7	0	7.102333240860977	0	true
sp|Q5U5X0|LYRM7_HUMAN	1	0	4.448845774942495	0	true
sp|Q5UIP0|RIF1_HUMAN	10	0	5.562507239371752	0	true
sp|Q5VT52|RPRD2_HUMAN	13	0	6.250345416844233	0	true
sp|Q5VT66|MARC1_HUMAN	2	1	3.665107985972659	0	true
sp|Q5VT79|AXA81_HUMAN	5	0	4.034843551152351	0	true
sp|Q5VTB9|RN220_HUMAN	1	0	2.9800014631960745	0	true
sp|Q5VTL8|PR38B_HUMAN	3	0	4.843703320548365	0	true
sp|Q5VTR2|BRE1A_HUMAN	6	1	5.845050914851455	0	true
sp|Q5VV41|ARHGG_HUMAN	5	0	4.4279075372953365	0	true
sp|Q5VW32|BROX_HUMAN	1	0	3.1544391928903748	0	true
sp|Q5VYK3|ECM29_HUMAN	26	0	5.882575120005186	0	true
sp|Q5VZK9|CARL1_HUMAN	4	0	4.105411486764677	0	true
sp|Q5VZL5|ZMYM4_HUMAN	5	0	3.940222427710291	0	true
sp|Q5W0V3|FHI2A_HUMAN	3	0	3.4877869034759508	0	true
sp|Q5XKE5|K2C79_HUMAN	0	6	8.487012775066988	0	true
sp|Q5ZPR3|CD276_HUMAN	3	0	5.750481225409778	0	true
sp|Q63HN8|RN213_HUMAN	16	0	3.3689843546835845	0	true
sp|Q63ZY3|KANK2_HUMAN	4	0	2.549752426796217	0	true
sp|Q63ZY6|NSN5C_HUMAN;sp|Q96P11|NSUN5_HUMAN	1	0	3.855607544769863	0	true
sp|Q641Q2|WAC2A_HUMAN	5	0	5.748067685599611	0	true
sp|Q658Y4|F91A1_HUMAN	5	0	3.643016666344695	0	true
sp|Q66K74|MAP1S_HUMAN	7	0	5.440893452096549	0	true
sp|Q66PJ3|AR6P4_HUMAN	2	0	3.861048373035924	0	true
sp|Q68CQ4|UTP25_HUMAN	4	0	2.578617693971473	0	true
sp|Q68CZ2|TENS3_HUMAN	3	0	2.7492030146026396	0	true
sp|Q68E01|INT3_HUMAN	5	0	3.8280741227860595	0	true
sp|Q69YH5|CDCA2_HUMAN	2	0	3.746288422567966	0	true
sp|Q69YN2|C19L1_HUMAN	5	0	3.64764383288329	0	true
sp|Q6DD87|ZN787_HUMAN	6	1	4.724939498069835	0	true
sp|Q6DD88|ATLA3_HUMAN	14	0	7.200189523642267	0	true
sp|Q6DKI1|RL7L_HUMAN	5	0	6.60094726412101	0	true
sp|Q6FI81|CPIN1_HUMAN	10	0	5.604768639311336	0	true
sp|Q6GMV2|SMYD5_HUMAN	2	0	2.431912978070942	0	true
sp|Q6GMV3|PTRD1_HUMAN	3	0	8.324943328815468	0	true
sp|Q6IA86|ELP2_HUMAN	7	0	4.210052488069597	0	true
sp|Q6IAA8|LTOR1_HUMAN	3	0	5.827582389861237	0	true
sp|Q6IBS0|TWF2_HUMAN	8	1	8.34988911410189	0	true
sp|Q6IN85|P4R3A_HUMAN	5	0	2.4545813458294266	0	true
sp|Q6IQ49|SDE2_HUMAN	5	0	3.4929474679669816	0	true
sp|Q6KC79|NIPBL_HUMAN	9	0	4.860637151619294	0	true
sp|Q6L8Q7|PDE12_HUMAN	5	0	4.750463074766071	0	true
sp|Q6N069|NAA16_HUMAN	1	4	4.227102823931038	0	true
sp|Q6NSW5|DE10B_HUMAN;sp|Q8TCE6|DEN10_HUMAN	1	0	3.2746155451448935	0	true
sp|Q6NUK1|SCMC1_HUMAN	14	0	9.206500815151772	0	true
sp|Q6NUQ4|TM214_HUMAN	7	0	6.77723866382409	0	true
sp|Q6NVY1|HIBCH_HUMAN	6	0	4.848758636174842	0	true
sp|Q6NXE6|ARMC6_HUMAN	1	0	2.8081086418180683	0	true
sp|Q6NXR4|TTI2_HUMAN	3	0	4.42870671761254	0	true
sp|Q6NYC1|JMJD6_HUMAN	4	0	5.736931145278172	0	true
sp|Q6NYC8|PPR18_HUMAN	3	0	6.8016797668018425	0	true
sp|Q6P158|DHX57_HUMAN	3	0	3.70264654478085	0	true
sp|Q6P1A2|MBOA5_HUMAN	4	0	3.64087830752676	0	true
sp|Q6P1J9|CDC73_HUMAN	9	0	2.8807214613964716	0	true
sp|Q6P1L8|RM14_HUMAN	4	0	2.7398523626342155	0	true
sp|Q6P1M0|S27A4_HUMAN	9	0	5.480788431149741	0	true
sp|Q6P1N0|C2D1A_HUMAN	4	0	8.563368713154293	0	true
sp|Q6P1N9|TATD1_HUMAN	5	0	4.667107264052411	0	true
sp|Q6P1Q0|LTMD1_HUMAN	1	0	2.7850334337729943	0	true
sp|Q6P2E9|EDC4_HUMAN	14	0	6.284744400142461	0	true
sp|Q6P2Q9|PRP8_HUMAN	50	0	8.426145972681638	0	true
sp|Q6P3W7|SCYL2_HUMAN	5	0	3.9132467451930752	0	true
sp|Q6P3X3|TTC27_HUMAN	5	0	3.8219589034292945	0	true
sp|Q6P587|FAHD1_HUMAN	4	0	8.64262226002514	0	true
sp|Q6P996|PDXD1_HUMAN	2	0	2.5078970630682305	0	true
sp|Q6PD62|CTR9_HUMAN	6	0	3.2604637546076973	0	true
sp|Q6PI48|SYDM_HUMAN	14	0	7.798649268927866	0	true
sp|Q6PIU2|NCEH1_HUMAN	8	0	6.486269281584597	0	true
sp|Q6PJT7|ZC3HE_HUMAN	10	0	6.392492895459109	0	true
sp|Q6PK04|CC137_HUMAN	1	0	6.592836170168061	0	true
sp|Q6PKG0|LARP1_HUMAN	19	0	6.0534866818924735	0	true
sp|Q6PL18|ATAD2_HUMAN	13	0	4.8244708238655845	0	true
sp|Q6R327|RICTR_HUMAN	1	0	2.5819871520924558	0	true
sp|Q6RFH5|WDR74_HUMAN	9	0	7.304044192795572	0	true
sp|Q6RW13|ATRAP_HUMAN	2	0	3.4388595828500312	0	true
sp|Q6SPF0|SAMD1_HUMAN	3	0	2.499048768347982	0	true
sp|Q6UB35|C1TM_HUMAN	11	1	7.038388625857091	0	true
sp|Q6UN15|FIP1_HUMAN	4	0	6.556982674790327	0	true
sp|Q6UVK1|CSPG4_HUMAN	23	0	7.237086553791928	0	true
sp|Q6UW63|PLGT2_HUMAN	3	0	4.635545489885423	0	true
sp|Q6UXN9|WDR82_HUMAN	4	0	6.483559625159375	0	true
sp|Q6VN20|RBP10_HUMAN	3	0	3.1081767821866464	0	true
sp|Q6VY07|PACS1_HUMAN	2	0	4.329087346082817	0	true
sp|Q6XQN6|PNCB_HUMAN	5	0	4.358977463190533	0	true
sp|Q6Y1H2|HACD2_HUMAN	4	0	3.7014605739988204	0	true
sp|Q6Y7W6|GGYF2_HUMAN	7	0	3.7214773194025086	0	true
sp|Q6YHK3|CD109_HUMAN	13	0	6.673866850799916	0	true
sp|Q6YN16|HSDL2_HUMAN	14	0	8.21382713336226	0	true
sp|Q6ZRP7|QSOX2_HUMAN	2	0	3.8933817568969857	0	true
sp|Q6ZRS2|SRCAP_HUMAN	3	0	4.8382264607082135	0	true
sp|Q6ZSJ8|CA122_HUMAN	1	0	3.6528964430785122	0	true
sp|Q6ZVM7|TM1L2_HUMAN	2	0	2.6425698921635097	0	true
sp|Q70J99|UN13D_HUMAN	5	0	3.58281716418267	0	true
sp|Q70UQ0|IKIP_HUMAN	3	0	4.7444195707548875	0	true
sp|Q71RC2|LARP4_HUMAN	5	0	3.3381245046667027	0	true
sp|Q71U36|TBA1A_HUMAN	0	17	11.107852414945881	0	true
sp|Q71UM5|RS27L_HUMAN	1	2	7.744127347218604	0	true
sp|Q7KZ85|SPT6H_HUMAN	10	0	3.2091356722081366	0	true
sp|Q7KZF4|SND1_HUMAN	33	0	8.850407866437337	0	true
sp|Q7KZI7|MARK2_HUMAN	8	1	6.222121347439922	0	true
sp|Q7L014|DDX46_HUMAN	26	0	8.482745256700468	0	true
sp|Q7L0Y3|TM10C_HUMAN	12	0	6.733029106884955	0	true
sp|Q7L1Q6|5MP2_HUMAN	13	1	7.592695918037279	0	true
sp|Q7L2E3_p_target|DHX30_HUMAN_p_target	1	0	2.7754919979990973	0	true
sp|Q7L2E3|DHX30_HUMAN	22	0	6.429073806434049	0	true
sp|Q7L2H7|EIF3M_HUMAN	11	0	8.070424964979805	0	true
sp|Q7L2J0|MEPCE_HUMAN	6	0	5.8120409798329495	0	true
sp|Q7L4I2|RSRC2_HUMAN	4	0	5.746772607903608	0	true
sp|Q7L576|CYFP1_HUMAN	12	0	4.630787463412545	0	true
sp|Q7L592|NDUF7_HUMAN	2	0	3.91144456630432	0	true
sp|Q7L5L3|GDPD3_HUMAN	6	0	6.91573067662018	0	true
sp|Q7L5N1|CSN6_HUMAN	7	0	5.932026954312023	0	true
sp|Q7L5Y1|ENOF1_HUMAN	2	0	2.623897765514624	0	true
sp|Q7L9L4|MOB1B_HUMAN;sp|Q9H8S9|MOB1A_HUMAN	2	0	5.20379329974058	0	true
sp|Q7LBC6|KDM3B_HUMAN	4	0	2.900541410115612	0	true
sp|Q7RTV0|PHF5A_HUMAN	2	0	9.12686360581836	0	true
sp|Q7Z2K6|ERMP1_HUMAN	13	0	6.755631929314001	0	true
sp|Q7Z2T5|TRM1L_HUMAN	4	0	8.81268595422192	0	true
sp|Q7Z2W4|ZCCHV_HUMAN	11	0	8.212017599502353	0	true
sp|Q7Z2W9|RM21_HUMAN	1	0	6.24329395782209	0	true
sp|Q7Z2Z2|EFL1_HUMAN	13	0	6.644084905243563	0	true
sp|Q7Z392|TPC11_HUMAN	1	0	5.0120356491392695	0	true
sp|Q7Z3B4|NUP54_HUMAN	7	0	5.657192959822962	0	true
sp|Q7Z3C6|ATG9A_HUMAN	1	0	6.317968298020281	0	true
sp|Q7Z3K3|POGZ_HUMAN	9	0	8.288259724786856	0	true
sp|Q7Z417|NUFP2_HUMAN	9	0	7.4810911746401	0	true
sp|Q7Z460|CLAP1_HUMAN	4	1	7.171319464372472	0	true
sp|Q7Z478|DHX29_HUMAN	8	0	5.43751593750326	0	true
sp|Q7Z4H8|PLGT3_HUMAN	2	0	3.104335801290451	0	true
sp|Q7Z4Q2|HEAT3_HUMAN	4	0	5.914113216520587	0	true
sp|Q7Z4S6|KI21A_HUMAN	6	0	3.683084945948436	0	true
sp|Q7Z4V5|HDGR2_HUMAN	8	2	6.153792169298489	0	true
sp|Q7Z4W1|DCXR_HUMAN	3	0	2.878716797018281	0	true
sp|Q7Z5G4|GOGA7_HUMAN	1	0	2.8613716535498654	0	true
sp|Q7Z5J4|RAI1_HUMAN	2	0	3.3195355311969297	0	true
sp|Q7Z5K2|WAPL_HUMAN	4	0	4.927265247531488	0	true
sp|Q7Z5L9|I2BP2_HUMAN	5	1	7.7397711940578775	0	true
sp|Q7Z6B7|SRGP1_HUMAN	1	1	3.5231471433240213	0	true
sp|Q7Z6E9|RBBP6_HUMAN	5	0	6.592722314298019	0	true
sp|Q7Z6K5|ARPIN_HUMAN	2	0	3.864276198880231	0	true
sp|Q7Z6M1|RABEK_HUMAN	4	0	4.1850994689147125	0	true
sp|Q7Z6Z7|HUWE1_HUMAN	70	0	9.81905072568277	0	true
sp|Q7Z739|YTHD3_HUMAN	5	5	7.014941134709876	0	true
sp|Q7Z7H5|TMED4_HUMAN	3	1	6.484294874455363	0	true
sp|Q7Z7K6|CENPV_HUMAN	5	0	8.159568583233149	0	true
sp|Q86SX6|GLRX5_HUMAN	3	0	3.3517183116763927	0	true
sp|Q86TB9|PATL1_HUMAN	4	0	2.7979959507555012	0	true
sp|Q86TC9|MYPN_HUMAN	7	0	7.987753032016276	0	true
sp|Q86TI2|DPP9_HUMAN	1	0	2.933511715796483	0	true
sp|Q86TU7|SETD3_HUMAN	6	0	4.159238921801975	0	true
sp|Q86U38|NOP9_HUMAN	7	0	3.303143642215517	0	true
sp|Q86U42|PABP2_HUMAN	2	0	6.851447630158352	0	true
sp|Q86U44|MTA70_HUMAN	6	0	4.8387341918020645	0	true
sp|Q86U86|PB1_HUMAN	9	0	3.1625230097909944	0	true
sp|Q86U90|YRDC_HUMAN	2	0	4.2085067429412675	0	true
sp|Q86UE4|LYRIC_HUMAN	12	0	7.49100688118659	0	true
sp|Q86UK7|ZN598_HUMAN	8	0	7.156110571012044	0	true
sp|Q86UP2|KTN1_HUMAN	40	0	11.074337642951921	0	true
sp|Q86UY6|NAA40_HUMAN	4	0	6.03698069501206	0	true
sp|Q86V21|AACS_HUMAN	3	0	3.263197544148827	0	true
sp|Q86V48|LUZP1_HUMAN	14	0	4.92507327090041	0	true
sp|Q86V81|THOC4_HUMAN	7	0	8.822490705373346	0	true
sp|Q86VI3|IQGA3_HUMAN	1	3	5.614889022794867	0	true
sp|Q86VM9|ZCH18_HUMAN	6	0	4.916557290449509	0	true
sp|Q86VP6|CAND1_HUMAN	27	0	9.379023007837384	0	true
sp|Q86VS8|HOOK3_HUMAN	3	0	6.190350794119455	0	true
sp|Q86W42|THOC6_HUMAN	6	0	3.5638850708636114	0	true
sp|Q86WB0|ZC3C1_HUMAN	4	0	6.433641828311057	0	true
sp|Q86WQ0|NR2CA_HUMAN	2	0	4.232129963222767	0	true
sp|Q86WR0|CCD25_HUMAN	4	0	3.2458539960721944	0	true
sp|Q86WX3|AROS_HUMAN	1	0	2.7273523772120414	0	true
sp|Q86X29|LSR_HUMAN	4	0	3.7203519012859725	0	true
sp|Q86X53|ERIC1_HUMAN	1	0	5.085179519746906	0	true
sp|Q86X55|CARM1_HUMAN	4	0	4.513789948951844	0	true
sp|Q86X76|NIT1_HUMAN	3	0	7.022941210210381	0	true
sp|Q86XP3|DDX42_HUMAN	9	0	7.489542402859649	0	true
sp|Q86XZ4|SPAS2_HUMAN	5	0	5.412498805479539	0	true
sp|Q86Y56|DAAF5_HUMAN	9	0	4.882452680061247	0	true
sp|Q86Y79|PTH_HUMAN	1	0	3.301833080935669	0	true
sp|Q86YP4|P66A_HUMAN	6	1	3.287293797445358	0	true
sp|Q86YQ8|CPNE8_HUMAN	4	1	5.026183418551216	0	true
sp|Q86YV9|HPS6_HUMAN	1	0	2.5551589461983735	0	true
sp|Q8IUD2|RB6I2_HUMAN	5	0	5.462925229098844	0	true
sp|Q8IUE6|H2A2B_HUMAN	1	2	6.617688215135006	0	true
sp|Q8IV08|PLD3_HUMAN	1	0	3.7498405396795764	0	true
sp|Q8IVF2|AHNK2_HUMAN	7	0	4.573536111951378	0	true
sp|Q8IVM0|CCD50_HUMAN	2	0	4.435819732858716	0	true
sp|Q8IVT2|MISP_HUMAN	18	0	8.01573442378033	0	true
sp|Q8IWA0|WDR75_HUMAN	5	0	4.8025678452073075	0	true
sp|Q8IWC1|MA7D3_HUMAN	1	0	2.5425737869459493	0	true
sp|Q8IWE2|NXP20_HUMAN	2	0	2.499385314505336	0	true
sp|Q8IWR0|Z3H7A_HUMAN	5	0	3.021621302234107	0	true
sp|Q8IWS0|PHF6_HUMAN	9	0	8.102023845398312	0	true
sp|Q8IWT6|LRC8A_HUMAN	5	0	5.11083869798401	0	true
sp|Q8IWX8|CHERP_HUMAN	5	0	4.0139191155889264	0	true
sp|Q8IWZ3|ANKH1_HUMAN	5	2	3.797731080287373	0	true
sp|Q8IX01|SUGP2_HUMAN	3	0	5.375657522732499	0	true
sp|Q8IX12|CCAR1_HUMAN	13	0	7.118869192389785	0	true
sp|Q8IXH7|NELFD_HUMAN	7	0	2.7358538393912455	0	true
sp|Q8IXK0|PHC2_HUMAN	1	1	2.4912036499263013	0	true
sp|Q8IXM2|BAP18_HUMAN	3	0	3.9002270158556764	0	true
sp|Q8IY37|DHX37_HUMAN	7	0	3.3085958855724718	0	true
sp|Q8IY57|YAF2_HUMAN	1	0	3.704765045817269	0	true
sp|Q8IY67|RAVR1_HUMAN	7	0	6.468120675035	0	true
sp|Q8IY81|SPB1_HUMAN	9	0	8.09014143362247	0	true
sp|Q8IYB3|SRRM1_HUMAN	9	0	6.617730498740453	0	true
sp|Q8IYB5|SMAP1_HUMAN	1	0	2.476696561194668	0	true
sp|Q8IYB8|SUV3_HUMAN	6	0	6.100956755238829	0	true
sp|Q8IYD1|ERF3B_HUMAN	2	9	8.462914370195174	0	true
sp|Q8IYI6|EXOC8_HUMAN	4	0	3.2380801833842607	0	true
sp|Q8IYL3|CA174_HUMAN	1	0	3.107598442278271	0	true
sp|Q8IYS1|P20D2_HUMAN	3	0	5.799369788323348	0	true
sp|Q8IZ21|PHAR4_HUMAN	1	0	2.532379347500289	0	true
sp|Q8IZ69|TRM2A_HUMAN	1	0	2.63621503525575	0	true
sp|Q8IZ73|RUSD2_HUMAN	5	0	3.914492172553251	0	true
sp|Q8IZ81|ELMD2_HUMAN	2	0	3.495141179372451	0	true
sp|Q8IZ83|A16A1_HUMAN	7	0	5.832653389059786	0	true
sp|Q8IZH2|XRN1_HUMAN	3	0	2.4209061601558415	0	true
sp|Q8IZL8|PELP1_HUMAN	12	0	6.191778798405214	0	true
sp|Q8IZQ5|SELH_HUMAN	4	0	2.7934798184096703	0	true
sp|Q8N122|RPTOR_HUMAN	6	0	4.673539073710775	0	true
sp|Q8N163|CCAR2_HUMAN	20	0	9.638346231796989	0	true
sp|Q8N183|NDUF2_HUMAN	3	0	2.8923114942957504	0	true
sp|Q8N196|SIX5_HUMAN	1	1	4.512560369902308	0	true
sp|Q8N1F7|NUP93_HUMAN	21	0	7.57256513201432	0	true
sp|Q8N1G2|CMTR1_HUMAN	6	0	3.2514546932200914	0	true
sp|Q8N1G4|LRC47_HUMAN	14	0	9.152161012509485	0	true
sp|Q8N2K0|ABD12_HUMAN	1	0	2.992165063350256	0	true
sp|Q8N2U0|TM256_HUMAN	1	0	2.5507576817877196	0	true
sp|Q8N335|GPD1L_HUMAN	4	0	4.655080447956257	0	true
sp|Q8N357|S35F6_HUMAN	1	0	7.856861408997364	0	true
sp|Q8N392|RHG18_HUMAN	2	0	3.2072169099110743	0	true
sp|Q8N3D4|EH1L1_HUMAN	7	0	3.6097297827514336	0	true
sp|Q8N3E9|PLCD3_HUMAN	4	0	2.619686636866684	0	true
sp|Q8N3U4|STAG2_HUMAN	12	0	4.858105102985779	0	true
sp|Q8N3X1|FNBP4_HUMAN	6	0	3.1973425140838745	0	true
sp|Q8N490|PNKD_HUMAN	2	0	5.502116116129618	0	true
sp|Q8N4P3|MESH1_HUMAN	2	0	3.212077515621469	0	true
sp|Q8N4Q0|PTGR3_HUMAN	3	0	4.638183264084032	0	true
sp|Q8N4T8|CBR4_HUMAN	1	0	2.437156208794063	0	true
sp|Q8N543|OGFD1_HUMAN	3	0	3.7661394417341567	0	true
sp|Q8N5A5|ZGPAT_HUMAN	4	0	4.356558264171874	0	true
sp|Q8N5B7|CERS5_HUMAN	1	0	2.9905990130283198	0	true
sp|Q8N5K1|CISD2_HUMAN	5	0	7.380994069845918	0	true
sp|Q8N5M9|JAGN1_HUMAN	2	0	7.553785881594973	0	true
sp|Q8N5N7|RM50_HUMAN	4	0	5.793159266094639	0	true
sp|Q8N684|CPSF7_HUMAN	9	0	6.160081180317555	0	true
sp|Q8N6H7|ARFG2_HUMAN	5	0	4.417609720188132	0	true
sp|Q8N6L1|KTAP2_HUMAN	1	0	2.883460209940201	0	true
sp|Q8N6M0|OTU6B_HUMAN	3	0	7.810838898581289	0	true
sp|Q8N6N3|CA052_HUMAN	2	0	3.138849711580393	0	true
sp|Q8N6R0|EFNMT_HUMAN	3	0	4.93753760994987	0	true
sp|Q8N6T3|ARFG1_HUMAN	2	0	8.128605831854967	0	true
sp|Q8N766|EMC1_HUMAN	6	0	5.2740813919881075	0	true
sp|Q8N7H5|PAF1_HUMAN	6	0	6.6959234431112655	0	true
sp|Q8N806|UBR7_HUMAN	5	0	2.5790139183989225	0	true
sp|Q8N884|CGAS_HUMAN	4	0	3.9643975223111965	0	true
sp|Q8N8A6|DDX51_HUMAN	7	0	8.07671011136526	0	true
sp|Q8N8S7|ENAH_HUMAN	6	0	4.347479912728005	0	true
sp|Q8N954|GPT11_HUMAN	2	0	4.103455056706589	0	true
sp|Q8N9B5|JMY_HUMAN	1	0	4.122159850378837	0	true
sp|Q8N9N7|LRC57_HUMAN	2	0	3.1661633852761746	0	true
sp|Q8N9N8|EIF1A_HUMAN	1	0	4.5594362500035714	0	true
sp|Q8N9T8|KRI1_HUMAN	9	0	6.780917844320155	0	true
sp|Q8NAF0|ZN579_HUMAN	2	0	3.168980150783449	0	true
sp|Q8NAV1|PR38A_HUMAN	4	0	2.5805478007135	0	true
sp|Q8NB16|MLKL_HUMAN	6	0	4.191660904733248	0	true
sp|Q8NB90|AFG2A_HUMAN	5	1	4.515240252176131	0	true
sp|Q8NBF2|NHLC2_HUMAN	5	0	3.8719163624525668	0	true
sp|Q8NBJ4|GOLM1_HUMAN	2	0	3.528701855102059	0	true
sp|Q8NBJ5|GT251_HUMAN	18	0	7.40081988148826	0	true
sp|Q8NBJ7|SUMF2_HUMAN	9	0	6.527192629409546	0	true
sp|Q8NBK3|SUMF1_HUMAN	2	0	6.06753629142556	0	true
sp|Q8NBL1|PGLT1_HUMAN	4	0	3.1707631949453394	0	true
sp|Q8NBN3|TM87A_HUMAN	3	0	5.87777188664789	0	true
sp|Q8NBN7|RDH13_HUMAN	7	0	5.189377870507107	0	true
sp|Q8NBQ5|DHB11_HUMAN	6	0	6.627356425242319	0	true
sp|Q8NBS9|TXND5_HUMAN	12	0	10.159864219746131	0	true
sp|Q8NBU5|ATAD1_HUMAN	7	0	4.493264551522373	0	true
sp|Q8NC51|SERB1_HUMAN	16	0	11.468021646228074	0	true
sp|Q8NC56|LEMD2_HUMAN	5	0	2.7709859378181148	0	true
sp|Q8NCA5|FA98A_HUMAN	5	1	7.255059948857879	0	true
sp|Q8NCF5_p_target|NF2IP_HUMAN_p_target	1	0	3.9517830122039954	0	true
sp|Q8NCF5|NF2IP_HUMAN	1	0	5.544006562683007	0	true
sp|Q8NCG7|DGLB_HUMAN	1	0	2.6617617429178826	0	true
sp|Q8NCN5|PDPR_HUMAN	3	0	5.008039501411927	0	true
sp|Q8NCW5|NNRE_HUMAN	6	0	7.2496007959774875	0	true
sp|Q8ND56|LS14A_HUMAN	4	0	2.7207387718919502	0	true
sp|Q8NDF8|PAPD5_HUMAN	1	0	5.420159459058252	0	true
sp|Q8NDH3|PEPL1_HUMAN	3	0	5.212548434646701	0	true
sp|Q8NDX5|PHC3_HUMAN	1	1	2.4912036499263013	0	true
sp|Q8NE71|ABCF1_HUMAN	20	1	9.104690505846534	0	true
sp|Q8NEB9|PK3C3_HUMAN	2	0	2.463003593497318	0	true
sp|Q8NEJ9|NGDN_HUMAN	5	0	6.244754397933644	0	true
sp|Q8NEW0|ZNT7_HUMAN	1	0	2.7706393189362464	0	true
sp|Q8NEZ5|FBX22_HUMAN	5	0	6.788979446342486	0	true
sp|Q8NF37|PCAT1_HUMAN	6	0	9.13682113355456	0	true
sp|Q8NFC6|BD1L1_HUMAN	6	0	6.086156034335364	0	true
sp|Q8NFD5|ARI1B_HUMAN	2	0	3.762602542265869	0	true
sp|Q8NFF5|FAD1_HUMAN	3	0	2.7842576635720264	0	true
sp|Q8NFH3|NUP43_HUMAN	5	0	5.766340565945349	0	true
sp|Q8NFH4|NUP37_HUMAN	5	0	5.424828129997538	0	true
sp|Q8NFH5|NUP35_HUMAN	6	0	6.885376168016687	0	true
sp|Q8NFJ5|RAI3_HUMAN	3	0	9.356402040516517	0	true
sp|Q8NFQ8|TOIP2_HUMAN	4	1	7.501831812130871	0	true
sp|Q8NFV4|ABHDB_HUMAN	1	0	5.7268967336116114	0	true
sp|Q8NFW8|NEUA_HUMAN	6	0	4.074110067389581	0	true
sp|Q8NHP8|PLBL2_HUMAN	4	0	5.196898879734561	0	true
sp|Q8NHV4|NEDD1_HUMAN	1	0	5.223821601142406	0	true
sp|Q8NI08|NCOA7_HUMAN	1	0	2.7962770723205677	0	true
sp|Q8NI27|THOC2_HUMAN	13	0	6.695720194463584	0	true
sp|Q8NI36|WDR36_HUMAN	8	0	6.040647548578091	0	true
sp|Q8TAA9|VANG1_HUMAN	1	0	2.6813205619843608	0	true
sp|Q8TAD8|SNIP1_HUMAN	2	0	4.181700986072267	0	true
sp|Q8TAE8|G45IP_HUMAN	5	0	5.842828297034621	0	true
sp|Q8TAF3|WDR48_HUMAN	2	0	5.188303296085228	0	true
sp|Q8TAQ2|SMRC2_HUMAN	7	8	5.931751627095246	0	true
sp|Q8TAT6|NPL4_HUMAN	8	0	5.094320523023813	0	true
sp|Q8TB61|S35B2_HUMAN	2	0	4.082286679709811	0	true
sp|Q8TB72|PUM2_HUMAN	1	2	3.847761106235979	0	true
sp|Q8TBB5|KLDC4_HUMAN	5	0	4.127935058655164	0	true
sp|Q8TBC4|UBA3_HUMAN	6	0	8.438704930280583	0	true
sp|Q8TBX8|PI42C_HUMAN	3	0	4.219883803781208	0	true
sp|Q8TC07|TBC15_HUMAN	11	0	6.994132266688423	0	true
sp|Q8TC12|RDH11_HUMAN	6	0	8.282193560166737	0	true
sp|Q8TCC3|RM30_HUMAN	2	0	3.4365683958788025	0	true
sp|Q8TCD5|NT5C_HUMAN	2	0	4.2774725881940245	0	true
sp|Q8TCJ2|STT3B_HUMAN	5	0	4.0914332131853595	0	true
sp|Q8TCS8|PNPT1_HUMAN	18	0	8.607647447925487	0	true
sp|Q8TCT9|HM13_HUMAN	6	0	8.540382460598057	0	true
sp|Q8TD19|NEK9_HUMAN	7	0	5.517902632470991	0	true
sp|Q8TDD1|DDX54_HUMAN	10	0	7.546026012792935	0	true
sp|Q8TDN6|BRX1_HUMAN	13	0	7.758067013252172	0	true
sp|Q8TDQ7|GNPI2_HUMAN	2	2	5.029340076497258	0	true
sp|Q8TDX7|NEK7_HUMAN	5	0	3.44425126669508	0	true
sp|Q8TEA8|DTD1_HUMAN	2	0	7.572630786556525	0	true
sp|Q8TED0|UTP15_HUMAN	9	0	3.841074557067276	0	true
sp|Q8TEM1|PO210_HUMAN	23	0	7.016619886608653	0	true
sp|Q8TEQ6|GEMI5_HUMAN	14	0	7.591412469639588	0	true
sp|Q8TEX9|IPO4_HUMAN	12	0	5.025563327006246	0	true
sp|Q8TF05|PP4R1_HUMAN	3	0	3.280489652433461	0	true
sp|Q8WTS6|SETD7_HUMAN	3	0	2.639989722502184	0	true
sp|Q8WTT2|NOC3L_HUMAN	4	0	4.487390907539371	0	true
sp|Q8WTV0|SCRB1_HUMAN	3	0	4.456948515669836	0	true
sp|Q8WU90|ZC3HF_HUMAN	4	0	4.863648338549942	0	true
sp|Q8WUA4|TF3C2_HUMAN	4	0	5.198332172522955	0	true
sp|Q8WUH6|TM263_HUMAN	2	0	3.986048983800724	0	true
sp|Q8WUM0|NU133_HUMAN	17	0	7.9365159434432835	0	true
sp|Q8WUM4|PDC6I_HUMAN	24	0	9.581772338698345	0	true
sp|Q8WUQ7|CATIN_HUMAN	1	0	3.5743549839364372	0	true
sp|Q8WUR7|CO040_HUMAN	1	0	4.399669904506835	0	true
sp|Q8WUX1|S38A5_HUMAN	4	0	3.9583507743816986	0	true
sp|Q8WUY1|THEM6_HUMAN	4	0	3.7632898893103235	0	true
sp|Q8WVB6|CTF18_HUMAN	3	0	3.9953234901834023	0	true
sp|Q8WVC0|LEO1_HUMAN	4	0	6.901320340235013	0	true
sp|Q8WVM8|SCFD1_HUMAN	10	0	7.605292461649538	0	true
sp|Q8WVV9|HNRLL_HUMAN	5	1	6.393931543106787	0	true
sp|Q8WVX9|FACR1_HUMAN	3	0	4.425272817210491	0	true
sp|Q8WVY7|UBCP1_HUMAN	4	0	2.3938385910337	0	true
sp|Q8WW01|SEN15_HUMAN	2	0	4.766029307253155	0	true
sp|Q8WW12|PCNP_HUMAN	8	0	7.982261380768518	0	true
sp|Q8WW59|SPRY4_HUMAN	4	0	3.518099730335289	0	true
sp|Q8WWC4|MAIP1_HUMAN	4	0	3.5938615580317537	0	true
sp|Q8WWI1|LMO7_HUMAN	30	0	8.123827752236155	0	true
sp|Q8WWI5|CTL1_HUMAN	1	0	7.692620033093276	0	true
sp|Q8WWK9|CKAP2_HUMAN	1	0	4.717736643311235	0	true
sp|Q8WWM7|ATX2L_HUMAN	10	0	8.511565246291658	0	true
sp|Q8WWQ0|PHIP_HUMAN	8	0	4.097828481813337	0	true
sp|Q8WWY3|PRP31_HUMAN	8	0	5.983244041572456	0	true
sp|Q8WX92|NELFB_HUMAN	8	0	5.77445608012372	0	true
sp|Q8WX93|PALLD_HUMAN	11	0	4.35452268160043	0	true
sp|Q8WXA9|SREK1_HUMAN	2	0	5.63477788404717	0	true
sp|Q8WXF1|PSPC1_HUMAN	3	1	5.3846414145880335	0	true
sp|Q8WXG6|MADD_HUMAN	6	0	3.465714410163327	0	true
sp|Q8WXH0|SYNE2_HUMAN	11	0	4.571793453167734	0	true
sp|Q8WXI9|P66B_HUMAN	2	1	3.4609165459140154	0	true
sp|Q8WXX5|DNJC9_HUMAN	6	0	5.899685437010626	0	true
sp|Q8WY22|BRI3B_HUMAN	3	0	8.037694399797294	0	true
sp|Q8WYA6|CTBL1_HUMAN	7	0	4.050358664227589	0	true
sp|Q8WYP5|ELYS_HUMAN	20	0	5.966627152288054	0	true
sp|Q8WZA0|LZIC_HUMAN	2	0	5.614672548254731	0	true
sp|Q92466|DDB2_HUMAN	5	0	5.394208941166065	0	true
sp|Q92499|DDX1_HUMAN	25	0	8.968359346657019	0	true
sp|Q92504|S39A7_HUMAN	1	0	5.701760986728648	0	true
sp|Q92506|DHB8_HUMAN	3	0	3.95284006884472	0	true
sp|Q92520|FAM3C_HUMAN	3	0	3.906974704407808	0	true
sp|Q92522|H1X_HUMAN	8	0	8.999991294725254	0	true
sp|Q92538|GBF1_HUMAN	7	0	5.006716575908598	0	true
sp|Q92541|RTF1_HUMAN	7	0	4.016214740730592	0	true
sp|Q92542|NICA_HUMAN	3	0	5.807987533844987	0	true
sp|Q92544|TM9S4_HUMAN	6	0	7.040071915069867	0	true
sp|Q92552|RT27_HUMAN	10	0	5.113532741874819	0	true
sp|Q92597|NDRG1_HUMAN	6	0	7.372894524126692	0	true
sp|Q92598|HS105_HUMAN	21	3	8.91788531753325	0	true
sp|Q92599|SEPT8_HUMAN	5	3	3.544419808949369	0	true
sp|Q92600|CNOT9_HUMAN	4	0	2.4771537875279397	0	true
sp|Q92613|JADE3_HUMAN	2	0	3.1976733846558223	0	true
sp|Q92614|MY18A_HUMAN	7	0	3.928384670494772	0	true
sp|Q92615|LAR4B_HUMAN	3	0	5.2645376292357176	0	true
sp|Q92616|GCN1_HUMAN	65	0	7.586386583469622	0	true
sp|Q92620|PRP16_HUMAN	8	0	5.6405344542009175	0	true
sp|Q92621|NU205_HUMAN	30	0	5.062741945408176	0	true
sp|Q92643|GPI8_HUMAN	2	0	3.412118350819471	0	true
sp|Q92665|RT31_HUMAN	4	0	3.329889408855904	0	true
sp|Q92685|ALG3_HUMAN	2	0	2.463038404087776	0	true
sp|Q92688|AN32B_HUMAN	6	2	8.990702608808272	0	true
sp|Q92696|PGTA_HUMAN	4	0	4.137479919651132	0	true
sp|Q92733|PRCC_HUMAN	3	0	4.267947278184264	0	true
sp|Q92734|TFG_HUMAN	6	0	7.54074884586053	0	true
sp|Q92743|HTRA1_HUMAN	3	0	5.134413524338014	0	true
sp|Q92747|ARC1A_HUMAN	5	1	4.443873325305874	0	true
sp|Q92769|HDAC2_HUMAN	7	1	7.759878524034302	0	true
sp|Q92783|STAM1_HUMAN	1	0	3.152818089962502	0	true
sp|Q92785|REQU_HUMAN	2	0	3.6715598448534332	0	true
sp|Q92793|CBP_HUMAN	1	3	4.845441347935912	0	true
sp|Q92796|DLG3_HUMAN	1	2	3.141545133504646	0	true
sp|Q92797|SYMPK_HUMAN	5	0	2.409482860617807	0	true
sp|Q92804|RBP56_HUMAN	9	2	8.206407898637181	0	true
sp|Q92817|EVPL_HUMAN	3	0	2.779569829636076	0	true
sp|Q92820|GGH_HUMAN	4	0	5.713672326855866	0	true
sp|Q92841|DDX17_HUMAN	19	8	10.529853329896795	0	true
sp|Q92878|RAD50_HUMAN	29	0	7.143505856405751	0	true
sp|Q92879|CELF1_HUMAN	8	0	6.30692665097845	0	true
sp|Q92882|OSTF1_HUMAN	2	0	5.819789607098606	0	true
sp|Q92887|MRP2_HUMAN	1	0	3.351655210156551	0	true
sp|Q92888|ARHG1_HUMAN	9	0	3.5910038518557648	0	true
sp|Q92890|UFD1_HUMAN	8	0	5.382150965529231	0	true
sp|Q92900|RENT1_HUMAN	26	0	5.869288447722882	0	true
sp|Q92905|CSN5_HUMAN	6	0	5.956581313770247	0	true
sp|Q92917|GPKOW_HUMAN	8	0	8.548235873529475	0	true
sp|Q92922|SMRC1_HUMAN	7	8	5.931751627095246	0	true
sp|Q92925_p_target|SMRD2_HUMAN_p_target	1	0	2.363612227053199	0	true
sp|Q92925|SMRD2_HUMAN	4	0	7.957612974415769	0	true
sp|Q92945|FUBP2_HUMAN	18	1	9.069532404839494	0	true
sp|Q92947|GCDH_HUMAN	5	0	3.8030405665543245	0	true
sp|Q92973|TNPO1_HUMAN	14	5	8.276454891151582	0	true
sp|Q92974|ARHG2_HUMAN	12	0	5.788917935325396	0	true
sp|Q92979|NEP1_HUMAN	6	0	4.447165296550428	0	true
sp|Q92990|GLMN_HUMAN	4	0	3.371755556466836	0	true
sp|Q92995|UBP13_HUMAN	3	0	3.035635464304633	0	true
sp|Q93008|USP9X_HUMAN	17	0	5.353126826296996	0	true
sp|Q93009|UBP7_HUMAN	24	0	7.209597662266433	0	true
sp|Q93045|STMN2_HUMAN	1	2	7.36348579174127	0	true
sp|Q93052|LPP_HUMAN	7	0	6.49240954821154	0	true
sp|Q93096|TP4A1_HUMAN	7	0	7.276894742201561	0	true
sp|Q969G3|SMCE1_HUMAN	4	1	4.083120328899993	0	true
sp|Q969H8|MYDGF_HUMAN	3	0	3.8008124418961184	0	true
sp|Q969M3|YIPF5_HUMAN	1	0	7.278702956333856	0	true
sp|Q969N2|PIGT_HUMAN	1	0	4.704549772909514	0	true
sp|Q969S3|ZN622_HUMAN	4	0	5.713239309676828	0	true
sp|Q969S9|RRF2M_HUMAN	3	0	3.597359222163882	0	true
sp|Q969U7|PSMG2_HUMAN	6	0	4.111701698850387	0	true
sp|Q969V3|NCLN_HUMAN	11	0	8.92770910878885	0	true
sp|Q969X5|ERGI1_HUMAN	4	0	2.3671055848934595	0	true
sp|Q969X6|UTP4_HUMAN	6	0	5.091775060640954	0	true
sp|Q969Z0|FAKD4_HUMAN	5	0	5.240760574254641	0	true
sp|Q96A26|F162A_HUMAN	6	0	7.835267216532255	0	true
sp|Q96A33|CCD47_HUMAN	10	0	8.260027569593271	0	true
sp|Q96A49|SYAP1_HUMAN	4	0	5.236363415986104	0	true
sp|Q96A65|EXOC4_HUMAN	7	0	5.526857964961326	0	true
sp|Q96AA3|RFT1_HUMAN	1	0	3.142604486925196	0	true
sp|Q96AB3|ISOC2_HUMAN	2	0	3.5463556794607958	0	true
sp|Q96AC1|FERM2_HUMAN	9	1	6.177691895389106	0	true
sp|Q96AE4|FUBP1_HUMAN	20	1	9.504727950761099	0	true
sp|Q96AG4|LRC59_HUMAN	7	0	8.100390749103045	0	true
sp|Q96AJ9|VTI1A_HUMAN	1	0	3.3029391372649557	0	true
sp|Q96AQ6|PBIP1_HUMAN	6	0	5.422989732187915	0	true
sp|Q96AY3|FKB10_HUMAN	9	1	5.899377361118192	0	true
sp|Q96B01|R51A1_HUMAN	1	0	3.2342676564328054	0	true
sp|Q96B23|ARK2N_HUMAN	3	0	3.8313806167337088	0	true
sp|Q96B26|EXOS8_HUMAN	6	0	5.410259058887039	0	true
sp|Q96B36|AKTS1_HUMAN	1	0	3.4321908653973834	0	true
sp|Q96B49|TOM6_HUMAN	1	0	2.5758863856352243	0	true
sp|Q96B97|SH3K1_HUMAN	8	0	6.762071153845526	0	true
sp|Q96BJ3|AIDA_HUMAN	1	0	3.7042110228788374	0	true
sp|Q96BN8|OTUL_HUMAN	6	0	4.492608472958673	0	true
sp|Q96BP3|PPWD1_HUMAN	6	0	3.86520442040444	0	true
sp|Q96BW9|TAM41_HUMAN	2	0	3.9873239359750796	0	true
sp|Q96C01|F136A_HUMAN	6	0	8.924456481516145	0	true
sp|Q96C19|EFHD2_HUMAN	6	0	5.746001743930139	0	true
sp|Q96C23|GALM_HUMAN	2	0	6.308600232278689	0	true
sp|Q96C36|P5CR2_HUMAN	4	1	5.469249095316074	0	true
sp|Q96C57|CSTOS_HUMAN	5	0	2.596254136460037	0	true
sp|Q96C86|DCPS_HUMAN	5	0	7.490924672257586	0	true
sp|Q96CM8|ACSF2_HUMAN	3	0	5.4862148530935935	0	true
sp|Q96CN7|ISOC1_HUMAN	3	0	4.5787306856376135	0	true
sp|Q96CP2|FWCH2_HUMAN	7	0	6.441515112813526	0	true
sp|Q96CS3|FAF2_HUMAN	8	0	5.9866543645239565	0	true
sp|Q96CT7|CC124_HUMAN	5	0	4.4364473119398875	0	true
sp|Q96CV9|OPTN_HUMAN	2	0	2.497724543347012	0	true
sp|Q96CW1|AP2M1_HUMAN	10	0	9.188035130318433	0	true
sp|Q96CW5|GCP3_HUMAN	3	0	2.4457842108524965	0	true
sp|Q96D46|NMD3_HUMAN	7	0	5.2601014372914765	0	true
sp|Q96D53|COQ8B_HUMAN	2	0	4.359496242647985	0	true
sp|Q96DG6|CMBL_HUMAN	6	0	8.67823840134626	0	true
sp|Q96DH6|MSI2H_HUMAN	5	0	5.087111932748754	0	true
sp|Q96DI7|SNR40_HUMAN	8	0	5.984531782684668	0	true
sp|Q96E11|RRFM_HUMAN	6	0	7.900743604165408	0	true
sp|Q96E39|RMXL1_HUMAN	3	10	9.233837093440446	0	true
sp|Q96EE3|SEH1_HUMAN	7	0	5.9080491302584885	0	true
sp|Q96EI5|TCAL4_HUMAN	2	0	3.1300732249296512	0	true
sp|Q96EK6|GNA1_HUMAN	4	0	9.136887928954087	0	true
sp|Q96EL3|RM53_HUMAN	4	0	7.117368462032217	0	true
sp|Q96EN8|MOCOS_HUMAN	11	0	6.360832781760742	0	true
sp|Q96EP5|DAZP1_HUMAN	3	0	8.227385169843568	0	true
sp|Q96ER3|SAAL1_HUMAN	2	0	6.497671547458915	0	true
sp|Q96ER9|MITOK_HUMAN	4	0	2.907134732159481	0	true
sp|Q96EV2|RBM33_HUMAN	1	0	3.3175803707233777	0	true
sp|Q96EY1|DNJA3_HUMAN	5	0	8.410240012855674	0	true
sp|Q96EY4|TMA16_HUMAN	1	0	3.209632687911703	0	true
sp|Q96EY5|MB12A_HUMAN	2	0	2.480733534317592	0	true
sp|Q96EY7|PTCD3_HUMAN	10	0	5.565547994390657	0	true
sp|Q96EY8|MMAB_HUMAN	3	0	3.7150333206843262	0	true
sp|Q96F86|EDC3_HUMAN	6	0	6.9092096418041224	0	true
sp|Q96FF9|CDCA5_HUMAN	3	0	4.141799955022859	0	true
sp|Q96FJ2|DYL2_HUMAN	1	2	5.510248901023014	0	true
sp|Q96FQ6|S10AG_HUMAN	5	0	8.061874770152931	0	true
sp|Q96FV2|SCRN2_HUMAN	1	0	4.785419361144444	0	true
sp|Q96FV9|THOC1_HUMAN	10	0	7.54569579790888	0	true
sp|Q96FW1|OTUB1_HUMAN	8	0	10.850003943336018	0	true
sp|Q96FX7|TRM61_HUMAN	1	0	3.2111479560161875	0	true
sp|Q96G03|PGM2_HUMAN	9	0	6.803338291217942	0	true
sp|Q96G21|IMP4_HUMAN	2	0	3.4078412617308222	0	true
sp|Q96G23|CERS2_HUMAN	3	0	9.423184609337877	0	true
sp|Q96GA7|SDSL_HUMAN	3	0	2.558948870458076	0	true
sp|Q96GC5|RM48_HUMAN	4	0	3.5793081111802354	0	true
sp|Q96GD0|PLPP_HUMAN	1	0	4.966953149708776	0	true
sp|Q96GG9|DCNL1_HUMAN	4	0	6.002980383907	0	true
sp|Q96GK7|FAH2A_HUMAN	3	0	5.423277175113327	0	true
sp|Q96GM8|TOE1_HUMAN	5	0	7.037795721603904	0	true
sp|Q96GQ7|DDX27_HUMAN	15	0	6.530293218788938	0	true
sp|Q96GX9|MTNB_HUMAN	5	0	5.7403595997073005	0	true
sp|Q96H20|SNF8_HUMAN	1	0	3.8130885770950744	0	true
sp|Q96H79|ZCCHL_HUMAN	2	0	2.667023900933098	0	true
sp|Q96HC4|PDLI5_HUMAN	9	0	4.834964808642183	0	true
sp|Q96HE7|ERO1A_HUMAN	13	0	8.181166024228341	0	true
sp|Q96HS1|PGAM5_HUMAN	9	0	6.820243546482692	0	true
sp|Q96HW7|INT4_HUMAN	2	0	4.206817260977148	0	true
sp|Q96HY6|DDRGK_HUMAN	2	0	6.615689963889517	0	true
sp|Q96HY7|DHTK1_HUMAN	1	0	3.2935480173185367	0	true
sp|Q96I24|FUBP3_HUMAN	13	1	7.872974963077529	0	true
sp|Q96I25|SPF45_HUMAN	2	0	4.943348207610656	0	true
sp|Q96I51|RCC1L_HUMAN	1	0	3.0084919332980107	0	true
sp|Q96I59|SYNM_HUMAN	3	0	3.0381319109674445	0	true
sp|Q96I99|SUCB2_HUMAN	16	0	8.202897995581113	0	true
sp|Q96IJ6|GMPPA_HUMAN	2	0	2.7960667669562396	0	true
sp|Q96IR7|HPDL_HUMAN	9	0	8.778975101005921	0	true
sp|Q96IU2|ZBED3_HUMAN	1	0	2.7482841178585726	0	true
sp|Q96IU4|ABHEB_HUMAN	4	0	5.7938809764995725	0	true
sp|Q96IX5|ATPMK_HUMAN	1	0	4.63066855519435	0	true
sp|Q96IY1|NSL1_HUMAN	2	0	2.866862596467263	0	true
sp|Q96J01|THOC3_HUMAN	4	0	2.6479353894571456	0	true
sp|Q96JB5|CK5P3_HUMAN	7	0	8.123244400527637	0	true
sp|Q96JC1|VPS39_HUMAN	1	0	5.206111189489138	0	true
sp|Q96JH7|VCIP1_HUMAN	5	0	5.706034037725772	0	true
sp|Q96JJ3|ELMO2_HUMAN	2	0	5.012988980495113	0	true
sp|Q96JJ7|TMX3_HUMAN	7	0	9.083651979256368	0	true
sp|Q96JM3|CHAP1_HUMAN	7	0	4.520744496460738	0	true
sp|Q96JP5|ZFP91_HUMAN	4	0	5.775724640435215	0	true
sp|Q96K17|BT3L4_HUMAN	4	0	7.461641172488966	0	true
sp|Q96K76|UBP47_HUMAN	10	0	4.843743413505496	0	true
sp|Q96KA5|CLP1L_HUMAN	3	0	3.6336959342059374	0	true
sp|Q96KB5|TOPK_HUMAN	4	0	8.263966646154701	0	true
sp|Q96KG9|SCYL1_HUMAN	6	0	3.128924407803686	0	true
sp|Q96KP1|EXOC2_HUMAN	3	0	5.783164384850399	0	true
sp|Q96KP4|CNDP2_HUMAN	13	0	5.838187828042949	0	true
sp|Q96KQ7|EHMT2_HUMAN	1	1	2.682368591755167	0	true
sp|Q96KR1|ZFR_HUMAN	12	0	8.176214168876315	0	true
sp|Q96L92|SNX27_HUMAN	4	0	7.201517819588472	0	true
sp|Q96LD4|TRI47_HUMAN	2	0	4.858687248169273	0	true
sp|Q96LJ7|DHRS1_HUMAN	2	0	2.635892521904081	0	true
sp|Q96M27|PRRC1_HUMAN	2	0	3.570069947138035	0	true
sp|Q96MG7|NSE3_HUMAN	1	0	6.627769171566902	0	true
sp|Q96MH2|HEXI2_HUMAN	1	0	3.8284114361087336	0	true
sp|Q96MU7|YTDC1_HUMAN	3	0	3.3634609567278178	0	true
sp|Q96MW1|CCD43_HUMAN	4	0	5.892899278132553	0	true
sp|Q96N66|MBOA7_HUMAN	4	0	4.891008735861401	0	true
sp|Q96P16|RPR1A_HUMAN	5	0	6.097984130417708	0	true
sp|Q96P47|AGAP3_HUMAN;sp|Q9UPQ3|AGAP1_HUMAN	1	0	5.1646224685495845	0	true
sp|Q96P48|ARAP1_HUMAN	2	0	5.0826120636875425	0	true
sp|Q96P70|IPO9_HUMAN	11	0	8.804608740988566	0	true
sp|Q96PC5|MIA2_HUMAN	4	3	3.2241803564132296	0	true
sp|Q96PK6|RBM14_HUMAN	21	0	7.36181606015584	0	true
sp|Q96PU8|QKI_HUMAN	1	0	4.378688982022486	0	true
sp|Q96PZ0|PUS7_HUMAN	8	0	6.421658841668179	0	true
sp|Q96Q11|TRNT1_HUMAN	5	0	8.777338863194135	0	true
sp|Q96QC0|PP1RA_HUMAN	2	0	7.072969497463673	0	true
sp|Q96QD8|S38A2_HUMAN	3	0	10.36065420229514	0	true
sp|Q96QD9|UIF_HUMAN	3	0	4.5348284526382905	0	true
sp|Q96QK1|VPS35_HUMAN	18	0	9.290991770215163	0	true
sp|Q96QR8|PURB_HUMAN	3	0	6.5186590711580426	0	true
sp|Q96RP9|EFGM_HUMAN	11	0	5.376693871926012	0	true
sp|Q96RQ1|ERGI2_HUMAN	2	0	2.5018804772373744	0	true
sp|Q96RS6|NUDC1_HUMAN	6	0	6.177083140989732	0	true
sp|Q96RT1_p_target|ERBIN_HUMAN_p_target	1	0	3.5413234794674335	0	true
sp|Q96RT6|CTGE2_HUMAN	1	3	3.2241803564132296	0	true
sp|Q96RT8|GCP5_HUMAN	1	0	3.6847900357292187	0	true
sp|Q96S52|PIGS_HUMAN	3	0	4.970955488894089	0	true
sp|Q96S59|RANB9_HUMAN	2	0	3.7696534326510998	0	true
sp|Q96S82|UBL7_HUMAN	2	0	3.1323711522887585	0	true
sp|Q96SB4|SRPK1_HUMAN	7	2	6.424267550093563	0	true
sp|Q96SI9|STRBP_HUMAN	4	3	7.777480890037395	0	true
sp|Q96SK2|TM209_HUMAN	2	0	2.9163052992250087	0	true
sp|Q96SN8|CK5P2_HUMAN	2	0	2.8108439708729	0	true
sp|Q96ST3|SIN3A_HUMAN	5	0	3.4729321488180016	0	true
sp|Q96SU4|OSBL9_HUMAN	4	0	4.451829775646679	0	true
sp|Q96SZ5|AEDO_HUMAN	1	0	3.2461293181493005	0	true
sp|Q96T23|RSF1_HUMAN	9	0	8.505060889642293	0	true
sp|Q96T37|RBM15_HUMAN	13	0	5.999040634446556	0	true
sp|Q96T51|RUFY1_HUMAN	8	0	5.650850184952259	0	true
sp|Q96T60|PNKP_HUMAN	2	0	2.5782494828302465	0	true
sp|Q96T76|MMS19_HUMAN	8	0	4.983008246536448	0	true
sp|Q96T88|UHRF1_HUMAN	14	0	6.524683799606626	0	true
sp|Q96TA1|NIBA2_HUMAN	13	0	7.732338827148134	0	true
sp|Q96TA2|YMEL1_HUMAN	4	0	4.254593303221877	0	true
sp|Q96TC7|RMD3_HUMAN	6	0	7.937721924470466	0	true
sp|Q99417|MYCBP_HUMAN	3	0	5.543043385973988	0	true
sp|Q99426|TBCB_HUMAN	4	0	6.542019161409814	0	true
sp|Q99436|PSB7_HUMAN	5	0	9.621270580122589	0	true
sp|Q99439|CNN2_HUMAN	6	0	8.36022345519358	0	true
sp|Q99447|PCY2_HUMAN	2	0	4.5829920158458295	0	true
sp|Q99459|CDC5L_HUMAN	18	0	6.680226821807887	0	true
sp|Q99460|PSMD1_HUMAN	23	0	8.556452856279707	0	true
sp|Q99470|SDF2_HUMAN	3	0	6.657897584385602	0	true
sp|Q99471|PFD5_HUMAN	4	0	9.10178635236979	0	true
sp|Q99497|PARK7_HUMAN	10	0	10.146994935333572	0	true
sp|Q99504|EYA3_HUMAN	2	0	2.420178406672713	0	true
sp|Q99536|VAT1_HUMAN	10	0	9.267066367662085	0	true
sp|Q99543|DNJC2_HUMAN	7	0	5.589691438248905	0	true
sp|Q99547|MPH6_HUMAN	2	0	3.7925409313054326	0	true
sp|Q99549|MPP8_HUMAN	2	0	3.548827730692551	0	true
sp|Q99567|NUP88_HUMAN	10	0	8.924935203522432	0	true
sp|Q99570|PI3R4_HUMAN	3	0	2.7101831011755193	0	true
sp|Q99575|POP1_HUMAN	9	0	4.94368728713009	0	true
sp|Q99584|S10AD_HUMAN	4	0	6.6511311131533715	0	true
sp|Q99590|SCAFB_HUMAN	9	0	6.6162132777221565	0	true
sp|Q99613|EIF3C_HUMAN	24	0	10.11506532638345	0	true
sp|Q99614|TTC1_HUMAN	2	0	6.804136880538233	0	true
sp|Q99615|DNJC7_HUMAN	14	0	6.478598797146508	0	true
sp|Q99623|PHB2_HUMAN	14	0	11.724199914647654	0	true
sp|Q99627|CSN8_HUMAN	4	0	6.913957375094184	0	true
sp|Q99643|C560_HUMAN	2	0	4.992905654624385	0	true
sp|Q99661|KIF2C_HUMAN	6	0	3.2227701052895794	0	true
sp|Q99700|ATX2_HUMAN	6	0	4.590128674199977	0	true
sp|Q99714|HCD2_HUMAN	12	0	9.693753162212444	0	true
sp|Q99720|SGMR1_HUMAN	2	0	4.783771736638848	0	true
sp|Q99729|ROAA_HUMAN	5	0	8.990002817329938	0	true
sp|Q99733|NP1L4_HUMAN	6	1	6.864992622654142	0	true
sp|Q99735|MGST2_HUMAN	1	0	6.258034813385522	0	true
sp|Q99755|PI51A_HUMAN	1	3	5.744955236598147	0	true
sp|Q99798|ACON_HUMAN	18	0	8.982418422866628	0	true
sp|Q99805|TM9S2_HUMAN	4	0	7.887640886392141	0	true
sp|Q99808|S29A1_HUMAN	2	0	3.552654235895148	0	true
sp|Q99816|TS101_HUMAN	5	0	6.013755729528616	0	true
sp|Q99829|CPNE1_HUMAN	7	0	7.245287158719663	0	true
sp|Q99832|TCPH_HUMAN	21	0	9.763457404379581	0	true
sp|Q99848|EBP2_HUMAN	15	0	7.052311165690123	0	true
sp|Q99873|ANM1_HUMAN	16	0	8.871193650276481	0	true
sp|Q99933|BAG1_HUMAN	3	0	3.770666482902277	0	true
sp|Q99961|SH3G1_HUMAN	5	1	6.9253431508671515	0	true
sp|Q99962|SH3G2_HUMAN	2	1	6.8006749542379366	0	true
sp|Q99986|VRK1_HUMAN	6	0	6.0422048235767285	0	true
sp|Q9BPW8|NIPS1_HUMAN	1	0	3.8605086537076194	0	true
sp|Q9BPX3|CND3_HUMAN	13	0	7.60546646999534	0	true
sp|Q9BPX5|ARP5L_HUMAN	2	0	5.0075185691977975	0	true
sp|Q9BQ04|RBM4B_HUMAN	1	10	5.522606624979573	0	true
sp|Q9BQ15|SOSB1_HUMAN	1	0	3.507003966510664	0	true
sp|Q9BQ39|DDX50_HUMAN	3	2	9.329609573082736	0	true
sp|Q9BQ52|RNZ2_HUMAN	11	0	6.750323708865949	0	true
sp|Q9BQ61|TRIR_HUMAN	5	0	6.926379047734306	0	true
sp|Q9BQ67|GRWD1_HUMAN	9	0	7.065368702559354	0	true
sp|Q9BQ69|MACD1_HUMAN	1	0	4.787763970566037	0	true
sp|Q9BQ75|CMS1_HUMAN	3	0	2.7813542154165227	0	true
sp|Q9BQA1|MEP50_HUMAN	8	0	7.941585877252818	0	true
sp|Q9BQB6|VKOR1_HUMAN	1	0	6.871480351011107	0	true
sp|Q9BQC3|DPH2_HUMAN	1	0	3.1634484417081503	0	true
sp|Q9BQE3|TBA1C_HUMAN	1	16	11.107852414945881	0	true
sp|Q9BQG0|MBB1A_HUMAN	31	0	8.083240746934342	0	true
sp|Q9BQL6|FERM1_HUMAN	2	1	3.0138526684098847	0	true
sp|Q9BQS8|FYCO1_HUMAN	1	1	4.778247167556587	0	true
sp|Q9BR76|COR1B_HUMAN	7	0	5.862851661546636	0	true
sp|Q9BRA2|TXD17_HUMAN	4	0	8.900657074672576	0	true
sp|Q9BRJ2|RM45_HUMAN	6	0	4.793461517833714	0	true
sp|Q9BRJ6|CHOLN_HUMAN	2	0	6.338052533109705	0	true
sp|Q9BRL6|SRSF8_HUMAN	1	2	6.697972829801921	0	true
sp|Q9BRP8|PYM1_HUMAN	5	0	12.864295977971507	0	true
sp|Q9BRR6|ADPGK_HUMAN	5	0	4.5459195359862115	0	true
sp|Q9BRS2|RIOK1_HUMAN	4	0	3.493120226371165	0	true
sp|Q9BRT2|UQCC2_HUMAN	3	0	3.859790065129056	0	true
sp|Q9BRT3|MIEN1_HUMAN	2	0	3.0494584282979624	0	true
sp|Q9BRT6|LLPH_HUMAN	2	0	3.1745638805009384	0	true
sp|Q9BRT9|SLD5_HUMAN	6	0	3.7702299477834793	0	true
sp|Q9BRU9|UTP23_HUMAN	3	0	3.4020466380781493	0	true
sp|Q9BRX2|PELO_HUMAN	5	0	5.487452900406368	0	true
sp|Q9BRX5|PSF3_HUMAN	3	0	4.188678812081519	0	true
sp|Q9BRZ2|TRI56_HUMAN	4	0	3.015234734426318	0	true
sp|Q9BS26|ERP44_HUMAN	10	0	9.658179087519128	0	true
sp|Q9BSC4|NOL10_HUMAN	5	0	2.8791473140406287	0	true
sp|Q9BSD7|NTPCR_HUMAN	5	0	3.822460181224057	0	true
sp|Q9BSE5|GDAH_HUMAN	2	0	5.384057723206932	0	true
sp|Q9BSH4|TACO1_HUMAN	3	0	3.5141414045681323	0	true
sp|Q9BSJ2|GCP2_HUMAN	6	0	3.3772095013307726	0	true
sp|Q9BSJ8|ESYT1_HUMAN	16	0	10.568980622450795	0	true
sp|Q9BSL1|UBAC1_HUMAN	1	0	4.85553439997393	0	true
sp|Q9BT09|CNPY3_HUMAN	1	0	5.5929124750283465	0	true
sp|Q9BT22|ALG1_HUMAN	2	0	3.241554440906955	0	true
sp|Q9BT78|CSN4_HUMAN	10	0	7.611057263193273	0	true
sp|Q9BTA9|WAC_HUMAN	2	0	5.070099214295807	0	true
sp|Q9BTC0|DIDO1_HUMAN	16	0	6.232002191519305	0	true
sp|Q9BTE3|MCMBP_HUMAN	12	0	7.728618857559814	0	true
sp|Q9BTE6|AASD1_HUMAN	4	0	4.934831841103445	0	true
sp|Q9BTE7|DCNL5_HUMAN	3	0	3.1475155489504782	0	true
sp|Q9BTM9|URM1_HUMAN	1	0	7.345407461382158	0	true
sp|Q9BTT0|AN32E_HUMAN	3	0	6.568621968430218	0	true
sp|Q9BTU6|P4K2A_HUMAN	3	0	4.014653941405352	0	true
sp|Q9BTV4|TMM43_HUMAN	8	0	7.3864962653260635	0	true
sp|Q9BTW9|TBCD_HUMAN	6	0	4.730856220825951	0	true
sp|Q9BTX1|NDC1_HUMAN	3	0	2.8021002276811906	0	true
sp|Q9BTZ2|DHRS4_HUMAN	5	0	4.5306522620231275	0	true
sp|Q9BU02|THTPA_HUMAN	3	0	6.122663416452285	0	true
sp|Q9BU61|NDUF3_HUMAN	4	0	8.283848337204295	0	true
sp|Q9BU76|MMTA2_HUMAN	1	0	4.597384406767904	0	true
sp|Q9BU89|DOHH_HUMAN	5	0	4.328467331889215	0	true
sp|Q9BUE6|ISCA1_HUMAN	1	0	3.222769802764441	0	true
sp|Q9BUF5|TBB6_HUMAN	4	8	7.75544284018093	0	true
sp|Q9BUH6|PAXX_HUMAN	4	0	7.537839859412961	0	true
sp|Q9BUI4|RPC3_HUMAN	3	0	2.3598136948520416	0	true
sp|Q9BUJ2|HNRL1_HUMAN	14	0	9.177784673023789	0	true
sp|Q9BUL8|PDC10_HUMAN	5	0	5.78595990375483	0	true
sp|Q9BUL9|RPP25_HUMAN	4	0	6.700543254769613	0	true
sp|Q9BUN8|DERL1_HUMAN	1	0	5.035490621961975	0	true
sp|Q9BUP3|HTAI2_HUMAN	7	0	6.8500646292853276	0	true
sp|Q9BUQ8|DDX23_HUMAN	19	0	6.914449464405303	0	true
sp|Q9BUR5|MIC26_HUMAN	5	0	4.936109209635346	0	true
sp|Q9BUV8|RCAF1_HUMAN	1	0	4.1991064918913885	0	true
sp|Q9BV20|MTNA_HUMAN	6	0	5.700917960543467	0	true
sp|Q9BV38|WDR18_HUMAN	9	0	6.470333066955458	0	true
sp|Q9BV40|VAMP8_HUMAN	1	0	3.408351593959511	0	true
sp|Q9BV44|THUM3_HUMAN	5	0	5.127904246677854	0	true
sp|Q9BV57|MTND_HUMAN	4	0	4.768452894975567	0	true
sp|Q9BV86|NTM1A_HUMAN	3	0	5.994447407832187	0	true
sp|Q9BVC3|DCC1_HUMAN	2	0	2.8749895129809935	0	true
sp|Q9BVC4|LST8_HUMAN	3	0	4.180850019194465	0	true
sp|Q9BVC6|TM109_HUMAN	3	0	6.456711118462575	0	true
sp|Q9BVG9|PTSS2_HUMAN	2	0	2.449233436039573	0	true
sp|Q9BVI4|NOC4L_HUMAN	2	0	4.448449908088116	0	true
sp|Q9BVJ6|UT14A_HUMAN	12	0	7.070305710868744	0	true
sp|Q9BVK6|TMED9_HUMAN	3	1	7.7437381145289566	0	true
sp|Q9BVL2|NUP58_HUMAN	2	0	5.184230744932259	0	true
sp|Q9BVP2|GNL3_HUMAN	17	0	9.063804122328293	0	true
sp|Q9BVS4|RIOK2_HUMAN	3	0	4.9847977872950935	0	true
sp|Q9BVV7|TIM21_HUMAN	3	0	2.435484174511189	0	true
sp|Q9BW27|NUP85_HUMAN	7	0	7.303403679044986	0	true
sp|Q9BW60|ELOV1_HUMAN	1	0	6.36187796954738	0	true
sp|Q9BW61|DDA1_HUMAN	1	0	2.7812002811056327	0	true
sp|Q9BW83|IFT27_HUMAN	4	0	2.693040810895152	0	true
sp|Q9BW91|NUDT9_HUMAN	1	0	5.92469688213434	0	true
sp|Q9BW92|SYTM_HUMAN	3	0	3.8340922842463105	0	true
sp|Q9BWD1|THIC_HUMAN	4	0	6.311951899188141	0	true
sp|Q9BWE0|REPI1_HUMAN	2	0	7.380527618307405	0	true
sp|Q9BWF3|RBM4_HUMAN	1	10	5.522606624979573	0	true
sp|Q9BWJ5|SF3B5_HUMAN	3	0	7.540505565540441	0	true
sp|Q9BWM7|SFXN3_HUMAN	8	0	5.939084362256165	0	true
sp|Q9BWS9|CHID1_HUMAN	2	0	3.6376738000043325	0	true
sp|Q9BWU0|NADAP_HUMAN	6	0	5.437355480913177	0	true
sp|Q9BX40|LS14B_HUMAN	1	1	5.269580493768708	0	true
sp|Q9BX68|HINT2_HUMAN	4	0	8.569431860987542	0	true
sp|Q9BXB4|OSB11_HUMAN	3	0	3.55624464350373	0	true
sp|Q9BXB5|OSB10_HUMAN	3	0	3.8966881875835133	0	true
sp|Q9BXF6|RFIP5_HUMAN	3	0	3.0931194686046357	0	true
sp|Q9BXJ9|NAA15_HUMAN	18	4	5.591915821074798	0	true
sp|Q9BXK5|B2L13_HUMAN	1	0	2.786404645028502	0	true
sp|Q9BXP5|SRRT_HUMAN	21	0	7.654806169898457	0	true
sp|Q9BXS5|AP1M1_HUMAN	13	0	4.90260282930457	0	true
sp|Q9BXS6|NUSAP_HUMAN	3	0	2.424685498508111	0	true
sp|Q9BXW7|HDHD5_HUMAN	3	0	8.389282985135356	0	true
sp|Q9BXY0|MAK16_HUMAN	5	0	5.3145372293983435	0	true
sp|Q9BY32|ITPA_HUMAN	2	0	5.618042933589892	0	true
sp|Q9BY43|CHM4A_HUMAN	3	0	6.551563495502371	0	true
sp|Q9BY44|EIF2A_HUMAN	14	0	8.546495531824213	0	true
sp|Q9BY77|PDIP3_HUMAN	3	0	6.4021807129509565	0	true
sp|Q9BYC8|RM32_HUMAN	2	0	5.323904625162868	0	true
sp|Q9BYD1|RM13_HUMAN	6	0	6.584378950231019	0	true
sp|Q9BYD2|RM09_HUMAN	2	0	3.6378278022403143	0	true
sp|Q9BYD3|RM04_HUMAN	4	0	3.703147382652559	0	true
sp|Q9BYD6|RM01_HUMAN	2	0	3.399187955838069	0	true
sp|Q9BYG3|MK67I_HUMAN	8	0	8.432810403802	0	true
sp|Q9BYJ9|YTHD1_HUMAN	3	5	6.52833779248087	0	true
sp|Q9BYN8|RT26_HUMAN	4	0	4.898960836149881	0	true
sp|Q9BZE1|RM37_HUMAN	7	0	9.188776978823325	0	true
sp|Q9BZE4|GTPB4_HUMAN	17	0	5.9289479234699085	0	true
sp|Q9BZF1|OSBL8_HUMAN	9	0	4.304314365648284	0	true
sp|Q9BZG1|RAB34_HUMAN	5	0	6.762707248433994	0	true
sp|Q9BZG8|DPH1_HUMAN	2	0	2.4530560073187098	0	true
sp|Q9BZH6|WDR11_HUMAN	10	0	4.386489706603176	0	true
sp|Q9BZI7|REN3B_HUMAN	7	0	4.462548824761793	0	true
sp|Q9BZJ0|CRNL1_HUMAN	3	0	2.5343694251317244	0	true
sp|Q9BZK7|TBL1R_HUMAN	2	3	8.010840485511187	0	true
sp|Q9BZL4|PP12C_HUMAN	4	0	3.2601947212803988	0	true
sp|Q9BZV1|UBXN6_HUMAN	2	0	2.9393463937816318	0	true
sp|Q9BZX2|UCK2_HUMAN	3	0	6.170533603056274	0	true
sp|Q9BZZ5|API5_HUMAN	13	0	5.991276438087941	0	true
sp|Q9C086|IN80B_HUMAN	1	0	2.9876560610748992	0	true
sp|Q9C0B1|FTO_HUMAN	5	0	5.6787098429171365	0	true
sp|Q9C0B5|ZDHC5_HUMAN	3	0	4.619183535407755	0	true
sp|Q9C0C2|TB182_HUMAN	17	0	5.7949584014562765	0	true
sp|Q9C0C9|UBE2O_HUMAN	9	0	4.6815910652438975	0	true
sp|Q9C0D5|TANC1_HUMAN	5	0	3.847785144113178	0	true
sp|Q9C0E2|XPO4_HUMAN	2	0	4.73486809688764	0	true
sp|Q9C0J8|WDR33_HUMAN	5	0	3.7884039355548773	0	true
sp|Q9GZL7|WDR12_HUMAN	9	0	7.614673090210212	0	true
sp|Q9GZN8|ADSSP_HUMAN	2	0	3.5574778939410727	0	true
sp|Q9GZR2|REXO4_HUMAN	6	0	6.699486139540088	0	true
sp|Q9GZR7|DDX24_HUMAN	12	0	9.052307660031	0	true
sp|Q9GZS1|RPA49_HUMAN	2	0	2.700202982239641	0	true
sp|Q9GZS3|SKI8_HUMAN	3	0	6.045626499292418	0	true
sp|Q9GZT3|SLIRP_HUMAN	8	0	6.047232737869786	0	true
sp|Q9GZT8|NIF3L_HUMAN	6	0	3.4078995836039616	0	true
sp|Q9GZU8|PIP30_HUMAN	3	0	7.7770400373138715	0	true
sp|Q9GZY8|MFF_HUMAN	3	0	4.030761086444326	0	true
sp|Q9GZZ1|NAA50_HUMAN	9	0	6.851408311966151	0	true
sp|Q9GZZ9|UBA5_HUMAN	4	0	6.458899216240617	0	true
sp|Q9H061|T126A_HUMAN	3	0	3.803263825758001	0	true
sp|Q9H074|PAIP1_HUMAN	6	0	9.535294940957195	0	true
sp|Q9H078|CLPB_HUMAN	10	0	6.547471960323347	0	true
sp|Q9H081|MIS12_HUMAN	1	0	2.4455345534091184	0	true
sp|Q9H089|LSG1_HUMAN	11	0	6.498706093746262	0	true
sp|Q9H098|F107B_HUMAN	3	0	3.3802552744403283	0	true
sp|Q9H0A0|NAT10_HUMAN	19	0	8.627503689590334	0	true
sp|Q9H0A8|COMD4_HUMAN	3	0	3.0605220723481454	0	true
sp|Q9H0B6|KLC2_HUMAN	5	5	7.1464386370798465	0	true
sp|Q9H0C8|ILKAP_HUMAN	5	0	2.821275625778295	0	true
sp|Q9H0D6|XRN2_HUMAN	4	0	5.984633941719729	0	true
sp|Q9H0E2|TOLIP_HUMAN	2	0	4.654512686509448	0	true
sp|Q9H0L4|CSTFT_HUMAN	2	4	4.861506635302417	0	true
sp|Q9H0N5|PHS2_HUMAN	1	0	2.4283497593418466	0	true
sp|Q9H0P0|5NT3A_HUMAN	2	0	8.184311664065712	0	true
sp|Q9H0R4|HDHD2_HUMAN	2	0	3.420189324185366	0	true
sp|Q9H0S4|DDX47_HUMAN	10	0	7.616101516105725	0	true
sp|Q9H0U3|MAGT1_HUMAN	3	0	4.635882426927936	0	true
sp|Q9H0U4|RAB1B_HUMAN	3	5	7.010741255692215	0	true
sp|Q9H0U6|RM18_HUMAN	2	0	4.0795185962539415	0	true
sp|Q9H0W9|CK054_HUMAN	5	0	7.798027558799862	0	true
sp|Q9H1B7|I2BPL_HUMAN	2	1	5.990048066050165	0	true
sp|Q9H1D9|RPC6_HUMAN	1	0	2.5688045779649396	0	true
sp|Q9H1E3|NUCKS_HUMAN	5	0	5.268299610777144	0	true
sp|Q9H1I8|ASCC2_HUMAN	3	0	2.455219068599523	0	true
sp|Q9H1K1|ISCU_HUMAN	2	0	7.413895789659193	0	true
sp|Q9H1Z4|WDR13_HUMAN	1	0	2.4441630168720017	0	true
sp|Q9H254|SPTN4_HUMAN	0	2	6.0954365096425525	0	true
sp|Q9H299|SH3L3_HUMAN	4	0	4.8776613486523965	0	true
sp|Q9H2D1|S2532_HUMAN	1	0	2.596774968486807	0	true
sp|Q9H2G2|SLK_HUMAN	17	1	4.740885529963086	0	true
sp|Q9H2H8|PPIL3_HUMAN	5	0	4.455684454672681	0	true
sp|Q9H2H9|S38A1_HUMAN	2	0	4.151550355406383	0	true
sp|Q9H2J4|PDCL3_HUMAN	4	0	4.857169655732776	0	true
sp|Q9H2J7|S6A15_HUMAN	8	0	8.153177155594834	0	true
sp|Q9H2K8|TAOK3_HUMAN	1	0	2.4960391637483377	0	true
sp|Q9H2M9|RBGPR_HUMAN	9	0	2.5826487707559163	0	true
sp|Q9H2P0|ADNP_HUMAN	10	0	7.7701635919893945	0	true
sp|Q9H2U1|DHX36_HUMAN	14	0	9.045550394899227	0	true
sp|Q9H2U2|IPYR2_HUMAN	11	0	7.123578783077924	0	true
sp|Q9H2V7|SPNS1_HUMAN	1	0	5.15642425135169	0	true
sp|Q9H2W6|RM46_HUMAN	3	0	4.8500924990426375	0	true
sp|Q9H307|PININ_HUMAN	18	0	9.201761188036368	0	true
sp|Q9H330|TM245_HUMAN	3	0	5.657229405840027	0	true
sp|Q9H3H3|CK068_HUMAN	2	0	3.494193982291673	0	true
sp|Q9H3K6|BOLA2_HUMAN	2	0	6.208110380252565	0	true
sp|Q9H3N1|TMX1_HUMAN	6	0	6.474661992757875	0	true
sp|Q9H3P2|NELFA_HUMAN	4	0	6.486476410418118	0	true
sp|Q9H3P7|GCP60_HUMAN	7	0	4.693683300144477	0	true
sp|Q9H3Q1|BORG4_HUMAN	2	0	4.60505388733625	0	true
sp|Q9H3R5|CENPH_HUMAN	1	0	3.615649816345774	0	true
sp|Q9H3U1|UN45A_HUMAN	10	0	6.026346549029515	0	true
sp|Q9H410|DSN1_HUMAN	2	0	3.1534762340733837	0	true
sp|Q9H444|CHM4B_HUMAN	6	0	8.329973007968237	0	true
sp|Q9H488|OFUT1_HUMAN	4	0	6.584230285241653	0	true
sp|Q9H490|PIGU_HUMAN	1	0	4.142033256519481	0	true
sp|Q9H4A3|WNK1_HUMAN	1	0	4.299317478216123	0	true
sp|Q9H4A4|AMPB_HUMAN	17	0	7.6321504234891995	0	true
sp|Q9H4A6|GOLP3_HUMAN	3	0	8.225414022793949	0	true
sp|Q9H4B7|TBB1_HUMAN	1	5	6.553276417325325	0	true
sp|Q9H4F8|SMOC1_HUMAN	2	0	3.339347058659504	0	true
sp|Q9H4L4|SENP3_HUMAN	4	0	5.111865481576666	0	true
sp|Q9H4M9|EHD1_HUMAN	13	0	7.1524710345843845	0	true
sp|Q9H553|ALG2_HUMAN	1	0	3.347003775626989	0	true
sp|Q9H583|HEAT1_HUMAN	22	0	6.079038681510589	0	true
sp|Q9H5N1|RABE2_HUMAN	4	0	7.733472065807705	0	true
sp|Q9H5Q4|TFB2M_HUMAN	3	0	4.884422880986321	0	true
sp|Q9H5X1|CIA2A_HUMAN	2	0	4.596677060838391	0	true
sp|Q9H6F5|CCD86_HUMAN	6	0	6.357523680084125	0	true
sp|Q9H6R0|DHX33_HUMAN	5	0	2.751222941976874	0	true
sp|Q9H6R4|NOL6_HUMAN	10	0	6.999291499415055	0	true
sp|Q9H6R6|ZDHC6_HUMAN	1	0	2.495513168530476	0	true
sp|Q9H6S0|YTDC2_HUMAN	3	0	2.9311540469370074	0	true
sp|Q9H6S3|ES8L2_HUMAN	3	0	4.476281594594879	0	true
sp|Q9H6T3|RPAP3_HUMAN	4	0	2.9081181836871264	0	true
sp|Q9H6U8|ALG9_HUMAN	1	0	3.344204074840574	0	true
sp|Q9H6V9|LDAH_HUMAN	1	0	3.664892926286743	0	true
sp|Q9H6Z4|RANB3_HUMAN	5	0	5.657789444782637	0	true
sp|Q9H773|DCTP1_HUMAN	6	0	6.858411564689068	0	true
sp|Q9H788|SH24A_HUMAN	10	0	8.709680972457083	0	true
sp|Q9H7B2|RPF2_HUMAN	4	0	5.917636415594642	0	true
sp|Q9H7C9|AAMDC_HUMAN	1	0	3.9032352757407733	0	true
sp|Q9H7E9|CH033_HUMAN	3	0	5.497188802468074	0	true
sp|Q9H7N4|SFR19_HUMAN	4	0	7.749574490994203	0	true
sp|Q9H7Z7|PGES2_HUMAN	8	0	7.29073389410732	0	true
sp|Q9H814|PHAX_HUMAN	4	0	6.56828368608352	0	true
sp|Q9H845|ACAD9_HUMAN	15	0	7.589605461180366	0	true
sp|Q9H8H0|NOL11_HUMAN	6	0	3.077648158042273	0	true
sp|Q9H8H2|DDX31_HUMAN	4	0	2.8517006190595406	0	true
sp|Q9H8M5|CNNM2_HUMAN	4	0	2.6981798296577426	0	true
sp|Q9H8Y5|ANKZ1_HUMAN	5	0	2.698888087059901	0	true
sp|Q9H8Y8|GORS2_HUMAN	6	0	7.395164449344916	0	true
sp|Q9H910|JUPI2_HUMAN	5	0	6.635770502754321	0	true
sp|Q9H967|WDR76_HUMAN	5	0	4.185737453348591	0	true
sp|Q9H993|ARMT1_HUMAN	3	0	4.830037464249348	0	true
sp|Q9H9A5|CNO10_HUMAN	1	0	5.6609921375224745	0	true
sp|Q9H9A6|LRC40_HUMAN	12	0	6.6264212117090375	0	true
sp|Q9H9B1|EHMT1_HUMAN	3	1	3.37153324867743	0	true
sp|Q9H9B4|SFXN1_HUMAN	8	0	8.088997135139207	0	true
sp|Q9H9F9|ARP5_HUMAN	3	0	3.3387230499805747	0	true
sp|Q9H9G7|AGO3_HUMAN	1	3	2.8743980356713528	0	true
sp|Q9H9J2|RM44_HUMAN	2	0	3.404253039637539	0	true
sp|Q9H9L3|I20L2_HUMAN	2	0	5.561721284554944	0	true
sp|Q9H9P8|L2HDH_HUMAN	7	0	6.108724515075891	0	true
sp|Q9H9T3|ELP3_HUMAN	6	0	6.011990677842345	0	true
sp|Q9H9Y2|RPF1_HUMAN	3	0	2.7400494388167265	0	true
sp|Q9H9Y6|RPA2_HUMAN	3	0	3.065267926656862	0	true
sp|Q9HA77|SYCM_HUMAN	5	0	4.5122322776961195	0	true
sp|Q9HAB8|PPCS_HUMAN	5	0	2.571263699753444	0	true
sp|Q9HAN9|NMNA1_HUMAN	1	0	2.6554568601475035	0	true
sp|Q9HAS0|NJMU_HUMAN	2	0	4.972338975973741	0	true
sp|Q9HAU5|RENT2_HUMAN	4	0	3.009133701868402	0	true
sp|Q9HAV4|XPO5_HUMAN	15	0	8.414301344525617	0	true
sp|Q9HAV7|GRPE1_HUMAN	5	0	9.324657788252855	0	true
sp|Q9HB07|MYG1_HUMAN	10	0	6.92034571009711	0	true
sp|Q9HB19|PKHA2_HUMAN	2	0	2.3725677906725164	0	true
sp|Q9HB71|CYBP_HUMAN	12	0	8.381955383252073	0	true
sp|Q9HB90|RRAGC_HUMAN;sp|Q9NQL2|RRAGD_HUMAN	3	0	3.318006175309265	0	true
sp|Q9HBH0|RHOF_HUMAN	2	0	3.5441983964162382	0	true
sp|Q9HBI1|PARVB_HUMAN	1	1	2.7622283913747854	0	true
sp|Q9HC35|EMAL4_HUMAN	14	0	4.960887938821807	0	true
sp|Q9HC36|MRM3_HUMAN	2	0	3.8791749882388293	0	true
sp|Q9HC38|GLOD4_HUMAN	11	0	8.607385970574743	0	true
sp|Q9HC52|CBX8_HUMAN	3	0	5.531065261050617	0	true
sp|Q9HCC0|MCCB_HUMAN	13	0	7.391738486723541	0	true
sp|Q9HCD5|NCOA5_HUMAN	5	0	3.8974026425805017	0	true
sp|Q9HCE1|MOV10_HUMAN	10	0	5.196910801821626	0	true
sp|Q9HCG8|CWC22_HUMAN	2	0	5.1898655105178255	0	true
sp|Q9HCN8|SDF2L_HUMAN	4	0	2.3684836451114024	0	true
sp|Q9HCS7|SYF1_HUMAN	6	0	7.377225929996795	0	true
sp|Q9HCU5|SEC12_HUMAN	4	0	4.94224902231401	0	true
sp|Q9HCY8|S10AE_HUMAN	5	0	10.145973853860678	0	true
sp|Q9HD15|SRA1_HUMAN	2	0	3.3358078774436026	0	true
sp|Q9HD20|AT131_HUMAN	11	0	5.115074758826262	0	true
sp|Q9HD33|RM47_HUMAN	2	0	4.884896730150298	0	true
sp|Q9HD45|TM9S3_HUMAN	7	0	5.211285631164363	0	true
sp|Q9HDC9|APMAP_HUMAN	6	0	7.261471345877102	0	true
sp|Q9NNW7|TRXR2_HUMAN	5	1	8.132701136803572	0	true
sp|Q9NP72|RAB18_HUMAN	3	0	2.6828074397692654	0	true
sp|Q9NP77|SSU72_HUMAN	2	0	6.616399331727085	0	true
sp|Q9NP79|VTA1_HUMAN	4	0	3.3965271663574814	0	true
sp|Q9NP80|PLPL8_HUMAN	1	1	4.6981022518103	0	true
sp|Q9NP81|SYSM_HUMAN	8	0	5.033267864665508	0	true
sp|Q9NP90|RAB9B_HUMAN	0	2	7.010741255692215	0	true
sp|Q9NP92|RT30_HUMAN	2	0	2.916931003842724	0	true
sp|Q9NP97|DLRB1_HUMAN	3	0	6.850887831118775	0	true
sp|Q9NPA0|EMC7_HUMAN	4	0	4.389583296045857	0	true
sp|Q9NPA3|M1IP1_HUMAN	1	0	3.9743451402312973	0	true
sp|Q9NPA8|ENY2_HUMAN	1	0	5.86902465527031	0	true
sp|Q9NPD3|EXOS4_HUMAN	4	0	3.978494846509732	0	true
sp|Q9NPE3|NOP10_HUMAN	3	0	6.725786620783235	0	true
sp|Q9NPF4|OSGEP_HUMAN	7	0	7.428245836110952	0	true
sp|Q9NPF5|DMAP1_HUMAN	3	0	4.627455114186734	0	true
sp|Q9NPG4|PCD12_HUMAN	1	0	2.4092028397492657	0	true
sp|Q9NPI6|DCP1A_HUMAN	2	0	4.115022508596205	0	true
sp|Q9NPJ3|ACO13_HUMAN	2	0	4.73754722054423	0	true
sp|Q9NQ29|LUC7L_HUMAN	2	3	5.830644893921343	0	true
sp|Q9NQ48|LZTL1_HUMAN	1	0	3.2725912490337823	0	true
sp|Q9NQ55|SSF1_HUMAN	3	0	5.213865509885276	0	true
sp|Q9NQ88|TIGAR_HUMAN	3	0	2.852633050987802	0	true
sp|Q9NQA3|WASH6_HUMAN	1	1	7.608841451872927	0	true
sp|Q9NQC3|RTN4_HUMAN	4	0	6.745842165905997	0	true
sp|Q9NQG1|MANBL_HUMAN	1	0	3.2533612111438748	0	true
sp|Q9NQG5|RPR1B_HUMAN	8	0	7.607397586074568	0	true
sp|Q9NQP4|PFD4_HUMAN	2	0	8.314687297323296	0	true
sp|Q9NQR4|NIT2_HUMAN	9	0	9.347523521710801	0	true
sp|Q9NQT4|EXOS5_HUMAN	2	0	3.619631959722271	0	true
sp|Q9NQT5|EXOS3_HUMAN	3	0	6.688628169038626	0	true
sp|Q9NQT8|KI13B_HUMAN	2	0	3.163481793792671	0	true
sp|Q9NQW7|XPP1_HUMAN	8	0	4.54847738077054	0	true
sp|Q9NQX3|GEPH_HUMAN	5	0	3.883921205925176	0	true
sp|Q9NR09|BIRC6_HUMAN	2	0	3.9612869491026186	0	true
sp|Q9NR12|PDLI7_HUMAN	6	0	4.164832138326183	0	true
sp|Q9NR28|DBLOH_HUMAN	4	0	2.5547706847025684	0	true
sp|Q9NR30|DDX21_HUMAN	23	2	9.329609573082736	0	true
sp|Q9NR31|SAR1A_HUMAN	3	2	6.553784914292422	0	true
sp|Q9NR45|SIAS_HUMAN	9	0	10.11791028405451	0	true
sp|Q9NR46|SHLB2_HUMAN	10	0	5.522243937989346	0	true
sp|Q9NR50|EI2BG_HUMAN	8	0	7.795541274531354	0	true
sp|Q9NR56|MBNL1_HUMAN	6	0	3.827437998738891	0	true
sp|Q9NRF8|PYRG2_HUMAN	2	3	5.172259657695019	0	true
sp|Q9NRF9|DPOE3_HUMAN	2	0	6.918126778126671	0	true
sp|Q9NRG0|CHRC1_HUMAN	1	0	3.1520194146781644	0	true
sp|Q9NRG9|AAAS_HUMAN	4	0	4.0659002911318725	0	true
sp|Q9NRK6|ABCBA_HUMAN	3	1	2.5263234793046863	0	true
sp|Q9NRL2|BAZ1A_HUMAN	3	0	3.083117860620293	0	true
sp|Q9NRN7|ADPPT_HUMAN	1	0	5.659549943126109	0	true
sp|Q9NRP0|OSTC_HUMAN	1	0	8.853146438125226	0	true
sp|Q9NRP2|COXM2_HUMAN	2	0	2.5670897149853236	0	true
sp|Q9NRR5|UBQL4_HUMAN	4	3	7.423577188157483	0	true
sp|Q9NRV9|HEBP1_HUMAN	7	0	6.7472354664832555	0	true
sp|Q9NRW7|VPS45_HUMAN	3	0	2.802803978941117	0	true
sp|Q9NRX1|PNO1_HUMAN	4	0	8.075888348835441	0	true
sp|Q9NRX2|RM17_HUMAN	3	0	5.316508158277719	0	true
sp|Q9NRX4|PHP14_HUMAN	3	0	7.070234016115223	0	true
sp|Q9NRY5|F1142_HUMAN	4	0	7.6177287924947485	0	true
sp|Q9NRZ7|PLCC_HUMAN	1	0	2.4163178797078673	0	true
sp|Q9NRZ9|HELLS_HUMAN	4	0	2.477419442860323	0	true
sp|Q9NS69|TOM22_HUMAN	2	0	8.393715526456102	0	true
sp|Q9NS86|LANC2_HUMAN	4	0	5.379329202139047	0	true
sp|Q9NSD9|SYFB_HUMAN	19	0	7.229275502685903	0	true
sp|Q9NSE4|SYIM_HUMAN	12	0	5.445806793045724	0	true
sp|Q9NSI2|SLX9_HUMAN	4	0	4.629103134749871	0	true
sp|Q9NSK0|KLC4_HUMAN	2	5	3.7972198226812015	0	true
sp|Q9NT62|ATG3_HUMAN	4	0	7.5806836071027295	0	true
sp|Q9NTI5|PDS5B_HUMAN	12	1	7.592440549984756	0	true
sp|Q9NTJ3|SMC4_HUMAN	27	0	7.747369739062228	0	true
sp|Q9NTJ5|SAC1_HUMAN	5	0	5.825930094273795	0	true
sp|Q9NTK5|OLA1_HUMAN	16	0	7.775159287935139	0	true
sp|Q9NTM9|CUTC_HUMAN	4	0	4.990727396221957	0	true
sp|Q9NTX5|ECHD1_HUMAN	4	0	5.782377648072173	0	true
sp|Q9NTZ6|RBM12_HUMAN	11	0	6.4875626289380905	0	true
sp|Q9NU22|MDN1_HUMAN	16	0	3.205508044753982	0	true
sp|Q9NUJ1|ABHDA_HUMAN	2	0	5.254033318743926	0	true
sp|Q9NUL3|STAU2_HUMAN	1	0	2.556211220000696	0	true
sp|Q9NUL7|DDX28_HUMAN	1	0	4.199087545506306	0	true
sp|Q9NUQ3|TXLNG_HUMAN	8	0	7.821778305567225	0	true
sp|Q9NUQ8|ABCF3_HUMAN	6	0	2.4438600886575346	0	true
sp|Q9NUQ9|CYRIB_HUMAN	9	0	7.994965462338156	0	true
sp|Q9NUU7|DD19A_HUMAN	15	0	10.608968859548229	0	true
sp|Q9NUW8|TYDP1_HUMAN	1	0	2.441763419589369	0	true
sp|Q9NUY8|TBC23_HUMAN	2	0	6.548486038446502	0	true
sp|Q9NV06|DCA13_HUMAN	2	0	3.739106755679456	0	true
sp|Q9NV31|IMP3_HUMAN	3	0	6.08350081165232	0	true
sp|Q9NV56|MRGBP_HUMAN	2	0	5.58590393533798	0	true
sp|Q9NV70|EXOC1_HUMAN	1	0	5.25133162550214	0	true
sp|Q9NVA2|SEP11_HUMAN	0	5	4.464393323915257	0	true
sp|Q9NVD7|PARVA_HUMAN	4	1	7.4132970606615	0	true
sp|Q9NVG8|TBC13_HUMAN	6	0	3.8913777850178652	0	true
sp|Q9NVH1|DJC11_HUMAN	4	0	4.768269805896566	0	true
sp|Q9NVH2|INT7_HUMAN	1	0	2.8004796616197556	0	true
sp|Q9NVI7|ATD3A_HUMAN	5	12	8.480752882379884	0	true
sp|Q9NVJ2|ARL8B_HUMAN	8	0	5.5612724255991495	0	true
sp|Q9NVM6|DJC17_HUMAN	4	0	7.60049519813789	0	true
sp|Q9NVM9|INT13_HUMAN	4	0	5.078088086744099	0	true
sp|Q9NVP1|DDX18_HUMAN	13	0	7.256511236602337	0	true
sp|Q9NVS2|RT18A_HUMAN	1	0	2.6363168798695034	0	true
sp|Q9NVS9|PNPO_HUMAN	3	0	5.926461424199248	0	true
sp|Q9NVT9|ARMC1_HUMAN	1	0	2.879590258640286	0	true
sp|Q9NVU0|RPC5_HUMAN	4	0	4.48041470415323	0	true
sp|Q9NW13|RBM28_HUMAN	15	0	8.08941275439816	0	true
sp|Q9NW64|RBM22_HUMAN	7	0	6.385240392277652	0	true
sp|Q9NW82|WDR70_HUMAN	6	0	2.6818070618965995	0	true
sp|Q9NWH9|SLTM_HUMAN	15	0	3.704436430962711	0	true
sp|Q9NWS0|PIHD1_HUMAN	3	0	6.302980356158124	0	true
sp|Q9NWT1|PK1IP_HUMAN	3	0	3.5868915852325376	0	true
sp|Q9NWU1|OXSM_HUMAN	4	0	4.069595048499747	0	true
sp|Q9NWU5|RM22_HUMAN	5	0	5.8128782118585445	0	true
sp|Q9NWV4|CZIB_HUMAN	4	0	6.521845362637276	0	true
sp|Q9NX05|F120C_HUMAN	2	0	3.299842713005623	0	true
sp|Q9NX14|NDUBB_HUMAN	1	0	4.393690372326517	0	true
sp|Q9NX20|RM16_HUMAN	2	0	5.040744055154243	0	true
sp|Q9NX24|NHP2_HUMAN	5	0	5.430928596713109	0	true
sp|Q9NX40|OCAD1_HUMAN	2	0	4.160905930460346	0	true
sp|Q9NX46|ADPRS_HUMAN	5	0	7.117200585115314	0	true
sp|Q9NX58|LYAR_HUMAN	5	0	6.59249386245986	0	true
sp|Q9NX62|IMPA3_HUMAN	2	0	2.8651860803499876	0	true
sp|Q9NX63|MIC19_HUMAN	9	0	6.6116383808233925	0	true
sp|Q9NX70|MED29_HUMAN	1	0	2.9747617192738582	0	true
sp|Q9NX74|DUS2_HUMAN	2	0	3.086379428050839	0	true
sp|Q9NXA8|SIR5_HUMAN	1	0	3.772635819212406	0	true
sp|Q9NXE4|NSMA3_HUMAN	5	0	3.9338761169033867	0	true
sp|Q9NXF1|TEX10_HUMAN	11	0	7.3217697864686775	0	true
sp|Q9NXG2|THUM1_HUMAN	6	0	6.256755922453295	0	true
sp|Q9NXH9|TRM1_HUMAN	13	0	6.452975496333733	0	true
sp|Q9NXR7|BABA2_HUMAN	6	0	3.624634274888553	0	true
sp|Q9NXV6|CARF_HUMAN	11	0	6.340590956835996	0	true
sp|Q9NXW2|DJB12_HUMAN	2	0	4.293930079672076	0	true
sp|Q9NY12|GAR1_HUMAN	6	0	7.771960051597122	0	true
sp|Q9NY27|PP4R2_HUMAN	5	0	3.1079515214141664	0	true
sp|Q9NY33|DPP3_HUMAN	9	0	8.68824478868156	0	true
sp|Q9NY61|AATF_HUMAN	7	0	8.8411506303403	0	true
sp|Q9NY93|DDX56_HUMAN	9	0	4.1306332260247505	0	true
sp|Q9NYB0|TE2IP_HUMAN	4	0	5.755371852519333	0	true
sp|Q9NYF8|BCLF1_HUMAN	11	1	6.093643898291776	0	true
sp|Q9NYH9|UTP6_HUMAN	5	0	6.275144920673675	0	true
sp|Q9NYJ1|COA4_HUMAN	4	0	5.045396603934861	0	true
sp|Q9NYJ8|TAB2_HUMAN	1	0	4.081481732339462	0	true
sp|Q9NYK5|RM39_HUMAN	7	0	6.403206719680608	0	true
sp|Q9NYL2|M3K20_HUMAN	1	0	3.1095361116968387	0	true
sp|Q9NYL4|FKB11_HUMAN	1	0	3.6734762897746367	0	true
sp|Q9NYL9|TMOD3_HUMAN	9	0	4.644843778657576	0	true
sp|Q9NYU2|UGGG1_HUMAN	23	2	7.67427398832087	0	true
sp|Q9NYV4|CDK12_HUMAN	2	1	4.0791734847444125	0	true
sp|Q9NZ01|TECR_HUMAN	8	0	7.862156417097352	0	true
sp|Q9NZ08|ERAP1_HUMAN	7	0	4.598358801598161	0	true
sp|Q9NZ45|CISD1_HUMAN	3	0	9.272281993264523	0	true
sp|Q9NZ63|TLS1_HUMAN	5	0	5.096765422177438	0	true
sp|Q9NZB2|F120A_HUMAN	20	0	10.247556255876479	0	true
sp|Q9NZD2|GLTP_HUMAN	1	0	2.9037077407611656	0	true
sp|Q9NZI8|IF2B1_HUMAN	8	2	7.732490071925296	0	true
sp|Q9NZL4|HPBP1_HUMAN	7	0	5.554789977837393	0	true
sp|Q9NZL9|MAT2B_HUMAN	12	0	9.801801861449205	0	true
sp|Q9NZM1|MYOF_HUMAN	45	0	9.640820624810079	0	true
sp|Q9NZT2|OGFR_HUMAN	10	0	5.493326483370963	0	true
sp|Q9NZV1|CRIM1_HUMAN	1	0	3.130865405242744	0	true
sp|Q9NZZ3|CHMP5_HUMAN	2	0	5.32681961629424	0	true
sp|Q9P000|COMD9_HUMAN	3	0	3.801966631548417	0	true
sp|Q9P003|CNIH4_HUMAN	1	0	8.17939668938747	0	true
sp|Q9P013|CWC15_HUMAN	2	0	6.2531179479000825	0	true
sp|Q9P015|RM15_HUMAN	4	0	4.7586183587662285	0	true
sp|Q9P032|NDUF4_HUMAN	4	0	3.5768701629951516	0	true
sp|Q9P035|HACD3_HUMAN	7	0	8.130563448437247	0	true
sp|Q9P086|MED11_HUMAN	1	0	2.3824745228175006	0	true
sp|Q9P0I2|EMC3_HUMAN	2	0	2.704625783065432	0	true
sp|Q9P0J0|NDUAD_HUMAN	4	0	4.73579360417211	0	true
sp|Q9P0L0|VAPA_HUMAN	8	1	8.363734027469222	0	true
sp|Q9P0M9|RM27_HUMAN	3	0	5.64079550503979	0	true
sp|Q9P0U3|SENP1_HUMAN	1	0	3.215863845844308	0	true
sp|Q9P0V9|SEP10_HUMAN	6	1	6.401060989179497	0	true
sp|Q9P253|VPS18_HUMAN	1	0	3.1234628858043236	0	true
sp|Q9P258|RCC2_HUMAN	18	0	10.980572030644957	0	true
sp|Q9P260|RELCH_HUMAN	2	0	3.607651363509965	0	true
sp|Q9P265|DIP2B_HUMAN	6	0	8.07681487755865	0	true
sp|Q9P270|SLAI2_HUMAN	2	0	2.7825992707955702	0	true
sp|Q9P275|UBP36_HUMAN	1	0	4.100482659011049	0	true
sp|Q9P287|BCCIP_HUMAN	7	0	7.29646586436142	0	true
sp|Q9P289|STK26_HUMAN	4	4	7.787436254959184	0	true
sp|Q9P2B2|FPRP_HUMAN	3	0	6.453579799542972	0	true
sp|Q9P2E9|RRBP1_HUMAN	14	0	6.3572688090986444	0	true
sp|Q9P2I0|CPSF2_HUMAN	4	0	5.659283874680844	0	true
sp|Q9P2J5|SYLC_HUMAN	32	0	8.976435013683094	0	true
sp|Q9P2N5|RBM27_HUMAN	6	1	4.874074756590718	0	true
sp|Q9P2R3|ANFY1_HUMAN	10	0	4.54623565885182	0	true
sp|Q9P2R7|SUCB1_HUMAN	9	0	6.016795020117722	0	true
sp|Q9P2T1|GMPR2_HUMAN	1	0	5.502319372629242	0	true
sp|Q9P2X0|DPM3_HUMAN	1	0	4.180633763003703	0	true
sp|Q9UBB4|ATX10_HUMAN	5	0	2.816940605644453	0	true
sp|Q9UBB5|MBD2_HUMAN	3	0	4.641853907583291	0	true
sp|Q9UBC2|EP15R_HUMAN	9	0	5.0975218430173	0	true
sp|Q9UBD5|ORC3_HUMAN	1	0	5.277621510747368	0	true
sp|Q9UBE0|SAE1_HUMAN	10	0	7.585879152098586	0	true
sp|Q9UBF2|COPG2_HUMAN	1	1	3.460293784717163	0	true
sp|Q9UBF6|RBX2_HUMAN	1	0	4.257427121055293	0	true
sp|Q9UBG0|MRC2_HUMAN	2	0	2.841816143405367	0	true
sp|Q9UBI1|COMD3_HUMAN	4	0	5.149079809743082	0	true
sp|Q9UBI6|GBG12_HUMAN	4	0	7.70763424766535	0	true
sp|Q9UBK8|MTRR_HUMAN	5	0	5.129608382490134	0	true
sp|Q9UBL3|ASH2L_HUMAN	3	0	5.266041923169664	0	true
sp|Q9UBM7|DHCR7_HUMAN	3	0	7.393967219602143	0	true
sp|Q9UBP6|TRMB_HUMAN	2	0	3.5096531821828307	0	true
sp|Q9UBQ0|VPS29_HUMAN	5	0	6.141959278513462	0	true
sp|Q9UBQ5|EIF3K_HUMAN	4	0	5.2459446441175155	0	true
sp|Q9UBQ7|GRHPR_HUMAN	5	0	7.778947327290991	0	true
sp|Q9UBR2|CATZ_HUMAN	2	0	4.096456496784995	0	true
sp|Q9UBS4|DJB11_HUMAN	8	0	9.102992689438656	0	true
sp|Q9UBT2|SAE2_HUMAN	13	0	9.057590904591812	0	true
sp|Q9UBU8|MO4L1_HUMAN	2	0	4.118753348652928	0	true
sp|Q9UBU9|NXF1_HUMAN	10	0	4.3468801960142995	0	true
sp|Q9UBV2|SE1L1_HUMAN	2	0	2.372372029705006	0	true
sp|Q9UBW8|CSN7A_HUMAN	3	0	4.915408732731604	0	true
sp|Q9UBX3|DIC_HUMAN	4	0	7.014529958498203	0	true
sp|Q9UDW1|QCR9_HUMAN	1	0	3.0211732809968312	0	true
sp|Q9UDY2|ZO2_HUMAN	8	0	6.58475925858413	0	true
sp|Q9UDY4|DNJB4_HUMAN	5	1	7.7725996235321775	0	true
sp|Q9UG63|ABCF2_HUMAN	17	0	8.710864757216273	0	true
sp|Q9UGI8|TES_HUMAN	16	0	6.13224183490387	0	true
sp|Q9UGK8|SRGEF_HUMAN	1	0	3.2858451297659315	0	true
sp|Q9UGN5|PARP2_HUMAN	1	0	3.79815836920835	0	true
sp|Q9UGP4|LIMD1_HUMAN	1	0	2.591678543741125	0	true
sp|Q9UGP8|SEC63_HUMAN	11	0	7.66077443295828	0	true
sp|Q9UGV2|NDRG3_HUMAN	5	0	7.961891495813081	0	true
sp|Q9UH65|SWP70_HUMAN	7	0	3.404018560892692	0	true
sp|Q9UH99|SUN2_HUMAN	2	0	2.5030235161971364	0	true
sp|Q9UHA3|RLP24_HUMAN	1	0	3.5008817886759367	0	true
sp|Q9UHA4|LTOR3_HUMAN	1	0	4.031017937644967	0	true
sp|Q9UHB6|LIMA1_HUMAN	9	0	5.350024305398321	0	true
sp|Q9UHB9|SRP68_HUMAN	12	0	7.174236293175654	0	true
sp|Q9UHD1|CHRD1_HUMAN	9	0	7.973575643157719	0	true
sp|Q9UHD8|SEPT9_HUMAN	18	1	8.635498659646228	0	true
sp|Q9UHD9|UBQL2_HUMAN	2	5	10.271961032442677	0	true
sp|Q9UHG3|PCYOX_HUMAN	11	0	8.003529741898435	0	true
sp|Q9UHI6|DDX20_HUMAN	4	0	5.177399185852695	0	true
sp|Q9UHQ4|BAP29_HUMAN	1	0	5.594116488228522	0	true
sp|Q9UHQ9|NB5R1_HUMAN	5	0	3.5000716692129727	0	true
sp|Q9UHR4|BI2L1_HUMAN	2	0	5.866744400366034	0	true
sp|Q9UHR5|S30BP_HUMAN	4	0	7.031839562511837	0	true
sp|Q9UHR6|ZNHI2_HUMAN	3	0	2.797659721318298	0	true
sp|Q9UHV9|PFD2_HUMAN	4	0	9.653019077455175	0	true
sp|Q9UHX1|PUF60_HUMAN	15	0	8.66372319781979	0	true
sp|Q9UHY1|NRBP_HUMAN	3	0	2.8851786583227916	0	true
sp|Q9UHY7|ENOPH_HUMAN	4	0	4.244893288527172	0	true
sp|Q9UI09|NDUAC_HUMAN	2	0	2.9510515793011476	0	true
sp|Q9UI10|EI2BD_HUMAN	7	0	5.842773409850618	0	true
sp|Q9UI30|TR112_HUMAN	3	0	7.845867081163333	0	true
sp|Q9UIA9|XPO7_HUMAN	13	0	6.928674152861864	0	true
sp|Q9UID3|VPS51_HUMAN	3	0	4.790029461904592	0	true
sp|Q9UIG0|BAZ1B_HUMAN	24	0	7.380081281528377	0	true
sp|Q9UII2|ATIF1_HUMAN	3	0	3.8129383088356423	0	true
sp|Q9UIJ7|KAD3_HUMAN	4	0	6.046589838357013	0	true
sp|Q9UIQ6|LCAP_HUMAN	7	0	3.7806377046033	0	true
sp|Q9UJ70|NAGK_HUMAN	7	0	7.557678667104577	0	true
sp|Q9UJ83|HACL1_HUMAN	6	0	3.2273494993628966	0	true
sp|Q9UJA5|TRM6_HUMAN	1	0	2.4102631134570482	0	true
sp|Q9UJC3|HOOK1_HUMAN	2	0	6.505182862013794	0	true
sp|Q9UJS0|S2513_HUMAN	10	5	8.278487235969074	0	true
sp|Q9UJU6|DBNL_HUMAN	12	0	7.508935445533833	0	true
sp|Q9UJW0|DCTN4_HUMAN	2	0	4.082903212951568	0	true
sp|Q9UJX2|CDC23_HUMAN	3	0	6.112740835829514	0	true
sp|Q9UJX3|APC7_HUMAN	8	0	6.502764134668409	0	true
sp|Q9UJZ1|STML2_HUMAN	8	0	8.702678665172911	0	true
sp|Q9UK22|FBX2_HUMAN	3	0	3.556943146088821	0	true
sp|Q9UK41|VPS28_HUMAN	3	0	4.305555849642017	0	true
sp|Q9UK58|CCNL1_HUMAN	1	0	3.7152835146563774	0	true
sp|Q9UK59|DBR1_HUMAN	7	0	4.067861149233279	0	true
sp|Q9UK76|JUPI1_HUMAN	5	0	6.848778942500829	0	true
sp|Q9UKD2|MRT4_HUMAN	11	0	5.765151558146883	0	true
sp|Q9UKF6|CPSF3_HUMAN	6	0	7.389359805619321	0	true
sp|Q9UKG1|DP13A_HUMAN	6	0	6.305600715340926	0	true
sp|Q9UKJ3|GPTC8_HUMAN	1	0	2.4467946612872233	0	true
sp|Q9UKK6|NXT1_HUMAN	2	0	4.650197075274459	0	true
sp|Q9UKK9|NUDT5_HUMAN	9	0	8.588046977977987	0	true
sp|Q9UKL0|RCOR1_HUMAN	6	0	6.023075259572674	0	true
sp|Q9UKM7|MA1B1_HUMAN	2	0	3.2441975197463075	0	true
sp|Q9UKM9|RALY_HUMAN	11	0	6.715591455166238	0	true
sp|Q9UKN8|TF3C4_HUMAN	13	0	5.684392420483678	0	true
sp|Q9UKS6|PACN3_HUMAN	9	0	10.220970088241078	0	true
sp|Q9UKV3|ACINU_HUMAN	19	0	6.7711994295495535	0	true
sp|Q9UKV8|AGO2_HUMAN	8	3	3.130786351593057	0	true
sp|Q9UKX7|NUP50_HUMAN	11	0	7.492628117192248	0	true
sp|Q9UKY7|CDV3_HUMAN	4	0	5.291181385841576	0	true
sp|Q9UKZ1|CNO11_HUMAN	2	0	5.006099577589234	0	true
sp|Q9UL03|INT6_HUMAN	1	0	3.1239026178620923	0	true
sp|Q9UL25|RAB21_HUMAN	6	0	6.480580575808447	0	true
sp|Q9UL26|RB22A_HUMAN	1	2	5.338896174833449	0	true
sp|Q9UL46|PSME2_HUMAN	6	0	7.4518825854416	0	true
sp|Q9ULA0|DNPEP_HUMAN	6	0	3.0712429104498917	0	true
sp|Q9ULF5|S39AA_HUMAN	2	0	4.376278479108935	0	true
sp|Q9ULI2|RIMKB_HUMAN	1	0	2.9704014256003988	0	true
sp|Q9ULQ1|TPC1_HUMAN	1	0	4.296492456358987	0	true
sp|Q9ULR0|ISY1_HUMAN	2	0	3.0724138276918174	0	true
sp|Q9ULT8|HECD1_HUMAN	4	0	3.221575801031843	0	true
sp|Q9ULV3|CIZ1_HUMAN	1	0	3.8399951084450294	0	true
sp|Q9ULV4|COR1C_HUMAN	14	0	7.214313094839233	0	true
sp|Q9ULW0|TPX2_HUMAN	3	0	2.4793396437589172	0	true
sp|Q9ULX3|NOB1_HUMAN	6	0	3.4101814263540753	0	true
sp|Q9ULX6|AKP8L_HUMAN	8	0	5.018889544330166	0	true
sp|Q9UM00|TMCO1_HUMAN	4	0	7.4676647797000255	0	true
sp|Q9UM54|MYO6_HUMAN	4	0	6.046975748269763	0	true
sp|Q9UMR5|PPT2_HUMAN	1	0	2.433314388483707	0	true
sp|Q9UMS4|PRP19_HUMAN	9	0	8.804029839470626	0	true
sp|Q9UMX0|UBQL1_HUMAN	5	6	7.423577188157483	0	true
sp|Q9UMX5|NENF_HUMAN	4	0	4.969819352633687	0	true
sp|Q9UMY1|UTP16_HUMAN	3	0	5.245098288956635	0	true
sp|Q9UMY4|SNX12_HUMAN	5	2	6.2368300448070295	0	true
sp|Q9UN37|VPS4A_HUMAN	2	2	5.514038412655842	0	true
sp|Q9UN86|G3BP2_HUMAN	7	1	6.2882743298490285	0	true
sp|Q9UNE7|CHIP_HUMAN	5	0	3.0268287400776765	0	true
sp|Q9UNF0|PACN2_HUMAN	8	0	3.7584838025747715	0	true
sp|Q9UNF1|MAGD2_HUMAN	4	0	4.51497744113263	0	true
sp|Q9UNH7|SNX6_HUMAN	6	0	4.7547798058919675	0	true
sp|Q9UNL2|SSRG_HUMAN	2	0	9.243197509819584	0	true
sp|Q9UNM6|PSD13_HUMAN	13	0	5.891884683393938	0	true
sp|Q9UNN5|FAF1_HUMAN	5	0	6.1763204025669305	0	true
sp|Q9UNN8|EPCR_HUMAN	1	0	4.362341988155898	0	true
sp|Q9UNP9|PPIE_HUMAN	3	0	3.4970264458804956	0	true
sp|Q9UNQ2|DIM1_HUMAN	7	0	6.793453693046512	0	true
sp|Q9UNS2|CSN3_HUMAN	7	0	7.455623597773726	0	true
sp|Q9UNX3|RL26L_HUMAN	1	7	8.513685020236169	0	true
sp|Q9UNX4|WDR3_HUMAN	8	0	3.732593370068977	0	true
sp|Q9UNZ2|NSF1C_HUMAN	7	0	8.507759238413835	0	true
sp|Q9UPN3|MACF1_HUMAN	14	1	3.321289502068584	0	true
sp|Q9UPN4|CP131_HUMAN	2	0	2.8825993952118125	0	true
sp|Q9UPN6|SCAF8_HUMAN	1	1	4.650049293689374	0	true
sp|Q9UPN7|PP6R1_HUMAN	4	0	4.0568476195985825	0	true
sp|Q9UPN9|TRI33_HUMAN	7	0	6.2725784406391645	0	true
sp|Q9UPP1|PHF8_HUMAN	2	0	2.890630185037464	0	true
sp|Q9UPQ0|LIMC1_HUMAN	16	0	8.067288340370366	0	true
sp|Q9UPT5|EXOC7_HUMAN	7	0	5.772985971043896	0	true
sp|Q9UPT8|ZC3H4_HUMAN	6	0	7.461475917723599	0	true
sp|Q9UPW0|FOXJ3_HUMAN	1	0	4.1129302028463	0	true
sp|Q9UQ35|SRRM2_HUMAN	20	0	7.562555759251977	0	true
sp|Q9UQ80|PA2G4_HUMAN	18	0	10.24163928007374	0	true
sp|Q9UQE7|SMC3_HUMAN	30	0	7.30045750087449	0	true
sp|Q9UQR0|SCML2_HUMAN	8	0	2.480286444680081	0	true
sp|Q9Y221|NIP7_HUMAN	4	0	7.277071368502671	0	true
sp|Q9Y223|GLCNE_HUMAN	6	0	3.4655099187168017	0	true
sp|Q9Y224|RTRAF_HUMAN	9	0	6.963718914060431	0	true
sp|Q9Y230|RUVB2_HUMAN	18	0	8.31609238811291	0	true
sp|Q9Y232|CDYL_HUMAN	3	0	4.776335488367267	0	true
sp|Q9Y237|PIN4_HUMAN	2	0	6.021347102059145	0	true
sp|Q9Y248|PSF2_HUMAN	1	0	2.749933196006537	0	true
sp|Q9Y262|EIF3L_HUMAN	15	0	8.340768204297158	0	true
sp|Q9Y263|PLAP_HUMAN	15	0	7.257132040416545	0	true
sp|Q9Y265|RUVB1_HUMAN	18	0	8.476786595727614	0	true
sp|Q9Y266|NUDC_HUMAN	17	0	8.12370345888221	0	true
sp|Q9Y277|VDAC3_HUMAN	9	0	8.836719666516519	0	true
sp|Q9Y281|COF2_HUMAN	6	1	8.717086865552194	0	true
sp|Q9Y282|ERGI3_HUMAN	4	0	3.6953943379718797	0	true
sp|Q9Y285|SYFA_HUMAN	5	0	8.798834605882856	0	true
sp|Q9Y291|RT33_HUMAN	1	0	3.779801030228208	0	true
sp|Q9Y295|DRG1_HUMAN	11	0	5.047586298473329	0	true
sp|Q9Y2A7|NCKP1_HUMAN	8	0	5.531621072724141	0	true
sp|Q9Y2B0|CNPY2_HUMAN	7	0	9.087335840591436	0	true
sp|Q9Y2H6|FND3A_HUMAN	5	0	3.585974702205757	0	true
sp|Q9Y2K7|KDM2A_HUMAN	5	0	4.308343820963574	0	true
sp|Q9Y2L1|RRP44_HUMAN	18	0	8.478833216648384	0	true
sp|Q9Y2P8|RCL1_HUMAN	4	0	3.188896589070116	0	true
sp|Q9Y2Q3|GSTK1_HUMAN	6	0	8.695131293608025	0	true
sp|Q9Y2Q5|LTOR2_HUMAN	2	0	2.3854685580176436	0	true
sp|Q9Y2Q9|RT28_HUMAN	4	0	4.348077022701063	0	true
sp|Q9Y2R4|DDX52_HUMAN	3	0	4.016759792063086	0	true
sp|Q9Y2R5|RT17_HUMAN	3	0	4.3300941653414275	0	true
sp|Q9Y2R9|RT07_HUMAN	7	0	5.544566569718155	0	true
sp|Q9Y2S7|PDIP2_HUMAN	7	0	5.389334804415278	0	true
sp|Q9Y2T2|AP3M1_HUMAN	4	0	5.311107686650975	0	true
sp|Q9Y2T3|GUAD_HUMAN	14	0	6.4106107224288795	0	true
sp|Q9Y2U8|MAN1_HUMAN	6	0	3.255362165339415	0	true
sp|Q9Y2V2|CHSP1_HUMAN	1	0	8.475177601302242	0	true
sp|Q9Y2W1|TR150_HUMAN	27	1	10.23622277302153	0	true
sp|Q9Y2W2|WBP11_HUMAN	9	0	4.578367733972908	0	true
sp|Q9Y2X3|NOP58_HUMAN	18	0	8.419398326871349	0	true
sp|Q9Y2X7|GIT1_HUMAN	3	0	4.3546228759010015	0	true
sp|Q9Y2Z0|SGT1_HUMAN	9	0	7.303197294664658	0	true
sp|Q9Y2Z4|SYYM_HUMAN	4	0	5.524405683558287	0	true
sp|Q9Y2Z9|COQ6_HUMAN	2	0	3.4905427503480637	0	true
sp|Q9Y305|ACOT9_HUMAN	11	0	6.749269502629573	0	true
sp|Q9Y314|NOSIP_HUMAN	4	0	4.8572655480762945	0	true
sp|Q9Y315|DEOC_HUMAN	8	0	5.640667087606742	0	true
sp|Q9Y316|MEMO1_HUMAN	3	0	4.496251523294298	0	true
sp|Q9Y333|LSM2_HUMAN	2	0	6.613448608550955	0	true
sp|Q9Y375|CIA30_HUMAN	3	0	3.8004078225828684	0	true
sp|Q9Y376|CAB39_HUMAN	5	0	3.264307024223309	0	true
sp|Q9Y383|LC7L2_HUMAN	7	3	9.09781306559524	0	true
sp|Q9Y394|DHRS7_HUMAN	4	0	7.060779629351627	0	true
sp|Q9Y399|RT02_HUMAN	4	0	3.59906432466436	0	true
sp|Q9Y3A2|UTP11_HUMAN	4	0	3.606769606151903	0	true
sp|Q9Y3A3|PHOCN_HUMAN	2	0	4.756337307538212	0	true
sp|Q9Y3A4|RRP7A_HUMAN	5	0	3.9146433197341697	0	true
sp|Q9Y3A5|SBDS_HUMAN	8	0	4.2374021747244015	0	true
sp|Q9Y3A6|TMED5_HUMAN	2	0	7.04738861663726	0	true
sp|Q9Y3B2|EXOS1_HUMAN	3	0	8.288997381098987	0	true
sp|Q9Y3B3|TMED7_HUMAN	4	0	6.269011024832053	0	true
sp|Q9Y3B4|SF3B6_HUMAN	4	0	6.9949636765816035	0	true
sp|Q9Y3B7|RM11_HUMAN	7	0	4.157450820500281	0	true
sp|Q9Y3B8|ORN_HUMAN	7	0	3.1290187498909865	0	true
sp|Q9Y3B9|RRP15_HUMAN	4	0	3.3500133600294193	0	true
sp|Q9Y3C4|TPRKB_HUMAN	2	0	2.368053519172021	0	true
sp|Q9Y3C6|PPIL1_HUMAN	4	0	6.56683247703911	0	true
sp|Q9Y3D0|CIA2B_HUMAN	3	0	7.113746066395297	0	true
sp|Q9Y3D6|FIS1_HUMAN	2	0	6.232188591924602	0	true
sp|Q9Y3D7|TIM16_HUMAN	2	0	3.4971803573098157	0	true
sp|Q9Y3D9|RT23_HUMAN	7	0	5.945321295054798	0	true
sp|Q9Y3E1|HDGR3_HUMAN	1	2	3.3613853705302463	0	true
sp|Q9Y3E5|PTH2_HUMAN	5	0	5.3124541589492384	0	true
sp|Q9Y3E7|CHMP3_HUMAN	3	0	3.4546430799289247	0	true
sp|Q9Y3F4|STRAP_HUMAN	13	0	10.122649364594674	0	true
sp|Q9Y3I0|RTCB_HUMAN	19	0	10.64918911931721	0	true
sp|Q9Y3I1|FBX7_HUMAN	1	0	2.800734127915207	0	true
sp|Q9Y3L5|RAP2C_HUMAN	2	1	3.8781962249007846	0	true
sp|Q9Y3P9|RBGP1_HUMAN	6	0	4.321926682475744	0	true
sp|Q9Y3S2|ZN330_HUMAN	1	0	3.0693275087105882	0	true
sp|Q9Y3T9|NOC2L_HUMAN	14	0	5.08148761385888	0	true
sp|Q9Y3U8|RL36_HUMAN	4	0	8.028084342106299	0	true
sp|Q9Y3Y2|CHTOP_HUMAN	4	0	8.525629377506808	0	true
sp|Q9Y3Z3|SAMH1_HUMAN	7	0	5.6106222752534975	0	true
sp|Q9Y446|PKP3_HUMAN	7	0	6.660554600954899	0	true
sp|Q9Y490|TLN1_HUMAN	63	7	10.064717620136788	0	true
sp|Q9Y4B6|DCAF1_HUMAN	4	0	4.018382126261002	0	true
sp|Q9Y4C8|RBM19_HUMAN	3	0	4.451054771621397	0	true
sp|Q9Y4E8|UBP15_HUMAN	10	0	6.654434943925336	0	true
sp|Q9Y4G6|TLN2_HUMAN	4	7	8.028553784642755	0	true
sp|Q9Y4H2|IRS2_HUMAN	4	0	5.8936577986680705	0	true
sp|Q9Y4L1|HYOU1_HUMAN	27	0	9.330745732298956	0	true
sp|Q9Y4P1|ATG4B_HUMAN	3	0	5.470294393874224	0	true
sp|Q9Y4P3|TBL2_HUMAN	7	0	6.84737780257104	0	true
sp|Q9Y4W2|LAS1L_HUMAN	11	0	5.751483647805403	0	true
sp|Q9Y4W6|AFG32_HUMAN	13	1	4.453129012130062	0	true
sp|Q9Y4X5|ARI1_HUMAN	6	0	4.244819602637255	0	true
sp|Q9Y4Z0|LSM4_HUMAN	4	0	7.010483058436134	0	true
sp|Q9Y508|RN114_HUMAN	2	0	5.234258198532942	0	true
sp|Q9Y512|SAM50_HUMAN	10	0	5.250091354869121	0	true
sp|Q9Y520|PRC2C_HUMAN	22	0	7.0508128427532775	0	true
sp|Q9Y547|IFT25_HUMAN	1	0	4.682445365590694	0	true
sp|Q9Y570|PPME1_HUMAN	8	0	5.702328266355417	0	true
sp|Q9Y580|RBM7_HUMAN	1	0	4.497980706312962	0	true
sp|Q9Y5A7|NUB1_HUMAN	3	0	3.4170324893719015	0	true
sp|Q9Y5A9|YTHD2_HUMAN	5	4	4.057932192669289	0	true
sp|Q9Y5B0|CTDP1_HUMAN	1	0	4.115593320042062	0	true
sp|Q9Y5B6|PAXB1_HUMAN	4	0	5.044897779896978	0	true
sp|Q9Y5B9|SP16H_HUMAN	30	0	10.13713938867271	0	true
sp|Q9Y5J1|UTP18_HUMAN	6	0	8.24615263206103	0	true
sp|Q9Y5J7|TIM9_HUMAN	3	0	5.439775108485781	0	true
sp|Q9Y5K5|UCHL5_HUMAN	12	0	7.892578327436678	0	true
sp|Q9Y5K8|VATD_HUMAN	2	0	3.5828689588211704	0	true
sp|Q9Y5L0|TNPO3_HUMAN	9	0	5.713925529841519	0	true
sp|Q9Y5L4|TIM13_HUMAN	5	0	9.402723710068583	0	true
sp|Q9Y5M8|SRPRB_HUMAN	8	0	8.791729378719875	0	true
sp|Q9Y5P4|CERT_HUMAN	5	0	5.740129265616441	0	true
sp|Q9Y5Q9|TF3C3_HUMAN	2	0	4.20372195496465	0	true
sp|Q9Y5S2|MRCKB_HUMAN	11	0	3.445277477260508	0	true
sp|Q9Y5S9|RBM8A_HUMAN	6	0	9.690706768573136	0	true
sp|Q9Y5X1|SNX9_HUMAN	5	0	5.95165852144866	0	true
sp|Q9Y5X3|SNX5_HUMAN	6	0	5.369351735258328	0	true
sp|Q9Y5Y2|NUBP2_HUMAN	1	0	2.8169395098123013	0	true
sp|Q9Y5Z4|HEBP2_HUMAN	1	0	4.001531301974151	0	true
sp|Q9Y605|MOFA1_HUMAN	1	0	5.679845887573961	0	true
sp|Q9Y606|PUS1_HUMAN	10	0	7.245203058678783	0	true
sp|Q9Y608|LRRF2_HUMAN	2	0	5.584891512117374	0	true
sp|Q9Y613|FHOD1_HUMAN	5	0	4.840572407721395	0	true
sp|Q9Y617|SERC_HUMAN	15	0	9.107057547003512	0	true
sp|Q9Y639|NPTN_HUMAN	2	0	4.815668562297767	0	true
sp|Q9Y676|RT18B_HUMAN	3	0	5.189310993422501	0	true
sp|Q9Y678|COPG1_HUMAN	18	1	7.722841964873444	0	true
sp|Q9Y679|AUP1_HUMAN	2	0	2.5144989404426754	0	true
sp|Q9Y696|CLIC4_HUMAN	10	0	9.384497770305444	0	true
sp|Q9Y697|NFS1_HUMAN	5	0	5.771528179439133	0	true
sp|Q9Y6A4|CFA20_HUMAN	3	0	2.447385717227155	0	true
sp|Q9Y6B6|SAR1B_HUMAN	2	2	4.144315741489174	0	true
sp|Q9Y6C9|MTCH2_HUMAN	11	0	7.75683775674558	0	true
sp|Q9Y6D5|BIG2_HUMAN	3	5	2.6187585338541424	0	true
sp|Q9Y6D6|BIG1_HUMAN	3	5	5.370951951006068	0	true
sp|Q9Y6D9|MD1L1_HUMAN	7	0	3.009256975519759	0	true
sp|Q9Y6E0|STK24_HUMAN	3	4	7.787436254959184	0	true
sp|Q9Y6E2|5MP1_HUMAN	6	1	6.448490009063247	0	true
sp|Q9Y6G3|RM42_HUMAN	3	0	2.7834396576430955	0	true
sp|Q9Y6G5|COMDA_HUMAN	2	0	2.673315953694164	0	true
sp|Q9Y6G9|DC1L1_HUMAN	9	1	6.747573983618919	0	true
sp|Q9Y6I3|EPN1_HUMAN	5	0	4.407610910588687	0	true
sp|Q9Y6I4|UBP3_HUMAN	5	0	3.9076907155352494	0	true
sp|Q9Y6K0|CEPT1_HUMAN	1	0	4.056825854248609	0	true
sp|Q9Y6K5|OAS3_HUMAN	8	0	5.8211189780617065	0	true
sp|Q9Y6K9|NEMO_HUMAN	5	0	3.5539866491974084	0	true
sp|Q9Y6M0|TEST_HUMAN	5	0	2.4809610264486652	0	true
sp|Q9Y6M5|ZNT1_HUMAN	4	0	2.705782831224401	0	true
sp|Q9Y6M9|NDUB9_HUMAN	4	0	4.199652609723132	0	true
sp|Q9Y6N5|SQOR_HUMAN	15	0	6.357950672618519	0	true
sp|Q9Y6W3|CAN7_HUMAN	3	0	3.8319498379064254	0	true
sp|Q9Y6W5|WASF2_HUMAN	3	0	3.1189344249031525	0	true
sp|Q9Y6Y8|S23IP_HUMAN	9	0	3.3667384042620268	0	true
sp|A0A3B3IRV3|MCTS2_HUMAN;sp|Q9ULC4|MCTS1_HUMAN	2	0	2.272512863854861	0.00025157232704402514	true
sp|A3KN83|SBNO1_HUMAN	3	0	1.6410519714444478	0.00025157232704402514	true
sp|A5YM69|ARG35_HUMAN;sp|Q12774|ARHG5_HUMAN;tr|A0A2R8YFR7|A0A2R8YFR7_HUMAN;tr|A0A5F9ZGZ6|A0A5F9ZGZ6_HUMAN	1	0	2.1374633448251283	0.00025157232704402514	true
sp|A6NKF1|SAC31_HUMAN	1	0	2.2682064196985943	0.00025157232704402514	true
sp|C4AMC7|WASH3_HUMAN;sp|Q6VEQ5|WASH2_HUMAN	1	1	1.9080965591225976	0.00025157232704402514	true
sp|O00141|SGK1_HUMAN	1	0	1.5268328225763224	0.00025157232704402514	true
sp|O00178|GTPB1_HUMAN	4	0	2.151025076716068	0.00025157232704402514	true
sp|O00244|ATOX1_HUMAN	1	0	1.7378769977310382	0.00025157232704402514	true
sp|O00411|RPOM_HUMAN	2	0	1.937364715050477	0.00025157232704402514	true
sp|O00443|P3C2A_HUMAN	5	0	1.6442985691197276	0.00025157232704402514	true
sp|O00471|EXOC5_HUMAN	1	0	1.5023723319733648	0.00025157232704402514	true
sp|O00750|P3C2B_HUMAN	1	0	1.788690092380946	0.00025157232704402514	true
sp|O14493|CLD4_HUMAN;sp|O15551|CLD3_HUMAN;sp|O95484|CLD9_HUMAN;sp|P56747|CLD6_HUMAN	1	0	2.2786860615351783	0.00025157232704402514	true
sp|O14497|ARI1A_HUMAN	3	0	1.842737931050871	0.00025157232704402514	true
sp|O14735|CDIPT_HUMAN	1	0	2.071669045802834	0.00025157232704402514	true
sp|O14920|IKKB_HUMAN	5	0	1.7924493605395397	0.00025157232704402514	true
sp|O14965|AURKA_HUMAN	1	0	2.0912149437617185	0.00025157232704402514	true
sp|O14976|GAK_HUMAN	1	0	1.6417759331914468	0.00025157232704402514	true
sp|O15013|ARHGA_HUMAN;sp|Q9HCE6|ARGAL_HUMAN	1	0	2.2011814397084635	0.00025157232704402514	true
sp|O15120|PLCB_HUMAN	1	0	1.7391904146275772	0.00025157232704402514	true
sp|O15446|RPA34_HUMAN	2	0	1.6182802796559055	0.00025157232704402514	true
sp|O15504|NUP42_HUMAN	1	0	1.9653755956580814	0.00025157232704402514	true
sp|O43414|ERI3_HUMAN	2	0	1.5038434218101306	0.00025157232704402514	true
sp|O43422|P52K_HUMAN	2	0	2.0476879940679873	0.00025157232704402514	true
sp|O43617|TPPC3_HUMAN	5	0	2.1387586397064084	0.00025157232704402514	true
sp|O43819|SCO2_HUMAN	1	0	1.8790135292885932	0.00025157232704402514	true
sp|O43929|ORC4_HUMAN	4	0	1.537630677372699	0.00025157232704402514	true
sp|O60244|MED14_HUMAN	3	0	2.130980022342592	0.00025157232704402514	true
sp|O60504|VINEX_HUMAN	4	0	2.1518739660644313	0.00025157232704402514	true
sp|O60566|BUB1B_HUMAN	3	0	1.5389988786243909	0.00025157232704402514	true
sp|O60645|EXOC3_HUMAN	2	0	1.4809382158369426	0.00025157232704402514	true
sp|O60671|RAD1_HUMAN	1	0	1.9327596947450527	0.00025157232704402514	true
sp|O60825|F262_HUMAN	2	0	2.1251846671951102	0.00025157232704402514	true
sp|O60826|CCD22_HUMAN	5	0	2.1924586262628587	0.00025157232704402514	true
sp|O60927|PP1RB_HUMAN	1	0	2.235221676267698	0.00025157232704402514	true
sp|O75146|HIP1R_HUMAN	4	0	2.0756379829264007	0.00025157232704402514	true
sp|O75167_p_target|PHAR2_HUMAN_p_target	1	0	2.2337358913627434	0.00025157232704402514	true
sp|O75191|XYLB_HUMAN	1	0	1.9784572697393403	0.00025157232704402514	true
sp|O75554|WBP4_HUMAN	3	0	1.904449369834473	0.00025157232704402514	true
sp|O75718|CRTAP_HUMAN	6	0	2.258692781570496	0.00025157232704402514	true
sp|O75794|CD123_HUMAN	1	0	1.8031312594608901	0.00025157232704402514	true
sp|O94880|PHF14_HUMAN	1	0	1.5829392997715872	0.00025157232704402514	true
sp|O94901|SUN1_HUMAN	2	0	1.740775585693113	0.00025157232704402514	true
sp|O94915|FRYL_HUMAN	4	0	1.5590205110418345	0.00025157232704402514	true
sp|O95049|ZO3_HUMAN	1	0	1.9719704790418795	0.00025157232704402514	true
sp|O95081|AGFG2_HUMAN	2	0	1.94612877750425	0.00025157232704402514	true
sp|O95169|NDUB8_HUMAN	1	0	2.083637069184706	0.00025157232704402514	true
sp|O95208|EPN2_HUMAN	2	0	1.8793321898579516	0.00025157232704402514	true
sp|O95243|MBD4_HUMAN	1	0	1.5910083369081574	0.00025157232704402514	true
sp|O95251|KAT7_HUMAN	3	0	1.8037302174048004	0.00025157232704402514	true
sp|O95298|NDUC2_HUMAN	2	0	2.3414334701773916	0.00025157232704402514	true
sp|O95391|SLU7_HUMAN	2	0	1.9269860511972718	0.00025157232704402514	true
sp|O95415|BRI3_HUMAN	1	0	2.0901721851988757	0.00025157232704402514	true
sp|O95707|RPP29_HUMAN	2	0	1.562668307947613	0.00025157232704402514	true
sp|O95749|GGPPS_HUMAN	1	0	1.8738648466182681	0.00025157232704402514	true
sp|O95758_p_target|PTBP3_HUMAN_p_target;sp|P26599_p_target|PTBP1_HUMAN_p_target	1	0	1.6039488740891858	0.00025157232704402514	true
sp|O95825|QORL1_HUMAN	1	0	1.8585698385367182	0.00025157232704402514	true
sp|O95989|NUDT3_HUMAN	1	0	2.3506438605358726	0.00025157232704402514	true
sp|O96013|PAK4_HUMAN	3	0	1.9167979803477537	0.00025157232704402514	true
sp|P02751|FINC_HUMAN	4	0	2.0210036349433405	0.00025157232704402514	true
sp|P02794|FRIH_HUMAN	1	0	2.3005984890233733	0.00025157232704402514	true
sp|P07093|GDN_HUMAN	1	0	2.323058998949697	0.00025157232704402514	true
sp|P07942|LAMB1_HUMAN	4	0	1.9889118801331418	0.00025157232704402514	true
sp|P07948|LYN_HUMAN	3	0	1.5896278441250897	0.00025157232704402514	true
sp|P07992|ERCC1_HUMAN	1	0	1.9768893886554504	0.00025157232704402514	true
sp|P09382_p_target|LEG1_HUMAN_p_target	1	0	1.6723920783941002	0.00025157232704402514	true
sp|P0C0L4|CO4A_HUMAN;sp|P0C0L5|CO4B_HUMAN	3	0	1.9770851592661716	0.00025157232704402514	true
sp|P0DI81|TPC2A_HUMAN;sp|P0DI82|TPC2B_HUMAN	1	0	1.6201177713667998	0.00025157232704402514	true
sp|P11182|ODB2_HUMAN	3	0	1.8780834614884616	0.00025157232704402514	true
sp|P13051|UNG_HUMAN	1	0	1.7804729086556266	0.00025157232704402514	true
sp|P15924_p_target|DESP_HUMAN_p_target	2	0	1.6402644778565358	0.00025157232704402514	true
sp|P17568|NDUB7_HUMAN	1	0	1.905614460300173	0.00025157232704402514	true
sp|P20936|RASA1_HUMAN	1	0	2.254237403757614	0.00025157232704402514	true
sp|P21359|NF1_HUMAN	2	0	1.721174056134076	0.00025157232704402514	true
sp|P22033|MUTA_HUMAN	5	0	2.244594538403356	0.00025157232704402514	true
sp|P26038_p_target|MOES_HUMAN_p_target	1	0	1.5139452648765255	0.00025157232704402514	true
sp|P26440|IVD_HUMAN	5	0	2.0568749007134914	0.00025157232704402514	true
sp|P27707|DCK_HUMAN	2	0	1.9803495566241842	0.00025157232704402514	true
sp|P29374|ARI4A_HUMAN	1	0	1.6049098468810503	0.00025157232704402514	true
sp|P29992|GNA11_HUMAN	3	0	1.6032465016443567	0.00025157232704402514	true
sp|P35573|GDE_HUMAN	5	0	1.8217867486163102	0.00025157232704402514	true
sp|P36915_p_target|GNL1_HUMAN_p_target	1	0	2.104826287461734	0.00025157232704402514	true
sp|P42892|ECE1_HUMAN	3	0	1.6255492777338028	0.00025157232704402514	true
sp|P49116|NR2C2_HUMAN	1	0	2.347976958883467	0.00025157232704402514	true
sp|P49441|INPP_HUMAN	2	0	2.1148558927703864	0.00025157232704402514	true
sp|P49888|ST1E1_HUMAN	1	0	2.2683411633370905	0.00025157232704402514	true
sp|P49917|DNLI4_HUMAN	2	0	2.1799845239863083	0.00025157232704402514	true
sp|P50151|GBG10_HUMAN	1	0	2.1005026501430417	0.00025157232704402514	true
sp|P50747|BPL1_HUMAN	1	0	2.3446574522636703	0.00025157232704402514	true
sp|P50991_p_target|TCPD_HUMAN_p_target	1	0	1.5198469175895577	0.00025157232704402514	true
sp|P51397|DAP1_HUMAN	1	0	1.7508722278490896	0.00025157232704402514	true
sp|P51452|DUS3_HUMAN	2	0	1.6878456781064157	0.00025157232704402514	true
sp|P51649|SSDH_HUMAN	2	0	1.7195129177647825	0.00025157232704402514	true
sp|P51948|MAT1_HUMAN	1	0	1.7874064775618121	0.00025157232704402514	true
sp|P52435|RPB11_HUMAN;sp|Q9GZM3|RPB1B_HUMAN;sp|Q9H1A7|RPB1C_HUMAN	1	0	2.1421171980619524	0.00025157232704402514	true
sp|P53350|PLK1_HUMAN	1	0	1.7273748769335533	0.00025157232704402514	true
sp|P53367|ARFP1_HUMAN	4	0	2.110827703439691	0.00025157232704402514	true
sp|P54098|DPOG1_HUMAN	1	0	2.1661043424089197	0.00025157232704402514	true
sp|P54619|AAKG1_HUMAN	1	0	2.093633550375114	0.00025157232704402514	true
sp|P54802|ANAG_HUMAN	1	0	2.297321654830867	0.00025157232704402514	true
sp|P55081|MFAP1_HUMAN	2	1	1.651768117920801	0.00025157232704402514	true
sp|P55199|ELL_HUMAN	1	0	1.99413113972688	0.00025157232704402514	true
sp|P62487|RPB7_HUMAN	3	0	2.3428625253286954	0.00025157232704402514	true
sp|P63098|CANB1_HUMAN	3	0	1.5303787673852915	0.00025157232704402514	true
sp|P78345|RPP38_HUMAN	5	0	2.0638764004840304	0.00025157232704402514	true
sp|P78563|RED1_HUMAN	2	0	1.7482255949629157	0.00025157232704402514	true
sp|P80217|IN35_HUMAN	2	0	2.294477491994634	0.00025157232704402514	true
sp|P98160|PGBM_HUMAN	2	0	1.6407699416238344	0.00025157232704402514	true
sp|P98175_p_target|RBM10_HUMAN_p_target	1	0	1.8304607946177682	0.00025157232704402514	true
sp|Q00403|TF2B_HUMAN	2	0	1.6945440452144271	0.00025157232704402514	true
sp|Q03164|KMT2A_HUMAN	3	0	1.918016864619703	0.00025157232704402514	true
sp|Q04446_p_target|GLGB_HUMAN_p_target	1	0	1.6458308769395138	0.00025157232704402514	true
sp|Q04656|ATP7A_HUMAN	2	0	1.9493295797926673	0.00025157232704402514	true
sp|Q04721|NOTC2_HUMAN	3	0	1.6941630598512625	0.00025157232704402514	true
sp|Q05209|PTN12_HUMAN	3	0	2.052496732638583	0.00025157232704402514	true
sp|Q05932|FOLC_HUMAN	1	0	1.8564808487463356	0.00025157232704402514	true
sp|Q08209|PP2BA_HUMAN	4	0	2.0442061920649053	0.00025157232704402514	true
sp|Q08722|CD47_HUMAN	1	0	1.904334142412266	0.00025157232704402514	true
sp|Q09472|EP300_HUMAN	2	3	1.6894962857658942	0.00025157232704402514	true
sp|Q12802|AKP13_HUMAN	4	0	1.8979371611939249	0.00025157232704402514	true
sp|Q12857|NFIA_HUMAN	1	1	1.792166241569871	0.00025157232704402514	true
sp|Q12894|IFRD2_HUMAN	1	0	2.1520745176990994	0.00025157232704402514	true
sp|Q12899|TRI26_HUMAN	1	0	1.9072632493350183	0.00025157232704402514	true
sp|Q12913|PTPRJ_HUMAN	3	0	1.5173748555494435	0.00025157232704402514	true
sp|Q13043|STK4_HUMAN	2	0	1.814408977333669	0.00025157232704402514	true
sp|Q13111|CAF1A_HUMAN	2	0	1.9953519738704741	0.00025157232704402514	true
sp|Q13190|STX5_HUMAN	3	0	1.7378322603171656	0.00025157232704402514	true
sp|Q13416|ORC2_HUMAN	2	0	1.9278153415209554	0.00025157232704402514	true
sp|Q13438|OS9_HUMAN	3	0	2.0581348896487435	0.00025157232704402514	true
sp|Q13459|MYO9B_HUMAN	3	0	1.8161930576766219	0.00025157232704402514	true
sp|Q13485|SMAD4_HUMAN	4	0	1.8439793889820937	0.00025157232704402514	true
sp|Q13555|KCC2G_HUMAN	2	0	2.1755665341759585	0.00025157232704402514	true
sp|Q13952|NFYC_HUMAN	1	0	2.074181674768176	0.00025157232704402514	true
sp|Q14031|CO4A6_HUMAN	1	0	1.5173884874258576	0.00025157232704402514	true
sp|Q14146|URB2_HUMAN	3	0	2.052681482800103	0.00025157232704402514	true
sp|Q14186|TFDP1_HUMAN	1	0	1.7948985747227493	0.00025157232704402514	true
sp|Q14376|GALE_HUMAN	4	0	2.204696240553171	0.00025157232704402514	true
sp|Q14493|SLBP_HUMAN	1	0	1.532768885786099	0.00025157232704402514	true
sp|Q14562|DHX8_HUMAN	4	1	1.8703358533784054	0.00025157232704402514	true
sp|Q14653|IRF3_HUMAN	3	0	1.8407907912711863	0.00025157232704402514	true
sp|Q14674_p_target|ESPL1_HUMAN_p_target	1	0	2.0479294975296978	0.00025157232704402514	true
sp|Q14789_p_target|GOGB1_HUMAN_p_target;sp|Q9NZW5_p_target|PALS2_HUMAN_p_target	1	0	1.865771229768395	0.00025157232704402514	true
sp|Q15036|SNX17_HUMAN	1	0	1.572895945059702	0.00025157232704402514	true
sp|Q15043|S39AE_HUMAN	1	0	1.8842426365903246	0.00025157232704402514	true
sp|Q15208|STK38_HUMAN	3	0	2.043109929211026	0.00025157232704402514	true
sp|Q15287_p_target|RNPS1_HUMAN_p_target	1	0	1.4934450608679375	0.00025157232704402514	true
sp|Q15361|TTF1_HUMAN	1	0	1.5644103762574677	0.00025157232704402514	true
sp|Q15386|UBE3C_HUMAN	3	0	2.0990139597643918	0.00025157232704402514	true
sp|Q15398|DLGP5_HUMAN	1	0	1.826885812288819	0.00025157232704402514	true
sp|Q15582|BGH3_HUMAN	2	0	2.338641134522766	0.00025157232704402514	true
sp|Q15642|CIP4_HUMAN	6	0	1.8437734416677858	0.00025157232704402514	true
sp|Q15648|MED1_HUMAN	5	0	1.4807869391437896	0.00025157232704402514	true
sp|Q16512|PKN1_HUMAN	2	1	1.8102935402093048	0.00025157232704402514	true
sp|Q16626|MEA1_HUMAN	1	0	1.6946627825245022	0.00025157232704402514	true
sp|Q16772|GSTA3_HUMAN	1	0	2.2196387545090666	0.00025157232704402514	true
sp|Q32NB8|PGPS1_HUMAN	1	0	2.1237405443089057	0.00025157232704402514	true
sp|Q49B96|COX19_HUMAN	1	0	2.194799247295413	0.00025157232704402514	true
sp|Q4ZIN3|MBRL_HUMAN	1	0	1.6617121095618412	0.00025157232704402514	true
sp|Q53EP0|FND3B_HUMAN	4	0	2.2263015230614838	0.00025157232704402514	true
sp|Q53FA7|QORX_HUMAN	5	0	1.750073289993724	0.00025157232704402514	true
sp|Q5JU69|TOR2A_HUMAN	1	0	2.0773182282389295	0.00025157232704402514	true
sp|Q5K651|SAMD9_HUMAN	2	0	1.8942594829129356	0.00025157232704402514	true
sp|Q5SNT2|TM201_HUMAN	1	0	1.892960352335806	0.00025157232704402514	true
sp|Q5T2D3_p_target|OTUD3_HUMAN_p_target	1	0	1.5591387846857152	0.00025157232704402514	true
sp|Q5T5X7|BEND3_HUMAN	1	0	1.8266880197358837	0.00025157232704402514	true
sp|Q5T5Y3|CAMP1_HUMAN	1	0	1.554411320856066	0.00025157232704402514	true
sp|Q5TC12|ATPF1_HUMAN	1	0	1.992564876751081	0.00025157232704402514	true
sp|Q5VSL9|STRP1_HUMAN	1	0	2.01250627103163	0.00025157232704402514	true
sp|Q5VVQ6|OTU1_HUMAN	1	0	1.642228042470654	0.00025157232704402514	true
sp|Q5VW36|FOCAD_HUMAN	2	0	2.0066369763943617	0.00025157232704402514	true
sp|Q5VWQ8|DAB2P_HUMAN;sp|Q9UJF2|NGAP_HUMAN	1	0	1.9494249559989285	0.00025157232704402514	true
sp|Q5VYS8|TUT7_HUMAN	2	0	2.3192754571224503	0.00025157232704402514	true
sp|Q5XPI4_p_target|RN123_HUMAN_p_target	1	0	1.774862833784574	0.00025157232704402514	true
sp|Q643R3|LPCT4_HUMAN	1	0	1.7821470149816685	0.00025157232704402514	true
sp|Q66K14|TBC9B_HUMAN	1	0	1.4856414053125528	0.00025157232704402514	true
sp|Q68CP9|ARID2_HUMAN	1	0	1.9731268196524538	0.00025157232704402514	true
sp|Q68CZ6|HAUS3_HUMAN	1	0	2.050883929997635	0.00025157232704402514	true
sp|Q68D91|MBLC2_HUMAN	1	0	1.942468760512386	0.00025157232704402514	true
sp|Q68EM7|RHG17_HUMAN	3	0	1.4936851489966818	0.00025157232704402514	true
sp|Q69YN4|VIR_HUMAN	1	0	2.0186653662298695	0.00025157232704402514	true
sp|Q6DD88_p_target|ATLA3_HUMAN_p_target	1	0	1.785391881713722	0.00025157232704402514	true
sp|Q6GQQ9|OTU7B_HUMAN	1	0	1.6496843413779776	0.00025157232704402514	true
sp|Q6NUM9|RETST_HUMAN	4	0	1.5000517356361505	0.00025157232704402514	true
sp|Q6NXT1|ANR54_HUMAN	1	0	2.273925278815927	0.00025157232704402514	true
sp|Q6NZ67|MZT2B_HUMAN;sp|Q6P582|MZT2A_HUMAN	1	0	2.1371011905662267	0.00025157232704402514	true
sp|Q6NZY4|ZCHC8_HUMAN	4	0	2.141218633087374	0.00025157232704402514	true
sp|Q6P1Q9|MET2B_HUMAN	1	0	1.4995276817356218	0.00025157232704402514	true
sp|Q6P2C8|MED27_HUMAN	1	0	2.1992728535646275	0.00025157232704402514	true
sp|Q6PCB5|RSBNL_HUMAN	4	0	1.6097643023658994	0.00025157232704402514	true
sp|Q6PGP7|SKI3_HUMAN	3	0	1.5998891438151068	0.00025157232704402514	true
sp|Q6ULP2|AFTIN_HUMAN	1	0	1.868905650784034	0.00025157232704402514	true
sp|Q6UW68|TM205_HUMAN	1	0	2.0706169819443954	0.00025157232704402514	true
sp|Q6UX04|CWC27_HUMAN	2	0	1.6885003780559515	0.00025157232704402514	true
sp|Q6WCQ1|MPRIP_HUMAN	1	0	1.7755559154562037	0.00025157232704402514	true
sp|Q6WKZ4|RFIP1_HUMAN	3	0	1.9938266598416554	0.00025157232704402514	true
sp|Q6ZSR9|YJ005_HUMAN	1	0	2.1929100003705817	0.00025157232704402514	true
sp|Q6ZXV5|TMTC3_HUMAN	1	0	1.6823275890583584	0.00025157232704402514	true
sp|Q6ZYL4|TF2H5_HUMAN	1	0	1.6321272999390282	0.00025157232704402514	true
sp|Q709C8|VP13C_HUMAN	2	0	2.297251377322438	0.00025157232704402514	true
sp|Q712K3|UB2R2_HUMAN	1	0	1.7011681357018638	0.00025157232704402514	true
sp|Q76FK4|NOL8_HUMAN	5	0	1.8036937494101588	0.00025157232704402514	true
sp|Q7L5Y9|MAEA_HUMAN	2	0	1.7508734765699372	0.00025157232704402514	true
sp|Q7L8L6|FAKD5_HUMAN	1	0	1.5535715461725856	0.00025157232704402514	true
sp|Q7LBR1|CHM1B_HUMAN	1	0	1.757625235647581	0.00025157232704402514	true
sp|Q7Z309|PBIR2_HUMAN	1	0	1.9187212940277703	0.00025157232704402514	true
sp|Q7Z3U7|MON2_HUMAN	5	0	1.9139635180221652	0.00025157232704402514	true
sp|Q7Z4H7|HAUS6_HUMAN	1	0	2.2999704321059076	0.00025157232704402514	true
sp|Q7Z569|BRAP_HUMAN	1	0	1.6160540129118461	0.00025157232704402514	true
sp|Q86SQ0|PHLB2_HUMAN	4	0	1.504793698812912	0.00025157232704402514	true
sp|Q86T03|PP4P1_HUMAN	3	0	2.254415642444086	0.00025157232704402514	true
sp|Q86TM6|SYVN1_HUMAN	1	0	1.7202810214874493	0.00025157232704402514	true
sp|Q86UL3|GPAT4_HUMAN	1	0	1.8109856639235786	0.00025157232704402514	true
sp|Q86UX7|URP2_HUMAN	1	0	1.5837629300421965	0.00025157232704402514	true
sp|Q86VN1|VPS36_HUMAN	3	0	2.0958627121176967	0.00025157232704402514	true
sp|Q86VU5|CMTD1_HUMAN	1	0	2.0681868289896865	0.00025157232704402514	true
sp|Q86X83|COMD2_HUMAN	1	0	2.3502675028485416	0.00025157232704402514	true
sp|Q86XI2|CNDG2_HUMAN	2	0	1.5085370277452261	0.00025157232704402514	true
sp|Q8IU81|I2BP1_HUMAN	6	0	1.89151712387412	0.00025157232704402514	true
sp|Q8IUD2_p_target|RB6I2_HUMAN_p_target	2	0	1.8907481323256772	0.00025157232704402514	true
sp|Q8IUR7|ARMC8_HUMAN	2	0	1.6978970822083075	0.00025157232704402514	true
sp|Q8IV48|ERI1_HUMAN	1	0	1.556908837150744	0.00025157232704402514	true
sp|Q8IVD9|NUDC3_HUMAN	4	0	2.323631303242579	0.00025157232704402514	true
sp|Q8IWV7|UBR1_HUMAN	2	0	1.9782004921063785	0.00025157232704402514	true
sp|Q8IXB1|DJC10_HUMAN	2	0	2.1759434479768274	0.00025157232704402514	true
sp|Q8IXQ3|CI040_HUMAN	2	0	1.853356475089426	0.00025157232704402514	true
sp|Q8IXQ4|GPAM1_HUMAN	2	0	2.1867816606245047	0.00025157232704402514	true
sp|Q8IXT5|RB12B_HUMAN	6	0	2.300731518652311	0.00025157232704402514	true
sp|Q8IY95|TM192_HUMAN	2	0	2.257204369182132	0.00025157232704402514	true
sp|Q8IZ81_p_target|ELMD2_HUMAN_p_target	2	0	1.836119065549339	0.00025157232704402514	true
sp|Q8N129|CNPY4_HUMAN	1	0	1.5574948087546372	0.00025157232704402514	true
sp|Q8N1G0|ZN687_HUMAN	1	0	1.727530205483212	0.00025157232704402514	true
sp|Q8N201|INT1_HUMAN	4	0	1.9512110570472878	0.00025157232704402514	true
sp|Q8N2G8|GHDC_HUMAN	4	0	2.10304357352239	0.00025157232704402514	true
sp|Q8N4Q1|MIA40_HUMAN	4	0	2.1965284202647015	0.00025157232704402514	true
sp|Q8N5C7|DTWD1_HUMAN	1	0	1.684576238428895	0.00025157232704402514	true
sp|Q8N5D0|WDTC1_HUMAN	1	0	2.1039426527149243	0.00025157232704402514	true
sp|Q8N5F7|NKAP_HUMAN	1	0	2.1118166674680188	0.00025157232704402514	true
sp|Q8N5I4|DHRSX_HUMAN	1	0	2.2320730667273656	0.00025157232704402514	true
sp|Q8N5M1|ATPF2_HUMAN	1	0	1.8551048820916565	0.00025157232704402514	true
sp|Q8N5M4|TTC9C_HUMAN	1	0	1.856391939974479	0.00025157232704402514	true
sp|Q8N983|RM43_HUMAN	4	0	1.6937373349756102	0.00025157232704402514	true
sp|Q8NBA8|DTWD2_HUMAN	1	0	1.8409417555458298	0.00025157232704402514	true
sp|Q8ND24|RN214_HUMAN	2	0	1.6146786256378183	0.00025157232704402514	true
sp|Q8NDZ4|DIK2A_HUMAN	2	0	1.6673993185514373	0.00025157232704402514	true
sp|Q8NE71_p_target|ABCF1_HUMAN_p_target	2	0	2.2213458385319513	0.00025157232704402514	true
sp|Q8NE86|MCU_HUMAN	4	0	2.0630822367303474	0.00025157232704402514	true
sp|Q8NEZ4_p_target|KMT2C_HUMAN_p_target	1	0	1.6483465728318902	0.00025157232704402514	true
sp|Q8NFH8|REPS2_HUMAN	1	0	2.21385116125215	0.00025157232704402514	true
sp|Q8NHM5|KDM2B_HUMAN	1	0	1.7885906489643115	0.00025157232704402514	true
sp|Q8NI37|PPTC7_HUMAN	2	0	1.4836881829500255	0.00025157232704402514	true
sp|Q8TED1|GPX8_HUMAN	2	0	2.0307583453660225	0.00025157232704402514	true
sp|Q8WUB8|PHF10_HUMAN	2	0	1.7601986666214795	0.00025157232704402514	true
sp|Q8WUD4|CCD12_HUMAN	2	0	1.4825032487952075	0.00025157232704402514	true
sp|Q8WVK2|SNR27_HUMAN	1	0	1.8460942314277204	0.00025157232704402514	true
sp|Q8WVM0|TFB1M_HUMAN	2	0	1.7603278678912948	0.00025157232704402514	true
sp|Q8WW22|DNJA4_HUMAN	1	0	1.9184568644988413	0.00025157232704402514	true
sp|Q8WZ82|OVCA2_HUMAN	1	0	1.753550957651007	0.00025157232704402514	true
sp|Q92485|ASM3B_HUMAN	1	0	1.9872003154242968	0.00025157232704402514	true
sp|Q92547|TOPB1_HUMAN	1	0	1.8588741203410928	0.00025157232704402514	true
sp|Q92572|AP3S1_HUMAN	1	0	1.8676907337493796	0.00025157232704402514	true
sp|Q92575|UBXN4_HUMAN	2	0	1.7414575473666598	0.00025157232704402514	true
sp|Q92667|AKAP1_HUMAN	4	0	2.202992013462596	0.00025157232704402514	true
sp|Q92805|GOGA1_HUMAN	4	0	1.536431148020232	0.00025157232704402514	true
sp|Q92896|GSLG1_HUMAN	5	0	2.00055038271091	0.00025157232704402514	true
sp|Q93034|CUL5_HUMAN	1	0	1.6702017740364208	0.00025157232704402514	true
sp|Q93050|VPP1_HUMAN	5	0	2.27759436044973	0.00025157232704402514	true
sp|Q969E8|TSR2_HUMAN	1	0	1.73005886306588	0.00025157232704402514	true
sp|Q969P0|IGSF8_HUMAN	1	0	1.5714415748742496	0.00025157232704402514	true
sp|Q969Y2|GTPB3_HUMAN	2	0	1.9992911277323853	0.00025157232704402514	true
sp|Q96A35|RM24_HUMAN	4	0	2.16691793282406	0.00025157232704402514	true
sp|Q96AT1|K1143_HUMAN	1	0	1.4869765855931611	0.00025157232704402514	true
sp|Q96BR5|COA7_HUMAN	3	0	2.2946977508161504	0.00025157232704402514	true
sp|Q96DA6|TIM14_HUMAN	2	0	1.907106414538414	0.00025157232704402514	true
sp|Q96DB5|RMD1_HUMAN	2	0	2.1447372012013664	0.00025157232704402514	true
sp|Q96DE0|NUD16_HUMAN;sp|Q9BRJ7|TIRR_HUMAN	1	0	2.303529798654491	0.00025157232704402514	true
sp|Q96DV4|RM38_HUMAN	6	0	2.3000790853245756	0.00025157232704402514	true
sp|Q96G46|DUS3L_HUMAN	4	0	2.3101977906460616	0.00025157232704402514	true
sp|Q96GA3|LTV1_HUMAN	3	0	2.048697235349467	0.00025157232704402514	true
sp|Q96GD4|AURKB_HUMAN	1	0	1.6358434316532398	0.00025157232704402514	true
sp|Q96GM5|SMRD1_HUMAN	3	0	1.6941086730844224	0.00025157232704402514	true
sp|Q96IZ0|PAWR_HUMAN	5	0	2.146449596086427	0.00025157232704402514	true
sp|Q96JG6|VPS50_HUMAN	3	0	1.6675777779556165	0.00025157232704402514	true
sp|Q96LR5|UB2E2_HUMAN	3	0	2.166600381224994	0.00025157232704402514	true
sp|Q96ME7|ZN512_HUMAN	1	0	1.8937237827347138	0.00025157232704402514	true
sp|Q96PU5|NED4L_HUMAN	2	0	2.073150765846165	0.00025157232704402514	true
sp|Q96QU8|XPO6_HUMAN	4	0	2.3522038139121264	0.00025157232704402514	true
sp|Q96RN5|MED15_HUMAN	2	0	2.1304807017823033	0.00025157232704402514	true
sp|Q96RQ3|MCCA_HUMAN	1	0	2.271933914741774	0.00025157232704402514	true
sp|Q96S55|WRIP1_HUMAN	5	0	1.914773994517004	0.00025157232704402514	true
sp|Q96SL1|DIRC2_HUMAN	1	0	2.0946658777690295	0.00025157232704402514	true
sp|Q96SY0|INT14_HUMAN	3	0	2.065368163119327	0.00025157232704402514	true
sp|Q96T58|MINT_HUMAN	5	0	1.595474639428389	0.00025157232704402514	true
sp|Q99757|THIOM_HUMAN	2	0	2.055563382215199	0.00025157232704402514	true
sp|Q99996|AKAP9_HUMAN	1	0	1.6975286910831322	0.00025157232704402514	true
sp|Q9BQ95|ECSIT_HUMAN	1	0	1.631909199467921	0.00025157232704402514	true
sp|Q9BQG2|NUD12_HUMAN	1	0	1.6723808195613916	0.00025157232704402514	true
sp|Q9BR61|ACBD6_HUMAN	1	0	1.6411102912006317	0.00025157232704402514	true
sp|Q9BRG1|VPS25_HUMAN	2	0	1.9555789587749546	0.00025157232704402514	true
sp|Q9BSH5|HDHD3_HUMAN	1	0	2.0321272608713032	0.00025157232704402514	true
sp|Q9BSR8|YIPF4_HUMAN	1	0	1.9414883694917158	0.00025157232704402514	true
sp|Q9BT40|INP5K_HUMAN	1	0	1.6326308283102657	0.00025157232704402514	true
sp|Q9BT73|PSMG3_HUMAN	3	0	1.7351444775334477	0.00025157232704402514	true
sp|Q9BTD8|RBM42_HUMAN	2	0	1.5428787364382437	0.00025157232704402514	true
sp|Q9BUB7|TMM70_HUMAN	3	0	1.8948097249796372	0.00025157232704402514	true
sp|Q9BUK0|CHCH7_HUMAN	1	0	2.2796412635180694	0.00025157232704402514	true
sp|Q9BUK6|MSTO1_HUMAN	2	0	2.004845905193773	0.00025157232704402514	true
sp|Q9BUM1|G6PC3_HUMAN	1	0	2.164852614765382	0.00025157232704402514	true
sp|Q9BUR4|TCAB1_HUMAN	1	0	2.0653978809429048	0.00025157232704402514	true
sp|Q9BUZ4|TRAF4_HUMAN	1	0	1.9560457568663985	0.00025157232704402514	true
sp|Q9BW19|KIFC1_HUMAN	2	0	1.5207115183638364	0.00025157232704402514	true
sp|Q9BWH2|FUND2_HUMAN	1	0	2.07317949616701	0.00025157232704402514	true
sp|Q9BXS1|IDI2_HUMAN	0	2	1.5613314528884856	0.00025157232704402514	true
sp|Q9BXS9|S26A6_HUMAN	1	0	2.107876519416277	0.00025157232704402514	true
sp|Q9BXW6|OSBL1_HUMAN	1	0	1.91288337343844	0.00025157232704402514	true
sp|Q9BY89|K1671_HUMAN	1	0	2.1051808337043543	0.00025157232704402514	true
sp|Q9BYC9|RM20_HUMAN	3	0	2.2329944542005022	0.00025157232704402514	true
sp|Q9BYX2|TBD2A_HUMAN	1	0	2.2121227348357433	0.00025157232704402514	true
sp|Q9BZL1|UBL5_HUMAN	1	0	2.328206704970338	0.00025157232704402514	true
sp|Q9C0E8|LNP_HUMAN	2	0	2.113181560994119	0.00025157232704402514	true
sp|Q9GZP4|PITH1_HUMAN	3	0	1.9431666139876738	0.00025157232704402514	true
sp|Q9GZP8|IMUP_HUMAN	2	0	1.943724497845563	0.00025157232704402514	true
sp|Q9H0G5|NSRP1_HUMAN	2	0	2.2769024073009088	0.00025157232704402514	true
sp|Q9H0H5|RGAP1_HUMAN	3	0	2.27504804658149	0.00025157232704402514	true
sp|Q9H0K6|PUS7L_HUMAN	3	0	2.02971329436341	0.00025157232704402514	true
sp|Q9H0W8|SMG9_HUMAN	1	0	2.1627074299338482	0.00025157232704402514	true
sp|Q9H1A4|APC1_HUMAN	4	0	1.627755008930384	0.00025157232704402514	true
sp|Q9H1K0|RBNS5_HUMAN	2	0	1.9613447029179332	0.00025157232704402514	true
sp|Q9H223|EHD4_HUMAN	5	0	2.1250640415111914	0.00025157232704402514	true
sp|Q9H267|VP33B_HUMAN	2	0	1.542374330003464	0.00025157232704402514	true
sp|Q9H3G5|CPVL_HUMAN	2	0	1.9865937795793982	0.00025157232704402514	true
sp|Q9H3S7|PTN23_HUMAN	7	0	2.1666658078175023	0.00025157232704402514	true
sp|Q9H4G0|E41L1_HUMAN	6	1	2.1805698581943087	0.00025157232704402514	true
sp|Q9H4I3|TRABD_HUMAN	1	0	2.0120759074206434	0.00025157232704402514	true
sp|Q9H7D0|DOCK5_HUMAN	4	0	2.333949757945163	0.00025157232704402514	true
sp|Q9H7E2|TDRD3_HUMAN	2	0	1.692560709767137	0.00025157232704402514	true
sp|Q9H832|UBE2Z_HUMAN	4	0	2.3531212146124365	0.00025157232704402514	true
sp|Q9H857|NT5D2_HUMAN	1	0	1.6369293718510418	0.00025157232704402514	true
sp|Q9H9C1|SPE39_HUMAN	2	0	1.5764999470167211	0.00025157232704402514	true
sp|Q9H9Q2|CSN7B_HUMAN	2	0	1.494139599692263	0.00025157232704402514	true
sp|Q9HA47|UCK1_HUMAN	1	0	1.5416652287716075	0.00025157232704402514	true
sp|Q9HA64|KT3K_HUMAN	2	0	1.9538958893221452	0.00025157232704402514	true
sp|Q9HBH5|RDH14_HUMAN	3	0	1.6455503323011766	0.00025157232704402514	true
sp|Q9HC21|TPC_HUMAN	2	0	2.0828321301911257	0.00025157232704402514	true
sp|Q9HCE5|MET14_HUMAN	1	0	1.7086874977764708	0.00025157232704402514	true
sp|Q9HD45_p_target|TM9S3_HUMAN_p_target	1	0	1.9621585014529244	0.00025157232704402514	true
sp|Q9NPQ8|RIC8A_HUMAN	4	0	2.131299517697314	0.00025157232704402514	true
sp|Q9NQG5_p_target|RPR1B_HUMAN_p_target	1	0	1.645522416173233	0.00025157232704402514	true
sp|Q9NR19|ACSA_HUMAN	2	0	2.1008873200889804	0.00025157232704402514	true
sp|Q9NRL3|STRN4_HUMAN	1	0	1.9457144940878106	0.00025157232704402514	true
sp|Q9NUQ6|SPS2L_HUMAN	1	0	1.554056118170876	0.00025157232704402514	true
sp|Q9NVE7|PANK4_HUMAN	2	0	1.526106325747903	0.00025157232704402514	true
sp|Q9NVN8|GNL3L_HUMAN	1	0	1.880150608256846	0.00025157232704402514	true
sp|Q9NVR5|KTU_HUMAN	2	0	1.5017068086496483	0.00025157232704402514	true
sp|Q9NVU7|SDA1_HUMAN	6	0	2.2263954899633327	0.00025157232704402514	true
sp|Q9NVX2|NLE1_HUMAN	5	0	2.3485508431930397	0.00025157232704402514	true
sp|Q9NVX7|KBTB4_HUMAN	1	0	2.310074400528085	0.00025157232704402514	true
sp|Q9NWB6|ARGL1_HUMAN	4	0	2.0529840298903	0.00025157232704402514	true
sp|Q9NWY4|HPF1_HUMAN	3	0	2.1282636184300374	0.00025157232704402514	true
sp|Q9NX55|HYPK_HUMAN	4	0	1.9349279655920877	0.00025157232704402514	true
sp|Q9NXF7|DCA16_HUMAN	1	0	2.1586853032409365	0.00025157232704402514	true
sp|Q9NXS2|QPCTL_HUMAN	1	0	1.815794634837142	0.00025157232704402514	true
sp|Q9NYU1|UGGG2_HUMAN	1	2	1.5577230813333565	0.00025157232704402514	true
sp|Q9NZD8|SPG21_HUMAN	1	0	1.7659758055997272	0.00025157232704402514	true
sp|Q9NZM5|NOP53_HUMAN	1	0	1.7748372653679176	0.00025157232704402514	true
sp|Q9NZQ3_p_target|SPN90_HUMAN_p_target	1	0	2.214594543931217	0.00025157232704402514	true
sp|Q9NZQ3|SPN90_HUMAN	4	0	2.345056629515611	0.00025157232704402514	true
sp|Q9P013_p_target|CWC15_HUMAN_p_target	1	0	1.893517777424265	0.00025157232704402514	true
sp|Q9P016|THYN1_HUMAN	3	0	2.1978450693301643	0.00025157232704402514	true
sp|Q9P0J7|KCMF1_HUMAN	2	0	2.286880928443413	0.00025157232704402514	true
sp|Q9P107|GMIP_HUMAN	2	0	1.5640286604942841	0.00025157232704402514	true
sp|Q9UBB6|NCDN_HUMAN	1	0	1.765225720428254	0.00025157232704402514	true
sp|Q9UBB9|TFP11_HUMAN	2	0	2.0869580418407563	0.00025157232704402514	true
sp|Q9UEE9|CFDP1_HUMAN	3	0	2.2234745474663313	0.00025157232704402514	true
sp|Q9UEG4|ZN629_HUMAN	1	1	1.4992324037750833	0.00025157232704402514	true
sp|Q9UFN0|NPS3A_HUMAN	3	0	2.1280175530687293	0.00025157232704402514	true
sp|Q9UFW8|CGBP1_HUMAN	2	0	2.255223699168958	0.00025157232704402514	true
sp|Q9UG63_p_target|ABCF2_HUMAN_p_target	1	0	2.179017242957894	0.00025157232704402514	true
sp|Q9UGJ1|GCP4_HUMAN	2	0	2.3028506366215256	0.00025157232704402514	true
sp|Q9UH62|ARMX3_HUMAN	1	0	1.8816454731406596	0.00025157232704402514	true
sp|Q9UHL4|DPP2_HUMAN	2	0	2.0042615485025994	0.00025157232704402514	true
sp|Q9UI26|IPO11_HUMAN	6	0	2.1531766234769054	0.00025157232704402514	true
sp|Q9UIS9|MBD1_HUMAN	1	0	1.8114930578435144	0.00025157232704402514	true
sp|Q9UIV1|CNOT7_HUMAN	2	0	2.0417683935205804	0.00025157232704402514	true
sp|Q9UJ41|RABX5_HUMAN	1	0	1.762183488049478	0.00025157232704402514	true
sp|Q9UJX6|ANC2_HUMAN	2	0	2.0481726564124925	0.00025157232704402514	true
sp|Q9UK99|FBX3_HUMAN	1	0	1.8865663654484124	0.00025157232704402514	true
sp|Q9UL15|BAG5_HUMAN	4	0	1.6121434880654055	0.00025157232704402514	true
sp|Q9UL33|TPC2L_HUMAN	2	0	1.7177908164566322	0.00025157232704402514	true
sp|Q9ULC5|ACSL5_HUMAN	3	0	1.4893147903378203	0.00025157232704402514	true
sp|Q9ULJ3|ZBT21_HUMAN	2	0	1.6876703780025946	0.00025157232704402514	true
sp|Q9ULK4|MED23_HUMAN	6	0	1.936292273557333	0.00025157232704402514	true
sp|Q9UNI6|DUS12_HUMAN	3	0	1.4953271460227204	0.00025157232704402514	true
sp|Q9UQ13|SHOC2_HUMAN	1	0	2.2377722796447177	0.00025157232704402514	true
sp|Q9UQ90|SPG7_HUMAN	3	0	2.2391788856226893	0.00025157232704402514	true
sp|Q9Y266_p_target|NUDC_HUMAN_p_target	2	0	1.7814253068841972	0.00025157232704402514	true
sp|Q9Y2C4|EXOG_HUMAN	1	0	2.2933279944332012	0.00025157232704402514	true
sp|Q9Y2J4|AMOL2_HUMAN	1	0	1.6355540154013288	0.00025157232704402514	true
sp|Q9Y312|AAR2_HUMAN	1	0	1.9752932753412786	0.00025157232704402514	true
sp|Q9Y324|FCF1_HUMAN	3	0	1.7200779142699332	0.00025157232704402514	true
sp|Q9Y3C1|NOP16_HUMAN	2	0	2.088357345715726	0.00025157232704402514	true
sp|Q9Y3C8|UFC1_HUMAN	2	0	1.9501007777416812	0.00025157232704402514	true
sp|Q9Y4A5|TRRAP_HUMAN	3	0	1.4941252746825706	0.00025157232704402514	true
sp|Q9Y4K1|CRBG1_HUMAN	2	0	1.546349625575561	0.00025157232704402514	true
sp|Q9Y4R8|TELO2_HUMAN	2	0	2.3179959043982383	0.00025157232704402514	true
sp|Q9Y530|OARD1_HUMAN	3	0	1.7354577015673465	0.00025157232704402514	true
sp|Q9Y5J6|T10B_HUMAN	1	0	1.9361715030305622	0.00025157232704402514	true
sp|Q9Y5K6|CD2AP_HUMAN	5	0	2.284034472740743	0.00025157232704402514	true
sp|Q9Y5P6|GMPPB_HUMAN	4	0	2.335673551795035	0.00025157232704402514	true
sp|Q9Y617_p_target|SERC_HUMAN_p_target	1	0	1.771248673648031	0.00025157232704402514	true
sp|Q9Y624|JAM1_HUMAN	2	0	2.1486674564369896	0.00025157232704402514	true
sp|Q9Y653|AGRG1_HUMAN	1	0	1.5337389564393142	0.00025157232704402514	true
sp|Q9Y657|SPIN1_HUMAN	1	0	2.2259486336334984	0.00025157232704402514	true
sp|Q9Y666|S12A7_HUMAN	1	0	2.320737182857004	0.00025157232704402514	true
sp|Q9Y673|ALG5_HUMAN	3	0	2.209105916195908	0.00025157232704402514	true
sp|Q9Y6I9|TX264_HUMAN	1	0	2.165477840872858	0.00025157232704402514	true
sp|A0FGR8_p_target|ESYT2_HUMAN_p_target	1	0	1.1699952743300719	0.00044752741105392703	true
sp|A3KMH1_p_target|VWA8_HUMAN_p_target	1	0	0.9522305695613269	0.00044752741105392703	true
sp|A4D1E9|GTPBA_HUMAN	1	0	0.9909822802691479	0.00044752741105392703	true
sp|A7E2V4|ZSWM8_HUMAN	2	0	0.7579238091541596	0.00044752741105392703	true
sp|B2RPK0_p_target|HGB1A_HUMAN_p_target;sp|P09429_p_target|HMGB1_HUMAN_p_target	1	0	0.8134458298831361	0.00044752741105392703	true
sp|E9PRG8|CK098_HUMAN	1	0	0.6194084874919215	0.00044752741105392703	true
sp|O00151|PDLI1_HUMAN	3	0	1.329910054434353	0.00044752741105392703	true
sp|O00165|HAX1_HUMAN	3	0	0.7849500067193398	0.00044752741105392703	true
sp|O00303_p_target|EIF3F_HUMAN_p_target	1	0	0.9891806655459612	0.00044752741105392703	true
sp|O00401|WASL_HUMAN	1	0	1.3409675188268064	0.00044752741105392703	true
sp|O00562_p_target|PITM1_HUMAN_p_target	1	0	0.7920862644139083	0.00044752741105392703	true
sp|O14617_p_target|AP3D1_HUMAN_p_target	1	0	1.0950472044091932	0.00044752741105392703	true
sp|O14730|RIOK3_HUMAN	2	0	1.1676583699476435	0.00044752741105392703	true
sp|O14757|CHK1_HUMAN	2	0	0.6310669812474465	0.00044752741105392703	true
sp|O14763|TR10B_HUMAN	2	0	1.380085565289542	0.00044752741105392703	true
sp|O14910_p_target|LIN7A_HUMAN_p_target;sp|Q9NUP9_p_target|LIN7C_HUMAN_p_target	1	0	0.7160443154330016	0.00044752741105392703	true
sp|O14936|CSKP_HUMAN	3	0	0.7213929334772806	0.00044752741105392703	true
sp|O14983_p_target|AT2A1_HUMAN_p_target	1	0	0.6776022155898096	0.00044752741105392703	true
sp|O15111_p_target|IKKA_HUMAN_p_target	2	0	0.5349155808262116	0.00044752741105392703	true
sp|O15111|IKKA_HUMAN	4	0	1.1653641194280262	0.00044752741105392703	true
sp|O15164|TIF1A_HUMAN	4	0	1.152780908657116	0.00044752741105392703	true
sp|O15228|GNPAT_HUMAN	2	0	1.2105621020549784	0.00044752741105392703	true
sp|O15231|ZN185_HUMAN	1	0	1.2928219577139317	0.00044752741105392703	true
sp|O15269|SPTC1_HUMAN	3	0	1.0899465012074216	0.00044752741105392703	true
sp|O15455_p_target|TLR3_HUMAN_p_target	2	0	0.5103586564533711	0.00044752741105392703	true
sp|O15460|P4HA2_HUMAN	3	0	0.5320770865970691	0.00044752741105392703	true
sp|O43242_p_target|PSMD3_HUMAN_p_target	1	0	0.8581355456556234	0.00044752741105392703	true
sp|O43318|M3K7_HUMAN	1	0	0.9896384187968432	0.00044752741105392703	true
sp|O43688|PLPP2_HUMAN	1	0	1.2035990603000226	0.00044752741105392703	true
sp|O43715|TRIA1_HUMAN	1	0	0.87550758450637	0.00044752741105392703	true
sp|O43716|GATC_HUMAN	1	0	0.6741885186967256	0.00044752741105392703	true
sp|O43920_p_target|NDUS5_HUMAN_p_target	1	0	0.6087486574820122	0.00044752741105392703	true
sp|O60292_p_target|SI1L3_HUMAN_p_target	1	0	0.757445220786714	0.00044752741105392703	true
sp|O60293|ZC3H1_HUMAN	1	0	0.8081621387502831	0.00044752741105392703	true
sp|O60318|GANP_HUMAN	1	0	1.3483354691716736	0.00044752741105392703	true
sp|O60499|STX10_HUMAN	3	0	1.439971670804854	0.00044752741105392703	true
sp|O60610_p_target|DIAP1_HUMAN_p_target	1	0	0.9020486982158522	0.00044752741105392703	true
sp|O60783|RT14_HUMAN	1	0	0.653461223054048	0.00044752741105392703	true
sp|O60826_p_target|CCD22_HUMAN_p_target	1	0	0.8647945073159188	0.00044752741105392703	true
sp|O60870|KIN17_HUMAN	1	0	1.2482740183615568	0.00044752741105392703	true
sp|O75175|CNOT3_HUMAN	1	0	0.7652118349824286	0.00044752741105392703	true
sp|O75410|TACC1_HUMAN;sp|O95359|TACC2_HUMAN	1	0	1.2688578695251533	0.00044752741105392703	true
sp|O75448|MED24_HUMAN	2	0	1.4465001181724044	0.00044752741105392703	true
sp|O75530|EED_HUMAN	3	0	1.2114526497015812	0.00044752741105392703	true
sp|O75665|OFD1_HUMAN	1	0	0.6151738797806969	0.00044752741105392703	true
sp|O75787|RENR_HUMAN	3	0	1.1233391705998637	0.00044752741105392703	true
sp|O75832_p_target|PSD10_HUMAN_p_target	1	0	0.7607987904398903	0.00044752741105392703	true
sp|O75884|RBBP9_HUMAN	1	0	1.0619609669108128	0.00044752741105392703	true
sp|O75976|CBPD_HUMAN	3	0	1.1212664531437475	0.00044752741105392703	true
sp|O94763|RMP_HUMAN	1	0	0.7577809978414365	0.00044752741105392703	true
sp|O94822_p_target|LTN1_HUMAN_p_target	1	0	0.9082610795429911	0.00044752741105392703	true
sp|O94887|FARP2_HUMAN	1	0	1.3197913687758929	0.00044752741105392703	true
sp|O95070|YIF1A_HUMAN	1	0	1.0361230484318495	0.00044752741105392703	true
sp|O95139|NDUB6_HUMAN	2	0	1.4030291598184572	0.00044752741105392703	true
sp|O95159|ZFPL1_HUMAN	2	0	0.8512947207270224	0.00044752741105392703	true
sp|O95202_p_target|LETM1_HUMAN_p_target	2	0	1.1726217978720945	0.00044752741105392703	true
sp|O95487|SC24B_HUMAN	1	1	1.2531890775758059	0.00044752741105392703	true
sp|O95602_p_target|RPA1_HUMAN_p_target	1	0	0.8264787078680891	0.00044752741105392703	true
sp|O95714|HERC2_HUMAN	1	0	1.1426609611722518	0.00044752741105392703	true
sp|O95721|SNP29_HUMAN	2	0	1.0076779596342387	0.00044752741105392703	true
sp|O96028_p_target|NSD2_HUMAN_p_target	1	0	0.7493839905881182	0.00044752741105392703	true
sp|P01024_p_target|CO3_HUMAN_p_target	1	0	1.4751764374081004	0.00044752741105392703	true
sp|P03905|NU4M_HUMAN	1	0	0.9827743058554765	0.00044752741105392703	true
sp|P03923|NU6M_HUMAN	1	0	0.6929958975261479	0.00044752741105392703	true
sp|P04114|APOB_HUMAN	1	0	0.8198859703386382	0.00044752741105392703	true
sp|P04181_p_target|OAT_HUMAN_p_target	1	0	0.9637515009979623	0.00044752741105392703	true
sp|P04818|TYSY_HUMAN	1	0	0.7263570061528303	0.00044752741105392703	true
sp|P05423|RPC4_HUMAN	1	0	1.0642291961131964	0.00044752741105392703	true
sp|P05549|AP2A_HUMAN;sp|Q6VUC0|AP2E_HUMAN	1	0	0.6633768690258112	0.00044752741105392703	true
sp|P06280|AGAL_HUMAN	3	0	1.1909230509896411	0.00044752741105392703	true
sp|P07947|YES_HUMAN	1	0	0.7612845937328774	0.00044752741105392703	true
sp|P08069|IGF1R_HUMAN	4	0	0.9897892679695978	0.00044752741105392703	true
sp|P08238_p_target|HS90B_HUMAN_p_target;sp|Q58FF6_p_target|H90B4_HUMAN_p_target;sp|Q58FF8_p_target|H90B2_HUMAN_p_target	1	0	1.1010903946396513	0.00044752741105392703	true
sp|P08581|MET_HUMAN	1	0	0.6887860665196054	0.00044752741105392703	true
sp|P09758|TACD2_HUMAN	1	0	0.8093539341257333	0.00044752741105392703	true
sp|P09884_p_target|DPOLA_HUMAN_p_target	1	0	0.853712785735027	0.00044752741105392703	true
sp|P0DMM9_p_target|ST1A3_HUMAN_p_target;sp|P0DMN0_p_target|ST1A4_HUMAN_p_target	1	0	1.2313943957235565	0.00044752741105392703	true
sp|P11171|EPB41_HUMAN	3	1	1.3156294276313734	0.00044752741105392703	true
sp|P12111|CO6A3_HUMAN	1	0	1.3445473776392338	0.00044752741105392703	true
sp|P12429_p_target|ANXA3_HUMAN_p_target	1	0	1.2061695249491922	0.00044752741105392703	true
sp|P14625_p_target|ENPL_HUMAN_p_target	1	0	0.6425499923118199	0.00044752741105392703	true
sp|P14635|CCNB1_HUMAN	2	0	1.4094014449781722	0.00044752741105392703	true
sp|P15151|PVR_HUMAN	1	0	1.2106163463445023	0.00044752741105392703	true
sp|P15313_p_target|VATB1_HUMAN_p_target;sp|P21281_p_target|VATB2_HUMAN_p_target	1	0	0.8936379495425614	0.00044752741105392703	true
sp|P15336|ATF2_HUMAN	1	0	0.7786111853270192	0.00044752741105392703	true
sp|P17544|ATF7_HUMAN	1	0	1.1776729371326409	0.00044752741105392703	true
sp|P19086|GNAZ_HUMAN	1	0	0.812489211723958	0.00044752741105392703	true
sp|P19793|RXRA_HUMAN;sp|P28702|RXRB_HUMAN;sp|P48443|RXRG_HUMAN	1	0	0.632670613800979	0.00044752741105392703	true
sp|P20933|ASPG_HUMAN	1	0	0.6609684160791451	0.00044752741105392703	true
sp|P20936_p_target|RASA1_HUMAN_p_target	2	0	1.2176780118307928	0.00044752741105392703	true
sp|P24821|TENA_HUMAN	1	0	1.4649889801407996	0.00044752741105392703	true
sp|P25098|ARBK1_HUMAN;sp|P35626|ARBK2_HUMAN	1	0	0.8656266697962762	0.00044752741105392703	true
sp|P27986|P85A_HUMAN	1	0	0.7551901609631322	0.00044752741105392703	true
sp|P28715|ERCC5_HUMAN	2	0	1.2554856580492748	0.00044752741105392703	true
sp|P29083|T2EA_HUMAN	2	0	1.085142756998896	0.00044752741105392703	true
sp|P29372|3MG_HUMAN	3	0	1.2723343206025004	0.00044752741105392703	true
sp|P30038|AL4A1_HUMAN	1	0	0.7682421553342764	0.00044752741105392703	true
sp|P30414_p_target|NKTR_HUMAN_p_target	1	0	1.2007994379575992	0.00044752741105392703	true
sp|P30530|UFO_HUMAN	1	0	0.985423168710847	0.00044752741105392703	true
sp|P30536|TSPO_HUMAN	1	0	1.1307422298529837	0.00044752741105392703	true
sp|P30711|GSTT1_HUMAN	1	0	1.1759795247992564	0.00044752741105392703	true
sp|P31947_p_target|1433S_HUMAN_p_target	1	0	1.2471394925471853	0.00044752741105392703	true
sp|P32121|ARRB2_HUMAN	2	0	1.3890409302863813	0.00044752741105392703	true
sp|P35226|BMI1_HUMAN	1	0	0.9204191377227233	0.00044752741105392703	true
sp|P35579_p_target|MYH9_HUMAN_p_target	1	0	0.9644197671213381	0.00044752741105392703	true
sp|P35790_p_target|CHKA_HUMAN_p_target	1	0	0.8706442066852791	0.00044752741105392703	true
sp|P36507_p_target|MP2K2_HUMAN_p_target	1	0	0.7959958185026702	0.00044752741105392703	true
sp|P42694|HELZ_HUMAN	1	0	0.6680113160492839	0.00044752741105392703	true
sp|P43487_p_target|RANG_HUMAN_p_target	1	0	0.9336477027307849	0.00044752741105392703	true
sp|P43490_p_target|NAMPT_HUMAN_p_target	1	0	0.6503972482432056	0.00044752741105392703	true
sp|P46013_p_target|KI67_HUMAN_p_target	1	0	0.9103970978437104	0.00044752741105392703	true
sp|P46976_p_target|GLYG_HUMAN_p_target	1	0	0.6205703801782793	0.00044752741105392703	true
sp|P48681|NEST_HUMAN	2	0	1.1533903280843256	0.00044752741105392703	true
sp|P48723|HSP13_HUMAN	2	0	1.4570578415744733	0.00044752741105392703	true
sp|P48740|MASP1_HUMAN	2	0	1.2720479656867476	0.00044752741105392703	true
sp|P49662|CASP4_HUMAN	1	0	1.3682843820922839	0.00044752741105392703	true
sp|P49840|GSK3A_HUMAN	2	1	1.3958223121365687	0.00044752741105392703	true
sp|P49848|TAF6_HUMAN	2	0	1.206171309068126	0.00044752741105392703	true
sp|P51784_p_target|UBP11_HUMAN_p_target	1	0	0.6238814987246932	0.00044752741105392703	true
sp|P51784|UBP11_HUMAN	5	0	1.3614362895837588	0.00044752741105392703	true
sp|P53801|PTTG_HUMAN	2	0	1.3864582756153254	0.00044752741105392703	true
sp|P54198|HIRA_HUMAN	1	0	1.3623486261637963	0.00044752741105392703	true
sp|P55039_p_target|DRG2_HUMAN_p_target	1	0	0.744625955642729	0.00044752741105392703	true
sp|P55789|ALR_HUMAN	2	0	1.3672849301774144	0.00044752741105392703	true
sp|P55884_p_target|EIF3B_HUMAN_p_target	1	0	1.0275333399101731	0.00044752741105392703	true
sp|P58004|SESN2_HUMAN	1	0	1.1127857742557694	0.00044752741105392703	true
sp|P58012|FOXL2_HUMAN;sp|Q12946|FOXF1_HUMAN;sp|Q12947|FOXF2_HUMAN	1	0	0.6282543051934321	0.00044752741105392703	true
sp|P60002|ELOF1_HUMAN	1	0	0.703580462843011	0.00044752741105392703	true
sp|P60602|ROMO1_HUMAN	1	0	1.152426156191502	0.00044752741105392703	true
sp|P61024|CKS1_HUMAN	1	0	1.0256251864957093	0.00044752741105392703	true
sp|P63272|SPT4H_HUMAN	1	0	0.6262638716260166	0.00044752741105392703	true
sp|P78310_p_target|CXAR_HUMAN_p_target	1	0	1.3852059442432585	0.00044752741105392703	true
sp|P78560|CRADD_HUMAN	1	0	0.8333407896970993	0.00044752741105392703	true
sp|P82912|RT11_HUMAN	2	0	1.3860521546342754	0.00044752741105392703	true
sp|P82914|RT15_HUMAN	3	0	0.9642313089853656	0.00044752741105392703	true
sp|P84157|MXRA7_HUMAN	2	0	1.1648007669563836	0.00044752741105392703	true
sp|P98196_p_target|AT11A_HUMAN_p_target	1	0	1.1283772976436655	0.00044752741105392703	true
sp|Q00587|BORG5_HUMAN	1	0	1.4054052534346257	0.00044752741105392703	true
sp|Q01415|GALK2_HUMAN	1	0	0.9951589222884077	0.00044752741105392703	true
sp|Q01581|HMCS1_HUMAN	1	0	0.701593536591629	0.00044752741105392703	true
sp|Q01831|XPC_HUMAN	3	0	1.423942211139162	0.00044752741105392703	true
sp|Q01968|OCRL_HUMAN	4	0	1.0572804290277111	0.00044752741105392703	true
sp|Q02241|KIF23_HUMAN	3	0	0.7448257978547549	0.00044752741105392703	true
sp|Q02878_p_target|RL6_HUMAN_p_target	1	0	0.634548307764826	0.00044752741105392703	true
sp|Q03001_p_target|DYST_HUMAN_p_target	2	0	0.5260271073370966	0.00044752741105392703	true
sp|Q03001|DYST_HUMAN	2	0	0.8708549718369226	0.00044752741105392703	true
sp|Q04756|HGFA_HUMAN	1	0	0.9145221490518793	0.00044752741105392703	true
sp|Q04864|REL_HUMAN	1	0	1.3987340721281116	0.00044752741105392703	true
sp|Q06828|FMOD_HUMAN	1	0	0.9907953633382138	0.00044752741105392703	true
sp|Q07889|SOS1_HUMAN	1	0	1.4491573651159253	0.00044752741105392703	true
sp|Q08378|GOGA3_HUMAN	2	0	1.4498142124020201	0.00044752741105392703	true
sp|Q09666_p_target|AHNK_HUMAN_p_target	1	0	0.9766698227060431	0.00044752741105392703	true
sp|Q12797_p_target|ASPH_HUMAN_p_target	1	0	1.091658618143788	0.00044752741105392703	true
sp|Q12872|SFSWA_HUMAN	1	0	1.2170243963103589	0.00044752741105392703	true
sp|Q12894_p_target|IFRD2_HUMAN_p_target	1	0	1.3169954615795672	0.00044752741105392703	true
sp|Q12979|ABR_HUMAN	2	0	1.0104808754778891	0.00044752741105392703	true
sp|Q13155_p_target|AIMP2_HUMAN_p_target	1	0	0.6620076229449053	0.00044752741105392703	true
sp|Q13158|FADD_HUMAN	1	0	1.1114357732216968	0.00044752741105392703	true
sp|Q13257|MD2L1_HUMAN	1	0	1.2620060326636102	0.00044752741105392703	true
sp|Q13286|CLN3_HUMAN	1	0	0.6827430756440555	0.00044752741105392703	true
sp|Q13309|SKP2_HUMAN	1	0	0.6937189164597427	0.00044752741105392703	true
sp|Q13330_p_target|MTA1_HUMAN_p_target;sp|Q9BTC8_p_target|MTA3_HUMAN_p_target	1	0	1.464470398338998	0.00044752741105392703	true
sp|Q13395|TARB1_HUMAN	3	0	1.235981516546599	0.00044752741105392703	true
sp|Q13439_p_target|GOGA4_HUMAN_p_target	1	0	0.7997059595137809	0.00044752741105392703	true
sp|Q13535|ATR_HUMAN	3	0	0.7927407893863225	0.00044752741105392703	true
sp|Q13613_p_target|MTMR1_HUMAN_p_target	2	0	1.3428937761218576	0.00044752741105392703	true
sp|Q13614|MTMR2_HUMAN	2	0	0.8955807779693342	0.00044752741105392703	true
sp|Q13618|CUL3_HUMAN	4	0	1.3750056718383403	0.00044752741105392703	true
sp|Q13751|LAMB3_HUMAN	1	0	0.948875717872158	0.00044752741105392703	true
sp|Q14155_p_target|ARHG7_HUMAN_p_target	2	0	0.9536327209800092	0.00044752741105392703	true
sp|Q14554|PDIA5_HUMAN	4	0	0.9419935612200321	0.00044752741105392703	true
sp|Q14746|COG2_HUMAN	1	0	1.3194008392532368	0.00044752741105392703	true
sp|Q14764_p_target|MVP_HUMAN_p_target	1	0	0.8537890930616161	0.00044752741105392703	true
sp|Q14814|MEF2D_HUMAN	2	0	0.5579517112036562	0.00044752741105392703	true
sp|Q14BN4|SLMAP_HUMAN	1	0	0.85025702411769	0.00044752741105392703	true
sp|Q14CZ7|FAKD3_HUMAN	1	0	0.6289922169308996	0.00044752741105392703	true
sp|Q15031|SYLM_HUMAN	2	0	1.1942725806414098	0.00044752741105392703	true
sp|Q15047|SETB1_HUMAN	1	0	0.9783278970986469	0.00044752741105392703	true
sp|Q15397_p_target|PUM3_HUMAN_p_target	1	0	1.157447514999827	0.00044752741105392703	true
sp|Q15554|TERF2_HUMAN	1	0	1.4190206289172276	0.00044752741105392703	true
sp|Q15633|TRBP2_HUMAN	1	0	1.2207019234815246	0.00044752741105392703	true
sp|Q15723_p_target|ELF2_HUMAN_p_target	1	0	1.3953965579402015	0.00044752741105392703	true
sp|Q16222_p_target|UAP1_HUMAN_p_target	1	0	1.4096011249528206	0.00044752741105392703	true
sp|Q16394|EXT1_HUMAN	1	0	1.3486212252503997	0.00044752741105392703	true
sp|Q16611|BAK_HUMAN	1	0	0.8759568603072241	0.00044752741105392703	true
sp|Q16656|NRF1_HUMAN	1	0	0.6960362870808726	0.00044752741105392703	true
sp|Q16891_p_target|MIC60_HUMAN_p_target	2	0	0.5146418769462694	0.00044752741105392703	true
sp|Q17RN3_p_target|FA98C_HUMAN_p_target	1	0	0.812960417158867	0.00044752741105392703	true
sp|Q1ED39|KNOP1_HUMAN	1	0	0.8967687150022982	0.00044752741105392703	true
sp|Q2M2I8_p_target|AAK1_HUMAN_p_target	1	0	0.9721728874198161	0.00044752741105392703	true
sp|Q2TAM9|TUSC1_HUMAN	1	0	0.8979824545471691	0.00044752741105392703	true
sp|Q2VPK5|CTU2_HUMAN	1	0	1.4668266217136523	0.00044752741105392703	true
sp|Q3L8U1|CHD9_HUMAN	1	1	1.444754476818423	0.00044752741105392703	true
sp|Q3SXM5|HSDL1_HUMAN	2	0	0.698969948231913	0.00044752741105392703	true
sp|Q3ZAQ7|VMA21_HUMAN	1	0	1.3425417934122332	0.00044752741105392703	true
sp|Q4G0I0|UQCC4_HUMAN	1	0	1.3185509795684163	0.00044752741105392703	true
sp|Q4VC31_p_target|MIX23_HUMAN_p_target	1	0	1.1198088308907586	0.00044752741105392703	true
sp|Q56P03|EAPP_HUMAN	1	0	1.3755025819783375	0.00044752741105392703	true
sp|Q5GLZ8|HERC4_HUMAN	3	0	0.9730870934299642	0.00044752741105392703	true
sp|Q5H8A4|PIGG_HUMAN	1	0	0.8956005081600248	0.00044752741105392703	true
sp|Q5HYI7|MTX3_HUMAN	1	0	0.7550233489972191	0.00044752741105392703	true
sp|Q5JRA6_p_target|TGO1_HUMAN_p_target	2	0	1.045334708633907	0.00044752741105392703	true
sp|Q5T0F9|C2D1B_HUMAN	3	0	0.8688347366501425	0.00044752741105392703	true
sp|Q5T4S7_p_target|UBR4_HUMAN_p_target	2	0	1.0288389086081056	0.00044752741105392703	true
sp|Q5T8D3|ACBD5_HUMAN	2	0	0.5325687905319241	0.00044752741105392703	true
sp|Q5T8I3|EEIG2_HUMAN	1	0	0.6164382331318894	0.00044752741105392703	true
sp|Q5TA50|CPTP_HUMAN	1	0	1.1776075793592529	0.00044752741105392703	true
sp|Q5TEU4|NDUF5_HUMAN	1	0	0.9402980717557358	0.00044752741105392703	true
sp|Q5U3C3|TM164_HUMAN	1	0	1.0673745194609288	0.00044752741105392703	true
sp|Q5VV42|CDKAL_HUMAN	2	0	0.5179962961625404	0.00044752741105392703	true
sp|Q5VV67|PPRC1_HUMAN	1	0	0.6149232983186615	0.00044752741105392703	true
sp|Q5VZ89|DEN4C_HUMAN	1	0	0.8610101304532661	0.00044752741105392703	true
sp|Q5VZE5|NAA35_HUMAN	3	0	1.3141328834332324	0.00044752741105392703	true
sp|Q5XKP0|MIC13_HUMAN	1	0	1.3621352404360614	0.00044752741105392703	true
sp|Q641Q2_p_target|WAC2A_HUMAN_p_target;sp|Q9Y4E1_p_target|WAC2C_HUMAN_p_target	1	0	1.2278219245627617	0.00044752741105392703	true
sp|Q68CQ7|GL8D1_HUMAN	2	0	1.2876664517761434	0.00044752741105392703	true
sp|Q69YQ0|CYTSA_HUMAN	2	1	0.7930084639789519	0.00044752741105392703	true
sp|Q6DKK2|TTC19_HUMAN	1	0	1.4172229629406379	0.00044752741105392703	true
sp|Q6GYQ0_p_target|RGPA1_HUMAN_p_target	1	0	0.6858801649117672	0.00044752741105392703	true
sp|Q6IAN0|DRS7B_HUMAN	3	0	1.08288717851353	0.00044752741105392703	true
sp|Q6IC98|GRAM4_HUMAN	1	0	0.6352544667235287	0.00044752741105392703	true
sp|Q6ICB0|DESI1_HUMAN	1	0	0.8720576182438222	0.00044752741105392703	true
sp|Q6IN84|MRM1_HUMAN	2	0	1.3485431903721854	0.00044752741105392703	true
sp|Q6KB66|K2C80_HUMAN	5	1	1.0241141670388616	0.00044752741105392703	true
sp|Q6NS38|ALKB2_HUMAN	2	0	1.4593298740256564	0.00044752741105392703	true
sp|Q6NUT3|MFS12_HUMAN	1	0	0.9185822865097182	0.00044752741105392703	true
sp|Q6P1K2|PMF1_HUMAN	2	0	0.6619103211824456	0.00044752741105392703	true
sp|Q6PF05|TT23L_HUMAN	1	0	1.401764891907627	0.00044752741105392703	true
sp|Q6PID6|TTC33_HUMAN	1	0	1.1331405985829504	0.00044752741105392703	true
sp|Q6PJG6|BRAT1_HUMAN	2	0	0.8861008677421504	0.00044752741105392703	true
sp|Q6QNY0|BL1S3_HUMAN	1	0	0.8241957973278258	0.00044752741105392703	true
sp|Q6UWE0|LRSM1_HUMAN	5	0	1.3693373205638972	0.00044752741105392703	true
sp|Q6UXV4|MIC27_HUMAN	3	0	1.421407208447122	0.00044752741105392703	true
sp|Q71SY5|MED25_HUMAN	1	0	1.3126171948574206	0.00044752741105392703	true
sp|Q76L83|ASXL2_HUMAN;sp|Q9C0F0|ASXL3_HUMAN	1	0	1.0456324273311122	0.00044752741105392703	true
sp|Q7L4E1|MIGA2_HUMAN	1	0	0.8168728478560875	0.00044752741105392703	true
sp|Q7Z3J2|VP35L_HUMAN	1	0	0.7505338837572191	0.00044752741105392703	true
sp|Q7Z401|MYCPP_HUMAN	1	0	1.1429393201684737	0.00044752741105392703	true
sp|Q7Z422|SZRD1_HUMAN	2	0	1.0085489587658771	0.00044752741105392703	true
sp|Q7Z434|MAVS_HUMAN	1	0	1.0612703129830694	0.00044752741105392703	true
sp|Q7Z494|NPHP3_HUMAN	1	0	1.1111726491928766	0.00044752741105392703	true
sp|Q7Z4H3|HDDC2_HUMAN	1	0	0.7902243520574319	0.00044752741105392703	true
sp|Q7Z6M4|MTEF4_HUMAN	1	0	1.2325903409938956	0.00044752741105392703	true
sp|Q7Z7E8|UB2Q1_HUMAN;sp|Q8WVN8|UB2Q2_HUMAN	1	0	0.8695795149331971	0.00044752741105392703	true
sp|Q7Z7F7|RM55_HUMAN	3	0	1.33571557479685	0.00044752741105392703	true
sp|Q7Z7N9|T179B_HUMAN	1	0	1.0724498778915108	0.00044752741105392703	true
sp|Q86SQ9_p_target|DHDDS_HUMAN_p_target	1	0	1.2502019138682348	0.00044752741105392703	true
sp|Q86TP1|PRUN1_HUMAN	1	0	1.40290429733445	0.00044752741105392703	true
sp|Q86UU0|BCL9L_HUMAN	1	0	1.1880906096810375	0.00044752741105392703	true
sp|Q86W56|PARG_HUMAN	2	0	1.1376745087634488	0.00044752741105392703	true
sp|Q86WV6|STING_HUMAN	1	0	1.0540297570122525	0.00044752741105392703	true
sp|Q86XA9_p_target|HTR5A_HUMAN_p_target	1	0	1.1361794208373208	0.00044752741105392703	true
sp|Q86XA9|HTR5A_HUMAN	2	0	1.2679275860440768	0.00044752741105392703	true
sp|Q86XN7|PRSR1_HUMAN	1	0	1.4262708022587947	0.00044752741105392703	true
sp|Q86Y07|VRK2_HUMAN	1	0	1.3234226669165021	0.00044752741105392703	true
sp|Q86Y39|NDUAB_HUMAN	1	0	1.2139379516666442	0.00044752741105392703	true
sp|Q86YT6|MIB1_HUMAN	1	0	1.4580881638277352	0.00044752741105392703	true
sp|Q8IUH5|ZDH17_HUMAN	1	0	0.6184736040632034	0.00044752741105392703	true
sp|Q8IUI8|CRLF3_HUMAN	2	0	1.0654116536035436	0.00044752741105392703	true
sp|Q8IW35|CEP97_HUMAN	1	0	1.2636221152573694	0.00044752741105392703	true
sp|Q8IW52|SLIK4_HUMAN	2	0	0.9091363907789936	0.00044752741105392703	true
sp|Q8IWA4|MFN1_HUMAN	3	0	1.426826857759971	0.00044752741105392703	true
sp|Q8IWJ2|GCC2_HUMAN	2	0	0.8024854799421037	0.00044752741105392703	true
sp|Q8IWU2|LMTK2_HUMAN	1	0	0.7257642975165199	0.00044752741105392703	true
sp|Q8IX03|KIBRA_HUMAN	1	0	0.7253766805780236	0.00044752741105392703	true
sp|Q8IX18_p_target|DHX40_HUMAN_p_target	1	0	0.9263720303811322	0.00044752741105392703	true
sp|Q8IXI2|MIRO1_HUMAN	1	0	0.7774459214141548	0.00044752741105392703	true
sp|Q8IXM3|RM41_HUMAN	1	0	0.8931817798956415	0.00044752741105392703	true
sp|Q8IXM6|NRM_HUMAN	1	0	0.7336172186946456	0.00044752741105392703	true
sp|Q8IXU6|S35F2_HUMAN	1	0	1.207648055910169	0.00044752741105392703	true
sp|Q8IYB7|DI3L2_HUMAN	1	0	1.118305711583495	0.00044752741105392703	true
sp|Q8IYQ7|THNS1_HUMAN	1	0	1.1917667913749381	0.00044752741105392703	true
sp|Q8IYU8|MICU2_HUMAN	2	0	1.430915917703734	0.00044752741105392703	true
sp|Q8IZP0|ABI1_HUMAN	2	0	1.4728847341146238	0.00044752741105392703	true
sp|Q8IZT6_p_target|ASPM_HUMAN_p_target	1	0	0.9421079821225612	0.00044752741105392703	true
sp|Q8N142|PURA1_HUMAN	1	0	1.267526871258613	0.00044752741105392703	true
sp|Q8N1B4|VPS52_HUMAN	1	0	1.3189190779284146	0.00044752741105392703	true
sp|Q8N3C0|ASCC3_HUMAN	3	0	0.8406519897365808	0.00044752741105392703	true
sp|Q8N3R9|PALS1_HUMAN	1	0	1.3481481433062632	0.00044752741105392703	true
sp|Q8N7C3|TRIMM_HUMAN	1	0	0.8636670984472373	0.00044752741105392703	true
sp|Q8N9N2|ASCC1_HUMAN	1	0	1.4665517854008465	0.00044752741105392703	true
sp|Q8NB16_p_target|MLKL_HUMAN_p_target	2	0	0.7028719265127052	0.00044752741105392703	true
sp|Q8NB90_p_target|AFG2A_HUMAN_p_target	1	0	0.8169150388806351	0.00044752741105392703	true
sp|Q8NBF6|AVL9_HUMAN	1	0	0.7529312260044214	0.00044752741105392703	true
sp|Q8NCH0|CHSTE_HUMAN	1	0	1.096093044229958	0.00044752741105392703	true
sp|Q8NCN4|RN169_HUMAN	1	0	1.1792573153154255	0.00044752741105392703	true
sp|Q8ND04|SMG8_HUMAN	1	0	1.4463030662665946	0.00044752741105392703	true
sp|Q8NE01|CNNM3_HUMAN	3	0	0.7151050702888309	0.00044752741105392703	true
sp|Q8NEU8|DP13B_HUMAN	2	0	0.9057471406688595	0.00044752741105392703	true
sp|Q8NEZ2|VP37A_HUMAN	1	0	1.0035309083193409	0.00044752741105392703	true
sp|Q8NHZ8|CDC26_HUMAN	1	0	1.0487564170525066	0.00044752741105392703	true
sp|Q8NI60|COQ8A_HUMAN	2	0	1.174666021559591	0.00044752741105392703	true
sp|Q8TA86|RP9_HUMAN	1	0	1.1993313427860504	0.00044752741105392703	true
sp|Q8TB36|GDAP1_HUMAN	1	0	1.3287851239279993	0.00044752741105392703	true
sp|Q8TB37|NUBPL_HUMAN	1	0	0.9484187628408448	0.00044752741105392703	true
sp|Q8TB52|FBX30_HUMAN	1	0	0.9366168123116665	0.00044752741105392703	true
sp|Q8TCZ2|C99L2_HUMAN	1	0	1.031645927744568	0.00044752741105392703	true
sp|Q8TD30|ALAT2_HUMAN	1	0	0.7615092728615387	0.00044752741105392703	true
sp|Q8TDM6_p_target|DLG5_HUMAN_p_target	1	0	1.3196333088214343	0.00044752741105392703	true
sp|Q8TE77|SSH3_HUMAN	2	0	1.0348893471950524	0.00044752741105392703	true
sp|Q8TF01|PNISR_HUMAN	1	0	1.3087675608936542	0.00044752741105392703	true
sp|Q8WTW3|COG1_HUMAN	2	0	1.308916534686879	0.00044752741105392703	true
sp|Q8WU79|SMAP2_HUMAN	1	0	0.7095740588501552	0.00044752741105392703	true
sp|Q8WUA2|PPIL4_HUMAN	1	0	1.0017083362013361	0.00044752741105392703	true
sp|Q8WUF5|IASPP_HUMAN	1	0	1.0573037796284603	0.00044752741105392703	true
sp|Q8WUF8|ARB2A_HUMAN	1	0	1.3156035394478693	0.00044752741105392703	true
sp|Q8WUM4_p_target|PDC6I_HUMAN_p_target	1	0	0.7229923084379232	0.00044752741105392703	true
sp|Q8WUX2|CHAC2_HUMAN	2	0	1.317619420466822	0.00044752741105392703	true
sp|Q8WVD3|RN138_HUMAN	1	0	1.185270248251462	0.00044752741105392703	true
sp|Q8WWV3|RT4I1_HUMAN	2	0	1.164482994776198	0.00044752741105392703	true
sp|Q8WXH0_p_target|SYNE2_HUMAN_p_target	3	0	0.7832938995939356	0.00044752741105392703	true
sp|Q8WZA9|IRGQ_HUMAN	1	0	0.8234945894006541	0.00044752741105392703	true
sp|Q92466_p_target|DDB2_HUMAN_p_target	1	0	0.9242994080004208	0.00044752741105392703	true
sp|Q92545_p_target|TM131_HUMAN_p_target	2	0	0.9822668945284584	0.00044752741105392703	true
sp|Q92574|TSC1_HUMAN	1	0	1.3440046140097694	0.00044752741105392703	true
sp|Q92576|PHF3_HUMAN	2	0	0.8198726335385996	0.00044752741105392703	true
sp|Q92609|TBCD5_HUMAN	3	0	0.5757528103510297	0.00044752741105392703	true
sp|Q92766|RREB1_HUMAN	1	0	0.8061963129244992	0.00044752741105392703	true
sp|Q92784_p_target|DPF3_HUMAN_p_target	1	0	1.1931745502957711	0.00044752741105392703	true
sp|Q92845|KIFA3_HUMAN	1	0	0.8257799319782547	0.00044752741105392703	true
sp|Q92859|NEO1_HUMAN	2	0	0.9403522547960126	0.00044752741105392703	true
sp|Q92989|CLP1_HUMAN	1	0	0.8815838365178541	0.00044752741105392703	true
sp|Q93062|RBPMS_HUMAN	1	0	1.2630274165798587	0.00044752741105392703	true
sp|Q93100|KPBB_HUMAN	1	0	0.796823125792578	0.00044752741105392703	true
sp|Q969J3|BORC5_HUMAN	1	0	1.0340632238427023	0.00044752741105392703	true
sp|Q969V5|MUL1_HUMAN	1	0	0.6627982113947436	0.00044752741105392703	true
sp|Q969Z3|MARC2_HUMAN	1	1	1.301285812899647	0.00044752741105392703	true
sp|Q96AC1_p_target|FERM2_HUMAN_p_target	1	0	1.1257960821409514	0.00044752741105392703	true
sp|Q96BD5|PF21A_HUMAN	1	0	0.6878590414780777	0.00044752741105392703	true
sp|Q96BP2|CHCH1_HUMAN	1	0	0.786166098229621	0.00044752741105392703	true
sp|Q96C24|SYTL4_HUMAN	1	0	1.2173969603229067	0.00044752741105392703	true
sp|Q96C90|PP14B_HUMAN	1	0	1.2827831393431128	0.00044752741105392703	true
sp|Q96CB8|INT12_HUMAN	1	0	1.1618234317475011	0.00044752741105392703	true
sp|Q96CD2|COAC_HUMAN	2	0	0.8997131967022775	0.00044752741105392703	true
sp|Q96CW1_p_target|AP2M1_HUMAN_p_target	1	0	1.224935066812373	0.00044752741105392703	true
sp|Q96DZ1|ERLEC_HUMAN	3	0	1.2441642025461908	0.00044752741105392703	true
sp|Q96EK5|KBP_HUMAN	3	0	1.009432620402609	0.00044752741105392703	true
sp|Q96EX3|DC2I2_HUMAN	1	0	1.0672012758288396	0.00044752741105392703	true
sp|Q96F63|CCD97_HUMAN	1	0	0.9672360542762443	0.00044752741105392703	true
sp|Q96FS4_p_target|SIPA1_HUMAN_p_target	1	0	0.812017133793975	0.00044752741105392703	true
sp|Q96GQ5|RUSF1_HUMAN	1	0	1.2776078891872744	0.00044752741105392703	true
sp|Q96I15|SCLY_HUMAN	1	0	0.9072566655172953	0.00044752741105392703	true
sp|Q96JI7_p_target|SPTCS_HUMAN_p_target;sp|Q9BZE4_p_target|GTPB4_HUMAN_p_target	1	0	0.9311948169515133	0.00044752741105392703	true
sp|Q96JI7|SPTCS_HUMAN	1	0	1.1728819008323013	0.00044752741105392703	true
sp|Q96K21|ANCHR_HUMAN	2	0	1.3294210644462838	0.00044752741105392703	true
sp|Q96K37|S35E1_HUMAN	1	0	0.8090128167681211	0.00044752741105392703	true
sp|Q96L91|EP400_HUMAN	5	0	0.8064100853670303	0.00044752741105392703	true
sp|Q96MF7|NSE2_HUMAN	2	0	0.8083580591882172	0.00044752741105392703	true
sp|Q96N67|DOCK7_HUMAN	2	0	1.045029554821759	0.00044752741105392703	true
sp|Q96N76|HUTU_HUMAN	1	0	1.0022038638608017	0.00044752741105392703	true
sp|Q96NB3|ZN830_HUMAN	2	0	1.0024103004568283	0.00044752741105392703	true
sp|Q96NC0|ZMAT2_HUMAN	1	0	0.622316850462783	0.00044752741105392703	true
sp|Q96NY9|MUS81_HUMAN	1	0	0.9256678247920381	0.00044752741105392703	true
sp|Q96PE2|ARHGH_HUMAN	1	0	0.9177374186878193	0.00044752741105392703	true
sp|Q96PU8_p_target|QKI_HUMAN_p_target	1	0	0.7636527930295482	0.00044752741105392703	true
sp|Q96Q15_p_target|SMG1_HUMAN_p_target	2	0	0.5325787796134243	0.00044752741105392703	true
sp|Q96Q45|TM237_HUMAN	1	0	1.4618172542802748	0.00044752741105392703	true
sp|Q96RL1|UIMC1_HUMAN	2	0	1.2683865846854865	0.00044752741105392703	true
sp|Q96S44|PRPK_HUMAN	2	0	1.4662886278789249	0.00044752741105392703	true
sp|Q96S66|CLCC1_HUMAN	1	0	0.6989959396709023	0.00044752741105392703	true
sp|Q96SI1|KCD15_HUMAN	1	0	0.909576245233549	0.00044752741105392703	true
sp|Q96ST2|IWS1_HUMAN	3	0	1.179011832698616	0.00044752741105392703	true
sp|Q96T23_p_target|RSF1_HUMAN_p_target	1	0	0.6627774029382271	0.00044752741105392703	true
sp|Q99598|TSNAX_HUMAN	3	0	1.2046277013096478	0.00044752741105392703	true
sp|Q99622|C10_HUMAN	1	0	0.9465438750157384	0.00044752741105392703	true
sp|Q99653|CHP1_HUMAN	1	0	1.3726037947176428	0.00044752741105392703	true
sp|Q99707|METH_HUMAN	2	0	1.0103796860049516	0.00044752741105392703	true
sp|Q99715|COCA1_HUMAN	1	0	0.9265536293577314	0.00044752741105392703	true
sp|Q99747|SNAG_HUMAN	3	0	1.2260307973637392	0.00044752741105392703	true
sp|Q99797|MIPEP_HUMAN	2	0	0.9129244908312165	0.00044752741105392703	true
sp|Q9BQ48|RM34_HUMAN	1	0	1.2984218902896436	0.00044752741105392703	true
sp|Q9BQC6|RT63_HUMAN	1	0	0.9493450976904697	0.00044752741105392703	true
sp|Q9BQP7|MGME1_HUMAN	3	0	1.0131321207319677	0.00044752741105392703	true
sp|Q9BRP4|PAAF1_HUMAN	1	0	1.2500460278082142	0.00044752741105392703	true
sp|Q9BRQ8|FSP1_HUMAN	1	0	1.3810812424232828	0.00044752741105392703	true
sp|Q9BSQ5|CCM2_HUMAN	1	0	0.7615644385020142	0.00044752741105392703	true
sp|Q9BSV6|SEN34_HUMAN	2	0	0.8025757435566784	0.00044752741105392703	true
sp|Q9BTE1|DCTN5_HUMAN	1	0	0.8098620199957467	0.00044752741105392703	true
sp|Q9BTT4_p_target|MED10_HUMAN_p_target	1	0	0.6547086776902258	0.00044752741105392703	true
sp|Q9BUB4|ADAT1_HUMAN	1	0	1.0471602157954458	0.00044752741105392703	true
sp|Q9BV68|RN126_HUMAN	1	0	1.0770971188312906	0.00044752741105392703	true
sp|Q9BVL4|SELO_HUMAN	1	0	1.0502322792416992	0.00044752741105392703	true
sp|Q9BVQ7|AFG2B_HUMAN	4	0	1.436928008100972	0.00044752741105392703	true
sp|Q9BVS5|TR61B_HUMAN	1	0	1.0909331626515053	0.00044752741105392703	true
sp|Q9BW85|YJU2_HUMAN	1	0	0.7845630469296339	0.00044752741105392703	true
sp|Q9BW92_p_target|SYTM_HUMAN_p_target	1	0	0.9264156118414105	0.00044752741105392703	true
sp|Q9BX69|CARD6_HUMAN	1	0	1.363190859320452	0.00044752741105392703	true
sp|Q9BXJ9_p_target|NAA15_HUMAN_p_target	1	0	1.2542751353325596	0.00044752741105392703	true
sp|Q9BY42|RTF2_HUMAN	1	0	0.7219397875193921	0.00044752741105392703	true
sp|Q9BY89_p_target|K1671_HUMAN_p_target	1	0	1.329840945795607	0.00044752741105392703	true
sp|Q9BYK8|HELZ2_HUMAN	4	0	1.4443779937167178	0.00044752741105392703	true
sp|Q9BYT8|NEUL_HUMAN	5	0	0.958756593791751	0.00044752741105392703	true
sp|Q9BZE1_p_target|RM37_HUMAN_p_target	1	0	1.191496037507431	0.00044752741105392703	true
sp|Q9BZH6_p_target|WDR11_HUMAN_p_target	1	0	0.7657430851303733	0.00044752741105392703	true
sp|Q9C037|TRIM4_HUMAN	1	0	1.3789173723979122	0.00044752741105392703	true
sp|Q9GZM5|YIPF3_HUMAN	1	0	1.3896383034599933	0.00044752741105392703	true
sp|Q9H008|LHPP_HUMAN	1	0	1.1363591581779668	0.00044752741105392703	true
sp|Q9H063|MAF1_HUMAN	1	0	1.0130273142387165	0.00044752741105392703	true
sp|Q9H089_p_target|LSG1_HUMAN_p_target	1	0	0.6727852490274686	0.00044752741105392703	true
sp|Q9H0H0|INT2_HUMAN	1	0	0.8384172026742127	0.00044752741105392703	true
sp|Q9H0X4|F234A_HUMAN	1	0	1.0560735726931532	0.00044752741105392703	true
sp|Q9H1E5|TMX4_HUMAN	1	0	1.266517355710678	0.00044752741105392703	true
sp|Q9H1H9_p_target|KI13A_HUMAN_p_target	1	0	1.0588136224760156	0.00044752741105392703	true
sp|Q9H269|VPS16_HUMAN	2	0	1.0336596396578523	0.00044752741105392703	true
sp|Q9H300|PARL_HUMAN	1	0	1.261239399993775	0.00044752741105392703	true
sp|Q9H307_p_target|PININ_HUMAN_p_target	1	0	1.3827589066510462	0.00044752741105392703	true
sp|Q9H446|RWDD1_HUMAN	1	0	1.4369129303471706	0.00044752741105392703	true
sp|Q9H4A3_p_target|WNK1_HUMAN_p_target	1	0	0.676685626429215	0.00044752741105392703	true
sp|Q9H4L7|SMRCD_HUMAN	1	0	1.0066978383542753	0.00044752741105392703	true
sp|Q9H501|ESF1_HUMAN	2	0	0.5677362376778504	0.00044752741105392703	true
sp|Q9H583_p_target|HEAT1_HUMAN_p_target	1	0	0.7122650103760593	0.00044752741105392703	true
sp|Q9H6Q4|CIAO3_HUMAN	1	0	0.9613794551148556	0.00044752741105392703	true
sp|Q9H6S0_p_target|YTDC2_HUMAN_p_target	1	0	0.6078592001169436	0.00044752741105392703	true
sp|Q9H6T0|ESRP2_HUMAN	2	0	1.1408359841109226	0.00044752741105392703	true
sp|Q9H6X2|ANTR1_HUMAN	1	0	1.103737279604897	0.00044752741105392703	true
sp|Q9H7L9_p_target|SDS3_HUMAN_p_target	1	0	0.8471661128494801	0.00044752741105392703	true
sp|Q9H8G2|CAAP1_HUMAN	1	0	0.6160690400447807	0.00044752741105392703	true
sp|Q9H8W4|PKHF2_HUMAN	1	0	1.3719356799342808	0.00044752741105392703	true
sp|Q9H936|GHC1_HUMAN	4	0	1.181797633360566	0.00044752741105392703	true
sp|Q9H974|QTRT2_HUMAN	1	0	1.3980041862563524	0.00044752741105392703	true
sp|Q9H9A7|RMI1_HUMAN	1	0	0.9449263472298409	0.00044752741105392703	true
sp|Q9HA65|TBC17_HUMAN	2	0	1.0889121582482482	0.00044752741105392703	true
sp|Q9NPJ6|MED4_HUMAN	1	0	1.34009447432492	0.00044752741105392703	true
sp|Q9NPL8|TIDC1_HUMAN	1	0	0.9172298596783446	0.00044752741105392703	true
sp|Q9NRY2|SOSSC_HUMAN	3	0	0.9686201227936675	0.00044752741105392703	true
sp|Q9NRY4|RHG35_HUMAN	1	0	0.7679161584094295	0.00044752741105392703	true
sp|Q9NU23|LYRM2_HUMAN	1	0	0.8815475503421364	0.00044752741105392703	true
sp|Q9NUA8_p_target|ZBT40_HUMAN_p_target	1	0	0.6264873519390859	0.00044752741105392703	true
sp|Q9NUI1|DECR2_HUMAN	1	0	0.6988562844891445	0.00044752741105392703	true
sp|Q9NUJ3|T11L1_HUMAN	1	0	0.8469733764790801	0.00044752741105392703	true
sp|Q9NUP1|BL1S4_HUMAN	2	0	1.357412093158726	0.00044752741105392703	true
sp|Q9NUP9|LIN7C_HUMAN	3	0	0.9500402243824807	0.00044752741105392703	true
sp|Q9NUQ2|PLCE_HUMAN	1	0	1.1731556092041786	0.00044752741105392703	true
sp|Q9NVI1|FANCI_HUMAN	3	0	1.2521154896163933	0.00044752741105392703	true
sp|Q9NVK5|FGOP2_HUMAN	1	0	0.9956622061936633	0.00044752741105392703	true
sp|Q9NVM4|ANM7_HUMAN	1	0	1.2380267649159233	0.00044752741105392703	true
sp|Q9NW08|RPC2_HUMAN	3	0	1.0981661066664783	0.00044752741105392703	true
sp|Q9NWV8|BABA1_HUMAN	1	0	1.1506900307676655	0.00044752741105392703	true
sp|Q9NX08|COMD8_HUMAN	1	0	0.7497268026616833	0.00044752741105392703	true
sp|Q9NXA8_p_target|SIR5_HUMAN_p_target	1	0	0.7222037087695901	0.00044752741105392703	true
sp|Q9NXG6|P4HTM_HUMAN	1	0	0.7286219197744371	0.00044752741105392703	true
sp|Q9NZ32|ARP10_HUMAN	5	0	1.332533283525398	0.00044752741105392703	true
sp|Q9NZ43|USE1_HUMAN	1	0	1.4142862405222558	0.00044752741105392703	true
sp|Q9NZ53|PDXL2_HUMAN	1	0	0.7354935299595126	0.00044752741105392703	true
sp|Q9NZE8|RM35_HUMAN	1	0	0.9722616825293107	0.00044752741105392703	true
sp|Q9P0K7|RAI14_HUMAN	1	0	0.6200776139013552	0.00044752741105392703	true
sp|Q9P0W2|HM20B_HUMAN	1	0	0.9031097612894962	0.00044752741105392703	true
sp|Q9P206|NHSL3_HUMAN	2	0	0.8781958202488787	0.00044752741105392703	true
sp|Q9P219_p_target|DAPLE_HUMAN_p_target	1	0	1.2892328300869926	0.00044752741105392703	true
sp|Q9P2K8_p_target|E2AK4_HUMAN_p_target	1	0	1.2709033682378816	0.00044752741105392703	true
sp|Q9UBM7_p_target|DHCR7_HUMAN_p_target	1	0	0.8816091059576856	0.00044752741105392703	true
sp|Q9UBS8|RNF14_HUMAN	1	0	1.186576839856519	0.00044752741105392703	true
sp|Q9UBT6_p_target|POLK_HUMAN_p_target	1	0	0.655070849478645	0.00044752741105392703	true
sp|Q9UBV8|PEF1_HUMAN	1	0	1.3607992288552746	0.00044752741105392703	true
sp|Q9UEU0|VTI1B_HUMAN	1	0	0.7622459404885678	0.00044752741105392703	true
sp|Q9UGI8_p_target|TES_HUMAN_p_target	1	0	1.0910107902780442	0.00044752741105392703	true
sp|Q9UHN1|DPOG2_HUMAN	2	0	0.7592258402333473	0.00044752741105392703	true
sp|Q9UHY1_p_target|NRBP_HUMAN_p_target	1	0	0.7310428708098446	0.00044752741105392703	true
sp|Q9UI26_p_target|IPO11_HUMAN_p_target	1	0	0.8930842811576495	0.00044752741105392703	true
sp|Q9UIF9|BAZ2A_HUMAN	2	0	1.2593855332343347	0.00044752741105392703	true
sp|Q9UJX5|APC4_HUMAN	2	0	0.5964875719818292	0.00044752741105392703	true
sp|Q9UKB3_p_target|DJC12_HUMAN_p_target	1	0	0.8571550435642352	0.00044752741105392703	true
sp|Q9UL40|ZN346_HUMAN	2	0	1.2269866529208644	0.00044752741105392703	true
sp|Q9ULG1|INO80_HUMAN	1	0	1.0190997150644059	0.00044752741105392703	true
sp|Q9ULH0|KDIS_HUMAN	1	0	0.9157072282116313	0.00044752741105392703	true
sp|Q9ULP9|TBC24_HUMAN	1	0	1.4667611238635507	0.00044752741105392703	true
sp|Q9UNK0|STX8_HUMAN	2	0	1.137775655476348	0.00044752741105392703	true
sp|Q9UNW1|MINP1_HUMAN	2	0	0.5836465124679294	0.00044752741105392703	true
sp|Q9UNX3_p_target|RL26L_HUMAN_p_target	1	0	1.4589658891170112	0.00044752741105392703	true
sp|Q9UNY4_p_target|TTF2_HUMAN_p_target	1	0	1.4050050307586461	0.00044752741105392703	true
sp|Q9UPU5|UBP24_HUMAN	3	0	1.4160095587917596	0.00044752741105392703	true
sp|Q9UPY3|DICER_HUMAN	2	0	0.8836946774263824	0.00044752741105392703	true
sp|Q9Y217|MTMR6_HUMAN	1	0	1.4735141137573045	0.00044752741105392703	true
sp|Q9Y276|BCS1_HUMAN	2	0	1.0705869255336165	0.00044752741105392703	true
sp|Q9Y2K7_p_target|KDM2A_HUMAN_p_target	1	0	0.6380848925074138	0.00044752741105392703	true
sp|Q9Y2Y0|AR2BP_HUMAN	1	0	0.9812223765324947	0.00044752741105392703	true
sp|Q9Y371|SHLB1_HUMAN	2	0	1.3197067594755516	0.00044752741105392703	true
sp|Q9Y385|UB2J1_HUMAN	2	0	1.4356415013111095	0.00044752741105392703	true
sp|Q9Y3C0|WASC3_HUMAN	1	0	0.6173740924284856	0.00044752741105392703	true
sp|Q9Y3E2|BOLA1_HUMAN	2	0	1.0018558529911343	0.00044752741105392703	true
sp|Q9Y450|HBS1L_HUMAN	2	0	1.035791948036524	0.00044752741105392703	true
sp|Q9Y478|AAKB1_HUMAN	1	0	1.442773101018349	0.00044752741105392703	true
sp|Q9Y485|DMXL1_HUMAN	1	0	1.0463204720152086	0.00044752741105392703	true
sp|Q9Y584|TIM22_HUMAN	1	0	1.3067056352792987	0.00044752741105392703	true
sp|Q9Y5B8|NDK7_HUMAN	1	0	1.1994897504106923	0.00044752741105392703	true
sp|Q9Y5J9|TIM8B_HUMAN	2	0	1.0687464164769895	0.00044752741105392703	true
sp|Q9Y5L0_p_target|TNPO3_HUMAN_p_target	1	0	0.9373191687921415	0.00044752741105392703	true
sp|Q9Y5Q8|TF3C5_HUMAN	1	0	0.6717956467555637	0.00044752741105392703	true
sp|Q9Y5U9|IR3IP_HUMAN	1	0	1.2424037563437562	0.00044752741105392703	true
sp|Q9Y606_p_target|PUS1_HUMAN_p_target	1	0	0.9308677380369419	0.00044752741105392703	true
sp|Q9Y6A1|POMT1_HUMAN	1	0	1.0688376094440217	0.00044752741105392703	true
sp|Q9Y6D0|SELK_HUMAN	1	0	1.2801511002031298	0.00044752741105392703	true
sp|Q9Y6M7|S4A7_HUMAN	1	0	0.6526195050535798	0.00044752741105392703	true
sp|Q9Y6N1|COX11_HUMAN	1	0	1.1201734746927567	0.00044752741105392703	true
sp|Q5SYE7|NHSL1_HUMAN	1	0	NaN	1	false
sp|Q9UHL9|GT2D1_HUMAN	2	0	NaN	1	false
