{
  "LibraryPeptideCount": 10048,
  "IrtSlope": 2.605,
  "IrtIntercept": -45.89,
  "MassErrorStats": [
    [
      1.9368181691251019,
      3.8632158952401
    ],
    [
      1.4927272466096011,
      3.7754325967584159
    ],
    [
      2.3809090916406026,
      3.915846281945051
    ]
  ],
  "FinalTargetCounts": [
    11,
    177,
    209,
    1253
  ],
  "ScoringModelCoefficients": [
    0.2358,
    -0.6932,
    3.1396,
    0.6093,
    -0.0724,
    0.7662,
    0.2178,
    -0.099
  ]
}