accessions	n_unique	n_shared	best_peptide_score	group_qvalue	is_target_winner
gi|136429|sp	3	0	5.177116638915521	0	true
sp|A0A024R1R8|TMA7B_HUMAN;sp|Q9Y2S6|TMA7_HUMAN	1	0	1.7685313442552646	0	true
sp|A0A3B3IRV3|MCTS2_HUMAN;sp|Q9ULC4|MCTS1_HUMAN	2	0	1.8617565586081346	0	true
sp|A0AV96|RBM47_HUMAN	3	0	5.4735402405165265	0	true
sp|A0AVT1|UBA6_HUMAN	13	0	7.151738829803126	0	true
sp|A0FGR8_p_target|ESYT2_HUMAN_p_target	1	0	0.8758549878305769	0	true
sp|A0FGR8|ESYT2_HUMAN	11	0	5.504064051789578	0	true
sp|A0MZ66|SHOT1_HUMAN	13	0	3.7598220757750602	0	true
sp|A0PJW6|TM223_HUMAN	1	0	2.2060693599016807	0	true
sp|A1L0T0|HACL2_HUMAN	5	0	5.781760222384519	0	true
sp|A2A3N6|PIPSL_HUMAN	4	4	6.37524412609308	0	true
sp|A3KMH1_p_target|VWA8_HUMAN_p_target	1	0	0.6579301262968695	0	true
sp|A3KMH1|VWA8_HUMAN	5	0	3.453030435835887	0	true
sp|A3KN83|SBNO1_HUMAN	3	0	1.3175320245395183	0	true
sp|A4D1E9|GTPBA_HUMAN	1	0	0.6307132435630786	0	true
sp|A4D1P6|WDR91_HUMAN	1	0	0.7550951252433415	0	true
sp|A5YKK6|CNOT1_HUMAN	23	0	4.852372208552519	0	true
sp|A5YM69|ARG35_HUMAN;sp|Q12774|ARHG5_HUMAN;tr|A0A2R8YFR7|A0A2R8YFR7_HUMAN;tr|A0A5F9ZGZ6|A0A5F9ZGZ6_HUMAN	1	0	1.8619497550813853	0	true
sp|A6NCE7|MP3B2_HUMAN;sp|Q9GZQ8|MLP3B_HUMAN	1	0	3.643237095052092	0	true
sp|A6NDG6|PGP_HUMAN	7	0	4.06822042596789	0	true
sp|A6NDU8|RIMC1_HUMAN	2	0	3.2501438290451232	0	true
sp|A6NED2|RCCD1_HUMAN	1	0	3.566726298336608	0	true
sp|A6NHR9|SMHD1_HUMAN	10	0	4.7586477094205275	0	true
sp|A6NIH7|U119B_HUMAN	2	0	2.0627567682995793	0	true
sp|A6NKF1|SAC31_HUMAN	1	0	1.9809425256459132	0	true
sp|A7E2V4|ZSWM8_HUMAN	2	0	1.0033002579721504	0	true
sp|A8CG34|P121C_HUMAN;sp|Q96HA1|P121A_HUMAN	2	0	5.624371022414601	0	true
sp|A8MWD9|RUXGL_HUMAN;sp|P62308|RUXG_HUMAN	2	0	6.729357668682048	0	true
sp|A8MWL6|SNG2L_HUMAN;sp|O43760|SNG2_HUMAN	1	0	1.136508877146934	0	true
sp|B0I1T2|MYO1G_HUMAN	19	0	7.302090769835462	0	true
sp|B7ZW38|HNRC3_HUMAN;sp|O60812|HNRC1_HUMAN;sp|P0DMR1|HNRC4_HUMAN	1	7	7.639152681199653	0	true
sp|C4AMC7|WASH3_HUMAN;sp|Q6VEQ5|WASH2_HUMAN	1	1	2.0008364572926536	0	true
sp|E9PAV3|NACAM_HUMAN	3	0	10.117178946881822	0	true
sp|G2XKQ0|SUMO5_HUMAN;sp|P63165|SUMO1_HUMAN	2	0	3.6450625660353406	0	true
sp|O00115|DNS2A_HUMAN	2	0	3.52680029849128	0	true
sp|O00116|ADAS_HUMAN	12	0	5.879545226977233	0	true
sp|O00139|KIF2A_HUMAN	9	0	4.304294808657785	0	true
sp|O00148|DX39A_HUMAN	6	11	7.864901855115995	0	true
sp|O00151|PDLI1_HUMAN	4	0	1.2718779195315537	0	true
sp|O00154|BACH_HUMAN	9	0	6.463336439583021	0	true
sp|O00159|MYO1C_HUMAN	14	1	6.409314857552633	0	true
sp|O00161|SNP23_HUMAN	3	0	3.7643341536766908	0	true
sp|O00170|AIP_HUMAN	9	0	7.126002388795874	0	true
sp|O00178|GTPB1_HUMAN	4	0	1.986176845362764	0	true
sp|O00186|STXB3_HUMAN	5	0	3.3305119153655185	0	true
sp|O00193|SMAP_HUMAN	1	0	3.941905319305591	0	true
sp|O00203|AP3B1_HUMAN	6	0	5.376062415858748	0	true
sp|O00217|NDUS8_HUMAN	3	0	4.642962830297596	0	true
sp|O00231|PSD11_HUMAN	18	0	9.511121952531024	0	true
sp|O00232|PSD12_HUMAN	12	0	8.282636342128521	0	true
sp|O00233|PSMD9_HUMAN	3	0	3.1388905142927146	0	true
sp|O00244|ATOX1_HUMAN	1	0	1.6550610903822498	0	true
sp|O00255|MEN1_HUMAN	1	0	3.7636101668088435	0	true
sp|O00257|CBX4_HUMAN	3	0	2.172667434428961	0	true
sp|O00264|PGRC1_HUMAN	6	1	8.883299714507244	0	true
sp|O00267|SPT5H_HUMAN	18	0	6.828899314227588	0	true
sp|O00273|DFFA_HUMAN	8	0	8.467765315926945	0	true
sp|O00299|CLIC1_HUMAN	8	0	9.013157924153784	0	true
sp|O00303_p_target|EIF3F_HUMAN_p_target	1	0	0.698301074235897	0	true
sp|O00303|EIF3F_HUMAN	10	0	8.677251280438547	0	true
sp|O00330|ODPX_HUMAN	6	0	3.9037599827152047	0	true
sp|O00391|QSOX1_HUMAN	2	0	5.112874783310569	0	true
sp|O00399|DCTN6_HUMAN	2	0	4.555314498317225	0	true
sp|O00400|ACATN_HUMAN	1	0	4.535290877267483	0	true
sp|O00410|IPO5_HUMAN	22	2	8.135153024635189	0	true
sp|O00411|RPOM_HUMAN	2	0	1.8232892933356983	0	true
sp|O00422|SAP18_HUMAN	5	0	6.142666577376684	0	true
sp|O00425|IF2B3_HUMAN	15	2	7.042879457382549	0	true
sp|O00429|DNM1L_HUMAN	18	0	6.7716173165174895	0	true
sp|O00442|RTCA_HUMAN	3	0	2.9143668832291505	0	true
sp|O00443|P3C2A_HUMAN	5	0	1.6206994689391288	0	true
sp|O00458|IFRD1_HUMAN	3	0	4.715879156296218	0	true
sp|O00459|P85B_HUMAN	1	0	1.034545608109004	0	true
sp|O00461|GOLI4_HUMAN	11	0	6.531383569956656	0	true
sp|O00468|AGRIN_HUMAN	5	0	3.6345454495391674	0	true
sp|O00471|EXOC5_HUMAN	1	0	1.2054985664733684	0	true
sp|O00483|NDUA4_HUMAN	3	0	6.810319511918962	0	true
sp|O00487|PSDE_HUMAN	5	0	6.8360084977385185	0	true
sp|O00499|BIN1_HUMAN	4	0	3.0688123611848375	0	true
sp|O00505|IMA4_HUMAN	3	2	7.727818765362867	0	true
sp|O00534|VMA5A_HUMAN	4	0	3.980586035172446	0	true
sp|O00541|PESC_HUMAN	14	0	7.650860760006353	0	true
sp|O00560|SDCB1_HUMAN	1	0	5.141806814919981	0	true
sp|O00566|MPP10_HUMAN	3	0	3.7943065586077336	0	true
sp|O00567|NOP56_HUMAN	15	0	9.086008602567853	0	true
sp|O00571|DDX3X_HUMAN	23	1	11.989114609116005	0	true
sp|O00592|PODXL_HUMAN	6	0	4.374875007604711	0	true
sp|O00625|PIR_HUMAN	5	0	4.534205262829705	0	true
sp|O00629|IMA3_HUMAN	5	2	9.341468396773998	0	true
sp|O00712|NFIB_HUMAN	1	1	5.729692524741906	0	true
sp|O00743|PPP6_HUMAN	2	0	4.187757342193721	0	true
sp|O00764|PDXK_HUMAN	6	0	6.2708413234595985	0	true
sp|O00767|SCD_HUMAN	3	0	5.841526099254041	0	true
sp|O14493|CLD4_HUMAN;sp|O15551|CLD3_HUMAN;sp|O95484|CLD9_HUMAN;sp|P56747|CLD6_HUMAN	1	0	1.9086154852218822	0	true
sp|O14497|ARI1A_HUMAN	3	0	1.3917663491286287	0	true
sp|O14521|DHSD_HUMAN	1	0	1.7032096373598837	0	true
sp|O14548|CO72L_HUMAN	2	0	5.317152624710865	0	true
sp|O14561|ACPM_HUMAN	3	0	9.05573927919092	0	true
sp|O14562|UBFD1_HUMAN	3	0	2.932315953782226	0	true
sp|O14578|CTRO_HUMAN	2	0	3.124729740633564	0	true
sp|O14579|COPE_HUMAN	5	0	6.774234362293716	0	true
sp|O14602|IF1AY_HUMAN;sp|P47813|IF1AX_HUMAN	3	0	5.339656564020668	0	true
sp|O14617|AP3D1_HUMAN	6	0	3.4003563235290435	0	true
sp|O14618|CCS_HUMAN	1	0	2.294838484219675	0	true
sp|O14639|ABLM1_HUMAN	3	0	4.9878817307231955	0	true
sp|O14646_p_target|CHD1_HUMAN_p_target	1	0	1.0265640689194153	0	true
sp|O14646|CHD1_HUMAN	1	4	3.042501329153336	0	true
sp|O14647|CHD2_HUMAN	1	4	3.042501329153336	0	true
sp|O14656|TOR1A_HUMAN	1	0	3.4686764908641665	0	true
sp|O14657|TOR1B_HUMAN	2	0	2.474686713298578	0	true
sp|O14662|STX16_HUMAN	3	0	3.343543257445929	0	true
sp|O14672|ADA10_HUMAN	3	0	6.73875975330599	0	true
sp|O14684|PTGES_HUMAN	3	0	4.606497517523186	0	true
sp|O14730|RIOK3_HUMAN	1	0	1.0094465703211442	0	true
sp|O14732|IMPA2_HUMAN	4	0	3.719197341797264	0	true
sp|O14734|ACOT8_HUMAN	2	0	4.30927382282625	0	true
sp|O14735|CDIPT_HUMAN	1	0	1.8531483626766823	0	true
sp|O14737|PDCD5_HUMAN	6	0	7.676010836216746	0	true
sp|O14744|ANM5_HUMAN	15	0	6.9609308603739635	0	true
sp|O14745|NHRF1_HUMAN	10	0	6.359491134284089	0	true
sp|O14773|TPP1_HUMAN	5	0	4.5100451760913085	0	true
sp|O14776|TCRG1_HUMAN	18	1	4.901943983541467	0	true
sp|O14787|TNPO2_HUMAN	3	4	3.691940371535771	0	true
sp|O14802|RPC1_HUMAN	5	0	2.1334571884064357	0	true
sp|O14818|PSA7_HUMAN	11	0	9.508831167789664	0	true
sp|O14828|SCAM3_HUMAN	3	0	9.326346908744268	0	true
sp|O14874|BCKD_HUMAN	1	0	3.214398011783336	0	true
sp|O14880|MGST3_HUMAN	2	0	4.657326701720488	0	true
sp|O14893|GEMI2_HUMAN	2	0	3.406163259037292	0	true
sp|O14907|TX1B3_HUMAN	1	0	6.013092366136441	0	true
sp|O14908|GIPC1_HUMAN	9	0	7.891083264946256	0	true
sp|O14920|IKKB_HUMAN	5	0	1.6963552417383143	0	true
sp|O14929|HAT1_HUMAN	5	0	9.032508559469893	0	true
sp|O14936|CSKP_HUMAN	2	0	0.6105914408924479	0	true
sp|O14949|QCR8_HUMAN	3	0	6.299310342940941	0	true
sp|O14950|ML12B_HUMAN;sp|P19105|ML12A_HUMAN	9	0	7.380572885550514	0	true
sp|O14964|HGS_HUMAN	3	0	6.016686922563228	0	true
sp|O14965|AURKA_HUMAN	1	0	1.7191485393677874	0	true
sp|O14974|MYPT1_HUMAN	15	0	10.9299735151641	0	true
sp|O14975|S27A2_HUMAN	17	0	7.403422219631876	0	true
sp|O14979|HNRDL_HUMAN	7	1	9.885564064703425	0	true
sp|O14980|XPO1_HUMAN	27	0	6.9679298034236625	0	true
sp|O14981|BTAF1_HUMAN	7	0	3.6453638032676303	0	true
sp|O15013|ARHGA_HUMAN;sp|Q9HCE6|ARGAL_HUMAN	1	0	1.9440516516504716	0	true
sp|O15020|SPTN2_HUMAN	19	5	4.942718079021874	0	true
sp|O15027|SC16A_HUMAN	14	0	6.107794769279748	0	true
sp|O15031|PLXB2_HUMAN	6	0	2.543786628124614	0	true
sp|O15042|SR140_HUMAN	11	0	6.640057473498874	0	true
sp|O15067|PUR4_HUMAN	23	0	7.9295953289138215	0	true
sp|O15084|ANR28_HUMAN	2	0	5.774682890468224	0	true
sp|O15111|IKKA_HUMAN	3	0	0.8395150791321588	0	true
sp|O15118|NPC1_HUMAN	3	0	2.578916832669664	0	true
sp|O15119|TBX3_HUMAN	4	0	3.4407941198784133	0	true
sp|O15120|PLCB_HUMAN	1	0	1.855934682125566	0	true
sp|O15126|SCAM1_HUMAN	2	0	3.465493203564179	0	true
sp|O15127|SCAM2_HUMAN	1	0	4.220693021522586	0	true
sp|O15143|ARC1B_HUMAN	9	1	5.418389846918392	0	true
sp|O15144|ARPC2_HUMAN	9	0	4.392364231034623	0	true
sp|O15145|ARPC3_HUMAN	7	0	6.34204821884244	0	true
sp|O15160_p_target|RPAC1_HUMAN_p_target	1	0	0.6620047613245276	0	true
sp|O15160|RPAC1_HUMAN	5	0	7.899639040457736	0	true
sp|O15164|TIF1A_HUMAN	5	0	1.0879447213539792	0	true
sp|O15173|PGRC2_HUMAN	4	1	8.254658817148604	0	true
sp|O15212|PFD6_HUMAN	6	0	6.970235049035474	0	true
sp|O15213|WDR46_HUMAN	6	0	5.033271897346822	0	true
sp|O15226|NKRF_HUMAN;tr|A0AAG2UWQ9|A0AAG2UWQ9_HUMAN	6	0	4.315119089450698	0	true
sp|O15228|GNPAT_HUMAN	2	0	0.9019123300854175	0	true
sp|O15230|LAMA5_HUMAN	3	0	4.4543015297077115	0	true
sp|O15231|ZN185_HUMAN	1	0	1.0971254846272747	0	true
sp|O15234|CASC3_HUMAN	4	0	5.253640174429821	0	true
sp|O15258|RER1_HUMAN	1	0	3.871730826637516	0	true
sp|O15260|SURF4_HUMAN	2	0	4.43859794660585	0	true
sp|O15269|SPTC1_HUMAN	3	0	0.9698342814536806	0	true
sp|O15270|SPTC2_HUMAN	4	0	2.9556827894753255	0	true
sp|O15294|OGT1_HUMAN	12	0	4.288559996563525	0	true
sp|O15305|PMM2_HUMAN	7	0	5.5071477193324645	0	true
sp|O15347|HMGB3_HUMAN	4	0	7.559632094739191	0	true
sp|O15355|PPM1G_HUMAN	16	0	8.476050207713186	0	true
sp|O15357|SHIP2_HUMAN	10	0	5.945301696433233	0	true
sp|O15371|EIF3D_HUMAN	13	0	7.398160087027649	0	true
sp|O15372|EIF3H_HUMAN	5	0	9.68340660087519	0	true
sp|O15381|NVL_HUMAN	7	0	4.7962927235717885	0	true
sp|O15382|BCAT2_HUMAN	5	0	3.532643646077365	0	true
sp|O15397|IPO8_HUMAN	6	1	6.529936033872291	0	true
sp|O15400|STX7_HUMAN	1	0	6.004987491495015	0	true
sp|O15427|MOT4_HUMAN	6	0	5.4958952733113495	0	true
sp|O15438|MRP3_HUMAN	3	0	2.810145835610793	0	true
sp|O15446|RPA34_HUMAN	2	0	1.4374200122984002	0	true
sp|O15498|YKT6_HUMAN	3	0	3.461178978484691	0	true
sp|O15504|NUP42_HUMAN	1	0	1.6221007754615713	0	true
sp|O15511|ARPC5_HUMAN	6	0	5.570849643572212	0	true
sp|O15533|TPSN_HUMAN	4	0	6.031625869491114	0	true
sp|O43143|DHX15_HUMAN	23	1	8.213371394688847	0	true
sp|O43148|MCES_HUMAN	5	0	4.784098430128465	0	true
sp|O43156|TTI1_HUMAN	3	0	2.2642434805942364	0	true
sp|O43159|RRP8_HUMAN	9	0	4.424639308844692	0	true
sp|O43169|CYB5B_HUMAN	2	0	5.849168683645607	0	true
sp|O43172|PRP4_HUMAN	13	0	7.093868640168269	0	true
sp|O43175|SERA_HUMAN	17	0	8.80937557217593	0	true
sp|O43181|NDUS4_HUMAN	2	0	2.79191732253799	0	true
sp|O43237|DC1L2_HUMAN	5	1	7.06134964228921	0	true
sp|O43242|PSMD3_HUMAN	16	0	8.646064099958595	0	true
sp|O43252|PAPS1_HUMAN	4	1	3.6002178846190795	0	true
sp|O43264|ZW10_HUMAN	6	0	3.2844685074347413	0	true
sp|O43290|SNUT1_HUMAN	16	0	6.782574338323721	0	true
sp|O43292|GPAA1_HUMAN	3	0	2.0365003604011402	0	true
sp|O43314|VIP2_HUMAN	6	0	2.1572480072066167	0	true
sp|O43318|M3K7_HUMAN	1	0	0.9557199071059274	0	true
sp|O43324|MCA3_HUMAN	5	0	3.9505433621454986	0	true
sp|O43390|HNRPR_HUMAN	15	8	9.133511601055396	0	true
sp|O43395|PRPF3_HUMAN	11	0	4.040641543434008	0	true
sp|O43396|TXNL1_HUMAN	12	0	6.988649095987636	0	true
sp|O43399|TPD54_HUMAN	12	0	8.114629589997362	0	true
sp|O43402|EMC8_HUMAN	3	0	4.9706598017036265	0	true
sp|O43414|ERI3_HUMAN	2	0	1.3365401280992741	0	true
sp|O43422|P52K_HUMAN	1	0	2.0410984643036767	0	true
sp|O43432|IF4G3_HUMAN	2	4	7.08477862742838	0	true
sp|O43447|PPIH_HUMAN	5	0	6.41837481343864	0	true
sp|O43464|HTRA2_HUMAN	2	0	2.1807715945711763	0	true
sp|O43488|ARK72_HUMAN	5	0	6.215165538458066	0	true
sp|O43491|E41L2_HUMAN	10	0	6.439657717361633	0	true
sp|O43493|TGON2_HUMAN	4	0	6.4414983173175075	0	true
sp|O43504|LTOR5_HUMAN	2	0	3.4778405555756517	0	true
sp|O43505|B4GA1_HUMAN	1	0	3.230881880155134	0	true
sp|O43513_p_target|MED7_HUMAN_p_target	1	0	0.6848536113612866	0	true
sp|O43583|DENR_HUMAN	1	0	2.152366017276006	0	true
sp|O43592|XPOT_HUMAN	15	0	6.7112951639142135	0	true
sp|O43598|DNPH1_HUMAN	1	0	4.2387086478634615	0	true
sp|O43615|TIM44_HUMAN	15	0	7.491043556187793	0	true
sp|O43617|TPPC3_HUMAN	5	0	1.7560354192967682	0	true
sp|O43633|CHM2A_HUMAN	3	0	5.228240591578049	0	true
sp|O43657|TSN6_HUMAN	1	0	2.116406235918713	0	true
sp|O43660|PLRG1_HUMAN	8	0	6.513372018415016	0	true
sp|O43663|PRC1_HUMAN	2	0	5.0342591671210535	0	true
sp|O43670|ZN207_HUMAN	3	0	6.219296251819038	0	true
sp|O43674|NDUB5_HUMAN	2	0	3.0359029462259604	0	true
sp|O43676|NDUB3_HUMAN	3	0	3.8986893651887464	0	true
sp|O43678|NDUA2_HUMAN	3	0	2.5334716032274294	0	true
sp|O43681|GET3_HUMAN	5	0	5.840434921948159	0	true
sp|O43684|BUB3_HUMAN	9	0	8.347429957515809	0	true
sp|O43688|PLPP2_HUMAN	1	0	0.959500919694753	0	true
sp|O43707|ACTN4_HUMAN	32	17	9.540426636396308	0	true
sp|O43708|MAAI_HUMAN	1	0	6.854603981932152	0	true
sp|O43709|BUD23_HUMAN	1	0	3.2262919025453165	0	true
sp|O43715|TRIA1_HUMAN	1	0	0.8661149676848959	0	true
sp|O43719|HTSF1_HUMAN	11	0	8.20906753967867	0	true
sp|O43747|AP1G1_HUMAN	6	0	6.557037880220977	0	true
sp|O43752|STX6_HUMAN	3	0	2.115770673848616	0	true
sp|O43765|SGTA_HUMAN	5	1	6.478921036424482	0	true
sp|O43768|ENSA_HUMAN	4	1	8.400862462708028	0	true
sp|O43772|MCAT_HUMAN	2	0	3.5855323250264037	0	true
sp|O43776|SYNC_HUMAN	14	0	8.990086578714958	0	true
sp|O43795|MYO1B_HUMAN	3	1	5.10993898477841	0	true
sp|O43805|SSNA1_HUMAN	1	0	2.803752471709024	0	true
sp|O43809|CPSF5_HUMAN	7	0	7.541794841936623	0	true
sp|O43813|LANC1_HUMAN	7	0	4.151505067376145	0	true
sp|O43815|STRN_HUMAN	1	0	3.1441535598386516	0	true
sp|O43818|U3IP2_HUMAN	5	0	4.044675139460301	0	true
sp|O43823|AKAP8_HUMAN	6	0	5.108122729060343	0	true
sp|O43837|IDH3B_HUMAN	9	0	4.460472816009093	0	true
sp|O43847|NRDC_HUMAN	12	0	6.400100955873501	0	true
sp|O43852|CALU_HUMAN	13	0	7.747451457854637	0	true
sp|O43865|SAHH2_HUMAN	9	0	5.49101161620034	0	true
sp|O43920|NDUS5_HUMAN	3	0	3.0969828860950637	0	true
sp|O43929|ORC4_HUMAN	4	0	1.181650879396148	0	true
sp|O43933|PEX1_HUMAN	1	0	2.9506768335085143	0	true
sp|O60216|RAD21_HUMAN	14	0	5.860279209450708	0	true
sp|O60220|TIM8A_HUMAN	2	0	6.014952920219382	0	true
sp|O60231|DHX16_HUMAN	10	1	3.3823732655520806	0	true
sp|O60232|ZNRD2_HUMAN	3	0	6.655044317898042	0	true
sp|O60244|MED14_HUMAN	3	0	1.6751357658061325	0	true
sp|O60256|KPRB_HUMAN	5	1	5.160120343476028	0	true
sp|O60264|SMCA5_HUMAN	24	0	8.63525828662453	0	true
sp|O60271|JIP4_HUMAN	7	0	5.333921276100875	0	true
sp|O60287|NPA1P_HUMAN	5	0	5.150805991476105	0	true
sp|O60292_p_target|SI1L3_HUMAN_p_target	1	0	0.6637369792007937	0	true
sp|O60306|AQR_HUMAN	9	0	3.8549306425104635	0	true
sp|O60313|OPA1_HUMAN	17	0	4.304005295728158	0	true
sp|O60318|GANP_HUMAN	1	0	1.20476789994766	0	true
sp|O60341|KDM1A_HUMAN	10	0	3.686078430227482	0	true
sp|O60343|TBCD4_HUMAN	8	0	3.720273674840816	0	true
sp|O60361|NDK8_HUMAN	1	7	8.495036526767175	0	true
sp|O60427|FADS1_HUMAN	3	0	2.74967666793167	0	true
sp|O60437|PEPL_HUMAN	9	0	2.608094855068172	0	true
sp|O60443|GSDME_HUMAN	5	0	3.441684031348799	0	true
sp|O60488|ACSL4_HUMAN	14	2	7.098914629397027	0	true
sp|O60493|SNX3_HUMAN	4	2	7.310549489744066	0	true
sp|O60499|STX10_HUMAN	3	0	1.117959765603808	0	true
sp|O60502|OGA_HUMAN	8	0	2.423976164107085	0	true
sp|O60504|VINEX_HUMAN	4	0	1.8460375930098845	0	true
sp|O60506|HNRPQ_HUMAN	15	8	9.465156685055659	0	true
sp|O60508|PRP17_HUMAN	6	0	4.0246283425532186	0	true
sp|O60518|RNBP6_HUMAN	3	2	6.286832496087029	0	true
sp|O60524|NEMF_HUMAN	11	0	5.0548811839156205	0	true
sp|O60547|GMDS_HUMAN	4	0	4.2224172793814665	0	true
sp|O60563|CCNT1_HUMAN	4	0	3.4253813296675157	0	true
sp|O60566|BUB1B_HUMAN	4	0	2.0594298142663425	0	true
sp|O60568|PLOD3_HUMAN	17	0	8.905658959498354	0	true
sp|O60573|IF4E2_HUMAN	2	0	4.431479876714481	0	true
sp|O60610|DIAP1_HUMAN	20	0	5.164424090308182	0	true
sp|O60613|SEP15_HUMAN	2	0	5.926754535787025	0	true
sp|O60645|EXOC3_HUMAN	2	0	0.8400180519231347	0	true
sp|O60664|PLIN3_HUMAN	14	0	9.236130875886488	0	true
sp|O60671|RAD1_HUMAN	1	0	1.7088200057519267	0	true
sp|O60678|ANM3_HUMAN	4	0	2.8142466993897917	0	true
sp|O60684|IMA7_HUMAN	5	5	8.124781214310435	0	true
sp|O60701|UGDH_HUMAN	16	0	5.755585467641846	0	true
sp|O60716|CTND1_HUMAN	12	0	4.339912881516871	0	true
sp|O60739|EIF1B_HUMAN;sp|P41567|EIF1_HUMAN	3	0	7.732853789244639	0	true
sp|O60749|SNX2_HUMAN	11	2	6.413078095087564	0	true
sp|O60762|DPM1_HUMAN	6	0	5.654217436518689	0	true
sp|O60763|USO1_HUMAN	13	0	6.4340199571621275	0	true
sp|O60784|TOM1_HUMAN	4	0	3.103231985302384	0	true
sp|O60814|H2B1K_HUMAN;sp|P57053|H2BFS_HUMAN;sp|P58876|H2B1D_HUMAN;sp|P62807|H2B1C_HUMAN;sp|Q5QNW6|H2B2F_HUMAN;sp|Q93079|H2B1H_HUMAN;sp|Q99877|H2B1N_HUMAN;sp|Q99879|H2B1M_HUMAN;sp|Q99880|H2B1L_HUMAN	2	4	4.663379381102774	0	true
sp|O60825|F262_HUMAN	2	0	1.7103724527204216	0	true
sp|O60826_p_target|CCD22_HUMAN_p_target	1	0	0.6455235673854859	0	true
sp|O60826|CCD22_HUMAN	6	0	2.1674716984885576	0	true
sp|O60828|PQBP1_HUMAN	4	0	5.274937744469107	0	true
sp|O60830|TI17B_HUMAN	1	0	2.815599949651712	0	true
sp|O60832|DKC1_HUMAN	17	0	8.731166377178736	0	true
sp|O60841|IF2P_HUMAN	26	0	8.619978356236198	0	true
sp|O60869|EDF1_HUMAN	7	0	5.663805143854455	0	true
sp|O60870|KIN17_HUMAN	1	0	0.8052281630212008	0	true
sp|O60879|DIAP2_HUMAN	6	0	3.3415372169124136	0	true
sp|O60884|DNJA2_HUMAN	7	0	7.245828485542942	0	true
sp|O60885|BRD4_HUMAN	4	2	3.650940962189268	0	true
sp|O60888|CUTA_HUMAN	2	0	6.907661711887847	0	true
sp|O60907|TBL1X_HUMAN	2	4	6.304973654260207	0	true
sp|O60921|HUS1_HUMAN	1	0	5.06600974761	0	true
sp|O60925|PFD1_HUMAN	4	0	3.213808993982805	0	true
sp|O60927|PP1RB_HUMAN	1	0	2.1117470403294525	0	true
sp|O60934|NBN_HUMAN	8	0	4.460792626172746	0	true
sp|O60936|NOL3_HUMAN	2	0	2.657166105713854	0	true
sp|O60942|MCE1_HUMAN	1	0	2.2503567137339613	0	true
sp|O75027|ABCB7_HUMAN	4	0	4.878374641027771	0	true
sp|O75044|SRGP2_HUMAN	1	1	3.2356251307671933	0	true
sp|O75083|WDR1_HUMAN	14	0	8.221681976158703	0	true
sp|O75116|ROCK2_HUMAN	15	3	3.8064585955560397	0	true
sp|O75122|CLAP2_HUMAN	4	1	5.813338676469634	0	true
sp|O75128|COBL_HUMAN	1	0	2.4316919175196903	0	true
sp|O75131|CPNE3_HUMAN	11	1	5.226436985625347	0	true
sp|O75146|HIP1R_HUMAN	4	0	1.675064408152971	0	true
sp|O75150|BRE1B_HUMAN	5	1	5.37771198078531	0	true
sp|O75152|ZC11A_HUMAN	9	0	7.228330738184815	0	true
sp|O75153|CLU_HUMAN	12	0	4.761075852722501	0	true
sp|O75157|T22D2_HUMAN	1	1	3.8055194587338037	0	true
sp|O75165|DJC13_HUMAN	9	0	3.9481892133101164	0	true
sp|O75167_p_target|PHAR2_HUMAN_p_target	1	0	1.851811333244874	0	true
sp|O75175|CNOT3_HUMAN	1	0	0.797533396875023	0	true
sp|O75179|ANR17_HUMAN	5	2	4.052807587692366	0	true
sp|O75191|XYLB_HUMAN	1	0	1.6776605543961518	0	true
sp|O75208|COQ9_HUMAN	2	0	6.3914506856801685	0	true
sp|O75223|GGCT_HUMAN	5	0	7.75652475530476	0	true
sp|O75251|NDUS7_HUMAN	3	0	6.086751735440858	0	true
sp|O75306_p_target|NDUS2_HUMAN_p_target	1	0	0.6360837578363454	0	true
sp|O75306|NDUS2_HUMAN	8	0	7.049983271649601	0	true
sp|O75312|ZPR1_HUMAN	7	0	4.569955665022359	0	true
sp|O75323|NIPS2_HUMAN	1	0	2.037478641108343	0	true
sp|O75340|PDCD6_HUMAN	6	0	7.49632029507027	0	true
sp|O75347|TBCA_HUMAN	6	0	5.991274780557512	0	true
sp|O75348|VATG1_HUMAN	2	0	5.322179228293977	0	true
sp|O75351|VPS4B_HUMAN	4	2	5.357696115705987	0	true
sp|O75352|MPU1_HUMAN	1	0	4.031993625195206	0	true
sp|O75367|H2AY_HUMAN	14	0	9.312263033586955	0	true
sp|O75368|SH3L1_HUMAN	4	0	5.4851978068684195	0	true
sp|O75369|FLNB_HUMAN	98	9	10.488283186178805	0	true
sp|O75376|NCOR1_HUMAN	7	0	3.9765138845298464	0	true
sp|O75380|NDUS6_HUMAN	4	0	5.3275705253909145	0	true
sp|O75381|PEX14_HUMAN	3	0	2.695725427876231	0	true
sp|O75390|CISY_HUMAN	11	0	7.814085454104074	0	true
sp|O75391|SPAG7_HUMAN	2	0	5.17984857279557	0	true
sp|O75396|SC22B_HUMAN	7	0	7.975704257108233	0	true
sp|O75400|PR40A_HUMAN	9	0	4.667178309660723	0	true
sp|O75431|MTX2_HUMAN	4	0	2.2445315900631737	0	true
sp|O75436|VP26A_HUMAN	9	0	6.217265898266053	0	true
sp|O75438|NDUB1_HUMAN	2	0	5.65344137735207	0	true
sp|O75439|MPPB_HUMAN	8	0	7.316421551926373	0	true
sp|O75448|MED24_HUMAN	2	0	1.46872212695821	0	true
sp|O75475|PSIP1_HUMAN	13	1	7.528950727000636	0	true
sp|O75477|ERLN1_HUMAN	5	2	6.024967291601084	0	true
sp|O75489|NDUS3_HUMAN	5	0	7.253634740420923	0	true
sp|O75494|SRS10_HUMAN	5	0	6.557084788521841	0	true
sp|O75521|ECI2_HUMAN	9	0	8.805637394272884	0	true
sp|O75530|EED_HUMAN	3	0	0.8967111611905445	0	true
sp|O75531|BAF_HUMAN	6	0	9.413585281609013	0	true
sp|O75533|SF3B1_HUMAN	30	0	7.833714558651321	0	true
sp|O75534|CSDE1_HUMAN	22	0	8.307766421735371	0	true
sp|O75554|WBP4_HUMAN	3	0	1.5183480821362183	0	true
sp|O75569|PRKRA_HUMAN	4	0	5.3764011281582995	0	true
sp|O75592|MYCB2_HUMAN	5	0	2.5778960583027746	0	true
sp|O75607|NPM3_HUMAN	3	0	7.34005413986764	0	true
sp|O75608|LYPA1_HUMAN	2	0	2.962925654978582	0	true
sp|O75616|ERAL1_HUMAN	2	0	4.696215107879366	0	true
sp|O75643|U520_HUMAN	58	0	7.566507184554651	0	true
sp|O75663|TIPRL_HUMAN	3	0	6.883975336390829	0	true
sp|O75665|OFD1_HUMAN	1	0	0.7512442573555631	0	true
sp|O75676|KS6A4_HUMAN	1	0	3.027954189595869	0	true
sp|O75683|SURF6_HUMAN	7	0	5.972027077705102	0	true
sp|O75688|PPM1B_HUMAN	1	1	4.0828187993260405	0	true
sp|O75691|UTP20_HUMAN	16	0	4.464279716640419	0	true
sp|O75694|NU155_HUMAN	17	0	8.723338414912455	0	true
sp|O75695|XRP2_HUMAN	3	0	2.243414115134553	0	true
sp|O75717|WDHD1_HUMAN	13	0	8.3657903798142	0	true
sp|O75718|CRTAP_HUMAN	5	0	1.8563371284988082	0	true
sp|O75746|S2512_HUMAN	7	5	3.2249549329707214	0	true
sp|O75787|RENR_HUMAN	3	0	0.90584518734755	0	true
sp|O75792|RNH2A_HUMAN	3	0	4.6849561300760865	0	true
sp|O75794|CD123_HUMAN	1	0	1.3552662460806169	0	true
sp|O75817|POP7_HUMAN	3	0	6.229688657631029	0	true
sp|O75818|RPP40_HUMAN	4	0	2.097406957712128	0	true
sp|O75821|EIF3G_HUMAN	13	0	9.348313331356593	0	true
sp|O75822|EIF3J_HUMAN	12	0	8.056679785649324	0	true
sp|O75828|CBR3_HUMAN	1	2	10.6558536732514	0	true
sp|O75832_p_target|PSD10_HUMAN_p_target	1	0	0.7707478600517556	0	true
sp|O75832|PSD10_HUMAN	5	0	6.445894709297951	0	true
sp|O75844|FACE1_HUMAN	8	0	5.657786706676009	0	true
sp|O75874|IDHC_HUMAN	10	1	7.862657875314368	0	true
sp|O75880|SCO1_HUMAN	1	0	5.535908134659408	0	true
sp|O75886|STAM2_HUMAN	1	0	1.541887116566882	0	true
sp|O75909|CCNK_HUMAN	4	0	2.518081108990501	0	true
sp|O75925|PIAS1_HUMAN;sp|O75928|PIAS2_HUMAN	1	0	3.4898385193889405	0	true
sp|O75934|SPF27_HUMAN	5	0	2.1886400451224324	0	true
sp|O75935|DCTN3_HUMAN	2	0	2.0912827392634026	0	true
sp|O75937|DNJC8_HUMAN	8	0	3.529463522725104	0	true
sp|O75940|SPF30_HUMAN	3	0	3.0139589602931527	0	true
sp|O75947|ATP5H_HUMAN	4	0	6.405902649031255	0	true
sp|O75955|FLOT1_HUMAN	15	0	5.982571462566741	0	true
sp|O75964|ATP5L_HUMAN	3	0	7.232975049715606	0	true
sp|O75976|CBPD_HUMAN	4	0	0.9438126055327979	0	true
sp|O76003|GLRX3_HUMAN	11	0	7.485992480808156	0	true
sp|O76021|RL1D1_HUMAN	13	0	7.037924328567828	0	true
sp|O76031|CLPX_HUMAN	8	0	7.67723261602578	0	true
sp|O76071|CIAO1_HUMAN	5	0	5.325770340069008	0	true
sp|O76094|SRP72_HUMAN	15	0	7.9666660199171675	0	true
sp|O94760|DDAH1_HUMAN	2	0	1.0595269180606703	0	true
sp|O94776|MTA2_HUMAN	14	1	4.6100228617226255	0	true
sp|O94804|STK10_HUMAN	3	1	5.988521817000212	0	true
sp|O94822|LTN1_HUMAN	3	0	2.977610286013591	0	true
sp|O94826|TOM70_HUMAN	10	0	5.552538145117894	0	true
sp|O94829|IPO13_HUMAN	1	0	2.788437656896253	0	true
sp|O94842|TOX4_HUMAN	4	0	5.824289169072626	0	true
sp|O94855|SC24D_HUMAN	3	0	7.7292137562384635	0	true
sp|O94864|ST65G_HUMAN	1	0	2.7917974809335435	0	true
sp|O94874|UFL1_HUMAN	14	0	4.85608899727774	0	true
sp|O94880|PHF14_HUMAN	1	0	0.9098389977230056	0	true
sp|O94888|UBXN7_HUMAN	6	0	3.0628294283885875	0	true
sp|O94901|SUN1_HUMAN	2	0	1.5707907298764594	0	true
sp|O94903|PLPHP_HUMAN	5	0	2.687109992961491	0	true
sp|O94905|ERLN2_HUMAN	5	2	7.714988503494838	0	true
sp|O94906|PRP6_HUMAN	20	0	6.824511984578045	0	true
sp|O94913|PCF11_HUMAN	1	0	2.125721153728699	0	true
sp|O94915|FRYL_HUMAN	4	0	1.3602650117615187	0	true
sp|O94925|GLSK_HUMAN	8	0	5.589183327550046	0	true
sp|O94927|HAUS5_HUMAN	1	0	2.648188359457831	0	true
sp|O94966|UBP19_HUMAN	2	0	4.803082572593264	0	true
sp|O94973|AP2A2_HUMAN	5	6	6.82136470271858	0	true
sp|O94979|SC31A_HUMAN	13	0	5.428513307004787	0	true
sp|O94992|HEXI1_HUMAN	3	0	3.496585582516426	0	true
sp|O95049|ZO3_HUMAN	1	0	2.0680064780767045	0	true
sp|O95071|UBR5_HUMAN	8	0	5.487669853705149	0	true
sp|O95084|PRS23_HUMAN	2	0	5.095970259816542	0	true
sp|O95104|SCAF4_HUMAN	2	1	4.429502393926049	0	true
sp|O95139|NDUB6_HUMAN	1	0	1.08737112784923	0	true
sp|O95155|UBE4B_HUMAN	9	0	3.1776532010282623	0	true
sp|O95159|ZFPL1_HUMAN	2	0	0.4201033697473974	0	true
sp|O95163|ELP1_HUMAN	14	0	3.5713111750261146	0	true
sp|O95167|NDUA3_HUMAN	1	0	2.8282751509938713	0	true
sp|O95169|NDUB8_HUMAN	1	0	1.9499825884802509	0	true
sp|O95182|NDUA7_HUMAN	4	0	3.690063132225715	0	true
sp|O95197|RTN3_HUMAN	2	0	5.681767008624423	0	true
sp|O95202_p_target|LETM1_HUMAN_p_target	1	0	1.0097106918893626	0	true
sp|O95202|LETM1_HUMAN	16	0	7.738759678248621	0	true
sp|O95208|EPN2_HUMAN	2	0	2.1831589229522934	0	true
sp|O95218|ZRAB2_HUMAN	12	0	4.3125900121623255	0	true
sp|O95232|LC7L3_HUMAN	5	0	9.332088198787382	0	true
sp|O95239|KIF4A_HUMAN	11	0	4.963635686931713	0	true
sp|O95243|MBD4_HUMAN	1	0	1.4770162950490713	0	true
sp|O95251|KAT7_HUMAN	3	0	1.1208602975101902	0	true
sp|O95260|ATE1_HUMAN	2	0	3.1555843586279138	0	true
sp|O95292|VAPB_HUMAN	7	1	8.03785265399235	0	true
sp|O95295|SNAPN_HUMAN	4	0	5.073767052896675	0	true
sp|O95297|MPZL1_HUMAN	2	0	5.867196699752475	0	true
sp|O95298_p_target|NDUC2_HUMAN_p_target	1	0	2.251698047763798	0	true
sp|O95298|NDUC2_HUMAN	2	0	2.0603364825377573	0	true
sp|O95299|NDUAA_HUMAN	7	0	6.706578332257078	0	true
sp|O95302|FKBP9_HUMAN	7	1	4.105144873048187	0	true
sp|O95336|6PGL_HUMAN	10	0	7.291879757571485	0	true
sp|O95340|PAPS2_HUMAN	10	1	3.420154649639643	0	true
sp|O95347|SMC2_HUMAN	26	0	4.903848414879676	0	true
sp|O95361|TRI16_HUMAN	2	0	4.448457925061353	0	true
sp|O95365|ZBT7A_HUMAN	1	0	1.4904978940487101	0	true
sp|O95372|LYPA2_HUMAN	4	0	3.58787920849809	0	true
sp|O95373|IPO7_HUMAN	12	1	8.76527418986116	0	true
sp|O95376|ARI2_HUMAN	1	0	3.2783237940804213	0	true
sp|O95379|TFIP8_HUMAN	1	0	3.663015387933663	0	true
sp|O95391|SLU7_HUMAN	2	0	1.7242229488322138	0	true
sp|O95394|AGM1_HUMAN	7	0	4.511158880460716	0	true
sp|O95396|MOCS3_HUMAN	3	0	4.726370185564007	0	true
sp|O95400|CD2B2_HUMAN	2	0	4.505866528702064	0	true
sp|O95415|BRI3_HUMAN	1	0	1.9136610765216575	0	true
sp|O95433|AHSA1_HUMAN	14	0	8.702611716350878	0	true
sp|O95445|APOM_HUMAN	2	0	3.251270554733294	0	true
sp|O95453|PARN_HUMAN	6	0	4.1591200944954965	0	true
sp|O95456|PSMG1_HUMAN	4	0	6.127033637538924	0	true
sp|O95466|FMNL1_HUMAN	3	0	2.9483389882795668	0	true
sp|O95470|SGPL1_HUMAN	2	0	2.3294247015294194	0	true
sp|O95478|NSA2_HUMAN	5	0	4.36437467178486	0	true
sp|O95486|SC24A_HUMAN	6	1	3.742254757207638	0	true
sp|O95487|SC24B_HUMAN	1	1	0.9962745467097575	0	true
sp|O95544|NADK_HUMAN	1	0	2.8131591617154883	0	true
sp|O95551|TYDP2_HUMAN	2	0	2.9256611155946524	0	true
sp|O95563|MPC2_HUMAN	1	0	1.689364152475916	0	true
sp|O95571|ETHE1_HUMAN	5	0	6.959753568455462	0	true
sp|O95573|ACSL3_HUMAN	11	2	6.7294299584091775	0	true
sp|O95602|RPA1_HUMAN	8	0	4.433534394073892	0	true
sp|O95630|STABP_HUMAN	7	0	3.725399512811978	0	true
sp|O95707|RPP29_HUMAN	2	0	1.6876647674930725	0	true
sp|O95716|RAB3D_HUMAN	0	2	5.508811452637895	0	true
sp|O95721|SNP29_HUMAN	1	0	1.0214034683435875	0	true
sp|O95747|OXSR1_HUMAN	10	0	7.563163775730132	0	true
sp|O95757|HS74L_HUMAN	17	2	7.931611101912921	0	true
sp|O95758_p_target|PTBP3_HUMAN_p_target;sp|P26599_p_target|PTBP1_HUMAN_p_target	1	0	1.2723922069783127	0	true
sp|O95758|PTBP3_HUMAN	5	2	5.236306493600305	0	true
sp|O95782|AP2A1_HUMAN	19	6	6.82136470271858	0	true
sp|O95785|WIZ_HUMAN	3	0	3.7978541051762793	0	true
sp|O95793|STAU1_HUMAN	1	0	0.9865904391923841	0	true
sp|O95816|BAG2_HUMAN	11	0	7.4628473115027685	0	true
sp|O95817|BAG3_HUMAN	12	0	5.1962105725492025	0	true
sp|O95819|M4K4_HUMAN	2	1	6.183189236321077	0	true
sp|O95825|QORL1_HUMAN	1	0	1.3539352443510209	0	true
sp|O95831|AIFM1_HUMAN	17	0	9.357139310052087	0	true
sp|O95833|CLIC3_HUMAN	8	0	4.141401177426239	0	true
sp|O95834|EMAL2_HUMAN	4	0	5.730913940698769	0	true
sp|O95861|BPNT1_HUMAN	12	0	6.616446851364762	0	true
sp|O95865|DDAH2_HUMAN	2	0	3.9522303360615436	0	true
sp|O95881|TXD12_HUMAN	4	0	10.266886473622398	0	true
sp|O95983|MBD3_HUMAN	1	0	4.207390496967421	0	true
sp|O96000|NDUBA_HUMAN	6	0	8.634295634817846	0	true
sp|O96005|CLPT1_HUMAN	3	0	4.541100823423657	0	true
sp|O96008|TOM40_HUMAN	3	0	4.9826079560357295	0	true
sp|O96011|PX11B_HUMAN	4	0	2.9253369415623838	0	true
sp|O96013|PAK4_HUMAN	3	0	1.8958463019325185	0	true
sp|O96019|ACL6A_HUMAN	9	0	7.614196475604474	0	true
sp|P00338|LDHA_HUMAN	12	1	9.82134193126608	0	true
sp|P00367|DHE3_HUMAN	16	0	8.215736031952993	0	true
sp|P00374|DYR_HUMAN	4	0	2.6730990584497976	0	true
sp|P00387|NB5R3_HUMAN	10	0	7.5050094166928565	0	true
sp|P00390|GSHR_HUMAN	10	0	5.457483195477666	0	true
sp|P00403|COX2_HUMAN	3	0	8.062388013781334	0	true
sp|P00441|SODC_HUMAN	4	0	8.847700958341756	0	true
sp|P00488|F13A_HUMAN	1	0	0.7019608253325066	0	true
sp|P00491|PNPH_HUMAN	13	0	9.280075210846794	0	true
sp|P00492|HPRT_HUMAN	8	0	8.482845738208537	0	true
sp|P00505|AATM_HUMAN	21	0	9.840303029031912	0	true
sp|P00533|EGFR_HUMAN	23	0	5.527528340735472	0	true
sp|P00558|PGK1_HUMAN	23	0	10.11647469662987	0	true
sp|P00568|KAD1_HUMAN	11	0	9.043817129678688	0	true
sp|P00734|THRB_HUMAN	3	0	8.024482062252158	0	true
sp|P00742|FA10_HUMAN	2	0	4.118131482910025	0	true
sp|P00746|CFAD_HUMAN	1	0	4.098715812239866	0	true
sp|P00747|PLMN_HUMAN	2	0	2.8966649685780905	0	true
sp|P00966|ASSY_HUMAN	16	0	9.846211135815995	0	true
sp|P01008|ANT3_HUMAN	5	0	4.999952453584071	0	true
sp|P01023|A2MG_HUMAN	3	1	6.1312563150151	0	true
sp|P01024|CO3_HUMAN	10	0	6.802326826868005	0	true
sp|P01033|TIMP1_HUMAN	4	0	4.247606831530635	0	true
sp|P01111|RASN_HUMAN	2	5	6.126556879826465	0	true
sp|P01112|RASH_HUMAN	1	5	6.126556879826465	0	true
sp|P01130|LDLR_HUMAN	2	0	3.291891464451405	0	true
sp|P01889|HLAB_HUMAN	3	7	8.737556994888683	0	true
sp|P01893|HLAH_HUMAN	1	5	9.957540290522498	0	true
sp|P02042|HBD_HUMAN;sp|P68871|HBB_HUMAN	2	0	6.027656487074766	0	true
sp|P02462|CO4A1_HUMAN;sp|P29400|CO4A5_HUMAN	1	0	2.996951946123211	0	true
sp|P02533|K1C14_HUMAN	1	13	9.32911216861163	0	true
sp|P02545|LMNA_HUMAN	43	1	10.382095017126993	0	true
sp|P02649|APOE_HUMAN	2	0	6.5748126480902895	0	true
sp|P02656|APOC3_HUMAN	1	0	7.654668514377846	0	true
sp|P02675|FIBB_HUMAN	4	0	2.3141036132118553	0	true
sp|P02748|CO9_HUMAN	2	0	2.4656726921353744	0	true
sp|P02751|FINC_HUMAN	4	0	1.6679682679803385	0	true
sp|P02760|AMBP_HUMAN	1	0	3.130020279033008	0	true
sp|P02765|FETUA_HUMAN	3	0	6.312498054288915	0	true
sp|P02768|ALBU_HUMAN	5	0	7.168040006535444	0	true
sp|P02771|FETA_HUMAN	3	0	4.368858321252146	0	true
sp|P02786|TFR1_HUMAN	27	0	10.436709855982867	0	true
sp|P02788|TRFL_HUMAN	2	0	2.9909441226156646	0	true
sp|P02794|FRIH_HUMAN	1	0	1.6686961380128502	0	true
sp|P02795|MT2_HUMAN;sp|P13640|MT1G_HUMAN;sp|P80297|MT1X_HUMAN	1	1	6.308313291337356	0	true
sp|P03891|NU2M_HUMAN	1	0	3.413213807278993	0	true
sp|P03897|NU3M_HUMAN	1	0	4.703807390921559	0	true
sp|P04004|VTNC_HUMAN	1	0	5.067613946616557	0	true
sp|P04040|CATA_HUMAN	21	0	8.392512086047455	0	true
sp|P04062|GBA1_HUMAN	4	0	3.0359356623775273	0	true
sp|P04075|ALDOA_HUMAN	17	2	9.744000720644403	0	true
sp|P04080|CYTB_HUMAN	6	0	7.598004847545659	0	true
sp|P04083|ANXA1_HUMAN	19	0	9.508359163837655	0	true
sp|P04150|GCR_HUMAN	5	0	7.023435107657795	0	true
sp|P04179|SODM_HUMAN	8	0	9.495008453349895	0	true
sp|P04180|LCAT_HUMAN	1	0	2.2097448405264895	0	true
sp|P04181|OAT_HUMAN	4	0	7.922199807994057	0	true
sp|P04183|KITH_HUMAN	3	0	4.039497576391451	0	true
sp|P04406|G3P_HUMAN	15	0	10.495180156376858	0	true
sp|P04439|HLAA_HUMAN	2	5	9.957540290522498	0	true
sp|P04632|CPNS1_HUMAN	4	0	7.521781518419531	0	true
sp|P04732|MT1E_HUMAN	1	1	6.308313291337356	0	true
sp|P04746|AMYP_HUMAN;sp|P0DTE7|AMY1B_HUMAN;sp|P0DTE8|AMY1C_HUMAN;sp|P0DUB6|AMY1A_HUMAN;sp|P19961|AMY2B_HUMAN	3	0	2.7027595729115763	0	true
sp|P04792|HSPB1_HUMAN	10	0	7.6184297710572615	0	true
sp|P04818|TYSY_HUMAN	1	0	0.6762361869347915	0	true
sp|P04843|RPN1_HUMAN	24	0	8.30858099077314	0	true
sp|P04844|RPN2_HUMAN	9	0	8.826048903958965	0	true
sp|P04899|GNAI2_HUMAN	6	5	8.135139485746803	0	true
sp|P04908|H2A1B_HUMAN;sp|P0C0S8|H2A1_HUMAN;sp|P16104|H2AX_HUMAN;sp|P20671|H2A1D_HUMAN;sp|Q16777|H2A2C_HUMAN;sp|Q6FI13|H2A2A_HUMAN;sp|Q7L7L0|H2A3_HUMAN;sp|Q93077|H2A1C_HUMAN;sp|Q96KK5|H2A1H_HUMAN;sp|Q96QV6|H2A1A_HUMAN;sp|Q99878|H2A1J_HUMAN;sp|Q9BTM1|H2AJ_HUMAN	0	3	4.482873362708514	0	true
sp|P04920|B3A2_HUMAN	4	0	3.01287261475315	0	true
sp|P05023|AT1A1_HUMAN	28	0	6.590774387836071	0	true
sp|P05026|AT1B1_HUMAN	2	0	4.314965956659292	0	true
sp|P05091|ALDH2_HUMAN	3	0	2.584378481299991	0	true
sp|P05114|HMGN1_HUMAN	4	0	6.611580743436584	0	true
sp|P05141|ADT2_HUMAN	4	9	7.800756722363398	0	true
sp|P05155|IC1_HUMAN	2	0	3.149976192440494	0	true
sp|P05161|ISG15_HUMAN	5	0	6.2053886775695615	0	true
sp|P05166|PCCB_HUMAN	4	0	7.11785121628542	0	true
sp|P05198|IF2A_HUMAN	16	0	7.863918766646332	0	true
sp|P05204|HMGN2_HUMAN	3	0	5.824031862161726	0	true
sp|P05362|ICAM1_HUMAN	3	0	4.8186382781738155	0	true
sp|P05387|RLA2_HUMAN	4	0	10.680064070338046	0	true
sp|P05388|RLA0_HUMAN;sp|Q8NHW5|RLA0L_HUMAN	8	0	8.757976871749063	0	true
sp|P05423|RPC4_HUMAN	1	0	0.8829978493451429	0	true
sp|P05455|LA_HUMAN	17	0	8.036071449524094	0	true
sp|P05543|THBG_HUMAN	2	1	6.078778833511	0	true
sp|P05546|HEP2_HUMAN	2	0	7.1792193930797685	0	true
sp|P05556|ITB1_HUMAN	15	0	8.46214548646709	0	true
sp|P05783|K1C18_HUMAN	24	2	9.76669887830188	0	true
sp|P05787|K2C8_HUMAN	27	6	9.90622037278986	0	true
sp|P06132|DCUP_HUMAN	4	0	6.089228725243071	0	true
sp|P06280|AGAL_HUMAN	3	0	0.9976801646966651	0	true
sp|P06396|GELS_HUMAN	16	0	8.809708740968059	0	true
sp|P06454|PTMA_HUMAN	4	0	9.193470221279721	0	true
sp|P06493|CDK1_HUMAN	9	2	6.62728844845768	0	true
sp|P06576|ATPB_HUMAN	16	0	10.680404001159037	0	true
sp|P06703|S10A6_HUMAN	2	0	2.4304371174488995	0	true
sp|P06730|IF4E_HUMAN	2	0	6.77108569539801	0	true
sp|P06733|ENOA_HUMAN	16	2	9.741444978594002	0	true
sp|P06737|PYGL_HUMAN	21	4	6.950590298797005	0	true
sp|P06744|G6PI_HUMAN	12	1	9.112097786588702	0	true
sp|P06748|NPM_HUMAN	7	0	10.179744320962802	0	true
sp|P06753|TPM3_HUMAN	2	6	6.094229289866558	0	true
sp|P06756|ITAV_HUMAN	5	0	2.927820123168007	0	true
sp|P06865|HEXA_HUMAN	6	0	5.27587295138413	0	true
sp|P06899|H2B1J_HUMAN;sp|P23527|H2B1O_HUMAN;sp|P33778|H2B1B_HUMAN;sp|Q16778|H2B2E_HUMAN;sp|Q8N257|H2B3B_HUMAN	1	4	4.663379381102774	0	true
sp|P07099|HYEP_HUMAN	6	0	7.463175814725629	0	true
sp|P07108|ACBP_HUMAN	4	0	4.215691668344356	0	true
sp|P07195|LDHB_HUMAN	12	1	10.066277316287731	0	true
sp|P07199|CENPB_HUMAN	3	0	4.148000211624695	0	true
sp|P07203|GPX1_HUMAN	10	0	5.433325724955692	0	true
sp|P07237|PDIA1_HUMAN	24	0	8.45738604960716	0	true
sp|P07305|H10_HUMAN	3	0	7.212900120560966	0	true
sp|P07311|ACYP1_HUMAN	3	0	4.316440546780151	0	true
sp|P07339|CATD_HUMAN	7	0	6.678209692138399	0	true
sp|P07355|ANXA2_HUMAN	21	0	10.271653320937498	0	true
sp|P07358|CO8B_HUMAN	1	0	2.9954578242239953	0	true
sp|P07384|CAN1_HUMAN	21	0	8.206889088275911	0	true
sp|P07437|TBB5_HUMAN	2	12	8.221094675923995	0	true
sp|P07602|SAP_HUMAN	10	0	5.386927473195503	0	true
sp|P07686|HEXB_HUMAN	8	0	5.508751656388192	0	true
sp|P07737|PROF1_HUMAN	9	0	8.947186588123571	0	true
sp|P07741|APT_HUMAN	4	0	6.564420527870069	0	true
sp|P07814|SYEP_HUMAN	48	1	9.947791859746571	0	true
sp|P07858|CATB_HUMAN	4	0	6.152969129242829	0	true
sp|P07900|HS90A_HUMAN	20	12	11.004429259537256	0	true
sp|P07910|HNRPC_HUMAN	7	7	9.714665101874388	0	true
sp|P07919|QCR6_HUMAN	3	0	8.53706625712656	0	true
sp|P07942|LAMB1_HUMAN	4	0	1.9353250306778438	0	true
sp|P07948|LYN_HUMAN	3	0	1.3757689986929795	0	true
sp|P07951|TPM2_HUMAN	3	7	7.536127102578358	0	true
sp|P07954|FUMH_HUMAN	12	0	10.141656455213019	0	true
sp|P07992|ERCC1_HUMAN	1	0	1.7986564557560387	0	true
sp|P07996|TSP1_HUMAN	25	0	8.331337711572624	0	true
sp|P08047|SP1_HUMAN	2	0	3.085931561416479	0	true
sp|P08133|ANXA6_HUMAN	19	0	7.639496440364299	0	true
sp|P08134|RHOC_HUMAN	1	5	7.128054826919438	0	true
sp|P08174|DAF_HUMAN	12	0	8.63675293985473	0	true
sp|P08195|4F2_HUMAN	19	0	9.693043399468035	0	true
sp|P08236|BGLR_HUMAN	6	0	3.525566072158092	0	true
sp|P08237|PFKAM_HUMAN	10	3	7.218262746278134	0	true
sp|P08238|HS90B_HUMAN	24	13	11.004429259537256	0	true
sp|P08240|SRPRA_HUMAN	14	0	4.863229016284122	0	true
sp|P08243|ASNS_HUMAN	18	0	8.938340527574345	0	true
sp|P08559|ODPA_HUMAN	16	0	7.579629366033899	0	true
sp|P08574|CY1_HUMAN	6	0	8.634861086325985	0	true
sp|P08579|RU2B_HUMAN	2	1	6.643993286684134	0	true
sp|P08603|CFAH_HUMAN	2	0	2.4363005243235776	0	true
sp|P08621|RU17_HUMAN	11	0	7.81793319710994	0	true
sp|P08648|ITA5_HUMAN	4	0	4.3920685967454745	0	true
sp|P08651|NFIC_HUMAN	4	1	3.9675777950363873	0	true
sp|P08670|VIME_HUMAN	31	2	11.021144129120255	0	true
sp|P08697|A2AP_HUMAN	2	0	5.271990222182594	0	true
sp|P08708|RS17_HUMAN	4	0	7.296441159897319	0	true
sp|P08727|K1C19_HUMAN	15	8	9.96203207776461	0	true
sp|P08729|K2C7_HUMAN	21	6	8.470309745146153	0	true
sp|P08754|GNAI3_HUMAN	5	5	8.923955242661284	0	true
sp|P08758|ANXA5_HUMAN	9	0	7.822738273037109	0	true
sp|P08779|K1C16_HUMAN	1	6	9.32911216861163	0	true
sp|P08865|RSSA_HUMAN	9	0	10.384171198519905	0	true
sp|P08962|CD63_HUMAN	1	0	5.070057159513624	0	true
sp|P09001|RM03_HUMAN	4	0	3.2622293123331434	0	true
sp|P09012|SNRPA_HUMAN	5	1	3.529627776683266	0	true
sp|P09038|FGF2_HUMAN	3	0	3.093194360773441	0	true
sp|P09086|PO2F2_HUMAN;sp|P14859|PO2F1_HUMAN;sp|Q9UKI9|PO2F3_HUMAN	3	0	2.5361276934317036	0	true
sp|P09104|ENOG_HUMAN	4	2	9.500345752273402	0	true
sp|P09110|THIK_HUMAN	1	0	4.092943961878775	0	true
sp|P09132|SRP19_HUMAN	2	0	4.616226939054052	0	true
sp|P09234|RU1C_HUMAN	2	0	9.105366513835115	0	true
sp|P09382|LEG1_HUMAN	7	0	9.506768120179133	0	true
sp|P09417|DHPR_HUMAN	2	0	3.5779304229606845	0	true
sp|P09429|HMGB1_HUMAN	7	2	7.8243146783996576	0	true
sp|P09493|TPM1_HUMAN	3	4	7.536127102578358	0	true
sp|P09496|CLCA_HUMAN	5	0	5.256092731728834	0	true
sp|P09497|CLCB_HUMAN	6	0	4.611038983702743	0	true
sp|P09525|ANXA4_HUMAN	8	0	7.602002654758522	0	true
sp|P09543|CN37_HUMAN	8	0	3.876695638797373	0	true
sp|P09622|DLDH_HUMAN	8	0	4.800829718039275	0	true
sp|P09651|ROA1_HUMAN	14	2	10.638128391346507	0	true
sp|P09661|RU2A_HUMAN	8	0	7.225048934403244	0	true
sp|P09669|COX6C_HUMAN	2	0	2.313591202318969	0	true
sp|P09758|TACD2_HUMAN	1	0	0.7600014249112189	0	true
sp|P09874|PARP1_HUMAN	34	0	9.335616517722212	0	true
sp|P09884|DPOLA_HUMAN	8	0	5.095654979179641	0	true
sp|P09960|LKHA4_HUMAN	24	0	7.744520087744903	0	true
sp|P09972|ALDOC_HUMAN	1	2	7.429076454442167	0	true
sp|P0C0L4|CO4A_HUMAN;sp|P0C0L5|CO4B_HUMAN	2	0	1.3468162640956842	0	true
sp|P0C0S5|H2AZ_HUMAN;sp|Q71UI9|H2AV_HUMAN	2	2	5.942651941801594	0	true
sp|P0C7P4|UCRIL_HUMAN	0	8	5.928999637446772	0	true
sp|P0DI81|TPC2A_HUMAN;sp|P0DI82|TPC2B_HUMAN	1	0	1.4916063532092343	0	true
sp|P0DMM9_p_target|ST1A3_HUMAN_p_target;sp|P0DMN0_p_target|ST1A4_HUMAN_p_target	1	0	0.8457251584155132	0	true
sp|P0DMM9|ST1A3_HUMAN;sp|P0DMN0|ST1A4_HUMAN	8	0	4.769149099045891	0	true
sp|P0DMV8|HS71A_HUMAN;sp|P0DMV9|HS71B_HUMAN	6	15	9.559167663969179	0	true
sp|P0DP23|CALM1_HUMAN;sp|P0DP24|CALM2_HUMAN;sp|P0DP25|CALM3_HUMAN	7	0	6.235895465728356	0	true
sp|P0DPB6|RPAC2_HUMAN	2	0	6.538661942258467	0	true
sp|P0DPI2|GAL3A_HUMAN	7	0	6.341432391883901	0	true
sp|P10155|RO60_HUMAN	3	0	5.85895660739792	0	true
sp|P10253|LYAG_HUMAN	7	0	4.060047995023943	0	true
sp|P10301|RRAS_HUMAN	1	1	4.636931447116911	0	true
sp|P10321|HLAC_HUMAN	2	6	9.957540290522498	0	true
sp|P10398|ARAF_HUMAN	9	0	4.888434208572395	0	true
sp|P10412|H14_HUMAN	1	4	5.914538693216084	0	true
sp|P10515|ODP2_HUMAN	9	0	8.742985084473538	0	true
sp|P10586|PTPRF_HUMAN	8	0	2.0758138604878	0	true
sp|P10589|COT1_HUMAN;sp|P24468|COT2_HUMAN	1	0	0.9938773691199289	0	true
sp|P10599|THIO_HUMAN	3	0	8.580182297188673	0	true
sp|P10606|COX5B_HUMAN	3	0	5.994136817806927	0	true
sp|P10619|PPGB_HUMAN	5	0	6.270132433469278	0	true
sp|P10620|MGST1_HUMAN	2	0	5.5144436844486	0	true
sp|P10643|CO7_HUMAN	2	0	4.49901907115322	0	true
sp|P10644|KAP0_HUMAN	6	0	5.12717220449618	0	true
sp|P10746|HEM4_HUMAN	1	0	1.8739176691956227	0	true
sp|P10768|ESTD_HUMAN	6	0	6.9602367884893885	0	true
sp|P10809|CH60_HUMAN	24	0	10.912306776771286	0	true
sp|P10909|CLUS_HUMAN	9	0	8.256525412135797	0	true
sp|P11021|BIP_HUMAN	31	1	10.575143440160256	0	true
sp|P11047|LAMC1_HUMAN	4	0	5.342688103362699	0	true
sp|P11117|PPAL_HUMAN	5	0	3.111812112636777	0	true
sp|P11142|HSP7C_HUMAN	16	8	10.47052238604127	0	true
sp|P11166|GTR1_HUMAN	3	0	5.651847545524277	0	true
sp|P11169|GTR3_HUMAN;sp|Q8TDB8|GTR14_HUMAN	2	0	5.686606724770247	0	true
sp|P11171|EPB41_HUMAN	3	1	1.3153155016218403	0	true
sp|P11172|UMPS_HUMAN	12	0	4.482651375122282	0	true
sp|P11177|ODPB_HUMAN	9	0	8.930368218272564	0	true
sp|P11182|ODB2_HUMAN	3	0	1.383736506564485	0	true
sp|P11216|PYGB_HUMAN	7	4	6.562184945939463	0	true
sp|P11233|RALA_HUMAN	2	2	3.3569574903423782	0	true
sp|P11234|RALB_HUMAN	2	2	3.3569574903423782	0	true
sp|P11279|LAMP1_HUMAN	5	0	4.968738760346048	0	true
sp|P11310|ACADM_HUMAN	7	0	5.862812248969258	0	true
sp|P11387|TOP1_HUMAN	30	0	8.76058791610766	0	true
sp|P11388|TOP2A_HUMAN	24	13	8.62595583415963	0	true
sp|P11413|G6PD_HUMAN	22	0	10.418292383572407	0	true
sp|P11441|UBL4A_HUMAN	2	0	2.195167228043399	0	true
sp|P11498|PYC_HUMAN	30	0	8.57251994754233	0	true
sp|P11532|DMD_HUMAN	6	1	5.399493866653115	0	true
sp|P11586|C1TC_HUMAN	38	1	8.822172956155768	0	true
sp|P11717|MPRI_HUMAN	20	0	7.215484875390171	0	true
sp|P11766|ADHX_HUMAN	10	0	8.033469084727797	0	true
sp|P11802|CDK4_HUMAN	4	1	3.3071520370170444	0	true
sp|P11908|PRPS2_HUMAN	3	6	8.536160832164928	0	true
sp|P11940|PABP1_HUMAN	17	9	9.336534173069685	0	true
sp|P12004|PCNA_HUMAN	12	0	8.921379186754452	0	true
sp|P12081|HARS1_HUMAN	8	5	6.767569993524476	0	true
sp|P12109|CO6A1_HUMAN	5	0	5.617886628362491	0	true
sp|P12235|ADT1_HUMAN	1	8	7.651890806818777	0	true
sp|P12236|ADT3_HUMAN	2	11	7.651890806818777	0	true
sp|P12259|FA5_HUMAN	2	0	3.7162039173696324	0	true
sp|P12268|IMDH2_HUMAN	18	1	8.69006275526754	0	true
sp|P12270|TPR_HUMAN	53	0	8.360007224328296	0	true
sp|P12277|KCRB_HUMAN	8	0	8.796231882937294	0	true
sp|P12429_p_target|ANXA3_HUMAN_p_target	1	0	0.7410635417406537	0	true
sp|P12429|ANXA3_HUMAN	15	0	9.051719271160932	0	true
sp|P12694|ODBA_HUMAN	4	0	6.14274923864918	0	true
sp|P12814|ACTN1_HUMAN	29	16	10.35339642124282	0	true
sp|P12955|PEPD_HUMAN	5	0	4.659183170812928	0	true
sp|P12956|XRCC6_HUMAN	23	0	9.193152378709978	0	true
sp|P13010|XRCC5_HUMAN	22	0	8.11693669550873	0	true
sp|P13051|UNG_HUMAN	1	0	1.7865517742953991	0	true
sp|P13073|COX41_HUMAN	5	0	6.660640965186494	0	true
sp|P13284|GILT_HUMAN	3	0	6.394113810718784	0	true
sp|P13473|LAMP2_HUMAN	3	0	3.440889388320976	0	true
sp|P13489|RINI_HUMAN	12	0	8.084309118592467	0	true
sp|P13639|EF2_HUMAN	35	1	9.101001072587016	0	true
sp|P13645|K1C10_HUMAN	14	3	8.972454973529347	0	true
sp|P13646|K1C13_HUMAN	0	4	9.32911216861163	0	true
sp|P13667|PDIA4_HUMAN	31	0	8.639412406101652	0	true
sp|P13674|P4HA1_HUMAN	9	0	6.075147038225062	0	true
sp|P13693|TCTP_HUMAN	8	0	8.06540150297784	0	true
sp|P13797|PLST_HUMAN	21	3	10.162473304484468	0	true
sp|P13798|ACPH_HUMAN	12	0	7.514221175005824	0	true
sp|P13804|ETFA_HUMAN	13	0	9.591187683453347	0	true
sp|P13807|GYS1_HUMAN	6	0	4.820697755581204	0	true
sp|P13861|KAP2_HUMAN	13	0	5.904470898308472	0	true
sp|P13929|ENOB_HUMAN	5	2	9.500345752273402	0	true
sp|P13984|T2FB_HUMAN	3	0	3.4903048208308576	0	true
sp|P13987|CD59_HUMAN	4	0	8.737908690304836	0	true
sp|P13995|MTDC_HUMAN	5	0	6.020322637470137	0	true
sp|P14174|MIF_HUMAN	2	0	5.579269705782734	0	true
sp|P14209|CD99_HUMAN	2	0	7.122278277972327	0	true
sp|P14314|GLU2B_HUMAN	15	0	10.322719244607738	0	true
sp|P14324|FPPS_HUMAN	8	0	5.715066522808841	0	true
sp|P14373|TRI27_HUMAN	3	0	3.5506999609293994	0	true
sp|P14384|CBPM_HUMAN	7	0	4.809733918931049	0	true
sp|P14406|CX7A2_HUMAN	2	0	3.8859085098289343	0	true
sp|P14550|AK1A1_HUMAN	10	0	8.559566643313548	0	true
sp|P14618|KPYM_HUMAN	29	1	10.98869453532734	0	true
sp|P14621|ACYP2_HUMAN	1	0	2.1932507703823894	0	true
sp|P14625|ENPL_HUMAN	31	1	9.689898308795081	0	true
sp|P14635|CCNB1_HUMAN	2	0	1.8733712960364861	0	true
sp|P14678|RSMB_HUMAN;sp|P63162|RSMN_HUMAN	6	0	6.235641945477661	0	true
sp|P14735|IDE_HUMAN	16	0	4.348431126015031	0	true
sp|P14854|CX6B1_HUMAN	5	0	6.557418726216093	0	true
sp|P14866|HNRPL_HUMAN	15	1	9.239129356985211	0	true
sp|P14868|SYDC_HUMAN	25	0	7.608923538748573	0	true
sp|P14923|PLAK_HUMAN	9	0	4.6320861596439595	0	true
sp|P14927|QCR7_HUMAN	3	0	6.496900173321967	0	true
sp|P15121|ALDR_HUMAN	11	0	7.682748040317131	0	true
sp|P15151|PVR_HUMAN	1	0	0.8812674103646486	0	true
sp|P15170|ERF3A_HUMAN	7	9	7.787571038018956	0	true
sp|P15291|B4GT1_HUMAN	1	0	4.274495081895423	0	true
sp|P15311|EZRI_HUMAN	14	10	10.432559591590733	0	true
sp|P15328|FOLR1_HUMAN	9	0	9.181378899354348	0	true
sp|P15336|ATF2_HUMAN	1	0	0.6819898528753688	0	true
sp|P15374|UCHL3_HUMAN	5	0	7.342603605937892	0	true
sp|P15509|CSF2R_HUMAN	1	0	1.3566480581432316	0	true
sp|P15529|MCP_HUMAN	4	0	3.883174671568852	0	true
sp|P15531|NDKA_HUMAN	4	5	8.808136207441676	0	true
sp|P15559|NQO1_HUMAN	4	0	6.609329795653469	0	true
sp|P15586|GNS_HUMAN	6	0	3.8842345752540264	0	true
sp|P15880|RS2_HUMAN	10	0	9.103740401035255	0	true
sp|P15924|DESP_HUMAN	19	0	3.4968587568830025	0	true
sp|P15927|RFA2_HUMAN	3	0	7.081763390398233	0	true
sp|P15954|COX7C_HUMAN	1	0	3.9190016957516947	0	true
sp|P16066|ANPRA_HUMAN	1	0	2.2740133378497482	0	true
sp|P16070|CD44_HUMAN	10	0	8.442812216808726	0	true
sp|P16083|NQO2_HUMAN	5	0	6.396628028555622	0	true
sp|P16144|ITB4_HUMAN	14	0	6.55526171827995	0	true
sp|P16152|CBR1_HUMAN	11	2	10.6558536732514	0	true
sp|P16219|ACADS_HUMAN	2	0	2.9244347759485234	0	true
sp|P16220|CREB1_HUMAN	1	2	3.841129619491645	0	true
sp|P16278|BGAL_HUMAN	7	0	9.282344766539742	0	true
sp|P16401|H15_HUMAN	4	1	6.212303225826786	0	true
sp|P16403|H12_HUMAN	1	4	5.914538693216084	0	true
sp|P16435|NCPR_HUMAN	16	0	6.283117751683101	0	true
sp|P16455|MGMT_HUMAN	6	0	6.1137474879543925	0	true
sp|P16615|AT2A2_HUMAN	25	0	11.372292517196199	0	true
sp|P16949|STMN1_HUMAN	4	2	6.703605377970263	0	true
sp|P16989|YBOX3_HUMAN	5	3	8.945635137116346	0	true
sp|P17036|ZNF3_HUMAN	1	1	3.66640443014597	0	true
sp|P17066|HSP76_HUMAN	1	8	9.49552353567186	0	true
sp|P17096|HMGA1_HUMAN	2	0	7.027063944216924	0	true
sp|P17152|TMM11_HUMAN	2	0	2.909052170205352	0	true
sp|P17174|AATC_HUMAN	15	0	7.184756459744389	0	true
sp|P17252|KPCA_HUMAN	4	0	5.44662808296537	0	true
sp|P17275|JUNB_HUMAN	6	0	3.0878772523541502	0	true
sp|P17301|ITA2_HUMAN	16	0	8.551698248073894	0	true
sp|P17480|UBF1_HUMAN	11	0	5.971464236431755	0	true
sp|P17544|ATF7_HUMAN	1	0	1.157531675954801	0	true
sp|P17568|NDUB7_HUMAN	1	0	1.8493485737748032	0	true
sp|P17612|KAPCA_HUMAN	7	0	3.455140082575445	0	true
sp|P17655|CAN2_HUMAN	11	0	6.878034942262607	0	true
sp|P17676|CEBPB_HUMAN	4	0	7.231573295059854	0	true
sp|P17706|PTN2_HUMAN	3	0	4.974820397097141	0	true
sp|P17812|PYRG1_HUMAN	17	3	7.087023847783639	0	true
sp|P17813|EGLN_HUMAN	1	0	2.1629610783051154	0	true
sp|P17844|DDX5_HUMAN	19	8	8.840314906798508	0	true
sp|P17858|PFKAL_HUMAN	10	4	9.4417974474021	0	true
sp|P17931|LEG3_HUMAN	8	0	9.98203432333508	0	true
sp|P17980|PRS6A_HUMAN	11	0	6.525496426696705	0	true
sp|P17987|TCPA_HUMAN	23	0	9.9853700256453	0	true
sp|P18031|PTN1_HUMAN	8	0	5.274480114312091	0	true
sp|P18074|ERCC2_HUMAN	1	0	3.4061068214587693	0	true
sp|P18077|RL35A_HUMAN	6	0	7.512339990162943	0	true
sp|P18085|ARF4_HUMAN	5	2	7.170580686432827	0	true
sp|P18124|RL7_HUMAN	11	0	7.325606496121033	0	true
sp|P18206|VINC_HUMAN	50	0	9.556434671919753	0	true
sp|P18583|SON_HUMAN	14	0	7.143059280037549	0	true
sp|P18615|NELFE_HUMAN	7	0	4.6327594000310075	0	true
sp|P18621|RL17_HUMAN	7	0	7.728235223238198	0	true
sp|P18669|PGAM1_HUMAN	11	0	8.810140926391869	0	true
sp|P18754|RCC1_HUMAN	11	0	8.186692753796148	0	true
sp|P18846|ATF1_HUMAN	1	2	4.966503032748397	0	true
sp|P18858|DNLI1_HUMAN	13	0	8.624592254088798	0	true
sp|P18859|ATP5J_HUMAN	4	0	8.402207805663556	0	true
sp|P18887|XRCC1_HUMAN	2	0	2.4613478566487164	0	true
sp|P19012|K1C15_HUMAN	0	5	9.32911216861163	0	true
sp|P19075|TSN8_HUMAN	1	0	4.366539162161907	0	true
sp|P19174|PLCG1_HUMAN	3	0	2.3305711276358774	0	true
sp|P19256|LFA3_HUMAN	1	0	3.226050343302691	0	true
sp|P19338|NUCL_HUMAN	23	0	9.422138079024617	0	true
sp|P19367|HXK1_HUMAN	2	2	1.9172994321020789	0	true
sp|P19387|RPB3_HUMAN	4	0	6.861403632937657	0	true
sp|P19388|RPAB1_HUMAN	3	0	5.611564427264452	0	true
sp|P19404|NDUV2_HUMAN	5	0	6.213533183107747	0	true
sp|P19447|ERCC3_HUMAN	2	0	3.9819959995928333	0	true
sp|P19525|E2AK2_HUMAN	10	0	5.246685860913454	0	true
sp|P19623|SPEE_HUMAN	10	0	5.833913233471168	0	true
sp|P19784|CSK22_HUMAN	5	0	5.121130939438253	0	true
sp|P19823|ITIH2_HUMAN	5	0	8.012633583810818	0	true
sp|P19827|ITIH1_HUMAN	2	0	6.300992932061261	0	true
sp|P20020|AT2B1_HUMAN	7	4	8.616217225889432	0	true
sp|P20042|IF2B_HUMAN	20	0	7.828053140688893	0	true
sp|P20073|ANXA7_HUMAN	14	0	8.1060744576103	0	true
sp|P20290|BTF3_HUMAN	5	0	10.097507319185894	0	true
sp|P20339|RAB5A_HUMAN	5	3	5.538647503359112	0	true
sp|P20340|RAB6A_HUMAN	4	0	5.320860102710393	0	true
sp|P20585|MSH3_HUMAN	6	0	2.2928609627823278	0	true
sp|P20618|PSB1_HUMAN	9	0	8.152312394761958	0	true
sp|P20645|MPRD_HUMAN	4	0	8.916649286246871	0	true
sp|P20674|COX5A_HUMAN	3	0	7.155851505197632	0	true
sp|P20700|LMNB1_HUMAN	31	2	9.405967723332761	0	true
sp|P20742|PZP_HUMAN	1	1	4.9603845958222506	0	true
sp|P20774|MIME_HUMAN	2	0	2.3962885972504573	0	true
sp|P20810|ICAL_HUMAN	11	0	7.436815478894713	0	true
sp|P20839|IMDH1_HUMAN	6	1	2.612195024383894	0	true
sp|P20933|ASPG_HUMAN	1	0	0.8418124297729953	0	true
sp|P20936_p_target|RASA1_HUMAN_p_target	2	0	1.1305088990489862	0	true
sp|P20936|RASA1_HUMAN	1	0	1.8323295032640836	0	true
sp|P20962|PTMS_HUMAN	4	0	6.891721101478338	0	true
sp|P21108|PRPS3_HUMAN	0	4	7.734586312247128	0	true
sp|P21127|CD11B_HUMAN	9	0	2.913509531807086	0	true
sp|P21266|GSTM3_HUMAN	13	0	9.63695964570793	0	true
sp|P21281|VATB2_HUMAN	11	0	4.430929045242512	0	true
sp|P21283|VATC1_HUMAN	4	0	2.2885637743056013	0	true
sp|P21291|CSRP1_HUMAN	9	0	8.643973579297677	0	true
sp|P21333|FLNA_HUMAN	101	8	9.73846170119584	0	true
sp|P21359|NF1_HUMAN	4	0	1.5273540907573395	0	true
sp|P21399|ACOHC_HUMAN	13	0	6.595606104398474	0	true
sp|P21589|5NTD_HUMAN	4	0	4.659217541201846	0	true
sp|P21796|VDAC1_HUMAN	13	0	9.891983560684839	0	true
sp|P21912|SDHB_HUMAN	9	0	5.893214795379561	0	true
sp|P21926|CD9_HUMAN	1	0	3.8360423144632776	0	true
sp|P21964|COMT_HUMAN	5	0	7.0704948230881115	0	true
sp|P21980|TGM2_HUMAN	13	0	7.024766901254762	0	true
sp|P22033|MUTA_HUMAN	5	0	1.8948466850154861	0	true
sp|P22059|OSBP1_HUMAN	12	0	7.142898214706735	0	true
sp|P22061|PIMT_HUMAN	7	0	8.283634345784783	0	true
sp|P22087|FBRL_HUMAN	13	0	8.398468487248726	0	true
sp|P22102|PUR2_HUMAN	33	0	9.664236364226872	0	true
sp|P22234|PUR6_HUMAN	13	0	9.721272527380034	0	true
sp|P22307|SCP2_HUMAN	5	0	7.314181499532225	0	true
sp|P22314|UBA1_HUMAN	37	0	8.573888811792004	0	true
sp|P22392|NDKB_HUMAN	1	9	8.495036526767175	0	true
sp|P22570|ADRO_HUMAN	5	0	1.999683204753799	0	true
sp|P22626|ROA2_HUMAN	17	1	10.287637346298524	0	true
sp|P22695|QCR2_HUMAN	12	0	7.630048548301571	0	true
sp|P22830|HEMH_HUMAN	7	0	3.6320949209573707	0	true
sp|P23142|FBLN1_HUMAN	5	0	6.103437115000258	0	true
sp|P23193|TCEA1_HUMAN	12	0	6.2600151595426174	0	true
sp|P23229|ITA6_HUMAN	7	0	6.8514904057442	0	true
sp|P23246|SFPQ_HUMAN	27	1	8.853190004980043	0	true
sp|P23258|TBG1_HUMAN	6	0	4.585957937266038	0	true
sp|P23284|PPIB_HUMAN	9	1	8.344101106476158	0	true
sp|P23368|MAOM_HUMAN	7	0	4.614881289148967	0	true
sp|P23381_p_target|SYWC_HUMAN_p_target	1	0	0.6534510638659147	0	true
sp|P23381|SYWC_HUMAN	15	0	9.06502781156525	0	true
sp|P23396|RS3_HUMAN	17	0	7.673043701312101	0	true
sp|P23434|GCSH_HUMAN	2	0	4.145369809021633	0	true
sp|P23497|SP100_HUMAN	1	1	4.048724845995688	0	true
sp|P23526|SAHH_HUMAN	20	0	10.28861316971157	0	true
sp|P23528|COF1_HUMAN	10	1	9.82953383669342	0	true
sp|P23588|IF4B_HUMAN	16	0	10.320183658822218	0	true
sp|P23634|AT2B4_HUMAN	10	4	8.616217225889432	0	true
sp|P23786|CPT2_HUMAN	10	0	5.871001227396838	0	true
sp|P23919|KTHY_HUMAN	8	0	4.985125889864076	0	true
sp|P23921|RIR1_HUMAN	21	0	8.67080736773488	0	true
sp|P24390|ERD21_HUMAN;sp|P33947|ERD22_HUMAN	1	0	2.245573252193927	0	true
sp|P24534|EF1B_HUMAN	5	2	12.016154676397447	0	true
sp|P24539|AT5F1_HUMAN	7	0	7.181119765067741	0	true
sp|P24666|PPAC_HUMAN	5	0	7.745224178767416	0	true
sp|P24752|THIL_HUMAN	12	0	8.062317249335587	0	true
sp|P24821|TENA_HUMAN	1	0	1.4144228962273004	0	true
sp|P24928|RPB1_HUMAN	14	0	5.777256125139135	0	true
sp|P24941|CDK2_HUMAN	3	2	4.035439193612733	0	true
sp|P25098|ARBK1_HUMAN;sp|P35626|ARBK2_HUMAN	1	0	0.7394133139599819	0	true
sp|P25205|MCM3_HUMAN	30	1	9.4540201990928	0	true
sp|P25208|NFYB_HUMAN	1	0	3.266935243063094	0	true
sp|P25325|THTM_HUMAN	5	0	6.562909709075958	0	true
sp|P25398|RS12_HUMAN	7	0	10.1156882452189	0	true
sp|P25440|BRD2_HUMAN	2	1	2.6983065523132366	0	true
sp|P25445|TNR6_HUMAN	1	0	2.742803153911297	0	true
sp|P25490|TYY1_HUMAN	2	0	3.6433308281881147	0	true
sp|P25685|DNJB1_HUMAN	8	1	7.9088329399361195	0	true
sp|P25705|ATPA_HUMAN	25	0	9.624342302533321	0	true
sp|P25786|PSA1_HUMAN	13	0	9.20555157363657	0	true
sp|P25787|PSA2_HUMAN	4	0	8.657853841849274	0	true
sp|P25788|PSA3_HUMAN	8	0	8.33780075623934	0	true
sp|P25789|PSA4_HUMAN	8	0	9.027741277171582	0	true
sp|P25815|S100P_HUMAN	2	0	6.993543524774954	0	true
sp|P26006|ITA3_HUMAN	10	0	4.15009627354661	0	true
sp|P26038_p_target|MOES_HUMAN_p_target	1	0	1.7181057211590658	0	true
sp|P26038|MOES_HUMAN	22	10	8.731827732473182	0	true
sp|P26196|DDX6_HUMAN	11	0	8.349091853015068	0	true
sp|P26358|DNMT1_HUMAN	25	0	8.94649204552899	0	true
sp|P26368|U2AF2_HUMAN	7	0	7.269673921894946	0	true
sp|P26373|RL13_HUMAN	10	0	6.331812695828917	0	true
sp|P26440|IVD_HUMAN	5	0	1.9136305802002367	0	true
sp|P26447|S10A4_HUMAN	5	0	7.1699871109892	0	true
sp|P26583|HMGB2_HUMAN	6	1	6.780293308435547	0	true
sp|P26599|PTBP1_HUMAN	7	2	7.593886971209981	0	true
sp|P26639|SYTC_HUMAN	26	0	8.972109411429043	0	true
sp|P26640|SYVC_HUMAN	36	0	9.141494353823331	0	true
sp|P26641|EF1G_HUMAN	15	0	8.221847003411803	0	true
sp|P26885|FKBP2_HUMAN	4	0	7.623994379856075	0	true
sp|P27105|STOM_HUMAN	6	0	6.841452617149141	0	true
sp|P27338|AOFB_HUMAN	3	0	5.055754536220309	0	true
sp|P27348|1433T_HUMAN	7	4	8.543675219324246	0	true
sp|P27361|MK03_HUMAN	2	3	3.7311822333897053	0	true
sp|P27448|MARK3_HUMAN	3	1	4.369122324481808	0	true
sp|P27635|RL10_HUMAN	7	0	7.28468616388532	0	true
sp|P27694|RFA1_HUMAN	19	0	6.068115161414508	0	true
sp|P27695|APEX1_HUMAN	11	0	9.533752666828002	0	true
sp|P27707|DCK_HUMAN	2	0	1.6227121679660228	0	true
sp|P27708|PYR1_HUMAN	43	2	9.931781704588218	0	true
sp|P27797|CALR_HUMAN	15	0	11.472743837646576	0	true
sp|P27816|MAP4_HUMAN	27	0	8.073862750329798	0	true
sp|P27824|CALX_HUMAN	23	0	8.76522732529913	0	true
sp|P27986|P85A_HUMAN	1	0	0.7063145443596014	0	true
sp|P28062|PSB8_HUMAN	3	0	6.100663295316415	0	true
sp|P28066|PSA5_HUMAN	7	0	8.71434080482426	0	true
sp|P28070|PSB4_HUMAN	5	0	8.280174062299599	0	true
sp|P28072|PSB6_HUMAN	4	0	5.434889924494784	0	true
sp|P28074|PSB5_HUMAN	9	0	8.221286223053633	0	true
sp|P28288|ABCD3_HUMAN	8	0	6.493918300568981	0	true
sp|P28290|ITPI2_HUMAN	10	0	3.1159134797037535	0	true
sp|P28331|NDUS1_HUMAN	25	0	7.535511020219591	0	true
sp|P28340|DPOD1_HUMAN	22	0	6.260142345754666	0	true
sp|P28482|MK01_HUMAN	3	3	3.7311822333897053	0	true
sp|P28715|ERCC5_HUMAN	2	0	1.2292634674380176	0	true
sp|P28799|GRN_HUMAN	1	0	5.789741742505921	0	true
sp|P28838|AMPL_HUMAN	11	0	7.673809428149785	0	true
sp|P29083|T2EA_HUMAN	2	0	0.8478582199744965	0	true
sp|P29084|T2EB_HUMAN	2	0	2.566035031888882	0	true
sp|P29144|TPP2_HUMAN	22	0	5.8341959743029905	0	true
sp|P29218|IMPA1_HUMAN	4	0	3.330067775253852	0	true
sp|P29317|EPHA2_HUMAN	8	0	9.23833822460999	0	true
sp|P29353|SHC1_HUMAN	6	0	7.513416176063689	0	true
sp|P29372|3MG_HUMAN	3	0	1.0759205075436293	0	true
sp|P29401|TKT_HUMAN	20	0	10.079857695252032	0	true
sp|P29466|CASP1_HUMAN	6	0	4.726241181449355	0	true
sp|P29508|SPB3_HUMAN	5	0	5.037920340064008	0	true
sp|P29590|PML_HUMAN	7	0	2.684718593400267	0	true
sp|P29692|EF1D_HUMAN	11	2	9.956039112339836	0	true
sp|P29992|GNA11_HUMAN	3	0	1.341368362449654	0	true
sp|P30040|ERP29_HUMAN	9	0	7.318634794818453	0	true
sp|P30041|PRDX6_HUMAN	12	0	12.171896186895443	0	true
sp|P30043|BLVRB_HUMAN	7	0	9.437074400443501	0	true
sp|P30044|PRDX5_HUMAN	7	0	6.865261152801806	0	true
sp|P30046|DOPD_HUMAN	4	0	6.115311703491794	0	true
sp|P30048|PRDX3_HUMAN	6	0	9.523472585749245	0	true
sp|P30049|ATPD_HUMAN	2	0	6.858201603917387	0	true
sp|P30050|RL12_HUMAN	6	0	10.220870577846467	0	true
sp|P30084|ECHM_HUMAN	10	0	8.116303429491603	0	true
sp|P30085|KCY_HUMAN	9	0	7.335788266055832	0	true
sp|P30086|PEBP1_HUMAN	9	0	9.771106625334648	0	true
sp|P30101|PDIA3_HUMAN	25	0	9.64909959419535	0	true
sp|P30153|2AAA_HUMAN	17	3	7.776469891461891	0	true
sp|P30154|2AAB_HUMAN	2	3	6.246726268970489	0	true
sp|P30260|CDC27_HUMAN	4	0	3.8197428397612567	0	true
sp|P30405|PPIF_HUMAN	4	0	7.004480842405159	0	true
sp|P30408|T4S1_HUMAN	1	0	4.665814386040738	0	true
sp|P30419|NMT1_HUMAN	7	0	5.86657566322523	0	true
sp|P30519|HMOX2_HUMAN	7	0	5.941956775789581	0	true
sp|P30520|PURA2_HUMAN	7	0	8.511022912897609	0	true
sp|P30533|AMRP_HUMAN	7	0	5.230678627918329	0	true
sp|P30566|PUR8_HUMAN	5	0	6.9520718292501975	0	true
sp|P30613|KPYR_HUMAN	1	1	4.205860149413508	0	true
sp|P30622|CLIP1_HUMAN	11	0	8.00958707802748	0	true
sp|P30626|SORCN_HUMAN	7	0	4.12490077762907	0	true
sp|P30711|GSTT1_HUMAN	1	0	0.8188188274436721	0	true
sp|P30740|ILEU_HUMAN	11	0	6.747232540458073	0	true
sp|P30825|CTR1_HUMAN	2	1	5.198361483425118	0	true
sp|P30837|AL1B1_HUMAN	4	0	2.4487537991933626	0	true
sp|P30876|RPB2_HUMAN	15	0	4.686421447665901	0	true
sp|P31040|SDHA_HUMAN	16	0	8.313665725049972	0	true
sp|P31150|GDIA_HUMAN	7	7	7.970994647909163	0	true
sp|P31153|METK2_HUMAN	14	2	9.994392654060722	0	true
sp|P31327|CPSM_HUMAN	58	2	9.803882507510087	0	true
sp|P31350|RIR2_HUMAN	8	0	7.250728829631351	0	true
sp|P31431|SDC4_HUMAN	1	0	2.0553608080362293	0	true
sp|P31483|TIA1_HUMAN	5	3	7.467136525736942	0	true
sp|P31689|DNJA1_HUMAN	8	0	7.434597893525005	0	true
sp|P31751|AKT2_HUMAN	1	0	2.923375326405522	0	true
sp|P31930|QCR1_HUMAN	15	0	7.693372657885836	0	true
sp|P31937|3HIDH_HUMAN	4	0	4.478308137698364	0	true
sp|P31939|PUR9_HUMAN	25	0	7.616646809696479	0	true
sp|P31942|HNRH3_HUMAN	7	1	7.653019750864224	0	true
sp|P31943|HNRH1_HUMAN	8	5	8.56781601136592	0	true
sp|P31946|1433B_HUMAN	4	5	9.445206241450574	0	true
sp|P31947|1433S_HUMAN	9	3	6.89545130651713	0	true
sp|P31948|STIP1_HUMAN	28	1	8.40352285782373	0	true
sp|P31949|S10AB_HUMAN	2	0	4.648192593564445	0	true
sp|P32004|L1CAM_HUMAN	18	0	7.703936484108874	0	true
sp|P32119|PRDX2_HUMAN	8	1	6.218584724578542	0	true
sp|P32121|ARRB2_HUMAN	2	0	1.3881433327253647	0	true
sp|P32320|CDD_HUMAN	3	0	8.544232499388777	0	true
sp|P32321|DCTD_HUMAN	3	0	5.924311691828634	0	true
sp|P32322|P5CR1_HUMAN	4	1	3.435786527598995	0	true
sp|P32780|TF2H1_HUMAN	1	0	1.0512879673083684	0	true
sp|P32929|CGL_HUMAN	4	0	3.5597812494012997	0	true
sp|P32969|RL9_HUMAN	7	0	10.441676133603101	0	true
sp|P33176|KINH_HUMAN	31	0	7.261232473407794	0	true
sp|P33240|CSTF2_HUMAN	5	4	5.635845106143316	0	true
sp|P33316|DUT_HUMAN	9	0	8.502146221267964	0	true
sp|P33527|MRP1_HUMAN	4	0	3.1267912896164916	0	true
sp|P33897|ABCD1_HUMAN	4	0	5.340716563163369	0	true
sp|P33991|MCM4_HUMAN	23	0	6.085073966928897	0	true
sp|P33992|MCM5_HUMAN	28	1	7.290794123600701	0	true
sp|P33993|MCM7_HUMAN	22	0	8.79932408545888	0	true
sp|P34896|GLYC_HUMAN	7	1	8.940448517718421	0	true
sp|P34897|GLYM_HUMAN	20	1	8.940448517718421	0	true
sp|P34931|HS71L_HUMAN	0	11	10.47052238604127	0	true
sp|P34932_p_target|HSP74_HUMAN_p_target	1	0	2.0966992428154887	0	true
sp|P34932|HSP74_HUMAN	29	2	9.1695929235408	0	true
sp|P34949|MPI_HUMAN	7	0	8.727221235742698	0	true
sp|P35052|GPC1_HUMAN	5	0	3.2938969091575623	0	true
sp|P35080|PROF2_HUMAN	2	0	5.849437255678868	0	true
sp|P35221|CTNA1_HUMAN	6	0	4.412796245999638	0	true
sp|P35232|PHB1_HUMAN	14	0	8.470046901097588	0	true
sp|P35237|SPB6_HUMAN	9	1	6.9084299403908584	0	true
sp|P35241|RADI_HUMAN	14	11	8.345031542909782	0	true
sp|P35244|RFA3_HUMAN	4	0	4.675453676504818	0	true
sp|P35249|RFC4_HUMAN	11	0	6.945172496418513	0	true
sp|P35250|RFC2_HUMAN	9	0	6.203046009285819	0	true
sp|P35251|RFC1_HUMAN	4	0	5.246268047957369	0	true
sp|P35268|RL22_HUMAN	2	0	6.814107334170386	0	true
sp|P35269|T2FA_HUMAN	7	0	2.257972493414761	0	true
sp|P35270|SPRE_HUMAN	7	0	7.882319442784514	0	true
sp|P35354|PGH2_HUMAN	6	0	3.1168717293618853	0	true
sp|P35443|TSP4_HUMAN	2	1	3.3082488412728606	0	true
sp|P35520|CBS_HUMAN	9	0	5.412939763900258	0	true
sp|P35573|GDE_HUMAN	5	0	1.3477248075181985	0	true
sp|P35579_p_target|MYH9_HUMAN_p_target	1	0	0.8711659052440652	0	true
sp|P35579|MYH9_HUMAN	76	9	9.539201862185589	0	true
sp|P35580|MYH10_HUMAN	3	9	9.539201862185589	0	true
sp|P35606|COPB2_HUMAN	24	0	6.914926732072979	0	true
sp|P35610|SOAT1_HUMAN	6	0	5.879623300956706	0	true
sp|P35613|BASI_HUMAN	8	0	7.82182861786715	0	true
sp|P35637|FUS_HUMAN	5	2	6.908645360103529	0	true
sp|P35658|NU214_HUMAN	28	0	6.305432640513978	0	true
sp|P35659|DEK_HUMAN	8	0	8.247724725993336	0	true
sp|P35813|PPM1A_HUMAN	3	1	4.0828187993260405	0	true
sp|P35914|HMGCL_HUMAN	4	0	3.862424725327128	0	true
sp|P35998|PRS7_HUMAN	16	0	7.6574598312339734	0	true
sp|P36404|ARL2_HUMAN	2	0	4.704025802720953	0	true
sp|P36405|ARL3_HUMAN	4	0	4.660706060256257	0	true
sp|P36507|MP2K2_HUMAN	6	4	6.059672043633924	0	true
sp|P36542|ATPG_HUMAN	9	0	7.081978080105874	0	true
sp|P36543|VATE1_HUMAN	5	0	7.970418755156879	0	true
sp|P36551|HEM6_HUMAN	4	0	2.614450664593386	0	true
sp|P36578|RL4_HUMAN	15	0	9.296145001332576	0	true
sp|P36639|8ODP_HUMAN	2	0	3.345731229355169	0	true
sp|P36776|LONM_HUMAN	19	0	8.790960982182701	0	true
sp|P36871|PGM1_HUMAN	20	0	9.36778743010742	0	true
sp|P36873|PP1G_HUMAN	2	8	9.379864788171417	0	true
sp|P36915_p_target|GNL1_HUMAN_p_target	1	0	1.520832673748916	0	true
sp|P36952|SPB5_HUMAN	16	0	8.789321924605401	0	true
sp|P36954|RPB9_HUMAN	1	0	2.5458225647196553	0	true
sp|P36955|PEDF_HUMAN	4	0	8.472187418920623	0	true
sp|P36957|ODO2_HUMAN	10	0	7.538690860933963	0	true
sp|P36969|GPX4_HUMAN	2	0	3.5115702929533295	0	true
sp|P37108|SRP14_HUMAN	5	0	8.465671250907912	0	true
sp|P37198|NUP62_HUMAN	7	0	5.4354841763817765	0	true
sp|P37235|HPCL1_HUMAN	7	0	5.739069409564942	0	true
sp|P37802|TAGL2_HUMAN	11	0	8.779722315646941	0	true
sp|P37837|TALDO_HUMAN	13	0	7.7801132960813	0	true
sp|P38117|ETFB_HUMAN	13	0	7.635339761322575	0	true
sp|P38159|RBMX_HUMAN	4	11	8.674229975265833	0	true
sp|P38432|COIL_HUMAN	2	0	2.911030435493046	0	true
sp|P38435|VKGC_HUMAN	2	0	2.601776925706055	0	true
sp|P38606|VATA_HUMAN	17	0	7.024508517014363	0	true
sp|P38646|GRP75_HUMAN	33	2	10.959204091581572	0	true
sp|P38919|IF4A3_HUMAN	15	3	8.11487777826503	0	true
sp|P39019|RS19_HUMAN	8	0	7.403858593721558	0	true
sp|P39023|RL3_HUMAN	14	0	10.760313402421096	0	true
sp|P39656|OST48_HUMAN	6	0	5.4252679807766	0	true
sp|P39687|AN32A_HUMAN	7	2	8.779820075945246	0	true
sp|P39748|FEN1_HUMAN	12	0	9.291397622183824	0	true
sp|P40121|CAPG_HUMAN	10	0	9.742075588452238	0	true
sp|P40123|CAP2_HUMAN	1	1	4.343983935025183	0	true
sp|P40222|TXLNA_HUMAN	5	0	6.26338176963346	0	true
sp|P40227|TCPZ_HUMAN	14	0	8.207229793777637	0	true
sp|P40261|NNMT_HUMAN	5	0	5.4927530701294165	0	true
sp|P40424|PBX1_HUMAN	2	0	2.192661099972111	0	true
sp|P40429|RL13A_HUMAN	7	0	6.703785414018351	0	true
sp|P40616|ARL1_HUMAN	4	0	5.393110565492092	0	true
sp|P40692|MLH1_HUMAN	6	0	3.303882079253271	0	true
sp|P40763|STAT3_HUMAN	8	0	5.538230208563716	0	true
sp|P40818|UBP8_HUMAN	2	0	5.5638260818105145	0	true
sp|P40925|MDHC_HUMAN	8	0	8.98165553835545	0	true
sp|P40926|MDHM_HUMAN	15	0	8.2482391107908	0	true
sp|P40937|RFC5_HUMAN	11	0	6.2360495302868735	0	true
sp|P40938|RFC3_HUMAN	9	0	8.79903873629062	0	true
sp|P40939|ECHA_HUMAN	20	0	8.297637929330815	0	true
sp|P41091|IF2G_HUMAN	14	0	10.2855950006313	0	true
sp|P41214|EIF2D_HUMAN	5	0	3.9115698211988748	0	true
sp|P41223|BUD31_HUMAN	6	0	5.003666394957727	0	true
sp|P41227|NAA10_HUMAN	9	0	6.1444575999358335	0	true
sp|P41236|IPP2_HUMAN	3	0	8.866188886680842	0	true
sp|P41240|CSK_HUMAN	6	0	3.052240753851981	0	true
sp|P41250|GARS_HUMAN	19	0	6.543091898017978	0	true
sp|P41252|SYIC_HUMAN	30	0	7.859958034475275	0	true
sp|P41743|KPCI_HUMAN	4	0	3.695690705001988	0	true
sp|P42025|ACTY_HUMAN	2	5	4.337896910098642	0	true
sp|P42126|ECI1_HUMAN	5	0	7.580905287548635	0	true
sp|P42166|LAP2A_HUMAN	18	0	9.278305623104654	0	true
sp|P42224|STAT1_HUMAN	12	0	6.444581901789511	0	true
sp|P42226|STAT6_HUMAN	2	0	1.5554581493886648	0	true
sp|P42285|MTREX_HUMAN	18	0	5.73905271430101	0	true
sp|P42330|AK1C3_HUMAN	12	0	10.925968928091553	0	true
sp|P42345|MTOR_HUMAN	9	0	4.982499180033826	0	true
sp|P42566|EPS15_HUMAN	6	0	3.398004069503389	0	true
sp|P42574|CASP3_HUMAN	3	0	4.509495027507086	0	true
sp|P42677|RS27_HUMAN	1	2	7.3388185763822875	0	true
sp|P42695|CNDD3_HUMAN	4	0	3.293401275129993	0	true
sp|P42696|RBM34_HUMAN	4	0	7.02668999678053	0	true
sp|P42704|LPPRC_HUMAN	44	1	7.94795172055227	0	true
sp|P42765|THIM_HUMAN	11	0	7.06196591162656	0	true
sp|P42766|RL35_HUMAN	2	1	5.576655163590454	0	true
sp|P42771|CDN2A_HUMAN	3	0	8.963222647681686	0	true
sp|P42785|PCP_HUMAN	1	0	3.410613561472832	0	true
sp|P42858|HD_HUMAN	2	0	1.8727743957764869	0	true
sp|P42892|ECE1_HUMAN	4	0	1.467837608533485	0	true
sp|P43034|LIS1_HUMAN	11	0	8.710966187436618	0	true
sp|P43121|MUC18_HUMAN	8	0	6.6669547814988395	0	true
sp|P43243|MATR3_HUMAN	28	0	9.167496745016418	0	true
sp|P43246|MSH2_HUMAN	22	0	6.549343710133367	0	true
sp|P43304|GPDM_HUMAN	14	0	7.2680309723118075	0	true
sp|P43307|SSRA_HUMAN	3	0	3.604288599757462	0	true
sp|P43353|AL3B1_HUMAN	2	1	4.2699338124934725	0	true
sp|P43487|RANG_HUMAN	5	0	6.7293505029005525	0	true
sp|P43490|NAMPT_HUMAN	14	0	7.5077395248713445	0	true
sp|P43686|PRS6B_HUMAN	12	1	5.158653374310763	0	true
sp|P43897|EFTS_HUMAN	9	0	7.687437976159758	0	true
sp|P45877|PPIC_HUMAN	1	1	2.9808308591348456	0	true
sp|P45880|VDAC2_HUMAN	12	0	7.753244013441833	0	true
sp|P45973|CBX5_HUMAN	8	1	7.041640135089771	0	true
sp|P45974|UBP5_HUMAN	23	0	7.060231447774383	0	true
sp|P46013_p_target|KI67_HUMAN_p_target	1	0	0.8509585505419408	0	true
sp|P46013|KI67_HUMAN	59	0	6.7548030957989225	0	true
sp|P46060|RAGP1_HUMAN	20	0	9.487800205087137	0	true
sp|P46063|RECQ1_HUMAN	19	0	7.4051497149149546	0	true
sp|P46087|NOP2_HUMAN	17	0	8.344697527784257	0	true
sp|P46100|ATRX_HUMAN	11	1	5.388098829936825	0	true
sp|P46108|CRK_HUMAN	3	0	4.3487072278323575	0	true
sp|P46109|CRKL_HUMAN	3	0	5.112214712757543	0	true
sp|P46379|BAG6_HUMAN	10	0	5.518828179134352	0	true
sp|P46459|NSF_HUMAN	13	1	4.514844468790846	0	true
sp|P46734|MP2K3_HUMAN	4	2	5.695240801763831	0	true
sp|P46736|BRCC3_HUMAN	2	0	3.0220088449973246	0	true
sp|P46776|RL27A_HUMAN	5	0	6.758315776996074	0	true
sp|P46777|RL5_HUMAN	15	0	8.721176193059689	0	true
sp|P46778|RL21_HUMAN	5	0	11.207151071101338	0	true
sp|P46779|RL28_HUMAN	6	0	6.121995065434357	0	true
sp|P46781|RS9_HUMAN	12	0	5.69880759539275	0	true
sp|P46782|RS5_HUMAN	7	0	7.925260705688363	0	true
sp|P46783|RS10_HUMAN	7	0	8.562413141485756	0	true
sp|P46926|GNPI1_HUMAN	1	2	4.726958520276334	0	true
sp|P46934|NEDD4_HUMAN	3	0	4.548801932675218	0	true
sp|P46937|YAP1_HUMAN	3	0	4.368667959649535	0	true
sp|P46939|UTRN_HUMAN	3	1	4.965232067193992	0	true
sp|P46940|IQGA1_HUMAN	57	3	10.043044999844001	0	true
sp|P46976|GLYG_HUMAN	2	0	7.635128999664367	0	true
sp|P46977|STT3A_HUMAN	7	0	5.106366993631029	0	true
sp|P47224|MSS4_HUMAN	1	0	1.427420536385985	0	true
sp|P47712|PA24A_HUMAN	13	0	6.240225191116781	0	true
sp|P47755|CAZA2_HUMAN	7	1	6.322015433847536	0	true
sp|P47756|CAPZB_HUMAN	9	0	7.312540699311192	0	true
sp|P47897|SYQ_HUMAN	24	1	8.206114144307815	0	true
sp|P47914|RL29_HUMAN	2	0	8.205878293943146	0	true
sp|P47985|UCRI_HUMAN	1	7	6.511118765345948	0	true
sp|P48047|ATPO_HUMAN	8	0	7.1783761286050805	0	true
sp|P48059|LIMS1_HUMAN	2	0	2.26055706287802	0	true
sp|P48147|PPCE_HUMAN	9	0	6.172133279277827	0	true
sp|P48163|MAOX_HUMAN	11	0	5.23564221367384	0	true
sp|P48382|RFX5_HUMAN	4	0	4.587148704092842	0	true
sp|P48444|COPD_HUMAN	16	0	8.023115659950676	0	true
sp|P48506|GSH1_HUMAN	4	0	3.2074083682184806	0	true
sp|P48507|GSH0_HUMAN	6	0	5.168917763312184	0	true
sp|P48509|CD151_HUMAN	2	0	2.3378429660621967	0	true
sp|P48556|PSMD8_HUMAN	7	0	3.6399385586816417	0	true
sp|P48634|PRC2A_HUMAN	10	0	3.6391081324098695	0	true
sp|P48637|GSHB_HUMAN	17	0	6.32343351176348	0	true
sp|P48643|TCPE_HUMAN	24	0	7.552921784765249	0	true
sp|P48681|NEST_HUMAN	2	0	1.0862312001498038	0	true
sp|P48723|HSP13_HUMAN	2	0	1.6402649143562458	0	true
sp|P48729|KC1A_HUMAN	7	0	3.8650987721101115	0	true
sp|P48735|IDHP_HUMAN	9	1	5.331528507209569	0	true
sp|P48739|PIPNB_HUMAN	5	0	4.288517795612681	0	true
sp|P48740|MASP1_HUMAN	2	0	1.0553803620633757	0	true
sp|P48960|AGRE5_HUMAN	6	0	7.5900520062454815	0	true
sp|P49005|DPOD2_HUMAN	6	0	6.71459607515729	0	true
sp|P49006|MRP_HUMAN	2	0	3.2794826054389548	0	true
sp|P49023|PAXI_HUMAN	7	0	7.839884782210435	0	true
sp|P49116|NR2C2_HUMAN	1	0	1.9948105290355334	0	true
sp|P49189|AL9A1_HUMAN	15	0	7.1590068215506895	0	true
sp|P49207|RL34_HUMAN	7	0	5.1826953771317354	0	true
sp|P49257|LMAN1_HUMAN	8	0	8.282901855771838	0	true
sp|P49321|NASP_HUMAN	24	0	9.478010886994348	0	true
sp|P49327|FAS_HUMAN	66	0	9.53791480113331	0	true
sp|P49354|FNTA_HUMAN	3	0	2.819913469155594	0	true
sp|P49368|TCPG_HUMAN	25	0	8.217525209089972	0	true
sp|P49406|RM19_HUMAN	7	0	3.333555572455012	0	true
sp|P49411|EFTU_HUMAN	19	0	9.23678677624565	0	true
sp|P49419|AL7A1_HUMAN	17	0	7.406425400167386	0	true
sp|P49441|INPP_HUMAN	1	0	2.1958486372995645	0	true
sp|P49458|SRP09_HUMAN	5	0	7.648185119726407	0	true
sp|P49585|PCY1A_HUMAN	7	0	5.86156519762839	0	true
sp|P49588|SYAC_HUMAN	26	0	10.436059773946393	0	true
sp|P49589|SYCC_HUMAN	20	0	8.213343323275515	0	true
sp|P49590|SYHM_HUMAN	4	5	4.781248411263792	0	true
sp|P49591|SYSC_HUMAN	11	0	8.14212617044391	0	true
sp|P49593|PPM1F_HUMAN	1	0	4.951538549003401	0	true
sp|P49642|PRI1_HUMAN	5	0	4.4741946690494485	0	true
sp|P49643|PRI2_HUMAN	4	0	4.392640084575061	0	true
sp|P49662|CASP4_HUMAN	1	0	1.3219570147877382	0	true
sp|P49711|CTCF_HUMAN	5	0	5.215503376088065	0	true
sp|P49720|PSB3_HUMAN	7	0	7.374216351743993	0	true
sp|P49721|PSB2_HUMAN	4	0	5.090259653691055	0	true
sp|P49736|MCM2_HUMAN	23	0	9.263767692176993	0	true
sp|P49747|COMP_HUMAN	6	1	5.128787220269349	0	true
sp|P49748|ACADV_HUMAN	25	0	10.730394130048518	0	true
sp|P49750|YLPM1_HUMAN	8	0	4.935911626615211	0	true
sp|P49753|ACOT2_HUMAN;sp|Q86TX2|ACOT1_HUMAN	7	0	4.239992988965524	0	true
sp|P49755|TMEDA_HUMAN	3	0	7.292138610934611	0	true
sp|P49756|RBM25_HUMAN	19	0	8.59483771335816	0	true
sp|P49757|NUMB_HUMAN	3	0	4.519237127879819	0	true
sp|P49770|EI2BB_HUMAN	5	0	8.481266979277965	0	true
sp|P49773|HINT1_HUMAN	7	0	8.579687009664205	0	true
sp|P49790|NU153_HUMAN	11	0	8.80791582752527	0	true
sp|P49792|RBP2_HUMAN	56	0	9.462743907942228	0	true
sp|P49821|NDUV1_HUMAN	7	0	6.83227214568166	0	true
sp|P49840|GSK3A_HUMAN	2	0	1.0030138051696857	0	true
sp|P49841|GSK3B_HUMAN	3	0	3.7849761627413057	0	true
sp|P49848|TAF6_HUMAN	2	0	1.1371029904783532	0	true
sp|P49888|ST1E1_HUMAN	1	0	2.0470774740390825	0	true
sp|P49902|5NTC_HUMAN	4	0	3.464216718005043	0	true
sp|P49903|SPS1_HUMAN	2	0	5.346374821411224	0	true
sp|P49914|MTHFS_HUMAN	1	0	2.9043999462065178	0	true
sp|P49915|GUAA_HUMAN	23	0	8.207622254749095	0	true
sp|P49916|DNLI3_HUMAN	9	0	2.4164758512282734	0	true
sp|P49917|DNLI4_HUMAN	1	0	1.4268784045067402	0	true
sp|P49959|MRE11_HUMAN	8	1	5.459740806919127	0	true
sp|P50135|HNMT_HUMAN	2	0	2.8445551638697935	0	true
sp|P50151|GBG10_HUMAN	1	0	1.8203215086151705	0	true
sp|P50213|IDH3A_HUMAN	12	0	6.329277242836891	0	true
sp|P50238|CRIP1_HUMAN	4	0	9.370725344982782	0	true
sp|P50336|PPOX_HUMAN	3	0	2.617351132462253	0	true
sp|P50395|GDIB_HUMAN	17	7	7.888928286406812	0	true
sp|P50402|EMD_HUMAN	8	0	6.605981124225722	0	true
sp|P50416|CPT1A_HUMAN	15	0	8.61710906956105	0	true
sp|P50452|SPB8_HUMAN	6	1	5.597064576756907	0	true
sp|P50454|SERPH_HUMAN	15	0	9.30346866619426	0	true
sp|P50502|F10A1_HUMAN	8	0	6.347630311101855	0	true
sp|P50542|PEX5_HUMAN	2	0	2.1741372626423052	0	true
sp|P50552|VASP_HUMAN	8	0	6.798881876387677	0	true
sp|P50570|DYN2_HUMAN	18	0	5.277624318802026	0	true
sp|P50579|MAP2_HUMAN	8	0	7.418875194506348	0	true
sp|P50583|AP4A_HUMAN	3	0	6.827098429367877	0	true
sp|P50747|BPL1_HUMAN	1	0	2.2786786604572007	0	true
sp|P50748|KNTC1_HUMAN	6	0	3.5979389256750207	0	true
sp|P50750|CDK9_HUMAN	3	1	5.486383258600437	0	true
sp|P50851|LRBA_HUMAN	16	0	5.423020374890043	0	true
sp|P50897|PPT1_HUMAN	5	0	5.443219583252582	0	true
sp|P50914|RL14_HUMAN	4	0	7.974030423591709	0	true
sp|P50990|TCPQ_HUMAN	29	0	9.65575177953097	0	true
sp|P50991|TCPD_HUMAN	25	1	8.892298144055443	0	true
sp|P50995|ANX11_HUMAN	16	0	8.574545006247263	0	true
sp|P51003|PAPOA_HUMAN	4	0	3.8320324017369516	0	true
sp|P51114|FXR1_HUMAN	8	2	4.055919975941432	0	true
sp|P51116|FXR2_HUMAN	5	3	5.306286869603161	0	true
sp|P51148|RAB5C_HUMAN	4	4	7.547028858558555	0	true
sp|P51149|RAB7A_HUMAN	13	0	8.34625296329428	0	true
sp|P51151|RAB9A_HUMAN	5	1	4.107208611419298	0	true
sp|P51153|RAB13_HUMAN	4	2	3.9049388481451976	0	true
sp|P51398|RT29_HUMAN	8	0	6.5687687092845675	0	true
sp|P51452|DUS3_HUMAN	2	0	1.412501146921873	0	true
sp|P51531|SMCA2_HUMAN	1	8	4.923804092478005	0	true
sp|P51532|SMCA4_HUMAN	7	8	5.916882131132052	0	true
sp|P51553|IDH3G_HUMAN	4	0	6.64255432458755	0	true
sp|P51570|GALK1_HUMAN	7	0	5.392994087040535	0	true
sp|P51571|SSRD_HUMAN	3	0	8.144516187125593	0	true
sp|P51572|BAP31_HUMAN	9	0	5.944407421891857	0	true
sp|P51580|TPMT_HUMAN	7	0	2.2925684145726826	0	true
sp|P51610|HCFC1_HUMAN	21	0	4.656541735779827	0	true
sp|P51617|IRAK1_HUMAN	2	0	2.913097287887064	0	true
sp|P51648|AL3A2_HUMAN	6	1	5.801547944906974	0	true
sp|P51659|DHB4_HUMAN	16	0	9.348934548158292	0	true
sp|P51665|PSMD7_HUMAN	5	0	6.730026263261464	0	true
sp|P51668|UB2D1_HUMAN;sp|Q9Y2X8|UB2D4_HUMAN	1	1	4.321643963726889	0	true
sp|P51692|STA5B_HUMAN	6	0	2.836446574061785	0	true
sp|P51784|UBP11_HUMAN	5	0	1.3493890030343914	0	true
sp|P51808|DYLT3_HUMAN	1	0	5.320807241188776	0	true
sp|P51809|VAMP7_HUMAN	4	0	5.670603247156989	0	true
sp|P51812|KS6A3_HUMAN	7	5	5.127989667537327	0	true
sp|P51858|HDGF_HUMAN	13	1	9.392117495357228	0	true
sp|P51884|LUM_HUMAN	2	0	4.071412380319277	0	true
sp|P51948|MAT1_HUMAN	1	0	1.7893776834759385	0	true
sp|P51970|NDUA8_HUMAN	6	0	6.79584926148307	0	true
sp|P51991|ROA3_HUMAN	10	1	8.556946975216173	0	true
sp|P52209|6PGD_HUMAN	13	0	7.504294681190875	0	true
sp|P52272|HNRPM_HUMAN	32	0	9.47866742723214	0	true
sp|P52292|IMA1_HUMAN	8	0	6.894175064393198	0	true
sp|P52294|IMA5_HUMAN	2	5	8.124781214310435	0	true
sp|P52298|NCBP2_HUMAN	4	0	3.1805958007953956	0	true
sp|P52306|GDS1_HUMAN	8	0	3.536034324765503	0	true
sp|P52434|RPAB3_HUMAN	4	0	7.407313528166241	0	true
sp|P52435|RPB11_HUMAN;sp|Q9GZM3|RPB1B_HUMAN;sp|Q9H1A7|RPB1C_HUMAN	1	0	1.828052451146086	0	true
sp|P52564|MP2K6_HUMAN	4	2	4.480688140679992	0	true
sp|P52565|GDIR1_HUMAN	6	0	6.622986682770325	0	true
sp|P52569|CTR2_HUMAN	6	1	5.615867160130025	0	true
sp|P52594|AGFG1_HUMAN	3	0	5.159000717766853	0	true
sp|P52597|HNRPF_HUMAN	9	1	9.654569048377752	0	true
sp|P52701|MSH6_HUMAN	29	0	6.403235055993858	0	true
sp|P52732|KIF11_HUMAN	8	0	3.3251054370536344	0	true
sp|P52735_p_target|VAV2_HUMAN_p_target	1	0	1.0236720813911309	0	true
sp|P52735|VAV2_HUMAN	3	0	4.776591387225546	0	true
sp|P52756|RBM5_HUMAN	3	0	3.226345612371439	0	true
sp|P52758|RIDA_HUMAN	2	0	7.717498424578447	0	true
sp|P52788|SPSY_HUMAN	12	0	5.893316398230181	0	true
sp|P52789|HXK2_HUMAN	12	2	6.006525534312967	0	true
sp|P52815|RM12_HUMAN	4	0	5.237592376319796	0	true
sp|P52888|THOP1_HUMAN	15	0	8.750499371206896	0	true
sp|P52907|CAZA1_HUMAN	8	1	8.008661199997517	0	true
sp|P52943|CRIP2_HUMAN	8	0	7.273906828659582	0	true
sp|P52948_p_target|NUP98_HUMAN_p_target	1	0	1.6773361543173977	0	true
sp|P52948|NUP98_HUMAN	20	0	7.1834166879406585	0	true
sp|P53004|BIEA_HUMAN	5	0	5.9279663512849785	0	true
sp|P53007|TXTP_HUMAN	4	0	4.971718322468451	0	true
sp|P53041|PPP5_HUMAN	5	0	5.687687078922729	0	true
sp|P53350|PLK1_HUMAN	1	0	1.4852901131425365	0	true
sp|P53365|ARFP2_HUMAN	3	0	5.881046934389895	0	true
sp|P53367|ARFP1_HUMAN	4	0	1.9271035927901647	0	true
sp|P53384|NUBP1_HUMAN	1	0	4.543439166256506	0	true
sp|P53396|ACLY_HUMAN	39	0	8.250276326678776	0	true
sp|P53582|MAP11_HUMAN	10	0	6.128946672238973	0	true
sp|P53597|SUCA_HUMAN	4	0	7.20780323977025	0	true
sp|P53602|MVD1_HUMAN	3	0	4.2692154519432854	0	true
sp|P53609|PGTB1_HUMAN	1	0	1.3314955366048764	0	true
sp|P53611|PGTB2_HUMAN	4	0	3.839031674975507	0	true
sp|P53618|COPB_HUMAN	23	0	7.960884662526318	0	true
sp|P53621|COPA_HUMAN	28	1	7.7241305779182925	0	true
sp|P53634|CATC_HUMAN	5	0	4.911079887582263	0	true
sp|P53701|CCHL_HUMAN	10	0	7.3627917360278	0	true
sp|P53801|PTTG_HUMAN	2	0	0.9401803081006562	0	true
sp|P53985|MOT1_HUMAN	3	0	7.788938530329257	0	true
sp|P53990|IST1_HUMAN	2	0	2.29600100122192	0	true
sp|P53992|SC24C_HUMAN	11	0	6.883161783633287	0	true
sp|P53999|TCP4_HUMAN	6	0	8.252638041822253	0	true
sp|P54098|DPOG1_HUMAN	1	0	2.1873479460816196	0	true
sp|P54105|ICLN_HUMAN	4	0	6.760401046403653	0	true
sp|P54136|SYRC_HUMAN	28	0	8.368957488057319	0	true
sp|P54278|PMS2_HUMAN	4	0	3.2049059232182153	0	true
sp|P54289|CA2D1_HUMAN	6	0	3.88691881358407	0	true
sp|P54577|SYYC_HUMAN	29	0	7.9214582962867395	0	true
sp|P54578|UBP14_HUMAN	16	0	7.361922145341527	0	true
sp|P54619|AAKG1_HUMAN	1	0	1.8044464043593769	0	true
sp|P54652|HSP72_HUMAN	1	7	10.47052238604127	0	true
sp|P54709|AT1B3_HUMAN	8	0	5.43406492203287	0	true
sp|P54725|RD23A_HUMAN	3	2	4.944597331678071	0	true
sp|P54727|RD23B_HUMAN	6	2	9.343058145231305	0	true
sp|P54802|ANAG_HUMAN	1	0	2.142863242519297	0	true
sp|P54819|KAD2_HUMAN	10	0	8.656965820286334	0	true
sp|P54886|P5CS_HUMAN	19	0	7.923327989338851	0	true
sp|P54920|SNAA_HUMAN	7	0	7.064979910287056	0	true
sp|P55010|IF5_HUMAN	13	0	6.3031494732037805	0	true
sp|P55011|S12A2_HUMAN	5	0	3.5430330233441816	0	true
sp|P55036|PSMD4_HUMAN	6	4	7.458413884785901	0	true
sp|P55039|DRG2_HUMAN	1	0	4.367380174890687	0	true
sp|P55058|PLTP_HUMAN	1	0	3.487222130391756	0	true
sp|P55060|XPO2_HUMAN	26	0	6.513142985677499	0	true
sp|P55072|TERA_HUMAN	34	0	7.456964670674119	0	true
sp|P55081|MFAP1_HUMAN	2	1	1.4404762574048624	0	true
sp|P55084|ECHB_HUMAN	17	0	8.535512127605342	0	true
sp|P55145|MANF_HUMAN	5	0	6.343359117340437	0	true
sp|P55199|ELL_HUMAN	1	0	1.9245900665117042	0	true
sp|P55209|NP1L1_HUMAN	5	1	8.125000241624821	0	true
sp|P55210|CASP7_HUMAN	1	0	4.306992779563826	0	true
sp|P55211|CASP9_HUMAN	3	0	3.2099694764077054	0	true
sp|P55263|ADK_HUMAN	9	0	5.595072748508702	0	true
sp|P55265|DSRAD_HUMAN	24	0	6.2307359829962685	0	true
sp|P55327|TPD52_HUMAN	6	0	7.307237671549883	0	true
sp|P55735|SEC13_HUMAN	7	0	5.544459437490931	0	true
sp|P55769|NH2L1_HUMAN	5	0	8.086936399448962	0	true
sp|P55786|PSA_HUMAN	29	0	7.86668940539915	0	true
sp|P55789|ALR_HUMAN	2	0	1.2407650907825687	0	true
sp|P55795|HNRH2_HUMAN	4	5	8.56781601136592	0	true
sp|P55809|SCOT1_HUMAN	10	0	8.294923598311135	0	true
sp|P55854|SUMO3_HUMAN	1	1	7.221424360674822	0	true
sp|P55884|EIF3B_HUMAN	20	0	11.18957869754009	0	true
sp|P55957|BID_HUMAN	2	0	5.901002003491374	0	true
sp|P56134|ATPK_HUMAN	2	0	6.036643394442068	0	true
sp|P56182|RRP1_HUMAN	9	0	5.7546656266661635	0	true
sp|P56192|SYMC_HUMAN	23	0	8.47373656091619	0	true
sp|P56199|ITA1_HUMAN	10	0	4.589142744196156	0	true
sp|P56211|ARP19_HUMAN	1	1	3.157981679425431	0	true
sp|P56270|MAZ_HUMAN	2	0	3.9479054090245613	0	true
sp|P56378|ATP68_HUMAN	2	0	2.2490708195280993	0	true
sp|P56381|ATP5E_HUMAN;sp|Q5VTU8|AT5EL_HUMAN	1	0	1.2157466431168564	0	true
sp|P56385|ATP5I_HUMAN	2	0	5.096242903478836	0	true
sp|P56537|IF6_HUMAN	6	0	7.6164026399674265	0	true
sp|P56545|CTBP2_HUMAN	5	2	5.642356283232137	0	true
sp|P56556|NDUA6_HUMAN	4	0	3.244288820673527	0	true
sp|P57076|CF298_HUMAN	2	0	4.212441901861528	0	true
sp|P57081|WDR4_HUMAN	3	0	2.10193227294509	0	true
sp|P57088|TMM33_HUMAN	4	0	6.362690248624887	0	true
sp|P57105|SYJ2B_HUMAN	3	0	4.8493492642286835	0	true
sp|P57678|GEMI4_HUMAN	6	0	2.1360357091037154	0	true
sp|P57721|PCBP3_HUMAN	1	3	6.70677402502136	0	true
sp|P57737|CORO7_HUMAN	6	0	4.949333053942989	0	true
sp|P57740|NU107_HUMAN	12	0	5.711867771849303	0	true
sp|P57764|GSDMD_HUMAN	1	0	1.5227725944433887	0	true
sp|P57772|SELB_HUMAN	2	0	2.9957615633840593	0	true
sp|P58004|SESN2_HUMAN	1	0	0.9315714278123083	0	true
sp|P58107|EPIPL_HUMAN	16	6	6.51853695264089	0	true
sp|P58317|ZN121_HUMAN;sp|Q8N184|ZN567_HUMAN	0	2	3.66640443014597	0	true
sp|P58546|MTPN_HUMAN	2	0	10.611491762220236	0	true
sp|P59998|ARPC4_HUMAN	3	0	4.266543754674845	0	true
sp|P60033|CD81_HUMAN	2	0	4.197175836154971	0	true
sp|P60174|TPIS_HUMAN	13	0	9.709158430894632	0	true
sp|P60228_p_target|EIF3E_HUMAN_p_target	1	0	0.6887468159517295	0	true
sp|P60228|EIF3E_HUMAN	10	0	5.476149915474244	0	true
sp|P60468|SC61B_HUMAN	3	0	7.169659419086354	0	true
sp|P60510|PP4C_HUMAN	1	1	4.253898557160402	0	true
sp|P60602|ROMO1_HUMAN	1	0	0.7274707892261517	0	true
sp|P60604|UB2G2_HUMAN	1	0	1.8016624022717609	0	true
sp|P60660|MYL6_HUMAN	5	0	8.262532894437268	0	true
sp|P60709|ACTB_HUMAN;sp|P63261|ACTG_HUMAN	7	12	8.258528048163413	0	true
sp|P60842|IF4A1_HUMAN	10	12	9.793753070079351	0	true
sp|P60866|RS20_HUMAN	4	0	9.912753839814735	0	true
sp|P60891|PRPS1_HUMAN	3	6	8.536160832164928	0	true
sp|P60900|PSA6_HUMAN	12	0	9.696635921456872	0	true
sp|P60903|S10AA_HUMAN	2	0	9.22927015684792	0	true
sp|P60953|CDC42_HUMAN	7	1	7.415505826929692	0	true
sp|P60981|DEST_HUMAN	8	0	8.63866864418577	0	true
sp|P60983|GMFB_HUMAN	4	0	5.451273597061208	0	true
sp|P61006|RAB8A_HUMAN	7	3	7.639422899279566	0	true
sp|P61009|SPCS3_HUMAN	4	0	6.428022505484114	0	true
sp|P61011|SRP54_HUMAN	4	0	6.183862544736299	0	true
sp|P61019|RAB2A_HUMAN	9	0	8.584597565033084	0	true
sp|P61020|RAB5B_HUMAN	4	4	5.696426668438348	0	true
sp|P61024|CKS1_HUMAN	1	0	0.8889484003706258	0	true
sp|P61026|RAB10_HUMAN	3	3	8.614252436625828	0	true
sp|P61077|UB2D3_HUMAN;sp|P62837|UB2D2_HUMAN	1	1	4.671895872956891	0	true
sp|P61081|UBC12_HUMAN	6	0	6.1152708249567205	0	true
sp|P61086|UBE2K_HUMAN	8	1	7.3007782238954775	0	true
sp|P61088|UBE2N_HUMAN	7	1	7.7394021155382	0	true
sp|P61106|RAB14_HUMAN	13	1	7.495430003932862	0	true
sp|P61158|ARP3_HUMAN	12	0	9.394942867361555	0	true
sp|P61160|ARP2_HUMAN	9	0	8.459947252749524	0	true
sp|P61163|ACTZ_HUMAN	3	5	8.373918556085412	0	true
sp|P61201|CSN2_HUMAN	9	0	5.924610983220661	0	true
sp|P61204|ARF3_HUMAN;sp|P84077|ARF1_HUMAN	3	3	10.424447113549922	0	true
sp|P61221|ABCE1_HUMAN	12	0	8.000838243301233	0	true
sp|P61224|RAP1B_HUMAN	2	5	6.126556879826465	0	true
sp|P61247|RS3A_HUMAN	13	0	9.745451831811762	0	true
sp|P61254|RL26_HUMAN	2	7	7.995139835999393	0	true
sp|P61289|PSME3_HUMAN	8	0	6.850594506446807	0	true
sp|P61313|RL15_HUMAN	12	0	8.861298024252543	0	true
sp|P61326|MGN_HUMAN;sp|Q96A72|MGN2_HUMAN	7	0	5.576962732762078	0	true
sp|P61353|RL27_HUMAN	5	0	6.42316416759602	0	true
sp|P61421|VA0D1_HUMAN	3	0	2.2280530035639234	0	true
sp|P61457|PHS_HUMAN	3	0	2.6269804513483206	0	true
sp|P61513|RL37A_HUMAN	4	0	5.732744815934467	0	true
sp|P61586|RHOA_HUMAN	1	5	7.128054826919438	0	true
sp|P61604|CH10_HUMAN	6	0	8.056266762985214	0	true
sp|P61619|S61A1_HUMAN	6	0	8.673133415321264	0	true
sp|P61758|PFD3_HUMAN	8	0	7.177144923873128	0	true
sp|P61764|STXB1_HUMAN	7	0	3.3432570062707034	0	true
sp|P61769|B2MG_HUMAN	2	0	4.521945300486447	0	true
sp|P61803|DAD1_HUMAN	2	0	5.679408478516229	0	true
sp|P61923|COPZ1_HUMAN	4	0	5.618796960798043	0	true
sp|P61927|RL37_HUMAN	1	0	2.632478898926466	0	true
sp|P61956|SUMO2_HUMAN	1	1	7.747350984794475	0	true
sp|P61960|UFM1_HUMAN	2	0	6.36775095783261	0	true
sp|P61964|WDR5_HUMAN	6	0	7.864857882987409	0	true
sp|P61970|NTF2_HUMAN	2	0	8.142619739159272	0	true
sp|P61978|HNRPK_HUMAN	18	0	10.662409161519735	0	true
sp|P61981|1433G_HUMAN	7	5	9.334471008086377	0	true
sp|P62070|RRAS2_HUMAN	2	1	5.602860072649164	0	true
sp|P62072|TIM10_HUMAN	2	0	3.1468003017349178	0	true
sp|P62081|RS7_HUMAN	4	0	4.7710755137260525	0	true
sp|P62136|PP1A_HUMAN	4	9	9.379864788171417	0	true
sp|P62140|PP1B_HUMAN	4	8	9.379864788171417	0	true
sp|P62166|NCS1_HUMAN	2	0	2.589365762669827	0	true
sp|P62191|PRS4_HUMAN	13	1	7.627608958041877	0	true
sp|P62195|PRS8_HUMAN	16	2	8.122837858491161	0	true
sp|P62241|RS8_HUMAN	12	0	9.574270625851279	0	true
sp|P62244|RS15A_HUMAN	5	0	8.391517749873893	0	true
sp|P62249|RS16_HUMAN	9	0	6.573748081731152	0	true
sp|P62256|UBE2H_HUMAN	1	0	2.8651040601738957	0	true
sp|P62258|1433E_HUMAN	13	2	8.301010681689508	0	true
sp|P62263|RS14_HUMAN	4	0	10.152655220160964	0	true
sp|P62266|RS23_HUMAN	4	0	6.713999430051302	0	true
sp|P62269|RS18_HUMAN	10	0	10.544231710995707	0	true
sp|P62273|RS29_HUMAN	2	0	4.872628539579856	0	true
sp|P62277|RS13_HUMAN	6	0	7.172430186069464	0	true
sp|P62280|RS11_HUMAN	9	0	8.746738625582687	0	true
sp|P62304|RUXE_HUMAN	2	0	7.211726642376609	0	true
sp|P62306|RUXF_HUMAN	3	0	8.325803353305886	0	true
sp|P62310|LSM3_HUMAN	2	0	5.7718027956449305	0	true
sp|P62312|LSM6_HUMAN	3	0	3.660011686319844	0	true
sp|P62314|SMD1_HUMAN	4	0	11.940517762190026	0	true
sp|P62316|SMD2_HUMAN	6	0	9.712227623682262	0	true
sp|P62318|SMD3_HUMAN	4	0	9.64570375727394	0	true
sp|P62330|ARF6_HUMAN	3	0	5.801963607716799	0	true
sp|P62333|PRS10_HUMAN	13	0	7.610049018563573	0	true
sp|P62424|RL7A_HUMAN	12	0	8.426916081799778	0	true
sp|P62487|RPB7_HUMAN	3	0	1.911762724266559	0	true
sp|P62495|ERF1_HUMAN	15	0	7.864492893388546	0	true
sp|P62633|CNBP_HUMAN	8	0	8.066937893276382	0	true
sp|P62701|RS4X_HUMAN	13	0	9.807064592367487	0	true
sp|P62714|PP2AB_HUMAN	1	8	8.97160995702647	0	true
sp|P62745|RHOB_HUMAN	4	1	5.652868945977568	0	true
sp|P62750|RL23A_HUMAN	5	0	9.431737384630727	0	true
sp|P62753_p_target|RS6_HUMAN_p_target	1	0	1.362196114691109	0	true
sp|P62753|RS6_HUMAN	10	0	9.668856330237462	0	true
sp|P62805|H4_HUMAN	8	0	8.204794100244714	0	true
sp|P62820|RAB1A_HUMAN	5	5	5.508811452637895	0	true
sp|P62826|RAN_HUMAN	9	0	8.676821004157212	0	true
sp|P62829|RL23_HUMAN	5	0	10.270918206236221	0	true
sp|P62834|RAP1A_HUMAN	2	5	6.126556879826465	0	true
sp|P62841|RS15_HUMAN	3	0	5.085223704920545	0	true
sp|P62847|RS24_HUMAN	2	0	9.479350907638777	0	true
sp|P62851|RS25_HUMAN	6	0	6.078934945927396	0	true
sp|P62854|RS26_HUMAN	5	0	9.844966217343819	0	true
sp|P62857|RS28_HUMAN	3	0	8.205706641386787	0	true
sp|P62861|RS30_HUMAN	1	0	3.8937662054324456	0	true
sp|P62873|GBB1_HUMAN	4	4	6.853835395364439	0	true
sp|P62875|RPAB5_HUMAN	2	0	3.6344555808166557	0	true
sp|P62877|RBX1_HUMAN	1	0	3.3665508599147067	0	true
sp|P62879|GBB2_HUMAN	4	4	6.853835395364439	0	true
sp|P62888|RL30_HUMAN	8	0	8.175305537909951	0	true
sp|P62891|RL39_HUMAN;sp|Q59GN2|R39L5_HUMAN	1	0	5.9991716707997265	0	true
sp|P62899|RL31_HUMAN	6	0	8.354040581511397	0	true
sp|P62906|RL10A_HUMAN	11	0	9.651181467903395	0	true
sp|P62910|RL32_HUMAN	8	0	9.154941370460978	0	true
sp|P62913|RL11_HUMAN	7	0	7.676450162320981	0	true
sp|P62917|RL8_HUMAN	8	0	10.052680688696466	0	true
sp|P62937|PPIA_HUMAN	5	0	6.897886755796161	0	true
sp|P62942|FKB1A_HUMAN	4	0	7.8097302833613504	0	true
sp|P62979|RS27A_HUMAN	3	4	9.444255665966166	0	true
sp|P62987|RL40_HUMAN	1	4	9.444255665966166	0	true
sp|P62993|GRB2_HUMAN	6	0	3.7735835843517793	0	true
sp|P62995|TRA2B_HUMAN	6	2	7.344959377318901	0	true
sp|P63000|RAC1_HUMAN	5	1	6.0866166859797275	0	true
sp|P63010|AP2B1_HUMAN	12	13	8.668639275140233	0	true
sp|P63096|GNAI1_HUMAN	1	5	4.924109232342232	0	true
sp|P63098|CANB1_HUMAN	3	0	1.3313056293730992	0	true
sp|P63104|1433Z_HUMAN	8	4	8.645528003486199	0	true
sp|P63151|2ABA_HUMAN	11	0	7.131029878822517	0	true
sp|P63167|DYL1_HUMAN	1	2	8.608773940913625	0	true
sp|P63172|DYLT1_HUMAN	1	0	4.222125364057091	0	true
sp|P63173|RL38_HUMAN	3	0	4.762156238610689	0	true
sp|P63208|SKP1_HUMAN	6	0	8.03546310792579	0	true
sp|P63220|RS21_HUMAN	3	0	9.04046545471755	0	true
sp|P63241|IF5A1_HUMAN	6	0	7.324736198821829	0	true
sp|P63244|RACK1_HUMAN	15	0	8.411789820815796	0	true
sp|P63279|UBC9_HUMAN	7	0	3.8922080065591573	0	true
sp|P67775|PP2AA_HUMAN	1	8	8.97160995702647	0	true
sp|P67809|YBOX1_HUMAN	7	3	9.593518573188526	0	true
sp|P67812|SC11A_HUMAN	2	0	4.26797211139137	0	true
sp|P67870|CSK2B_HUMAN	3	0	5.192741298513971	0	true
sp|P67936|TPM4_HUMAN	6	8	6.22816794727007	0	true
sp|P68032|ACTC_HUMAN;sp|P68133|ACTS_HUMAN	1	12	7.693039712376246	0	true
sp|P68036|UB2L3_HUMAN	6	0	6.293683236327727	0	true
sp|P68104|EF1A1_HUMAN	7	10	10.25700532427495	0	true
sp|P68363|TBA1B_HUMAN	0	16	10.16433427384151	0	true
sp|P68366|TBA4A_HUMAN	4	12	10.16433427384151	0	true
sp|P68371|TBB4B_HUMAN	3	12	9.482164573980345	0	true
sp|P68400|CSK21_HUMAN	10	0	6.974667815666874	0	true
sp|P68402|PA1B2_HUMAN	2	0	7.985127909792935	0	true
sp|P68431|H31_HUMAN;sp|P84243|H33_HUMAN;sp|Q16695|H31T_HUMAN;sp|Q71DI3|H32_HUMAN	1	2	4.215286477214829	0	true
sp|P69905|HBA_HUMAN	5	0	7.25990391691686	0	true
sp|P78310_p_target|CXAR_HUMAN_p_target	1	0	0.9704311754730427	0	true
sp|P78310|CXAR_HUMAN	3	0	3.083770597862829	0	true
sp|P78316|NOP14_HUMAN	9	0	5.87124794561674	0	true
sp|P78318|IGBP1_HUMAN	6	0	7.098418083081763	0	true
sp|P78330|SERB_HUMAN	7	0	6.773617157952358	0	true
sp|P78344|IF4G2_HUMAN	24	0	6.29640206144586	0	true
sp|P78345|RPP38_HUMAN	5	0	1.8134130772429844	0	true
sp|P78346|RPP30_HUMAN	2	0	4.084365909372975	0	true
sp|P78347|GTF2I_HUMAN	24	0	7.162690851446759	0	true
sp|P78356|PI42B_HUMAN	3	0	3.3336670538285254	0	true
sp|P78362|SRPK2_HUMAN	5	2	4.980056013111848	0	true
sp|P78371|TCPB_HUMAN	20	0	10.574169110710478	0	true
sp|P78406|RAE1L_HUMAN	9	0	8.424292380559066	0	true
sp|P78417|GSTO1_HUMAN	10	0	6.996106299151125	0	true
sp|P78527|PRKDC_HUMAN	131	0	9.885650014912887	0	true
sp|P78549|NTH_HUMAN	3	0	2.696720410632829	0	true
sp|P78563|RED1_HUMAN	3	0	1.312992862113062	0	true
sp|P80217|IN35_HUMAN	2	0	1.7718388197247417	0	true
sp|P80303|NUCB2_HUMAN	8	0	4.302853217628337	0	true
sp|P80723|BASP1_HUMAN	15	0	10.400264111171824	0	true
sp|P82650|RT22_HUMAN	8	0	5.333501800499991	0	true
sp|P82664|RT10_HUMAN	1	0	5.593041573399036	0	true
sp|P82673|RT35_HUMAN	3	0	3.6645968911232853	0	true
sp|P82675|RT05_HUMAN	2	0	4.758872352106341	0	true
sp|P82909|KGD4_HUMAN	2	0	3.5047428647678798	0	true
sp|P82914|RT15_HUMAN	3	0	0.8704764318164454	0	true
sp|P82921|RT21_HUMAN	1	0	4.0570299833703505	0	true
sp|P82930|RT34_HUMAN	5	0	5.620838382605728	0	true
sp|P82932|RT06_HUMAN	2	0	2.439254739208849	0	true
sp|P82933|RT09_HUMAN	3	0	5.724287807210913	0	true
sp|P82970|HMGN5_HUMAN	7	0	7.742002318969803	0	true
sp|P82979|SARNP_HUMAN	6	0	4.727535871106641	0	true
sp|P83111|LACTB_HUMAN	2	0	2.6557634578652958	0	true
sp|P83731|RL24_HUMAN	7	0	7.611990180018048	0	true
sp|P83876|TXN4A_HUMAN	1	0	2.4566657905058	0	true
sp|P83881|RL36A_HUMAN	5	0	5.374663257224095	0	true
sp|P83916|CBX1_HUMAN	3	1	10.924391867800043	0	true
sp|P84085|ARF5_HUMAN	4	3	8.045047378213521	0	true
sp|P84090|ERH_HUMAN	3	0	4.340942845345443	0	true
sp|P84095|RHOG_HUMAN	5	1	5.567810885911032	0	true
sp|P84098|RL19_HUMAN	4	0	4.044197481729528	0	true
sp|P84103|SRSF3_HUMAN	5	1	7.942559958299042	0	true
sp|P84157|MXRA7_HUMAN	1	0	1.017371252538275	0	true
sp|P85037|FOXK1_HUMAN	3	0	3.7184858977986766	0	true
sp|P98082|DAB2_HUMAN	6	0	3.8641817736355923	0	true
sp|P98160|PGBM_HUMAN	2	0	1.3928275602531266	0	true
sp|P98170|XIAP_HUMAN	1	0	2.32808439728842	0	true
sp|P98175_p_target|RBM10_HUMAN_p_target	1	0	1.4329425994014902	0	true
sp|P98175|RBM10_HUMAN	9	0	3.429188100118805	0	true
sp|P98179|RBM3_HUMAN	4	0	4.837881438834476	0	true
sp|P98194|AT2C1_HUMAN	5	0	2.8471840127314683	0	true
sp|P98196_p_target|AT11A_HUMAN_p_target	1	0	0.6626479989954063	0	true
sp|P99999|CYC_HUMAN	4	0	6.936809373606516	0	true
sp|Q00059|TFAM_HUMAN	7	0	5.9841085337099456	0	true
sp|Q00169|PIPNA_HUMAN	4	0	2.087500987211321	0	true
sp|Q00266|METK1_HUMAN	2	2	3.943496030141936	0	true
sp|Q00325|S25A3_HUMAN	10	0	6.538217225743312	0	true
sp|Q00341|VIGLN_HUMAN	26	0	7.048603472510382	0	true
sp|Q00403|TF2B_HUMAN	2	0	1.423311897369212	0	true
sp|Q00534|CDK6_HUMAN	2	1	2.944258798894095	0	true
sp|Q00535|CDK5_HUMAN	4	1	2.944258798894095	0	true
sp|Q00536|CDK16_HUMAN;sp|Q00537|CDK17_HUMAN	1	1	2.944258798894095	0	true
sp|Q00577|PURA_HUMAN	3	0	4.891047755429486	0	true
sp|Q00587|BORG5_HUMAN	1	0	1.0671332907366946	0	true
sp|Q00610|CLH1_HUMAN	54	0	10.481660401872638	0	true
sp|Q00613|HSF1_HUMAN	1	0	0.8099141506663433	0	true
sp|Q00653|NFKB2_HUMAN	11	1	6.5704248793815125	0	true
sp|Q00688|FKBP3_HUMAN	7	0	6.473454729853736	0	true
sp|Q00765|REEP5_HUMAN	2	0	6.423759915110426	0	true
sp|Q00796|DHSO_HUMAN	13	0	8.60374571190677	0	true
sp|Q00839|HNRPU_HUMAN	18	0	9.098586696533827	0	true
sp|Q01081|U2AF1_HUMAN	5	0	8.690053849491017	0	true
sp|Q01082|SPTB2_HUMAN	80	5	10.128339716387403	0	true
sp|Q01085|TIAR_HUMAN	5	3	7.467136525736942	0	true
sp|Q01105|SET_HUMAN	8	0	8.980403908057038	0	true
sp|Q01130|SRSF2_HUMAN	3	2	9.056232307972891	0	true
sp|Q01415|GALK2_HUMAN	1	0	0.909318044914716	0	true
sp|Q01433|AMPD2_HUMAN	3	0	2.3693461776004296	0	true
sp|Q01469|FABP5_HUMAN	7	0	8.382502250019586	0	true
sp|Q01484|ANK2_HUMAN	0	2	3.685395210340732	0	true
sp|Q01518|CAP1_HUMAN	16	1	8.008225971308478	0	true
sp|Q01628|IFM3_HUMAN	2	0	7.05392842146322	0	true
sp|Q01650|LAT1_HUMAN	4	0	8.17103886742438	0	true
sp|Q01658|NC2B_HUMAN	2	0	4.986782773317877	0	true
sp|Q01780|EXOSX_HUMAN	10	0	5.140956345254314	0	true
sp|Q01804|OTUD4_HUMAN	1	0	2.996207183239189	0	true
sp|Q01813|PFKAP_HUMAN	16	3	9.4417974474021	0	true
sp|Q01831|XPC_HUMAN	4	0	0.9983221655373051	0	true
sp|Q01844|EWS_HUMAN	6	0	8.193861247414718	0	true
sp|Q01968|OCRL_HUMAN	4	0	1.0742370964191545	0	true
sp|Q01970|PLCB3_HUMAN	8	0	4.61681939843455	0	true
sp|Q02127|PYRD_HUMAN	4	0	5.742929189810418	0	true
sp|Q02218|ODO1_HUMAN	26	0	8.503770126870126	0	true
sp|Q02241|KIF23_HUMAN	1	0	0.6511614987765089	0	true
sp|Q02252|MMSA_HUMAN	4	0	2.9627200064761166	0	true
sp|Q02388|CO7A1_HUMAN	9	0	4.047236798359482	0	true
sp|Q02543|RL18A_HUMAN	8	0	7.212196195119672	0	true
sp|Q02750|MP2K1_HUMAN	3	4	6.809213581232278	0	true
sp|Q02790|FKBP4_HUMAN	24	0	9.337385358782658	0	true
sp|Q02809|PLOD1_HUMAN	18	0	7.55012117198837	0	true
sp|Q02818|NUCB1_HUMAN	8	0	2.4132849044710927	0	true
sp|Q02878|RL6_HUMAN	13	0	8.883567948586238	0	true
sp|Q02880|TOP2B_HUMAN	13	13	6.519975446064469	0	true
sp|Q02978|M2OM_HUMAN	7	0	7.973085459897374	0	true
sp|Q03154|ACY1_HUMAN	6	0	3.5889314315387706	0	true
sp|Q03164|KMT2A_HUMAN	3	0	1.8487750619580163	0	true
sp|Q03169|TNAP2_HUMAN	4	0	2.9923747087865995	0	true
sp|Q03252|LMNB2_HUMAN	22	2	6.0251912904822476	0	true
sp|Q03405|UPAR_HUMAN	2	0	5.095628314746656	0	true
sp|Q03468|ERCC6_HUMAN	4	0	5.724392382053461	0	true
sp|Q03518|TAP1_HUMAN	4	0	5.030523956633675	0	true
sp|Q03701|CEBPZ_HUMAN	13	0	3.9918608905638537	0	true
sp|Q04206|TF65_HUMAN	3	0	2.984151299614219	0	true
sp|Q04323|UBXN1_HUMAN	6	0	5.64922213941271	0	true
sp|Q04446_p_target|GLGB_HUMAN_p_target	1	0	1.0459500462500821	0	true
sp|Q04446|GLGB_HUMAN	12	0	7.022075564868638	0	true
sp|Q04637|IF4G1_HUMAN	38	4	9.027286809052661	0	true
sp|Q04656|ATP7A_HUMAN	2	0	1.6140780788606113	0	true
sp|Q04695|K1C17_HUMAN	18	13	10.114145424972042	0	true
sp|Q04721|NOTC2_HUMAN	3	0	1.5185302056667287	0	true
sp|Q04726|TLE3_HUMAN	7	0	6.388729794899111	0	true
sp|Q04760|LGUL_HUMAN	8	0	7.574547457496311	0	true
sp|Q04837|SSBP_HUMAN	6	0	8.81303216878098	0	true
sp|Q04864|REL_HUMAN	1	0	1.1234304156912245	0	true
sp|Q04917_p_target|1433F_HUMAN_p_target	1	0	0.8337512109204317	0	true
sp|Q04917|1433F_HUMAN	7	4	8.016530340106732	0	true
sp|Q04941|PLP2_HUMAN	2	0	7.0208781525563575	0	true
sp|Q05048|CSTF1_HUMAN	6	0	4.4148685294152	0	true
sp|Q05209|PTN12_HUMAN	3	0	1.477174733769065	0	true
sp|Q05519|SRS11_HUMAN	6	0	7.584307574911543	0	true
sp|Q05639|EF1A2_HUMAN	5	10	8.7091686286088	0	true
sp|Q05682|CALD1_HUMAN	11	0	7.735435329577882	0	true
sp|Q05932|FOLC_HUMAN	1	0	1.4802346929477659	0	true
sp|Q05D32|CTSL2_HUMAN	6	0	5.483894601727276	0	true
sp|Q06033|ITIH3_HUMAN	4	0	6.541218147764549	0	true
sp|Q06124|PTN11_HUMAN	7	0	4.653726941550176	0	true
sp|Q06136|KDSR_HUMAN	4	0	5.157552847471467	0	true
sp|Q06203|PUR1_HUMAN	7	0	4.036934857643856	0	true
sp|Q06210|GFPT1_HUMAN	15	0	8.278960418736823	0	true
sp|Q06265|EXOS9_HUMAN	5	0	3.1957550383614404	0	true
sp|Q06323|PSME1_HUMAN	12	0	7.29701768478649	0	true
sp|Q06546|GABPA_HUMAN	7	0	3.17758452290283	0	true
sp|Q06587|RING1_HUMAN	5	0	3.3764786866891665	0	true
sp|Q06787|FMR1_HUMAN	5	2	5.306286869603161	0	true
sp|Q06830|PRDX1_HUMAN	10	4	9.734249670835977	0	true
sp|Q07020|RL18_HUMAN	6	0	8.519613595210798	0	true
sp|Q07021|C1QBP_HUMAN	4	0	9.745553361802004	0	true
sp|Q07065|CKAP4_HUMAN	15	0	8.164376769748138	0	true
sp|Q07157|ZO1_HUMAN	9	0	5.281440116705943	0	true
sp|Q07617|SPAG1_HUMAN	2	0	4.899711889358066	0	true
sp|Q07666|KHDR1_HUMAN	10	0	7.838908478413054	0	true
sp|Q07812|BAX_HUMAN	4	0	5.173560131619615	0	true
sp|Q07864|DPOE1_HUMAN	3	0	3.3913180973484693	0	true
sp|Q07866|KLC1_HUMAN	6	6	6.077690236923178	0	true
sp|Q07889|SOS1_HUMAN	1	0	1.5600132713754102	0	true
sp|Q07955|SRSF1_HUMAN	12	0	7.253647507360759	0	true
sp|Q07960|RHG01_HUMAN	6	0	5.58660692089566	0	true
sp|Q08170|SRSF4_HUMAN	5	4	7.539177186712438	0	true
sp|Q08209|PP2BA_HUMAN	4	0	1.9485528659359401	0	true
sp|Q08211|DHX9_HUMAN	34	0	9.670570917892016	0	true
sp|Q08257|QOR_HUMAN	6	0	4.60229838716075	0	true
sp|Q08378|GOGA3_HUMAN	2	0	1.0861817378108873	0	true
sp|Q08379|GOGA2_HUMAN	5	0	4.935843969093349	0	true
sp|Q08380|LG3BP_HUMAN	5	0	4.451175633114666	0	true
sp|Q08499|PDE4D_HUMAN	2	0	6.357325021003992	0	true
sp|Q08623|HDHD1_HUMAN	1	0	4.273206118293662	0	true
sp|Q08752|PPID_HUMAN	4	0	3.1889405216350353	0	true
sp|Q08945|SSRP1_HUMAN	13	0	8.486197470378263	0	true
sp|Q08AD1|CAMP2_HUMAN	4	0	4.830432190236454	0	true
sp|Q08AF3|SLFN5_HUMAN	4	0	3.8174383015307822	0	true
sp|Q08AM6|VAC14_HUMAN	5	0	1.980322811268182	0	true
sp|Q08J23|NSUN2_HUMAN	27	0	7.2822976305427805	0	true
sp|Q09028|RBBP4_HUMAN	5	7	8.744716424725315	0	true
sp|Q09161|NCBP1_HUMAN	16	0	4.926850305321805	0	true
sp|Q09472|EP300_HUMAN	2	3	1.4964684217825606	0	true
sp|Q09666|AHNK_HUMAN	169	0	10.35838498283641	0	true
sp|Q0PNE2|ELP6_HUMAN	1	0	2.3414544403631266	0	true
sp|Q0VDF9|HSP7E_HUMAN	9	0	3.572437453174696	0	true
sp|Q0VG06|FP100_HUMAN	1	0	3.487087555469538	0	true
sp|Q10469|MGAT2_HUMAN	2	0	2.809553893779632	0	true
sp|Q10471|GALT2_HUMAN	16	0	6.30583839595246	0	true
sp|Q10472|GALT1_HUMAN	3	0	5.974417249398993	0	true
sp|Q10567|AP1B1_HUMAN	8	13	6.484670699225246	0	true
sp|Q10570|CPSF1_HUMAN	7	0	6.315173110587074	0	true
sp|Q10589|BST2_HUMAN	1	0	2.6352229622292587	0	true
sp|Q10713|MPPA_HUMAN	9	0	7.638065980141798	0	true
sp|Q12768|WASC5_HUMAN	5	0	4.325500021064571	0	true
sp|Q12769|NU160_HUMAN	15	0	5.655536919406269	0	true
sp|Q12788|TBL3_HUMAN	13	0	5.975079029418105	0	true
sp|Q12789|TF3C1_HUMAN	1	0	3.5345018393026195	0	true
sp|Q12792|TWF1_HUMAN	6	1	7.85308978960008	0	true
sp|Q12797|ASPH_HUMAN	15	0	7.49059056221825	0	true
sp|Q12800|TFCP2_HUMAN	2	1	4.830558317504707	0	true
sp|Q12802|AKP13_HUMAN	4	0	1.785693750800714	0	true
sp|Q12805|FBLN3_HUMAN	8	0	6.938246894623864	0	true
sp|Q12824|SNF5_HUMAN	1	0	2.074520638989696	0	true
sp|Q12846|STX4_HUMAN	3	0	7.388894732784843	0	true
sp|Q12857|NFIA_HUMAN	1	1	1.6223968393926895	0	true
sp|Q12873|CHD3_HUMAN	2	7	6.774385684633298	0	true
sp|Q12874|SF3A3_HUMAN	12	0	6.033816383570323	0	true
sp|Q12888|TP53B_HUMAN	17	0	7.316317491285832	0	true
sp|Q12894|IFRD2_HUMAN	1	0	1.898396209861996	0	true
sp|Q12899|TRI26_HUMAN	1	0	0.7159553360759049	0	true
sp|Q12904|AIMP1_HUMAN	11	0	7.677226473777254	0	true
sp|Q12905|ILF2_HUMAN	13	0	7.979777763122721	0	true
sp|Q12906|ILF3_HUMAN	25	3	8.605313406738366	0	true
sp|Q12907|LMAN2_HUMAN	9	0	6.912550518608167	0	true
sp|Q12913|PTPRJ_HUMAN	3	0	1.3461579433909143	0	true
sp|Q12931|TRAP1_HUMAN	26	0	9.274725595645888	0	true
sp|Q12933|TRAF2_HUMAN	4	0	2.4459708020655735	0	true
sp|Q12948|FOXC1_HUMAN	1	0	2.86155130072067	0	true
sp|Q12959|DLG1_HUMAN	2	2	4.3666656612112815	0	true
sp|Q12965|MYO1E_HUMAN	24	0	6.531035524489809	0	true
sp|Q12972|PP1R8_HUMAN	6	0	6.1965056351995855	0	true
sp|Q12986|NFX1_HUMAN	4	0	3.1824698391726605	0	true
sp|Q12996|CSTF3_HUMAN	4	0	6.68074171325041	0	true
sp|Q13011|ECH1_HUMAN	7	0	8.749562619558953	0	true
sp|Q13017|RHG05_HUMAN	1	0	1.693206580673951	0	true
sp|Q13033|STRN3_HUMAN	3	0	4.086600920042307	0	true
sp|Q13042|CDC16_HUMAN	8	0	4.693853844210034	0	true
sp|Q13043|STK4_HUMAN	2	0	1.6164406468085861	0	true
sp|Q13045|FLII_HUMAN	8	0	5.54649006837097	0	true
sp|Q13057|COASY_HUMAN	5	0	5.901991723219341	0	true
sp|Q13085|ACACA_HUMAN	27	0	5.056762251926407	0	true
sp|Q13098|CSN1_HUMAN	8	0	6.206454011040748	0	true
sp|Q13111|CAF1A_HUMAN	2	0	1.7811710363235826	0	true
sp|Q13112|CAF1B_HUMAN	3	0	6.041953059328287	0	true
sp|Q13123|RED_HUMAN	5	0	3.2813076554467697	0	true
sp|Q13126|MTAP_HUMAN	9	0	4.544857387237501	0	true
sp|Q13131|AAPK1_HUMAN	2	0	2.112850988252432	0	true
sp|Q13136|LIPA1_HUMAN	10	0	3.782957336965489	0	true
sp|Q13144|EI2BE_HUMAN	4	0	4.778006658894867	0	true
sp|Q13148|TADBP_HUMAN	6	0	8.38790675016501	0	true
sp|Q13151|ROA0_HUMAN	4	0	8.993715142353794	0	true
sp|Q13155|AIMP2_HUMAN	6	0	9.258560854451737	0	true
sp|Q13162|PRDX4_HUMAN	10	3	9.982328010722402	0	true
sp|Q13177|PAK2_HUMAN	11	0	4.636201571497184	0	true
sp|Q13185|CBX3_HUMAN	6	2	10.924391867800043	0	true
sp|Q13190|STX5_HUMAN	3	0	1.2284314377982184	0	true
sp|Q13200|PSMD2_HUMAN	25	0	8.45479272720327	0	true
sp|Q13214|SEM3B_HUMAN	3	0	3.4649153331943077	0	true
sp|Q13217|DNJC3_HUMAN	3	0	2.7739301470144224	0	true
sp|Q13228|SBP1_HUMAN	14	0	5.992268856181917	0	true
sp|Q13242|SRSF9_HUMAN	9	0	4.8468021200590865	0	true
sp|Q13243|SRSF5_HUMAN	4	1	4.590543726948152	0	true
sp|Q13247|SRSF6_HUMAN	8	4	6.81559617237855	0	true
sp|Q13257|MD2L1_HUMAN	1	0	0.8808577787690343	0	true
sp|Q13263|TIF1B_HUMAN	19	0	7.661067282284055	0	true
sp|Q13277|STX3_HUMAN	1	0	2.1856910848480533	0	true
sp|Q13283|G3BP1_HUMAN	14	1	7.615492997252493	0	true
sp|Q13287|NMI_HUMAN	1	0	2.354048506898644	0	true
sp|Q13303|KCAB2_HUMAN	1	0	2.4213473994054406	0	true
sp|Q13310|PABP4_HUMAN	13	9	9.336534173069685	0	true
sp|Q13330|MTA1_HUMAN	5	1	4.6100228617226255	0	true
sp|Q13347|EIF3I_HUMAN	11	0	6.677126744167259	0	true
sp|Q13362|2A5G_HUMAN	1	3	4.838540015210285	0	true
sp|Q13363|CTBP1_HUMAN	4	2	5.642356283232137	0	true
sp|Q13395|TARB1_HUMAN	3	0	0.7240733886370624	0	true
sp|Q13404|UB2V1_HUMAN	2	3	6.418989664400013	0	true
sp|Q13405|RM49_HUMAN	3	0	7.357926139060261	0	true
sp|Q13409|DC1I2_HUMAN	9	0	7.550437724205733	0	true
sp|Q13416|ORC2_HUMAN	2	0	1.5187546292113576	0	true
sp|Q13418|ILK_HUMAN	8	0	6.052167171344148	0	true
sp|Q13421|MSLN_HUMAN	2	0	2.550696845235801	0	true
sp|Q13423|NNTM_HUMAN	26	0	9.237169714809182	0	true
sp|Q13425|SNTB2_HUMAN	4	0	2.8134046926949168	0	true
sp|Q13427|PPIG_HUMAN	3	0	4.47545121208646	0	true
sp|Q13428|TCOF_HUMAN	23	0	7.6542583605306005	0	true
sp|Q13435|SF3B2_HUMAN	21	0	8.350513266322215	0	true
sp|Q13438|OS9_HUMAN	3	0	1.7609966362861713	0	true
sp|Q13442|HAP28_HUMAN	3	0	6.507999787332996	0	true
sp|Q13443|ADAM9_HUMAN	5	0	6.175943358268157	0	true
sp|Q13444|ADA15_HUMAN	3	0	3.65755195053277	0	true
sp|Q13445|TMED1_HUMAN	2	0	5.777425983750788	0	true
sp|Q13451|FKBP5_HUMAN	10	0	5.8485081525422205	0	true
sp|Q13459|MYO9B_HUMAN	3	0	1.3011942182780707	0	true
sp|Q13464|ROCK1_HUMAN	5	3	2.278499293870765	0	true
sp|Q13485|SMAD4_HUMAN	4	0	1.796810095648778	0	true
sp|Q13492|PICAL_HUMAN	8	0	6.030974923506082	0	true
sp|Q13501|SQSTM_HUMAN	7	0	5.178109814633317	0	true
sp|Q13505|MTX1_HUMAN	2	0	3.6469325764171248	0	true
sp|Q13509|TBB3_HUMAN	2	12	8.222366052631504	0	true
sp|Q13510|ASAH1_HUMAN	2	0	2.148695684398234	0	true
sp|Q13523|PRP4K_HUMAN	6	0	6.992940442668624	0	true
sp|Q13526|PIN1_HUMAN	5	0	7.665928783796758	0	true
sp|Q13535|ATR_HUMAN	3	0	0.744183836160336	0	true
sp|Q13541|4EBP1_HUMAN	1	0	7.093433727451941	0	true
sp|Q13547|HDAC1_HUMAN	6	1	7.093903498646624	0	true
sp|Q13555|KCC2G_HUMAN	3	0	1.9421835868165482	0	true
sp|Q13561|DCTN2_HUMAN	12	0	8.349344853261595	0	true
sp|Q13564|ULA1_HUMAN	12	0	6.540721149904651	0	true
sp|Q13572|ITPK1_HUMAN	1	0	2.67448127051926	0	true
sp|Q13573|SNW1_HUMAN	7	0	6.313481909286875	0	true
sp|Q13574|DGKZ_HUMAN	1	0	1.5479798115240573	0	true
sp|Q13586|STIM1_HUMAN	4	0	2.615194861142512	0	true
sp|Q13595|TRA2A_HUMAN	2	2	4.888226272688819	0	true
sp|Q13596|SNX1_HUMAN	15	2	8.053376032228947	0	true
sp|Q13601|KRR1_HUMAN	3	0	3.188237892452815	0	true
sp|Q13610|PWP1_HUMAN	5	0	4.3148959917757965	0	true
sp|Q13613_p_target|MTMR1_HUMAN_p_target	2	0	1.1931219801117523	0	true
sp|Q13614|MTMR2_HUMAN	2	0	1.200009539707305	0	true
sp|Q13616|CUL1_HUMAN	10	0	5.387332630267324	0	true
sp|Q13617|CUL2_HUMAN	3	0	3.2994874608005085	0	true
sp|Q13618|CUL3_HUMAN	5	0	1.4026255321078025	0	true
sp|Q13619|CUL4A_HUMAN	10	5	4.006573586204811	0	true
sp|Q13620|CUL4B_HUMAN	14	5	5.8320692965198555	0	true
sp|Q13627|DYR1A_HUMAN;sp|Q9Y463|DYR1B_HUMAN	1	0	4.773477449319763	0	true
sp|Q13630|FCL_HUMAN	7	0	3.8414908072363545	0	true
sp|Q13636|RAB31_HUMAN	4	2	4.6865870887216685	0	true
sp|Q13637|RAB32_HUMAN	1	0	4.388454601028718	0	true
sp|Q13641|TPBG_HUMAN	1	0	4.60171682657222	0	true
sp|Q13642|FHL1_HUMAN	7	0	6.150619960667888	0	true
sp|Q13643|FHL3_HUMAN	2	0	2.594881310307993	0	true
sp|Q13671|RIN1_HUMAN	4	0	2.6005438502929787	0	true
sp|Q13724|MOGS_HUMAN	9	0	5.542180503153347	0	true
sp|Q13740|CD166_HUMAN	7	0	3.7793022397129494	0	true
sp|Q13751|LAMB3_HUMAN	1	0	1.0098845215957941	0	true
sp|Q13769|THOC5_HUMAN	7	0	7.791565507815166	0	true
sp|Q13813|SPTN1_HUMAN	109	0	8.929009036128857	0	true
sp|Q13823|NOG2_HUMAN	13	0	7.400886886882232	0	true
sp|Q13838|DX39B_HUMAN	8	11	9.464463326273435	0	true
sp|Q13867|BLMH_HUMAN	5	0	4.455335602447618	0	true
sp|Q13868|EXOS2_HUMAN	7	0	6.008493746272573	0	true
sp|Q13885|TBB2A_HUMAN	2	10	8.221094675923995	0	true
sp|Q13888|TF2H2_HUMAN;sp|Q6P1K8|T2H2L_HUMAN	1	0	1.7666345564497368	0	true
sp|Q13895|BYST_HUMAN	7	0	7.026698012368096	0	true
sp|Q13907|IDI1_HUMAN	2	1	4.316918471336571	0	true
sp|Q13951|PEBB_HUMAN	3	0	2.49277764406053	0	true
sp|Q13952|NFYC_HUMAN	1	0	2.018941934314917	0	true
sp|Q14008|CKAP5_HUMAN	18	0	4.916502462288338	0	true
sp|Q14011|CIRBP_HUMAN	4	0	6.943926097794403	0	true
sp|Q14019|COTL1_HUMAN	6	0	4.39156784453686	0	true
sp|Q14061|COX17_HUMAN	2	0	9.373554147873854	0	true
sp|Q14103|HNRPD_HUMAN	8	1	7.938713786383565	0	true
sp|Q14108|SCRB2_HUMAN	3	0	5.9000904135628005	0	true
sp|Q14116|IL18_HUMAN	4	0	4.309633372064756	0	true
sp|Q14118|DAG1_HUMAN	3	0	3.6647859628799906	0	true
sp|Q14126|DSG2_HUMAN	8	0	4.6461359433002265	0	true
sp|Q14134|TRI29_HUMAN	10	0	3.8993505560916013	0	true
sp|Q14137|BOP1_HUMAN	10	0	6.549086004991806	0	true
sp|Q14141|SEPT6_HUMAN	2	4	3.8502785687387937	0	true
sp|Q14146|URB2_HUMAN	3	0	1.938912148146268	0	true
sp|Q14151|SAFB2_HUMAN	5	10	6.640149202881347	0	true
sp|Q14152|EIF3A_HUMAN	40	0	7.026230515049169	0	true
sp|Q14155_p_target|ARHG7_HUMAN_p_target;sp|Q15052_p_target|ARHG6_HUMAN_p_target	1	0	0.7278696004764215	0	true
sp|Q14155|ARHG7_HUMAN	3	0	2.543434883750396	0	true
sp|Q14157|UBP2L_HUMAN	13	0	7.898928748849207	0	true
sp|Q14160|SCRIB_HUMAN	11	0	4.368593061114286	0	true
sp|Q14165|MLEC_HUMAN	8	0	6.756242392209657	0	true
sp|Q14166|TTL12_HUMAN	14	0	7.235131310706105	0	true
sp|Q14181|DPOA2_HUMAN	6	0	5.756688774621073	0	true
sp|Q14186|TFDP1_HUMAN	1	0	1.6677410321467339	0	true
sp|Q14192|FHL2_HUMAN	3	0	3.349569062007439	0	true
sp|Q14197|ICT1_HUMAN	5	0	3.2192046823493046	0	true
sp|Q14202|ZMYM3_HUMAN	1	0	4.686736814145657	0	true
sp|Q14203|DCTN1_HUMAN	20	0	6.110237300177949	0	true
sp|Q14204|DYHC1_HUMAN	121	0	8.85578672509888	0	true
sp|Q14232|EI2BA_HUMAN	7	0	6.208041544710511	0	true
sp|Q14240|IF4A2_HUMAN	6	12	8.81684637182066	0	true
sp|Q14241|ELOA1_HUMAN	2	0	7.401022362188806	0	true
sp|Q14244|MAP7_HUMAN	9	0	4.994534941292004	0	true
sp|Q14247|SRC8_HUMAN	19	0	8.345335586679088	0	true
sp|Q14254|FLOT2_HUMAN	12	0	8.076031362781448	0	true
sp|Q14257|RCN2_HUMAN	6	0	7.638607835787539	0	true
sp|Q14258|TRI25_HUMAN	17	0	6.127820855870695	0	true
sp|Q14289|FAK2_HUMAN	1	0	3.179311664559888	0	true
sp|Q14315|FLNC_HUMAN	0	12	8.792624531036662	0	true
sp|Q14318|FKBP8_HUMAN	2	0	7.157532777929325	0	true
sp|Q14320|FA50A_HUMAN	5	0	5.756302174697362	0	true
sp|Q14331|FRG1_HUMAN	3	0	4.985298991921164	0	true
sp|Q14344|GNA13_HUMAN	4	0	3.4878336779799364	0	true
sp|Q14353|GAMT_HUMAN	3	0	3.515927375042274	0	true
sp|Q14376|GALE_HUMAN	4	0	1.6680277872268514	0	true
sp|Q14432|PDE3A_HUMAN	7	0	7.905308128060029	0	true
sp|Q14444|CAPR1_HUMAN	9	0	7.48357051776619	0	true
sp|Q14493|SLBP_HUMAN	1	0	1.4568189471582564	0	true
sp|Q14498|RBM39_HUMAN	12	0	8.267328445840983	0	true
sp|Q14527|HLTF_HUMAN	1	0	3.7930601593900914	0	true
sp|Q14554|PDIA5_HUMAN	3	0	0.6796984578510471	0	true
sp|Q14558|KPRA_HUMAN	6	1	7.434180183113746	0	true
sp|Q14562|DHX8_HUMAN	4	1	1.4823512424758098	0	true
sp|Q14566|MCM6_HUMAN	28	0	8.44346264982377	0	true
sp|Q14571|ITPR2_HUMAN	1	5	2.5038746655110216	0	true
sp|Q14573|ITPR3_HUMAN	25	6	6.614348198811587	0	true
sp|Q14624|ITIH4_HUMAN	2	0	4.117139223540468	0	true
sp|Q14643|ITPR1_HUMAN	10	5	6.589426313827486	0	true
sp|Q14651|PLSI_HUMAN	7	3	9.32749814942094	0	true
sp|Q14653|IRF3_HUMAN	2	0	1.6730655015666513	0	true
sp|Q14657|LAGE3_HUMAN	1	0	2.3957003960896186	0	true
sp|Q14669|TRIPC_HUMAN	5	0	5.63609131795636	0	true
sp|Q14671|PUM1_HUMAN	6	2	3.629774759158378	0	true
sp|Q14674_p_target|ESPL1_HUMAN_p_target	1	0	1.789798787377162	0	true
sp|Q14676|MDC1_HUMAN	5	0	4.923060223388235	0	true
sp|Q14677|EPN4_HUMAN	13	0	6.896294584470401	0	true
sp|Q14683|SMC1A_HUMAN	30	0	5.523922670450075	0	true
sp|Q14684|RRP1B_HUMAN	13	0	7.249357881061153	0	true
sp|Q14690|RRP5_HUMAN	30	0	6.762727361505699	0	true
sp|Q14691|PSF1_HUMAN	3	0	3.847028987734679	0	true
sp|Q14692|BMS1_HUMAN	13	0	7.9054155912322415	0	true
sp|Q14694|UBP10_HUMAN	9	0	5.130196323542071	0	true
sp|Q14696|MESD_HUMAN	4	0	3.894898191510344	0	true
sp|Q14697|GANAB_HUMAN	34	0	10.365348712052418	0	true
sp|Q14738|2A5D_HUMAN	3	3	4.838540015210285	0	true
sp|Q14739|LBR_HUMAN	6	0	4.925303098735791	0	true
sp|Q14746|COG2_HUMAN	1	0	1.0159920698951372	0	true
sp|Q14764|MVP_HUMAN	13	0	3.926308723640554	0	true
sp|Q14789_p_target|GOGB1_HUMAN_p_target;sp|Q9NZW5_p_target|PALS2_HUMAN_p_target	1	0	1.3714070503776128	0	true
sp|Q14789|GOGB1_HUMAN	10	0	4.155329399326163	0	true
sp|Q14790|CASP8_HUMAN	1	0	2.2745292500977907	0	true
sp|Q147X3|NAA30_HUMAN	2	0	2.8247400705709147	0	true
sp|Q14807|KIF22_HUMAN	5	0	2.5633132072130733	0	true
sp|Q14839|CHD4_HUMAN	28	7	6.774385684633298	0	true
sp|Q14847|LASP1_HUMAN	12	0	7.007832671471418	0	true
sp|Q14914|PTGR1_HUMAN	8	0	7.3131381845745675	0	true
sp|Q14919|NC2A_HUMAN	4	0	3.988434013756328	0	true
sp|Q14966|ZN638_HUMAN	6	0	4.9118580902093925	0	true
sp|Q14974|IMB1_HUMAN	22	0	9.508278786438812	0	true
sp|Q14978|NOLC1_HUMAN	10	1	7.364776922942075	0	true
sp|Q14980|NUMA1_HUMAN	57	0	9.464080371368151	0	true
sp|Q14C86|GAPD1_HUMAN	21	0	6.0289947026215245	0	true
sp|Q14CX7|NAA25_HUMAN	11	0	3.061095516295629	0	true
sp|Q15003|CND2_HUMAN	9	0	5.902388881815319	0	true
sp|Q15004|PAF15_HUMAN	1	0	4.529671278116499	0	true
sp|Q15005|SPCS2_HUMAN	3	0	8.307707412328037	0	true
sp|Q15006|EMC2_HUMAN	4	0	2.675480397253654	0	true
sp|Q15007|FL2D_HUMAN	4	0	6.270743674296118	0	true
sp|Q15008|PSMD6_HUMAN	13	0	9.634739585024494	0	true
sp|Q15014|MO4L2_HUMAN	2	0	2.3894162342689476	0	true
sp|Q15018|ABRX2_HUMAN	2	0	4.440741943658508	0	true
sp|Q15019|SEPT2_HUMAN	12	0	7.464762510354223	0	true
sp|Q15020|SART3_HUMAN	15	0	6.222606171643914	0	true
sp|Q15021|CND1_HUMAN	22	0	5.506313836636232	0	true
sp|Q15029|U5S1_HUMAN	21	1	8.662254562216559	0	true
sp|Q15031|SYLM_HUMAN	2	0	0.5434643368998757	0	true
sp|Q15036|SNX17_HUMAN	1	0	1.3237817314431448	0	true
sp|Q15041|AR6P1_HUMAN	1	0	2.2734887571682663	0	true
sp|Q15042|RB3GP_HUMAN	6	0	2.6282177615828823	0	true
sp|Q15043|S39AE_HUMAN	1	0	1.8544799672516767	0	true
sp|Q15046|SYK_HUMAN	21	0	9.188357098523813	0	true
sp|Q15047|SETB1_HUMAN	1	0	0.9979193282323563	0	true
sp|Q15050|RRS1_HUMAN	9	0	8.403385696646332	0	true
sp|Q15054|DPOD3_HUMAN	6	0	6.464784012977473	0	true
sp|Q15056|IF4H_HUMAN	9	0	7.250834650609725	0	true
sp|Q15057|ACAP2_HUMAN	6	0	6.48462162913206	0	true
sp|Q15059|BRD3_HUMAN	5	3	3.650940962189268	0	true
sp|Q15061|WDR43_HUMAN	8	0	6.3047951924492756	0	true
sp|Q15063|POSTN_HUMAN	14	0	7.037515642915497	0	true
sp|Q15067|ACOX1_HUMAN	8	0	5.808675617293253	0	true
sp|Q15070|OXA1L_HUMAN	3	0	2.9136502168803515	0	true
sp|Q15075|EEA1_HUMAN	11	0	5.756136993181156	0	true
sp|Q15084|PDIA6_HUMAN	9	0	8.520104816284022	0	true
sp|Q15102|PA1B3_HUMAN	3	0	3.8468148372834974	0	true
sp|Q15125|EBP_HUMAN	2	0	7.7996312717357075	0	true
sp|Q15126|PMVK_HUMAN	7	0	5.4875366087058515	0	true
sp|Q15149|PLEC_HUMAN	183	7	9.541246130607266	0	true
sp|Q15154|PCM1_HUMAN	10	1	3.4041199373592135	0	true
sp|Q15155|NOMO1_HUMAN	1	17	8.48955156001492	0	true
sp|Q15172|2A5A_HUMAN	1	0	1.1818237429088054	0	true
sp|Q15181|IPYR_HUMAN	13	0	10.566315789675988	0	true
sp|Q15185|TEBP_HUMAN	5	0	7.715742596317681	0	true
sp|Q15208|STK38_HUMAN	3	0	1.8305889666028636	0	true
sp|Q15233|NONO_HUMAN	21	2	9.47040063981344	0	true
sp|Q15257|PTPA_HUMAN	7	0	5.663628384088463	0	true
sp|Q15269|PWP2_HUMAN	5	0	2.805121700596829	0	true
sp|Q15286|RAB35_HUMAN	3	1	5.508811452637895	0	true
sp|Q15287|RNPS1_HUMAN	4	0	6.5292269270614325	0	true
sp|Q15291|RBBP5_HUMAN	7	0	3.002330955285821	0	true
sp|Q15293|RCN1_HUMAN	9	0	10.460721878883371	0	true
sp|Q15334|L2GL1_HUMAN	2	0	2.1909383802532636	0	true
sp|Q15361|TTF1_HUMAN	3	0	1.3918387484554964	0	true
sp|Q15363|TMED2_HUMAN	4	0	6.86050172736871	0	true
sp|Q15365|PCBP1_HUMAN	8	3	8.314517062561922	0	true
sp|Q15366|PCBP2_HUMAN	6	4	8.847959202081437	0	true
sp|Q15369|ELOC_HUMAN	5	0	7.4069302508560435	0	true
sp|Q15370|ELOB_HUMAN	7	0	7.458405492394858	0	true
sp|Q15382|RHEB_HUMAN	3	0	2.804712228316525	0	true
sp|Q15386|UBE3C_HUMAN	3	0	1.9605727809573072	0	true
sp|Q15388|TOM20_HUMAN	1	0	0.9905791307410966	0	true
sp|Q15392|DHC24_HUMAN	4	0	3.2518855831783564	0	true
sp|Q15393|SF3B3_HUMAN	26	0	8.96434534197739	0	true
sp|Q15397_p_target|PUM3_HUMAN_p_target	1	0	0.885263706922964	0	true
sp|Q15397|PUM3_HUMAN	11	0	4.287625829369017	0	true
sp|Q15398|DLGP5_HUMAN	1	0	1.5928755263167065	0	true
sp|Q15404|RSU1_HUMAN	5	0	2.6944581805237466	0	true
sp|Q15418|KS6A1_HUMAN	6	5	3.744153680429442	0	true
sp|Q15424|SAFB1_HUMAN	10	10	6.800045302651804	0	true
sp|Q15427|SF3B4_HUMAN	2	0	8.301876702043714	0	true
sp|Q15428|SF3A2_HUMAN	6	0	6.340242478088423	0	true
sp|Q15434|RBMS2_HUMAN	2	0	3.36916007425906	0	true
sp|Q15435|PP1R7_HUMAN	9	0	4.583705097597904	0	true
sp|Q15436|SC23A_HUMAN	9	1	7.784953859053302	0	true
sp|Q15437|SC23B_HUMAN	11	1	5.101428664440743	0	true
sp|Q15459|SF3A1_HUMAN	18	0	8.013653176833307	0	true
sp|Q15477|SKI2_HUMAN	3	0	4.062683509933663	0	true
sp|Q15527|SURF2_HUMAN	3	0	3.3382836880239686	0	true
sp|Q15528|MED22_HUMAN	1	0	0.7407487533100805	0	true
sp|Q15554|TERF2_HUMAN	1	0	1.1512318550491984	0	true
sp|Q15555|MARE2_HUMAN	1	1	3.810409044085451	0	true
sp|Q15582|BGH3_HUMAN	2	0	2.252575406253254	0	true
sp|Q15599|NHRF2_HUMAN	3	0	2.329280799447782	0	true
sp|Q15631|TSN_HUMAN	6	0	6.929525025163947	0	true
sp|Q15633|TRBP2_HUMAN	1	0	1.1376858903555813	0	true
sp|Q15637|SF01_HUMAN	8	0	8.297015203408495	0	true
sp|Q15642|CIP4_HUMAN	6	0	2.0038322035376237	0	true
sp|Q15645|PCH2_HUMAN	10	0	6.449174084927245	0	true
sp|Q15648|MED1_HUMAN	6	0	1.2400183910848446	0	true
sp|Q15650|TRIP4_HUMAN	3	0	2.660975929141812	0	true
sp|Q15654|TRIP6_HUMAN	4	0	4.272471928116209	0	true
sp|Q15691|MARE1_HUMAN	7	1	7.186732383367279	0	true
sp|Q15714|T22D1_HUMAN	1	1	6.746299561096939	0	true
sp|Q15717|ELAV1_HUMAN	11	0	7.522828996721298	0	true
sp|Q15723_p_target|ELF2_HUMAN_p_target	1	0	1.0405947618831437	0	true
sp|Q15738|NSDHL_HUMAN	5	0	2.9101120013448902	0	true
sp|Q15750|TAB1_HUMAN	4	0	2.117514367192858	0	true
sp|Q15751|HERC1_HUMAN	2	0	1.5103363131999206	0	true
sp|Q15758|AAAT_HUMAN	5	0	7.0556016977716975	0	true
sp|Q15785|TOM34_HUMAN	9	0	6.48979659037049	0	true
sp|Q15796|SMAD2_HUMAN	4	1	6.74906941010471	0	true
sp|Q15797|SMAD1_HUMAN	2	1	4.19173519925616	0	true
sp|Q15800|MSMO1_HUMAN	2	0	3.2329450815812573	0	true
sp|Q15811|ITSN1_HUMAN	6	0	3.099323174759276	0	true
sp|Q15813|TBCE_HUMAN	3	0	2.2528590253622127	0	true
sp|Q15814|TBCC_HUMAN	1	0	4.974797087019552	0	true
sp|Q15819|UB2V2_HUMAN	1	3	7.546173433756944	0	true
sp|Q15833|STXB2_HUMAN	3	0	2.414155683173757	0	true
sp|Q15836|VAMP3_HUMAN	2	0	6.364125733661666	0	true
sp|Q15843|NEDD8_HUMAN	1	0	2.2278044245147055	0	true
sp|Q15904|VAS1_HUMAN	3	0	3.054898046679883	0	true
sp|Q15907|RB11B_HUMAN	9	0	5.411938916997837	0	true
sp|Q15910|EZH2_HUMAN	2	0	3.735339987508546	0	true
sp|Q15942|ZYX_HUMAN	14	0	7.978354538965774	0	true
sp|Q16181|SEPT7_HUMAN	12	1	6.45902721246718	0	true
sp|Q16186|ADRM1_HUMAN	5	0	6.53468792499079	0	true
sp|Q16204|CCDC6_HUMAN	7	0	4.6890538558208785	0	true
sp|Q16222|UAP1_HUMAN	6	0	7.511572528379094	0	true
sp|Q16401|PSMD5_HUMAN	12	0	6.334148573745468	0	true
sp|Q16512|PKN1_HUMAN	3	1	1.4126159397563438	0	true
sp|Q16513|PKN2_HUMAN	13	1	4.8777631402702095	0	true
sp|Q16531|DDB1_HUMAN	37	0	6.510937772508402	0	true
sp|Q16537|2A5E_HUMAN	2	2	3.785079234821296	0	true
sp|Q16539|MK14_HUMAN	6	0	6.652838007222264	0	true
sp|Q16540|RM23_HUMAN;tr|A0AAG2SUK6|A0AAG2SUK6_HUMAN	3	0	4.04210089304494	0	true
sp|Q16543|CDC37_HUMAN	9	0	6.565645690078564	0	true
sp|Q16555|DPYL2_HUMAN	16	0	8.52183948507623	0	true
sp|Q16563|SYPL1_HUMAN	3	0	6.600520494873376	0	true
sp|Q16576|RBBP7_HUMAN	5	7	8.834785743554532	0	true
sp|Q16594|TAF9_HUMAN;sp|Q9HBM6|TAF9B_HUMAN	1	0	1.8295325318459867	0	true
sp|Q16626|MEA1_HUMAN	1	0	1.3515204642595124	0	true
sp|Q16629|SRSF7_HUMAN	7	1	7.942559958299042	0	true
sp|Q16630_p_target|CPSF6_HUMAN_p_target	1	0	1.65268442256418	0	true
sp|Q16630|CPSF6_HUMAN	8	0	9.38613583801081	0	true
sp|Q16637|SMN_HUMAN	4	0	3.3763266100025797	0	true
sp|Q16643|DREB_HUMAN	9	0	7.413466837453578	0	true
sp|Q16658|FSCN1_HUMAN	20	0	9.054887871663977	0	true
sp|Q16666|IF16_HUMAN	14	0	6.635618931331748	0	true
sp|Q16698|DECR_HUMAN	9	0	7.314882145575454	0	true
sp|Q16706|MA2A1_HUMAN	5	0	4.9580220420318275	0	true
sp|Q16718|NDUA5_HUMAN	4	0	6.682331713875113	0	true
sp|Q16719|KYNU_HUMAN	18	0	9.647097545649325	0	true
sp|Q16740|CLPP_HUMAN	3	0	7.14379787486627	0	true
sp|Q16762|THTR_HUMAN	6	0	5.368163966809494	0	true
sp|Q16763|UBE2S_HUMAN	2	0	2.70138553759603	0	true
sp|Q16774|KGUA_HUMAN	2	0	2.6130730285982535	0	true
sp|Q16775|GLO2_HUMAN	3	0	5.308293890772027	0	true
sp|Q16795|NDUA9_HUMAN	4	0	4.109332321521033	0	true
sp|Q16822|PCKGM_HUMAN	16	0	8.357593908919705	0	true
sp|Q16831|UPP1_HUMAN	2	0	2.7275907057918176	0	true
sp|Q16836|HCDH_HUMAN	2	0	3.5478090424359974	0	true
sp|Q16850|CP51A_HUMAN	2	0	2.522939149954058	0	true
sp|Q16851|UGPA_HUMAN	15	0	6.799664155067206	0	true
sp|Q16881|TRXR1_HUMAN	14	1	10.477077964030704	0	true
sp|Q16891|MIC60_HUMAN	27	0	6.82344925945508	0	true
sp|Q1ED39|KNOP1_HUMAN	1	0	0.7707967702551926	0	true
sp|Q1KMD3|HNRL2_HUMAN	24	0	8.619483301774373	0	true
sp|Q27J81|INF2_HUMAN	10	0	4.690025787312741	0	true
sp|Q29RF7|PDS5A_HUMAN	17	2	8.185351659153877	0	true
sp|Q2KHR3|QSER1_HUMAN	3	0	2.5951158984830482	0	true
sp|Q2M2I8_p_target|AAK1_HUMAN_p_target	2	0	0.6249467698608476	0	true
sp|Q2M389|WASC4_HUMAN	7	0	4.281354807941754	0	true
sp|Q2NL82|TSR1_HUMAN	15	0	7.319200318184488	0	true
sp|Q2TAL8|QRIC1_HUMAN	3	0	3.364779542411976	0	true
sp|Q2TAM9|TUSC1_HUMAN	1	0	0.8474622667407808	0	true
sp|Q2TAY7|SMU1_HUMAN	15	0	6.440855489337098	0	true
sp|Q32MZ4|LRRF1_HUMAN	14	0	7.354464304179408	0	true
sp|Q32NB8|PGPS1_HUMAN	1	0	1.6172952584689166	0	true
sp|Q32NC0|CR021_HUMAN	1	0	5.985828576277623	0	true
sp|Q32P28|P3H1_HUMAN	10	0	6.407627617494019	0	true
sp|Q32P41|TRM5_HUMAN	3	0	3.1317707572158997	0	true
sp|Q32P44|EMAL3_HUMAN	1	0	5.278275050932904	0	true
sp|Q3KQU3|MA7D1_HUMAN	6	0	5.250022738977086	0	true
sp|Q3L8U1|CHD9_HUMAN	1	1	1.0881902708846038	0	true
sp|Q3LXA3|TKFC_HUMAN	9	0	7.5420258890383165	0	true
sp|Q3MHD2|LSM12_HUMAN	3	0	6.636742264333879	0	true
sp|Q3SXM5|HSDL1_HUMAN	3	0	0.397603475003315	0	true
sp|Q3YEC7|RABL6_HUMAN	7	0	9.13120706800944	0	true
sp|Q3ZAQ7|VMA21_HUMAN	1	0	0.9414166756938045	0	true
sp|Q3ZCQ8|TIM50_HUMAN	8	0	6.755560802439286	0	true
sp|Q49A26|GLYR1_HUMAN	5	0	5.099515774058216	0	true
sp|Q49B96|COX19_HUMAN	1	0	2.025639339533045	0	true
sp|Q4G0J3|LARP7_HUMAN	3	0	4.187457731511449	0	true
sp|Q4G0N4|NAKD2_HUMAN	7	0	4.864439740387138	0	true
sp|Q4G176|ACSF3_HUMAN	4	0	3.187980816455411	0	true
sp|Q4J6C6|PPCEL_HUMAN	4	0	4.2014965518830785	0	true
sp|Q4KMP7|TB10B_HUMAN	1	0	4.6464675185004225	0	true
sp|Q4KMQ1|TPRN_HUMAN	1	0	2.8468424787292275	0	true
sp|Q4KWH8|PLCH1_HUMAN	1	0	2.2915822075425707	0	true
sp|Q4V328|GRAP1_HUMAN	7	0	3.4640215776257333	0	true
sp|Q4V339|ZNG1F_HUMAN;sp|Q5JTY5|ZNG1C_HUMAN;sp|Q5RIA9|ZNG1E_HUMAN;sp|Q8IUF1|ZNG1B_HUMAN;sp|Q9BRT8|ZNG1A_HUMAN	1	0	2.5760462009429177	0	true
sp|Q4VC31|MIX23_HUMAN	5	0	7.2513700858233054	0	true
sp|Q4ZIN3|MBRL_HUMAN	1	0	1.4678355178921914	0	true
sp|Q52LJ0|FA98B_HUMAN	5	1	9.405736187184463	0	true
sp|Q53EL6|PDCD4_HUMAN	10	0	7.673935830953126	0	true
sp|Q53EP0|FND3B_HUMAN	3	0	2.0700527524135235	0	true
sp|Q53F19|NCBP3_HUMAN	4	0	2.5810700369309756	0	true
sp|Q53FA7|QORX_HUMAN	5	0	1.3364793927768541	0	true
sp|Q53FT3|HIKES_HUMAN	4	0	3.0318902654267035	0	true
sp|Q53GA4|PHLA2_HUMAN	2	0	3.104731479102822	0	true
sp|Q53GQ0|DHB12_HUMAN	3	0	3.181878996389763	0	true
sp|Q53GS7|GLE1_HUMAN	3	0	3.2925048603824156	0	true
sp|Q53GS9|UBP39_HUMAN	8	0	5.459304863140452	0	true
sp|Q53H12|AGK_HUMAN	3	0	3.4828292855304595	0	true
sp|Q53H82|LACB2_HUMAN	6	0	4.701090987586374	0	true
sp|Q53H96|P5CR3_HUMAN	4	0	5.629308579189065	0	true
sp|Q53HC9|EIPR1_HUMAN	1	0	4.216222960166788	0	true
sp|Q53LP3|SWAHC_HUMAN	2	0	3.9532871613894662	0	true
sp|Q53SF7|COBL1_HUMAN	1	0	2.6435585842732032	0	true
sp|Q56P03|EAPP_HUMAN	1	0	0.9862250902512961	0	true
sp|Q56VL3|OCAD2_HUMAN	2	0	6.840135355117133	0	true
sp|Q58FF8_p_target|H90B2_HUMAN_p_target	2	0	0.7664567044996019	0	true
sp|Q5BJF2|SGMR2_HUMAN	1	0	5.706721070829179	0	true
sp|Q5BJH7|YIF1B_HUMAN	1	0	2.490036799688445	0	true
sp|Q5BKZ1|ZN326_HUMAN	10	0	3.9012184926888427	0	true
sp|Q5F1R6|DJC21_HUMAN	3	0	8.216271902416292	0	true
sp|Q5GLZ8|HERC4_HUMAN	3	0	0.702304741920863	0	true
sp|Q5H9R7|PP6R3_HUMAN	14	0	6.888357775463861	0	true
sp|Q5HYI8|RABL3_HUMAN	1	0	2.048382307864118	0	true
sp|Q5HYK3|COQ5_HUMAN	1	0	2.42324662376869	0	true
sp|Q5J8M3|EMC4_HUMAN	3	0	2.5952610798829734	0	true
sp|Q5JPE7|NOMO2_HUMAN	1	17	5.699041263173153	0	true
sp|Q5JPH6|SYEM_HUMAN	1	0	2.470762828758564	0	true
sp|Q5JQF8|PAP1M_HUMAN	0	2	5.736089494921596	0	true
sp|Q5JRA6_p_target|TGO1_HUMAN_p_target	2	0	0.6561601366745732	0	true
sp|Q5JRA6|TGO1_HUMAN	10	0	4.965577752617662	0	true
sp|Q5JRX3|PREP_HUMAN	12	0	3.513274245729248	0	true
sp|Q5JS54|PSMG4_HUMAN	1	0	2.333666167784446	0	true
sp|Q5JSH3|WDR44_HUMAN	13	0	4.672045958498692	0	true
sp|Q5JSZ5|PRC2B_HUMAN	8	0	2.525902836414451	0	true
sp|Q5JTH9|RRP12_HUMAN	16	0	4.761836705147855	0	true
sp|Q5JTJ3|COA6_HUMAN	3	0	6.291069779573303	0	true
sp|Q5JTV8|TOIP1_HUMAN	14	1	7.349929325095126	0	true
sp|Q5JTZ9|SYAM_HUMAN	4	0	4.183455638040839	0	true
sp|Q5JU69|TOR2A_HUMAN	1	0	1.7635861592675988	0	true
sp|Q5JVF3|PCID2_HUMAN	5	0	4.676439637332339	0	true
sp|Q5JWF2|GNAS1_HUMAN	7	1	6.020646260337115	0	true
sp|Q5K651|SAMD9_HUMAN	2	0	1.7805315453869466	0	true
sp|Q5M775|CYTSB_HUMAN	7	0	6.208735564398069	0	true
sp|Q5QJE6|TDIF2_HUMAN	7	0	3.2910088149655463	0	true
sp|Q5R3I4|TTC38_HUMAN	8	0	4.7802950105007875	0	true
sp|Q5RI15|COX20_HUMAN	2	0	5.681445218300501	0	true
sp|Q5RKV6|EXOS6_HUMAN	5	0	5.647995192918475	0	true
sp|Q5SNT2|TM201_HUMAN	1	0	1.5763735842435294	0	true
sp|Q5SRE5|NU188_HUMAN	9	0	4.3674296368482	0	true
sp|Q5SSJ5|HP1B3_HUMAN	10	0	7.273156322916846	0	true
sp|Q5SW79|CE170_HUMAN	14	0	7.006712904586387	0	true
sp|Q5SWX8|ODR4_HUMAN	5	0	2.687879905077299	0	true
sp|Q5SY16|NOL9_HUMAN	2	0	4.051120557519037	0	true
sp|Q5T0F9|C2D1B_HUMAN	3	0	0.5533458765913698	0	true
sp|Q5T0N5|FBP1L_HUMAN	1	0	5.338779678625462	0	true
sp|Q5T0W9|FA83B_HUMAN	2	0	3.6133316452281914	0	true
sp|Q5T1C6|THEM4_HUMAN	3	0	3.8474927203447837	0	true
sp|Q5T1J5|CHCH9_HUMAN;sp|Q9Y6H1|CHCH2_HUMAN	1	0	5.48081795418419	0	true
sp|Q5T1M5|FKB15_HUMAN	11	0	5.952409692861569	0	true
sp|Q5T1V6|DDX59_HUMAN	2	0	2.4532811646171777	0	true
sp|Q5T200|ZC3HD_HUMAN	3	0	3.8450896454906562	0	true
sp|Q5T280|CI114_HUMAN	3	0	6.371156565680433	0	true
sp|Q5T2D3_p_target|OTUD3_HUMAN_p_target	1	0	1.5363241614758052	0	true
sp|Q5T2N8|ATD3C_HUMAN	0	7	4.0305846987983145	0	true
sp|Q5T3I0|GPTC4_HUMAN	8	0	5.7155399100442965	0	true
sp|Q5T440|CAF17_HUMAN	2	0	3.624931966283293	0	true
sp|Q5T447|HECD3_HUMAN	2	0	4.0978261353603695	0	true
sp|Q5T4S7|UBR4_HUMAN	33	0	7.300092914421248	0	true
sp|Q5T5Y3|CAMP1_HUMAN	1	0	1.3521574384460784	0	true
sp|Q5T653|RM02_HUMAN	5	0	6.1882836988914445	0	true
sp|Q5T6F2|UBAP2_HUMAN	9	0	5.065363510517761	0	true
sp|Q5T6V5|QNG1_HUMAN	6	0	4.261059981324108	0	true
sp|Q5T8P6|RBM26_HUMAN	8	1	4.538919733243507	0	true
sp|Q5T9A4|ATD3B_HUMAN	0	11	5.953148787427762	0	true
sp|Q5TA45|INT11_HUMAN	2	0	3.1246752044544275	0	true
sp|Q5TA50|CPTP_HUMAN	1	0	0.8833735253532322	0	true
sp|Q5TAQ9|DCAF8_HUMAN	2	0	2.8759862928885864	0	true
sp|Q5TBB1|RNH2B_HUMAN	2	0	4.611666621575033	0	true
sp|Q5TC12|ATPF1_HUMAN	1	0	1.6688340562877155	0	true
sp|Q5TDH0|DDI2_HUMAN	6	0	3.234311635456887	0	true
sp|Q5TEC6|H37_HUMAN	1	2	4.215286477214829	0	true
sp|Q5TFE4|NT5D1_HUMAN	8	0	6.674804557912876	0	true
sp|Q5U5X0|LYRM7_HUMAN	1	0	4.0348301582277974	0	true
sp|Q5UIP0|RIF1_HUMAN	10	0	5.645553350094259	0	true
sp|Q5VSL9|STRP1_HUMAN	1	0	1.6491576383487818	0	true
sp|Q5VT52|RPRD2_HUMAN	14	0	5.782161038514596	0	true
sp|Q5VT66|MARC1_HUMAN	2	0	3.3933005480780394	0	true
sp|Q5VT79|AXA81_HUMAN	6	0	3.505464175890924	0	true
sp|Q5VTL8|PR38B_HUMAN	3	0	4.3783757972491815	0	true
sp|Q5VTR2|BRE1A_HUMAN	8	1	5.37771198078531	0	true
sp|Q5VV41|ARHGG_HUMAN	5	0	4.030536509058069	0	true
sp|Q5VV42|CDKAL_HUMAN	2	0	0.4415239140095338	0	true
sp|Q5VW32|BROX_HUMAN	2	0	3.1135100481957814	0	true
sp|Q5VW36|FOCAD_HUMAN	2	0	1.7693157655822975	0	true
sp|Q5VWQ8|DAB2P_HUMAN;sp|Q9UJF2|NGAP_HUMAN	1	0	2.1240310125108532	0	true
sp|Q5VYK3|ECM29_HUMAN	24	0	5.394193702714012	0	true
sp|Q5VYS8|TUT7_HUMAN	2	0	2.2346198901910177	0	true
sp|Q5VYV7|SLX4I_HUMAN	1	0	1.0373423724313837	0	true
sp|Q5VZE5|NAA35_HUMAN	3	0	0.8951290444061785	0	true
sp|Q5VZK9|CARL1_HUMAN	5	0	3.525353445858215	0	true
sp|Q5VZL5|ZMYM4_HUMAN	5	0	3.671749515455347	0	true
sp|Q5W0V3|FHI2A_HUMAN	3	0	3.359862186739142	0	true
sp|Q5XKE5|K2C79_HUMAN	0	6	7.479283661758301	0	true
sp|Q5XKP0|MIC13_HUMAN	1	0	1.0649512967338375	0	true
sp|Q5ZPR3|CD276_HUMAN	3	0	5.518988193731334	0	true
sp|Q63HN8|RN213_HUMAN	15	0	3.0658704214237713	0	true
sp|Q63ZY3|KANK2_HUMAN	4	0	2.2425573613711123	0	true
sp|Q63ZY6|NSN5C_HUMAN;sp|Q96P11|NSUN5_HUMAN	1	0	3.128727088801547	0	true
sp|Q641Q2_p_target|WAC2A_HUMAN_p_target;sp|Q9Y4E1_p_target|WAC2C_HUMAN_p_target	1	0	0.7419402195686767	0	true
sp|Q641Q2|WAC2A_HUMAN	6	0	5.409015876831122	0	true
sp|Q643R3|LPCT4_HUMAN	1	0	1.0899341018678237	0	true
sp|Q658Y4|F91A1_HUMAN	5	0	3.619879885283838	0	true
sp|Q66K14|TBC9B_HUMAN	1	0	1.379558796993101	0	true
sp|Q66K74|MAP1S_HUMAN	7	0	5.149204798293604	0	true
sp|Q66PJ3|AR6P4_HUMAN	2	0	3.6854706377705364	0	true
sp|Q68CP9|ARID2_HUMAN	1	0	1.6381654912730195	0	true
sp|Q68CQ4|UTP25_HUMAN	5	0	2.1756242265090107	0	true
sp|Q68CQ7|GL8D1_HUMAN	2	0	0.9258159789377653	0	true
sp|Q68CZ2|TENS3_HUMAN	3	0	2.3636691900120423	0	true
sp|Q68CZ6|HAUS3_HUMAN	1	0	1.7695188255469987	0	true
sp|Q68D06|SLN13_HUMAN;sp|Q7Z7L1|SLN11_HUMAN	1	0	2.018542998335648	0	true
sp|Q68E01|INT3_HUMAN	5	0	3.549991684129128	0	true
sp|Q68EM7|RHG17_HUMAN	3	0	1.3535272900301603	0	true
sp|Q69YH5|CDCA2_HUMAN	2	0	3.669942681489471	0	true
sp|Q69YN2|C19L1_HUMAN	5	0	3.5149436536568843	0	true
sp|Q69YN4|VIR_HUMAN	1	0	2.002359628790045	0	true
sp|Q69YQ0|CYTSA_HUMAN	2	0	0.6060705076114195	0	true
sp|Q6DD87|ZN787_HUMAN	6	1	4.566544032941742	0	true
sp|Q6DD88_p_target|ATLA3_HUMAN_p_target	1	0	1.413219288832763	0	true
sp|Q6DD88|ATLA3_HUMAN	14	0	6.705339333009375	0	true
sp|Q6DKI1|RL7L_HUMAN	5	0	6.106005487065259	0	true
sp|Q6DKK2|TTC19_HUMAN	1	0	1.040486056986207	0	true
sp|Q6FI81|CPIN1_HUMAN	10	0	5.257453067234007	0	true
sp|Q6GMV2|SMYD5_HUMAN	3	0	2.3659383899416757	0	true
sp|Q6GMV3|PTRD1_HUMAN	3	0	7.5484743244018935	0	true
sp|Q6GQQ9|OTU7B_HUMAN	1	0	1.7412472166539048	0	true
sp|Q6I9Y2|THOC7_HUMAN	1	0	0.6710285372564044	0	true
sp|Q6IA86|ELP2_HUMAN	7	0	3.8664517780917422	0	true
sp|Q6IAA8|LTOR1_HUMAN	3	0	5.627815823397246	0	true
sp|Q6IAN0|DRS7B_HUMAN	3	0	0.8755509977045649	0	true
sp|Q6IBS0|TWF2_HUMAN	8	1	7.85958171270724	0	true
sp|Q6ICB0|DESI1_HUMAN	1	0	0.6505283692704168	0	true
sp|Q6IN85|P4R3A_HUMAN	5	0	2.289851043125803	0	true
sp|Q6IQ49|SDE2_HUMAN	5	0	3.8446829451804323	0	true
sp|Q6KB66|K2C80_HUMAN	5	0	0.8872599472053908	0	true
sp|Q6KC79|NIPBL_HUMAN	9	0	4.6481492397757025	0	true
sp|Q6L8Q7|PDE12_HUMAN	5	0	4.7049692272349315	0	true
sp|Q6N069|NAA16_HUMAN	1	4	3.5897245130461055	0	true
sp|Q6NS38|ALKB2_HUMAN	1	0	1.3663173811777243	0	true
sp|Q6NSW5|DE10B_HUMAN;sp|Q8TCE6|DEN10_HUMAN	1	0	3.0621575586924545	0	true
sp|Q6NUK1|SCMC1_HUMAN	14	0	8.562035047665152	0	true
sp|Q6NUM9|RETST_HUMAN	4	0	1.4988739125501884	0	true
sp|Q6NUQ4|TM214_HUMAN	6	0	6.740766868318551	0	true
sp|Q6NUT3|MFS12_HUMAN	1	0	0.9137242342668499	0	true
sp|Q6NVY1|HIBCH_HUMAN	6	0	4.652514846604278	0	true
sp|Q6NXE6|ARMC6_HUMAN	1	0	2.6709685391676907	0	true
sp|Q6NXR4|TTI2_HUMAN	3	0	4.070764158361447	0	true
sp|Q6NXT1|ANR54_HUMAN	1	0	2.108431703227502	0	true
sp|Q6NYC1|JMJD6_HUMAN	4	0	5.6128453848642765	0	true
sp|Q6NYC8|PPR18_HUMAN	3	0	6.2783909528491355	0	true
sp|Q6NZY4|ZCHC8_HUMAN	3	0	1.729375671048266	0	true
sp|Q6P158|DHX57_HUMAN	4	0	3.5040050524136377	0	true
sp|Q6P1A2|MBOA5_HUMAN	4	0	3.2404982057172425	0	true
sp|Q6P1J9|CDC73_HUMAN	9	0	2.5259908859554474	0	true
sp|Q6P1K2|PMF1_HUMAN	2	0	0.3918787793526166	0	true
sp|Q6P1L8|RM14_HUMAN	4	0	2.4363309629042504	0	true
sp|Q6P1M0|S27A4_HUMAN	9	0	5.0496947267029	0	true
sp|Q6P1N0|C2D1A_HUMAN	4	0	7.801665052809968	0	true
sp|Q6P1N9|TATD1_HUMAN	5	0	4.587415793496187	0	true
sp|Q6P1Q9|MET2B_HUMAN	1	0	1.2627046199424805	0	true
sp|Q6P2E9|EDC4_HUMAN	13	0	6.117069353776725	0	true
sp|Q6P2Q9|PRP8_HUMAN	50	0	7.829462562332626	0	true
sp|Q6P3W7|SCYL2_HUMAN	5	0	3.5440433833479386	0	true
sp|Q6P3X3|TTC27_HUMAN	5	0	3.4629845979027527	0	true
sp|Q6P587|FAHD1_HUMAN	4	0	8.00605740184419	0	true
sp|Q6P996|PDXD1_HUMAN	2	0	2.0921471021658387	0	true
sp|Q6P9B9|INT5_HUMAN	1	0	1.0276139597989835	0	true
sp|Q6PCB5|RSBNL_HUMAN	4	0	1.0673591579349992	0	true
sp|Q6PD62|CTR9_HUMAN	6	0	2.872598122175769	0	true
sp|Q6PF05|TT23L_HUMAN	1	0	0.8577771352722976	0	true
sp|Q6PGP7|SKI3_HUMAN	3	0	1.7256452050162931	0	true
sp|Q6PI48|SYDM_HUMAN	14	0	6.947216907690155	0	true
sp|Q6PI78|TMM65_HUMAN	1	0	2.321788208560932	0	true
sp|Q6PID6|TTC33_HUMAN	1	0	0.9396280005812189	0	true
sp|Q6PIU2|NCEH1_HUMAN	8	0	5.947942885799959	0	true
sp|Q6PJG6|BRAT1_HUMAN	2	0	0.5846942036931568	0	true
sp|Q6PJT7|ZC3HE_HUMAN	10	0	6.027956134577595	0	true
sp|Q6PK04|CC137_HUMAN	1	0	6.073848893643865	0	true
sp|Q6PKG0|LARP1_HUMAN	19	0	5.377847402507949	0	true
sp|Q6PL18|ATAD2_HUMAN	13	0	4.3920531238344225	0	true
sp|Q6QNY0|BL1S3_HUMAN	1	0	0.9518605457918975	0	true
sp|Q6R327|RICTR_HUMAN	1	0	2.329468715790773	0	true
sp|Q6RFH5|WDR74_HUMAN	9	0	6.724766993550852	0	true
sp|Q6RW13|ATRAP_HUMAN	2	0	3.2339870708177667	0	true
sp|Q6SJ93|F111B_HUMAN	1	0	0.7470221748818296	0	true
sp|Q6SPF0|SAMD1_HUMAN	3	0	2.1771249061659375	0	true
sp|Q6UB35|C1TM_HUMAN	11	1	6.2683691008785205	0	true
sp|Q6UN15|FIP1_HUMAN	4	0	6.059596684729448	0	true
sp|Q6UVK1|CSPG4_HUMAN	24	0	6.701638455654144	0	true
sp|Q6UW63|PLGT2_HUMAN	3	0	3.8701369399699805	0	true
sp|Q6UW68|TM205_HUMAN	1	0	1.9124433599280848	0	true
sp|Q6UWP2|DHR11_HUMAN	1	0	0.8554498793649311	0	true
sp|Q6UX04|CWC27_HUMAN	1	0	1.3887824260188568	0	true
sp|Q6UXN9|WDR82_HUMAN	4	0	6.158575811202757	0	true
sp|Q6UXV4|MIC27_HUMAN	3	0	1.1997476064450865	0	true
sp|Q6VN20|RBP10_HUMAN	3	0	2.863768192938453	0	true
sp|Q6VY07|PACS1_HUMAN	2	0	4.412960942455411	0	true
sp|Q6WKZ4|RFIP1_HUMAN	3	0	1.4741287610760538	0	true
sp|Q6XQN6|PNCB_HUMAN	5	0	3.955456556875468	0	true
sp|Q6Y1H2|HACD2_HUMAN	4	0	3.4727373856807753	0	true
sp|Q6Y7W6|GGYF2_HUMAN	7	0	3.5067264653410857	0	true
sp|Q6YHK3|CD109_HUMAN	13	0	6.096173033372072	0	true
sp|Q6YN16|HSDL2_HUMAN	14	0	7.651239436222829	0	true
sp|Q6ZRP7|QSOX2_HUMAN	2	0	3.522655783322611	0	true
sp|Q6ZRS2|SRCAP_HUMAN	3	0	4.530920291297991	0	true
sp|Q6ZSJ8|CA122_HUMAN	1	0	3.1744974952683083	0	true
sp|Q6ZSR9|YJ005_HUMAN	1	0	2.071055749597678	0	true
sp|Q6ZVM7|TM1L2_HUMAN	2	0	2.497843297110112	0	true
sp|Q6ZXV5|TMTC3_HUMAN	1	0	1.5584971095037283	0	true
sp|Q6ZYL4|TF2H5_HUMAN	1	0	1.3958630142653796	0	true
sp|Q709C8|VP13C_HUMAN	2	0	1.9501275107811193	0	true
sp|Q70J99|UN13D_HUMAN	5	0	3.1325685105488854	0	true
sp|Q70UQ0|IKIP_HUMAN	3	0	4.0882793960911545	0	true
sp|Q712K3|UB2R2_HUMAN	1	0	1.468975953655082	0	true
sp|Q71RC2|LARP4_HUMAN	6	0	3.3433290070530934	0	true
sp|Q71SY5|MED25_HUMAN	1	0	1.0196568097788217	0	true
sp|Q71U36|TBA1A_HUMAN	0	17	10.16433427384151	0	true
sp|Q71UM5|RS27L_HUMAN	1	2	6.922875263464145	0	true
sp|Q76FK4|NOL8_HUMAN	5	0	1.6407527148638295	0	true
sp|Q7KZ85|SPT6H_HUMAN	10	0	2.9925507598434877	0	true
sp|Q7KZF4|SND1_HUMAN	35	0	8.113174794588462	0	true
sp|Q7KZI7|MARK2_HUMAN	8	1	5.984337975760435	0	true
sp|Q7KZN9|COX15_HUMAN	1	0	1.6028316254719261	0	true
sp|Q7L014|DDX46_HUMAN	25	0	7.987333136733246	0	true
sp|Q7L0Y3|TM10C_HUMAN	13	0	6.462287417342015	0	true
sp|Q7L1Q6|5MP2_HUMAN	13	1	7.4129068632887	0	true
sp|Q7L1W4|LRC8D_HUMAN	1	0	2.446998285132418	0	true
sp|Q7L266|ASGL1_HUMAN	1	0	1.7492227489792056	0	true
sp|Q7L2E3_p_target|DHX30_HUMAN_p_target	1	0	2.0170420549871912	0	true
sp|Q7L2E3|DHX30_HUMAN	23	0	6.100857558612571	0	true
sp|Q7L2H7|EIF3M_HUMAN	10	0	7.573801582462239	0	true
sp|Q7L2J0|MEPCE_HUMAN	6	0	5.648879096023313	0	true
sp|Q7L3B6|CD37L_HUMAN	1	0	0.8220721950578348	0	true
sp|Q7L4E1|MIGA2_HUMAN	1	0	0.9233278067788808	0	true
sp|Q7L4I2|RSRC2_HUMAN	4	0	5.706326113686039	0	true
sp|Q7L576|CYFP1_HUMAN	12	0	4.01757551888048	0	true
sp|Q7L592|NDUF7_HUMAN	2	0	3.4900364604636054	0	true
sp|Q7L5L3|GDPD3_HUMAN	6	0	6.3735180011155235	0	true
sp|Q7L5N1|CSN6_HUMAN	7	0	5.399111303643817	0	true
sp|Q7L5Y1|ENOF1_HUMAN	5	0	2.3191103591093336	0	true
sp|Q7L5Y9|MAEA_HUMAN	1	0	1.7376591429667174	0	true
sp|Q7L8L6|FAKD5_HUMAN	1	0	1.431536893795078	0	true
sp|Q7L9L4|MOB1B_HUMAN;sp|Q9H8S9|MOB1A_HUMAN	2	0	4.991653380313544	0	true
sp|Q7LBC6|KDM3B_HUMAN	5	0	2.896982701942622	0	true
sp|Q7LBR1|CHM1B_HUMAN	1	0	1.1578676625251128	0	true
sp|Q7RTV0|PHF5A_HUMAN	2	0	8.263769012625682	0	true
sp|Q7Z2E3|APTX_HUMAN	1	0	1.4142738501684695	0	true
sp|Q7Z2K6|ERMP1_HUMAN	13	0	6.019175266675827	0	true
sp|Q7Z2T5|TRM1L_HUMAN	4	0	8.515053782402441	0	true
sp|Q7Z2W4|ZCCHV_HUMAN	11	0	7.7199816319786585	0	true
sp|Q7Z2W9|RM21_HUMAN	1	0	5.895707783370668	0	true
sp|Q7Z2Z2|EFL1_HUMAN	13	0	6.156730213091748	0	true
sp|Q7Z309|PBIR2_HUMAN	1	0	1.748165281020514	0	true
sp|Q7Z392|TPC11_HUMAN	1	0	4.771613237394187	0	true
sp|Q7Z3B4|NUP54_HUMAN	6	0	5.300811102531513	0	true
sp|Q7Z3C6|ATG9A_HUMAN	1	0	6.120596065957393	0	true
sp|Q7Z3J2|VP35L_HUMAN	1	0	0.8220728130237007	0	true
sp|Q7Z3K3|POGZ_HUMAN	9	0	7.866547647631643	0	true
sp|Q7Z3U7|MON2_HUMAN	5	0	1.867426249604803	0	true
sp|Q7Z401|MYCPP_HUMAN	1	0	0.9336294152260333	0	true
sp|Q7Z417|NUFP2_HUMAN	9	0	6.913502030709026	0	true
sp|Q7Z422|SZRD1_HUMAN	1	0	0.7784942451120075	0	true
sp|Q7Z434|MAVS_HUMAN	1	0	0.8355483376377961	0	true
sp|Q7Z460|CLAP1_HUMAN	4	1	6.894962699496009	0	true
sp|Q7Z478|DHX29_HUMAN	8	0	4.93324223837235	0	true
sp|Q7Z494|NPHP3_HUMAN	1	0	0.8290791447177865	0	true
sp|Q7Z4G1|COMD6_HUMAN	1	0	1.1223334741568558	0	true
sp|Q7Z4H7|HAUS6_HUMAN	1	0	2.2412032087937117	0	true
sp|Q7Z4H8|PLGT3_HUMAN	2	0	2.8185252501718403	0	true
sp|Q7Z4Q2|HEAT3_HUMAN	4	0	5.340980675588343	0	true
sp|Q7Z4S6|KI21A_HUMAN	6	0	3.277329313923097	0	true
sp|Q7Z4V5|HDGR2_HUMAN	10	2	5.94131599531537	0	true
sp|Q7Z4W1|DCXR_HUMAN	3	0	2.502296922685823	0	true
sp|Q7Z569|BRAP_HUMAN	1	0	1.4150524760371606	0	true
sp|Q7Z5G4|GOGA7_HUMAN	1	0	2.4041002858357676	0	true
sp|Q7Z5J4|RAI1_HUMAN	2	0	3.030162696589718	0	true
sp|Q7Z5K2|WAPL_HUMAN	4	0	4.866140735106458	0	true
sp|Q7Z5L9|I2BP2_HUMAN	5	1	7.398071470216282	0	true
sp|Q7Z6B7|SRGP1_HUMAN	1	1	3.2356251307671933	0	true
sp|Q7Z6E9|RBBP6_HUMAN	5	0	6.320460034349439	0	true
sp|Q7Z6K5|ARPIN_HUMAN	2	0	3.481171748042352	0	true
sp|Q7Z6M1|RABEK_HUMAN	4	0	4.003563013272743	0	true
sp|Q7Z6Z7|HUWE1_HUMAN	71	0	9.201157089240287	0	true
sp|Q7Z739|YTHD3_HUMAN	5	5	6.799075101301491	0	true
sp|Q7Z7F7|RM55_HUMAN	3	0	1.0159273912663653	0	true
sp|Q7Z7H5|TMED4_HUMAN	3	1	6.1290453375629275	0	true
sp|Q7Z7K6|CENPV_HUMAN	5	0	7.642308638807979	0	true
sp|Q7Z7N9|T179B_HUMAN	1	0	0.8418664400887514	0	true
sp|Q86SF2|GALT7_HUMAN	1	0	1.564463541276836	0	true
sp|Q86SQ0|PHLB2_HUMAN	3	0	1.1122101752517166	0	true
sp|Q86SQ9_p_target|DHDDS_HUMAN_p_target	1	0	1.0462706282060446	0	true
sp|Q86SX6|GLRX5_HUMAN	3	0	3.205369940810161	0	true
sp|Q86T03|PP4P1_HUMAN	3	0	1.7491251827278704	0	true
sp|Q86TB9|PATL1_HUMAN	4	0	2.1066861420671317	0	true
sp|Q86TC9|MYPN_HUMAN	7	0	7.731488078419417	0	true
sp|Q86TI2|DPP9_HUMAN	1	0	2.854008525279688	0	true
sp|Q86TM6|SYVN1_HUMAN	1	0	1.4192911844192913	0	true
sp|Q86TP1|PRUN1_HUMAN	1	0	0.9508484724604954	0	true
sp|Q86TU7|SETD3_HUMAN	6	0	3.711105254083392	0	true
sp|Q86U38|NOP9_HUMAN	7	0	3.0137757478146376	0	true
sp|Q86U42|PABP2_HUMAN	2	0	6.049656214866142	0	true
sp|Q86U44|MTA70_HUMAN	6	0	4.618197439886804	0	true
sp|Q86U86|PB1_HUMAN	9	0	2.8771419670622342	0	true
sp|Q86U90|YRDC_HUMAN	2	0	3.7806583188917324	0	true
sp|Q86UE4|LYRIC_HUMAN	12	0	7.1552843731191915	0	true
sp|Q86UK7|ZN598_HUMAN	7	0	6.81785520849031	0	true
sp|Q86UL3|GPAT4_HUMAN	1	0	1.9316370516917913	0	true
sp|Q86UP2|KTN1_HUMAN	39	0	10.652295281269458	0	true
sp|Q86UX7|URP2_HUMAN	1	0	1.1658318703297863	0	true
sp|Q86UY6|NAA40_HUMAN	4	0	5.82951165408461	0	true
sp|Q86V21|AACS_HUMAN	3	0	2.733262122449694	0	true
sp|Q86V48|LUZP1_HUMAN	14	0	4.553920488922693	0	true
sp|Q86V81|THOC4_HUMAN	7	0	8.236317078414995	0	true
sp|Q86VI3|IQGA3_HUMAN	2	3	4.700727221444522	0	true
sp|Q86VM9|ZCH18_HUMAN	6	0	4.632126972437629	0	true
sp|Q86VN1|VPS36_HUMAN	3	0	2.183976338220727	0	true
sp|Q86VP6|CAND1_HUMAN	27	0	8.59107451622534	0	true
sp|Q86VR2|RETR3_HUMAN	1	0	4.6788773704177515	0	true
sp|Q86VS8|HOOK3_HUMAN	3	0	5.815718866285714	0	true
sp|Q86VU5|CMTD1_HUMAN	1	0	1.5937477319713975	0	true
sp|Q86W42|THOC6_HUMAN	6	0	2.8859626120879307	0	true
sp|Q86W50|MET16_HUMAN	1	0	0.8558927679342989	0	true
sp|Q86W56|PARG_HUMAN	3	0	0.9758360622300009	0	true
sp|Q86WB0|ZC3C1_HUMAN	5	0	6.184023561077858	0	true
sp|Q86WQ0|NR2CA_HUMAN	2	0	4.02205006343578	0	true
sp|Q86WR0|CCD25_HUMAN	4	0	2.627225674242934	0	true
sp|Q86WV6|STING_HUMAN	1	0	0.7020008236905737	0	true
sp|Q86WX3|AROS_HUMAN	1	0	2.5859650276276036	0	true
sp|Q86X29|LSR_HUMAN	4	0	3.3531594159919016	0	true
sp|Q86X53|ERIC1_HUMAN	1	0	4.908938323743674	0	true
sp|Q86X55|CARM1_HUMAN	4	0	4.012210787403697	0	true
sp|Q86X76|NIT1_HUMAN	3	0	6.786064736240401	0	true
sp|Q86XA9|HTR5A_HUMAN	1	0	1.4510770624651383	0	true
sp|Q86XI2|CNDG2_HUMAN	2	0	1.4369108441866225	0	true
sp|Q86XN7|PRSR1_HUMAN	1	0	0.8712172514162212	0	true
sp|Q86XP3|DDX42_HUMAN	8	0	6.724660034881791	0	true
sp|Q86XZ4|SPAS2_HUMAN	5	0	5.016209425415148	0	true
sp|Q86Y07|VRK2_HUMAN	1	0	1.3984614461300262	0	true
sp|Q86Y39|NDUAB_HUMAN	1	0	1.0249534810357834	0	true
sp|Q86Y56|DAAF5_HUMAN	9	0	4.281606577358645	0	true
sp|Q86Y79|PTH_HUMAN	1	0	3.2090183698531707	0	true
sp|Q86YP4|P66A_HUMAN	6	1	3.1529595324976953	0	true
sp|Q86YQ8|CPNE8_HUMAN	3	1	4.3041617446108775	0	true
sp|Q86YT6|MIB1_HUMAN	1	0	1.4282985486547586	0	true
sp|Q86YV9|HPS6_HUMAN	1	0	2.283271054760902	0	true
sp|Q8IU81|I2BP1_HUMAN	7	0	1.340174550057735	0	true
sp|Q8IUD2_p_target|RB6I2_HUMAN_p_target	2	0	1.6968867243362653	0	true
sp|Q8IUD2|RB6I2_HUMAN	5	0	5.669418121345732	0	true
sp|Q8IUE6|H2A2B_HUMAN	1	2	4.482873362708514	0	true
sp|Q8IUI8|CRLF3_HUMAN	2	0	1.0787552842952013	0	true
sp|Q8IUR7|ARMC8_HUMAN	3	0	1.432885721727658	0	true
sp|Q8IV08|PLD3_HUMAN	1	0	3.128587404490982	0	true
sp|Q8IV38|ANKY2_HUMAN	1	0	0.7991599342775126	0	true
sp|Q8IV48|ERI1_HUMAN	1	0	1.1454553205093505	0	true
sp|Q8IVD9|NUDC3_HUMAN	4	0	2.2224106770124785	0	true
sp|Q8IVF2|AHNK2_HUMAN	6	0	4.010964110517462	0	true
sp|Q8IVM0|CCD50_HUMAN	2	0	4.020117017291801	0	true
sp|Q8IVT2|MISP_HUMAN	18	0	7.394236662545622	0	true
sp|Q8IW35|CEP97_HUMAN	1	0	0.7765084824711335	0	true
sp|Q8IW52|SLIK4_HUMAN	1	0	0.7283420237861639	0	true
sp|Q8IWA0|WDR75_HUMAN	5	0	4.378452822929555	0	true
sp|Q8IWA4|MFN1_HUMAN	4	0	1.4262063661496773	0	true
sp|Q8IWC1|MA7D3_HUMAN	1	0	2.4774294406568695	0	true
sp|Q8IWE2|NXP20_HUMAN	2	0	1.7493866457187432	0	true
sp|Q8IWJ2|GCC2_HUMAN	2	0	1.1145701498198832	0	true
sp|Q8IWR0|Z3H7A_HUMAN	5	0	2.819634120429471	0	true
sp|Q8IWS0|PHF6_HUMAN	9	0	7.786487670968958	0	true
sp|Q8IWT0|ARCH_HUMAN	1	0	1.2453640424386345	0	true
sp|Q8IWT6|LRC8A_HUMAN	5	0	4.504547568255733	0	true
sp|Q8IWV7|UBR1_HUMAN	2	0	1.6404065701402457	0	true
sp|Q8IWX8|CHERP_HUMAN	5	0	3.7958590601486297	0	true
sp|Q8IWZ3|ANKH1_HUMAN	6	2	3.4562108622783914	0	true
sp|Q8IX01|SUGP2_HUMAN	3	0	5.28442186045629	0	true
sp|Q8IX12|CCAR1_HUMAN	13	0	6.661328077683225	0	true
sp|Q8IXB1|DJC10_HUMAN	2	0	2.0266462403676213	0	true
sp|Q8IXH7|NELFD_HUMAN	7	0	3.06303751327184	0	true
sp|Q8IXK0|PHC2_HUMAN	1	1	2.2500843211530186	0	true
sp|Q8IXM2|BAP18_HUMAN	3	0	3.682307052546744	0	true
sp|Q8IXQ3|CI040_HUMAN	2	0	1.5535258904136386	0	true
sp|Q8IXQ4|GPAM1_HUMAN	2	0	1.980423151813197	0	true
sp|Q8IXT5|RB12B_HUMAN	6	0	2.0807083929177934	0	true
sp|Q8IY17|PLPL6_HUMAN	1	0	0.8646355439005853	0	true
sp|Q8IY37|DHX37_HUMAN	7	0	3.1331509164161644	0	true
sp|Q8IY57|YAF2_HUMAN	1	0	3.406604274238269	0	true
sp|Q8IY67|RAVR1_HUMAN	8	0	6.047518403877458	0	true
sp|Q8IY81|SPB1_HUMAN	9	0	7.289710907067795	0	true
sp|Q8IY95|TM192_HUMAN	2	0	1.9391238253539371	0	true
sp|Q8IYB3|SRRM1_HUMAN	9	0	6.085674442531657	0	true
sp|Q8IYB5|SMAP1_HUMAN	1	0	2.2260087513505757	0	true
sp|Q8IYB7|DI3L2_HUMAN	1	0	1.1647127381171423	0	true
sp|Q8IYB8|SUV3_HUMAN	6	0	5.986814990885442	0	true
sp|Q8IYD1|ERF3B_HUMAN	2	9	7.777758080481579	0	true
sp|Q8IYI6|EXOC8_HUMAN	5	0	2.781219660897512	0	true
sp|Q8IYL3|CA174_HUMAN	1	0	3.016672066123999	0	true
sp|Q8IYQ7|THNS1_HUMAN	1	0	1.2105740848304025	0	true
sp|Q8IYS0|ASTRC_HUMAN	1	0	1.7927634403775201	0	true
sp|Q8IYS1|P20D2_HUMAN	3	0	5.131315963440439	0	true
sp|Q8IZ21|PHAR4_HUMAN	1	0	2.422989259281497	0	true
sp|Q8IZ69|TRM2A_HUMAN	1	0	2.3622678969083557	0	true
sp|Q8IZ73|RUSD2_HUMAN	5	0	3.4781881930539438	0	true
sp|Q8IZ81|ELMD2_HUMAN	1	0	3.2823302947644115	0	true
sp|Q8IZ83|A16A1_HUMAN	6	0	5.525972013416957	0	true
sp|Q8IZH2|XRN1_HUMAN	3	0	1.9670772843163347	0	true
sp|Q8IZL8|PELP1_HUMAN	12	0	5.82703549597577	0	true
sp|Q8IZP0|ABI1_HUMAN	2	0	1.3331435568766565	0	true
sp|Q8IZQ5|SELH_HUMAN	4	0	2.513713740060502	0	true
sp|Q8N0U8|VKORL_HUMAN	1	0	1.2886756661087015	0	true
sp|Q8N0X7|SPART_HUMAN	1	0	1.5841054262562029	0	true
sp|Q8N0Z6|TTC5_HUMAN	1	0	1.7585811662752802	0	true
sp|Q8N122|RPTOR_HUMAN	6	0	4.13937291078571	0	true
sp|Q8N129|CNPY4_HUMAN	1	0	1.3502466722665116	0	true
sp|Q8N142|PURA1_HUMAN	1	0	1.1814559050937972	0	true
sp|Q8N163|CCAR2_HUMAN	20	0	9.126673724432747	0	true
sp|Q8N183|NDUF2_HUMAN	3	0	2.8227632059635397	0	true
sp|Q8N196|SIX5_HUMAN	1	1	3.376575661828452	0	true
sp|Q8N1B4|VPS52_HUMAN	1	0	1.0214342367177187	0	true
sp|Q8N1F7|NUP93_HUMAN	23	0	6.966591104894313	0	true
sp|Q8N1G2|CMTR1_HUMAN	7	0	2.848631179713759	0	true
sp|Q8N1G4|LRC47_HUMAN	14	0	8.280757681647902	0	true
sp|Q8N201|INT1_HUMAN	4	0	1.5876921325418478	0	true
sp|Q8N2G8|GHDC_HUMAN	4	0	2.001609927302486	0	true
sp|Q8N2K0|ABD12_HUMAN	1	0	2.5922316351496963	0	true
sp|Q8N2U0|TM256_HUMAN	1	0	2.2727065355029943	0	true
sp|Q8N335|GPD1L_HUMAN	4	0	4.15111333552031	0	true
sp|Q8N357|S35F6_HUMAN	1	0	7.378983848214797	0	true
sp|Q8N392|RHG18_HUMAN	2	0	3.1267039065749174	0	true
sp|Q8N3C0|ASCC3_HUMAN	4	0	0.6582604972033733	0	true
sp|Q8N3D4|EH1L1_HUMAN	7	0	4.586469818033132	0	true
sp|Q8N3E9|PLCD3_HUMAN	4	0	2.256748378134453	0	true
sp|Q8N3R9|PALS1_HUMAN	1	0	1.3135678433753248	0	true
sp|Q8N3U4|STAG2_HUMAN	14	0	4.4757158962021215	0	true
sp|Q8N3X1|FNBP4_HUMAN	6	0	2.891427987068744	0	true
sp|Q8N490|PNKD_HUMAN	2	0	5.22528182289319	0	true
sp|Q8N4C8|MINK1_HUMAN	1	1	4.220936342565729	0	true
sp|Q8N4P3|MESH1_HUMAN	2	0	2.886622484082679	0	true
sp|Q8N4Q0|PTGR3_HUMAN	3	0	4.2693088492871185	0	true
sp|Q8N4Q1|MIA40_HUMAN	4	0	1.8013247858763861	0	true
sp|Q8N4T8|CBR4_HUMAN	1	0	2.2423574927701595	0	true
sp|Q8N543|OGFD1_HUMAN	3	0	3.3589334821625387	0	true
sp|Q8N5A5|ZGPAT_HUMAN	4	0	3.9690472251968	0	true
sp|Q8N5B7|CERS5_HUMAN	1	0	3.023747067961592	0	true
sp|Q8N5C7|DTWD1_HUMAN	1	0	1.6153942375958172	0	true
sp|Q8N5D0|WDTC1_HUMAN	1	0	1.9217703473066268	0	true
sp|Q8N5F7|NKAP_HUMAN	1	0	1.9572884873312342	0	true
sp|Q8N5I4|DHRSX_HUMAN	1	0	1.9882734710118868	0	true
sp|Q8N5K1|CISD2_HUMAN	4	0	6.931948571729496	0	true
sp|Q8N5L8|RP25L_HUMAN	1	0	1.4866639650531828	0	true
sp|Q8N5M1|ATPF2_HUMAN	1	0	1.7046260384390899	0	true
sp|Q8N5M4|TTC9C_HUMAN	1	0	1.6696414242981783	0	true
sp|Q8N5M9|JAGN1_HUMAN	2	0	6.955013461062566	0	true
sp|Q8N5N7|RM50_HUMAN	4	0	5.1108525417343555	0	true
sp|Q8N684|CPSF7_HUMAN	9	0	5.792906736885795	0	true
sp|Q8N6H7|ARFG2_HUMAN	4	0	3.959366479728293	0	true
sp|Q8N6L1|KTAP2_HUMAN	1	0	2.595005573555257	0	true
sp|Q8N6M0|OTU6B_HUMAN	3	0	7.27722549069348	0	true
sp|Q8N6N3|CA052_HUMAN	1	0	3.005134624963891	0	true
sp|Q8N6R0|EFNMT_HUMAN	5	0	4.780355941832597	0	true
sp|Q8N6T3|ARFG1_HUMAN	2	0	7.540783956406182	0	true
sp|Q8N766|EMC1_HUMAN	7	0	4.718182519930849	0	true
sp|Q8N7H5|PAF1_HUMAN	7	0	6.201525339456578	0	true
sp|Q8N806|UBR7_HUMAN	5	0	2.4247942153614375	0	true
sp|Q8N884|CGAS_HUMAN	4	0	3.2316137982386457	0	true
sp|Q8N8A6|DDX51_HUMAN	7	0	7.633690268889412	0	true
sp|Q8N8S7|ENAH_HUMAN	6	0	4.064579139509486	0	true
sp|Q8N954|GPT11_HUMAN	2	0	3.8518321745446964	0	true
sp|Q8N983|RM43_HUMAN	4	0	1.3641277598188635	0	true
sp|Q8N9B5|JMY_HUMAN	1	0	4.355272475279376	0	true
sp|Q8N9N2|ASCC1_HUMAN	1	0	1.3289759070340383	0	true
sp|Q8N9N7|LRC57_HUMAN	2	0	2.820431724038949	0	true
sp|Q8N9N8|EIF1A_HUMAN	1	0	4.463986892126881	0	true
sp|Q8N9Q2|SR1IP_HUMAN	1	0	1.366439934284899	0	true
sp|Q8N9T8|KRI1_HUMAN	10	0	6.322304611825334	0	true
sp|Q8NAF0|ZN579_HUMAN	2	0	3.0578276159640376	0	true
sp|Q8NAV1|PR38A_HUMAN	4	0	1.9098074571894483	0	true
sp|Q8NB16_p_target|MLKL_HUMAN_p_target	2	0	0.5033959641697511	0	true
sp|Q8NB16|MLKL_HUMAN	6	0	3.9215894992777107	0	true
sp|Q8NB90|AFG2A_HUMAN	5	1	4.1572344860157004	0	true
sp|Q8NBA8|DTWD2_HUMAN	1	0	1.9573706040341472	0	true
sp|Q8NBF2|NHLC2_HUMAN	5	0	2.825867491916962	0	true
sp|Q8NBJ4|GOLM1_HUMAN	2	0	3.3125629816871474	0	true
sp|Q8NBJ5|GT251_HUMAN	17	0	6.698423318101663	0	true
sp|Q8NBJ7|SUMF2_HUMAN	9	0	6.056238745980163	0	true
sp|Q8NBK3|SUMF1_HUMAN	2	0	5.742668779708929	0	true
sp|Q8NBL1|PGLT1_HUMAN	4	0	2.7215634015308927	0	true
sp|Q8NBN3|TM87A_HUMAN	3	0	5.663931634966509	0	true
sp|Q8NBN7|RDH13_HUMAN	7	0	5.25051763387539	0	true
sp|Q8NBQ5|DHB11_HUMAN	6	0	6.154479690553123	0	true
sp|Q8NBS9|TXND5_HUMAN	12	0	9.83805922480756	0	true
sp|Q8NBU5|ATAD1_HUMAN	7	0	3.7642493411464506	0	true
sp|Q8NC51|SERB1_HUMAN	16	0	10.53680445993315	0	true
sp|Q8NC56|LEMD2_HUMAN	5	0	2.476336905361802	0	true
sp|Q8NCA5|FA98A_HUMAN	5	1	7.126991869868734	0	true
sp|Q8NCF5|NF2IP_HUMAN	1	0	4.942702744571543	0	true
sp|Q8NCG7|DGLB_HUMAN	1	0	2.4611615852828916	0	true
sp|Q8NCN4|RN169_HUMAN	1	0	1.101746200064014	0	true
sp|Q8NCN5|PDPR_HUMAN	4	0	4.637006571492355	0	true
sp|Q8NCW5|NNRE_HUMAN	6	0	6.812741917369557	0	true
sp|Q8ND04|SMG8_HUMAN	1	0	1.5445948448930138	0	true
sp|Q8ND24|RN214_HUMAN	2	0	1.6927488027010715	0	true
sp|Q8ND56|LS14A_HUMAN	4	0	2.2351914836963207	0	true
sp|Q8NDF8|PAPD5_HUMAN	1	0	5.1593923000081	0	true
sp|Q8NDH3|PEPL1_HUMAN	3	0	4.932508871047426	0	true
sp|Q8NDI1|EHBP1_HUMAN	1	0	3.327685842282958	0	true
sp|Q8NDX5|PHC3_HUMAN	1	1	2.2500843211530186	0	true
sp|Q8NDZ4|DIK2A_HUMAN	2	0	1.4296771803142982	0	true
sp|Q8NE01|CNNM3_HUMAN	3	0	0.43188611024403767	0	true
sp|Q8NE71|ABCF1_HUMAN	20	1	8.591849619273146	0	true
sp|Q8NE86|MCU_HUMAN	5	0	1.5894853011561603	0	true
sp|Q8NEB9|PK3C3_HUMAN	2	0	2.151547147188648	0	true
sp|Q8NEJ9|NGDN_HUMAN	5	0	5.716403443548977	0	true
sp|Q8NEU8|DP13B_HUMAN	2	0	0.6946090370219478	0	true
sp|Q8NEW0|ZNT7_HUMAN	1	0	2.280080300921082	0	true
sp|Q8NEZ4_p_target|KMT2C_HUMAN_p_target	1	0	1.394562407757564	0	true
sp|Q8NEZ5|FBX22_HUMAN	6	0	6.479198695374724	0	true
sp|Q8NF37|PCAT1_HUMAN	6	0	8.465752798047436	0	true
sp|Q8NFC6|BD1L1_HUMAN	7	0	5.832948399285129	0	true
sp|Q8NFD5|ARI1B_HUMAN	2	0	3.5669895312385376	0	true
sp|Q8NFF5|FAD1_HUMAN	2	0	2.3802711842051165	0	true
sp|Q8NFH3|NUP43_HUMAN	6	0	5.303036941877177	0	true
sp|Q8NFH4|NUP37_HUMAN	5	0	5.29538490195294	0	true
sp|Q8NFH5|NUP35_HUMAN	6	0	6.4673728214712085	0	true
sp|Q8NFH8|REPS2_HUMAN	1	0	2.170517368937803	0	true
sp|Q8NFJ5|RAI3_HUMAN	3	0	8.513350326113187	0	true
sp|Q8NFQ8|TOIP2_HUMAN	4	1	7.262346225561644	0	true
sp|Q8NFV4|ABHDB_HUMAN	1	0	5.533702872219536	0	true
sp|Q8NFW8|NEUA_HUMAN	5	0	3.798526693873514	0	true
sp|Q8NHM5|KDM2B_HUMAN	1	0	1.7749344813560484	0	true
sp|Q8NHP8|PLBL2_HUMAN	4	0	4.905680557843556	0	true
sp|Q8NHV4|NEDD1_HUMAN	1	0	5.28741076672401	0	true
sp|Q8NHZ8|CDC26_HUMAN	1	0	0.9070423247335675	0	true
sp|Q8NI08|NCOA7_HUMAN	1	0	2.731487816519661	0	true
sp|Q8NI27|THOC2_HUMAN	13	0	6.166930870140608	0	true
sp|Q8NI36|WDR36_HUMAN	8	0	5.533861972229839	0	true
sp|Q8NI37|PPTC7_HUMAN	2	0	0.7170053920101153	0	true
sp|Q8NI60|COQ8A_HUMAN	3	0	0.7559144925565029	0	true
sp|Q8TA86|RP9_HUMAN	1	0	1.0228568378635219	0	true
sp|Q8TAD8|SNIP1_HUMAN	2	0	4.086240919376771	0	true
sp|Q8TAE8|G45IP_HUMAN	6	0	5.531275085785408	0	true
sp|Q8TAF3|WDR48_HUMAN	2	0	5.091758199552994	0	true
sp|Q8TAQ2|SMRC2_HUMAN	7	7	5.4823375067239555	0	true
sp|Q8TAT6|NPL4_HUMAN	8	0	4.768318089018942	0	true
sp|Q8TB36|GDAP1_HUMAN	1	0	1.0715228281074252	0	true
sp|Q8TB52|FBX30_HUMAN	1	0	0.8179551544897933	0	true
sp|Q8TB61|S35B2_HUMAN	2	0	3.7535251293464618	0	true
sp|Q8TB72|PUM2_HUMAN	1	2	3.629774759158378	0	true
sp|Q8TBB5|KLDC4_HUMAN	5	0	3.543117805651997	0	true
sp|Q8TBC4|UBA3_HUMAN	6	0	8.084603113047875	0	true
sp|Q8TBX8|PI42C_HUMAN	3	0	3.9840034047379613	0	true
sp|Q8TC07|TBC15_HUMAN	10	0	6.571295808929569	0	true
sp|Q8TC12|RDH11_HUMAN	6	0	7.695621216833045	0	true
sp|Q8TCC3|RM30_HUMAN	1	0	3.1107109944186386	0	true
sp|Q8TCD5|NT5C_HUMAN	2	0	3.883635994490676	0	true
sp|Q8TCJ2|STT3B_HUMAN	5	0	3.786429094340762	0	true
sp|Q8TCS8|PNPT1_HUMAN	18	0	8.348475403038453	0	true
sp|Q8TCT9|HM13_HUMAN	5	0	8.005415337479127	0	true
sp|Q8TCZ2|C99L2_HUMAN	1	0	0.9265930422659706	0	true
sp|Q8TD19|NEK9_HUMAN	7	0	2.932160719901239	0	true
sp|Q8TD30|ALAT2_HUMAN	1	0	0.6426374623019795	0	true
sp|Q8TDD1|DDX54_HUMAN	10	0	7.185962739711956	0	true
sp|Q8TDN6|BRX1_HUMAN	13	0	7.215958548593316	0	true
sp|Q8TDQ7|GNPI2_HUMAN	2	2	4.726958520276334	0	true
sp|Q8TDX7|NEK7_HUMAN	5	0	3.14823491893026	0	true
sp|Q8TE77|SSH3_HUMAN	1	0	1.0297638534326234	0	true
sp|Q8TEA8|DTD1_HUMAN	2	0	7.13612348048569	0	true
sp|Q8TED0|UTP15_HUMAN	9	0	3.6658935144650537	0	true
sp|Q8TED1|GPX8_HUMAN	2	0	1.4893999123800248	0	true
sp|Q8TEM1|PO210_HUMAN	22	0	6.472922131719312	0	true
sp|Q8TEQ6|GEMI5_HUMAN	15	0	6.853247778544481	0	true
sp|Q8TEX9|IPO4_HUMAN	11	0	4.596588929086278	0	true
sp|Q8TF05|PP4R1_HUMAN	3	0	2.571351071438981	0	true
sp|Q8TF74|WIPF2_HUMAN	1	0	1.2993204497720732	0	true
sp|Q8WTS6|SETD7_HUMAN	3	0	2.417156182128213	0	true
sp|Q8WTT2|NOC3L_HUMAN	5	0	3.892453636165021	0	true
sp|Q8WTV0|SCRB1_HUMAN	3	0	3.9262666014824097	0	true
sp|Q8WTW3|COG1_HUMAN	2	0	1.177826425841867	0	true
sp|Q8WU90|ZC3HF_HUMAN	4	0	4.451656674499544	0	true
sp|Q8WUA4|TF3C2_HUMAN	4	0	4.940326904060733	0	true
sp|Q8WUB8|PHF10_HUMAN	2	0	1.64660204594553	0	true
sp|Q8WUD4|CCD12_HUMAN	2	0	1.1985953295306673	0	true
sp|Q8WUF8|ARB2A_HUMAN	1	0	1.487858791503685	0	true
sp|Q8WUH6|TM263_HUMAN	2	0	3.573764112665239	0	true
sp|Q8WUM0|NU133_HUMAN	17	0	7.447150815363544	0	true
sp|Q8WUM4|PDC6I_HUMAN	24	0	8.690299524350028	0	true
sp|Q8WUQ7|CATIN_HUMAN	1	0	3.221315128857689	0	true
sp|Q8WUR7|CO040_HUMAN	1	0	4.006279075861009	0	true
sp|Q8WUX1|S38A5_HUMAN	4	0	3.5060427455844603	0	true
sp|Q8WUX2|CHAC2_HUMAN	2	0	0.9876547252791172	0	true
sp|Q8WUY1|THEM6_HUMAN	4	0	3.2997262521219373	0	true
sp|Q8WV24|PHLA1_HUMAN	1	0	1.1709384158568765	0	true
sp|Q8WVB6|CTF18_HUMAN	3	0	3.980546938531394	0	true
sp|Q8WVC0|LEO1_HUMAN	4	0	6.625669327254135	0	true
sp|Q8WVJ2|NUDC2_HUMAN	1	0	6.158485516278706	0	true
sp|Q8WVK2|SNR27_HUMAN	1	0	1.8426877811622655	0	true
sp|Q8WVM0|TFB1M_HUMAN	2	0	1.3613142723327714	0	true
sp|Q8WVM8|SCFD1_HUMAN	10	0	7.144422177537784	0	true
sp|Q8WVV9|HNRLL_HUMAN	5	1	6.252050933324098	0	true
sp|Q8WVX9|FACR1_HUMAN	3	0	4.034007666265073	0	true
sp|Q8WVY7|UBCP1_HUMAN	1	0	1.9112122798630153	0	true
sp|Q8WW01|SEN15_HUMAN	2	0	4.368380104812533	0	true
sp|Q8WW12|PCNP_HUMAN	9	0	7.5222954090546965	0	true
sp|Q8WW22|DNJA4_HUMAN	1	0	1.8413744399663858	0	true
sp|Q8WW59|SPRY4_HUMAN	5	0	3.141443853751897	0	true
sp|Q8WWC4|MAIP1_HUMAN	4	0	3.2285385041998094	0	true
sp|Q8WWI1|LMO7_HUMAN	30	0	7.735276678406429	0	true
sp|Q8WWI5|CTL1_HUMAN	1	0	7.217987539578758	0	true
sp|Q8WWK9|CKAP2_HUMAN	1	0	4.499638232378186	0	true
sp|Q8WWM7|ATX2L_HUMAN	10	0	8.24153838868315	0	true
sp|Q8WWQ0|PHIP_HUMAN	8	0	3.825496733594989	0	true
sp|Q8WWV3|RT4I1_HUMAN	2	0	1.0161729411909768	0	true
sp|Q8WWY3|PRP31_HUMAN	8	0	5.429672586173465	0	true
sp|Q8WX92|NELFB_HUMAN	8	0	5.274787164452951	0	true
sp|Q8WX93|PALLD_HUMAN	11	0	3.7679748414538827	0	true
sp|Q8WXA9|SREK1_HUMAN	3	0	4.858679180620152	0	true
sp|Q8WXF1|PSPC1_HUMAN	3	1	5.168597355655691	0	true
sp|Q8WXG6|MADD_HUMAN	6	0	3.192585359657029	0	true
sp|Q8WXH0|SYNE2_HUMAN	11	0	4.316387818547104	0	true
sp|Q8WXI9|P66B_HUMAN	4	1	3.1529595324976953	0	true
sp|Q8WXX5|DNJC9_HUMAN	6	0	5.53058138332152	0	true
sp|Q8WY22|BRI3B_HUMAN	3	0	7.501249322928723	0	true
sp|Q8WYA6|CTBL1_HUMAN	7	0	3.5959563490136395	0	true
sp|Q8WYP5|ELYS_HUMAN	20	0	5.482631687738357	0	true
sp|Q8WZ82|OVCA2_HUMAN	1	0	1.3850719661394713	0	true
sp|Q8WZA0|LZIC_HUMAN	2	0	5.228511352315853	0	true
sp|Q92466|DDB2_HUMAN	5	0	4.973806161566998	0	true
sp|Q92485|ASM3B_HUMAN	1	0	1.761174495420886	0	true
sp|Q92499|DDX1_HUMAN	25	0	7.923167016122581	0	true
sp|Q92504|S39A7_HUMAN	1	0	5.276116333502474	0	true
sp|Q92506|DHB8_HUMAN	3	0	3.635470492208337	0	true
sp|Q92520|FAM3C_HUMAN	3	0	3.5901902606611507	0	true
sp|Q92522|H1X_HUMAN	8	0	8.031622421375168	0	true
sp|Q92538|GBF1_HUMAN	7	0	4.75765668172587	0	true
sp|Q92541|RTF1_HUMAN	7	0	3.75084613197832	0	true
sp|Q92542|NICA_HUMAN	3	0	5.406015615968153	0	true
sp|Q92544|TM9S4_HUMAN	5	0	7.319298204717373	0	true
sp|Q92547|TOPB1_HUMAN	1	0	1.7306156360459035	0	true
sp|Q92552|RT27_HUMAN	10	0	4.921828628904987	0	true
sp|Q92572|AP3S1_HUMAN	1	0	1.614202487728179	0	true
sp|Q92574|TSC1_HUMAN	1	0	1.0025597221120746	0	true
sp|Q92575|UBXN4_HUMAN	2	0	1.3220172435101736	0	true
sp|Q92597|NDRG1_HUMAN	6	0	7.08808386497989	0	true
sp|Q92598|HS105_HUMAN	22	3	8.180044218683033	0	true
sp|Q92599|SEPT8_HUMAN	5	3	3.1301481859340785	0	true
sp|Q92600|CNOT9_HUMAN	4	0	2.2221712181354825	0	true
sp|Q92613|JADE3_HUMAN	2	0	2.985587833371603	0	true
sp|Q92614|MY18A_HUMAN	7	0	3.5558148795420337	0	true
sp|Q92615|LAR4B_HUMAN	3	0	4.645524605308419	0	true
sp|Q92616|GCN1_HUMAN	66	0	7.025955705571437	0	true
sp|Q92620|PRP16_HUMAN	9	0	5.260045570268708	0	true
sp|Q92621|NU205_HUMAN	30	0	4.915722197687195	0	true
sp|Q92643|GPI8_HUMAN	2	0	3.0242414547007717	0	true
sp|Q92665|RT31_HUMAN	4	0	2.9041884438539727	0	true
sp|Q92667|AKAP1_HUMAN	4	0	2.069275619976733	0	true
sp|Q92685|ALG3_HUMAN	2	0	2.257385795698708	0	true
sp|Q92688|AN32B_HUMAN	6	2	8.294642421349439	0	true
sp|Q92696|PGTA_HUMAN	4	0	3.795557924949888	0	true
sp|Q92733|PRCC_HUMAN	3	0	3.952489202447988	0	true
sp|Q92734|TFG_HUMAN	6	0	6.974889355824501	0	true
sp|Q92743|HTRA1_HUMAN	3	0	5.057643940903508	0	true
sp|Q92747|ARC1A_HUMAN	5	1	4.239715245305966	0	true
sp|Q92766|RREB1_HUMAN	1	0	0.6564989330067981	0	true
sp|Q92769|HDAC2_HUMAN	7	1	7.14042109097076	0	true
sp|Q92783|STAM1_HUMAN	1	0	2.9213306546996463	0	true
sp|Q92784_p_target|DPF3_HUMAN_p_target	1	0	0.8160936777838306	0	true
sp|Q92785|REQU_HUMAN	2	0	3.404210600701188	0	true
sp|Q92793|CBP_HUMAN	1	3	4.770485954568731	0	true
sp|Q92796|DLG3_HUMAN	1	2	3.0233215923857624	0	true
sp|Q92797|SYMPK_HUMAN	4	0	2.228272819440019	0	true
sp|Q92804|RBP56_HUMAN	9	2	6.659005478033575	0	true
sp|Q92805|GOGA1_HUMAN	4	0	1.2972101435059267	0	true
sp|Q92817|EVPL_HUMAN	2	0	2.6784436362033817	0	true
sp|Q92820|GGH_HUMAN	4	0	5.166493413666899	0	true
sp|Q92841|DDX17_HUMAN	19	8	9.876215513552308	0	true
sp|Q92845|KIFA3_HUMAN	1	0	0.7025997568383366	0	true
sp|Q92859|NEO1_HUMAN	2	0	0.6232535505050647	0	true
sp|Q92878|RAD50_HUMAN	29	0	6.8383792179103295	0	true
sp|Q92879|CELF1_HUMAN	8	0	5.804658975245589	0	true
sp|Q92882|OSTF1_HUMAN	2	0	5.110697524933772	0	true
sp|Q92887|MRP2_HUMAN	1	0	2.933394186642466	0	true
sp|Q92888|ARHG1_HUMAN	9	0	3.053687136405115	0	true
sp|Q92890|UFD1_HUMAN	8	0	5.071714069286967	0	true
sp|Q92896|GSLG1_HUMAN	6	0	1.9028603050184982	0	true
sp|Q92900|RENT1_HUMAN	26	0	5.417276029197783	0	true
sp|Q92905|CSN5_HUMAN	6	0	5.323668609028915	0	true
sp|Q92917|GPKOW_HUMAN	8	0	8.00803826359194	0	true
sp|Q92922|SMRC1_HUMAN	8	7	5.4823375067239555	0	true
sp|Q92925_p_target|SMRD2_HUMAN_p_target	1	0	1.0351019750419903	0	true
sp|Q92925|SMRD2_HUMAN	4	0	7.803462282889727	0	true
sp|Q92945|FUBP2_HUMAN	18	1	8.531113975713478	0	true
sp|Q92947|GCDH_HUMAN	6	0	3.5056845417827778	0	true
sp|Q92973|TNPO1_HUMAN	14	4	7.57130009067314	0	true
sp|Q92974|ARHG2_HUMAN	12	0	5.484732961365572	0	true
sp|Q92979|NEP1_HUMAN	5	0	4.1009290109767615	0	true
sp|Q92990|GLMN_HUMAN	4	0	3.1010403545142107	0	true
sp|Q92995|UBP13_HUMAN	3	0	2.727438066437903	0	true
sp|Q93008|USP9X_HUMAN	18	0	5.010130103045632	0	true
sp|Q93009|UBP7_HUMAN	22	0	6.866372377228707	0	true
sp|Q93034|CUL5_HUMAN	1	0	1.3308753164713716	0	true
sp|Q93045|STMN2_HUMAN	1	2	6.609191264027771	0	true
sp|Q93050|VPP1_HUMAN	5	0	1.9374358344488516	0	true
sp|Q93052|LPP_HUMAN	7	0	5.546544349248958	0	true
sp|Q93062|RBPMS_HUMAN	1	0	1.5244006991082064	0	true
sp|Q93096|TP4A1_HUMAN	7	0	6.943055309685704	0	true
sp|Q969E8|TSR2_HUMAN	1	0	1.7108173348060418	0	true
sp|Q969G3|SMCE1_HUMAN	5	1	3.954124215872491	0	true
sp|Q969H8|MYDGF_HUMAN	3	0	3.1923997679922422	0	true
sp|Q969J3|BORC5_HUMAN	1	0	0.768645695588075	0	true
sp|Q969M3|YIPF5_HUMAN	1	0	6.950187292997798	0	true
sp|Q969N2|PIGT_HUMAN	1	0	4.283093770274863	0	true
sp|Q969P0|IGSF8_HUMAN	1	0	1.3346244430120435	0	true
sp|Q969S3|ZN622_HUMAN	4	0	5.264985566457538	0	true
sp|Q969S9|RRF2M_HUMAN	3	0	3.243631327595206	0	true
sp|Q969U7|PSMG2_HUMAN	6	0	3.550669690618926	0	true
sp|Q969V3|NCLN_HUMAN	10	0	8.351109651237795	0	true
sp|Q969X5|ERGI1_HUMAN	4	0	2.2812022446785325	0	true
sp|Q969X6|UTP4_HUMAN	6	0	4.4420221354945095	0	true
sp|Q969Z0|FAKD4_HUMAN	5	0	4.976953088836604	0	true
sp|Q96A26|F162A_HUMAN	5	0	7.446192573965151	0	true
sp|Q96A33|CCD47_HUMAN	10	0	8.03846438702185	0	true
sp|Q96A35|RM24_HUMAN	4	0	1.6035534914522105	0	true
sp|Q96A49|SYAP1_HUMAN	4	0	5.064885304913981	0	true
sp|Q96A65|EXOC4_HUMAN	7	0	5.0631985756421365	0	true
sp|Q96AA3|RFT1_HUMAN	1	0	2.518432674634789	0	true
sp|Q96AB3|ISOC2_HUMAN	2	0	3.10587560204554	0	true
sp|Q96AC1|FERM2_HUMAN	10	1	5.647752623930339	0	true
sp|Q96AE4|FUBP1_HUMAN	20	1	8.413699468973503	0	true
sp|Q96AG4|LRC59_HUMAN	7	0	7.572618078474473	0	true
sp|Q96AJ9|VTI1A_HUMAN	1	0	2.992747361601894	0	true
sp|Q96AQ6|PBIP1_HUMAN	6	0	5.070349803992592	0	true
sp|Q96AT9|RPE_HUMAN	1	0	2.1388417575988594	0	true
sp|Q96AY3|FKB10_HUMAN	11	1	5.19446412697932	0	true
sp|Q96B01|R51A1_HUMAN	1	0	3.0964309803966836	0	true
sp|Q96B23|ARK2N_HUMAN	3	0	3.534343749658413	0	true
sp|Q96B26|EXOS8_HUMAN	6	0	4.847332071640914	0	true
sp|Q96B36|AKTS1_HUMAN	1	0	2.684000384899786	0	true
sp|Q96B97|SH3K1_HUMAN	8	0	6.063211020219791	0	true
sp|Q96BJ3|AIDA_HUMAN	1	0	3.7163064350859374	0	true
sp|Q96BN8|OTUL_HUMAN	6	0	4.507949125607756	0	true
sp|Q96BP3|PPWD1_HUMAN	6	0	3.4550133635210347	0	true
sp|Q96BQ5|CC127_HUMAN	1	0	1.5820243574734145	0	true
sp|Q96BR5|COA7_HUMAN	3	0	2.161378917534288	0	true
sp|Q96BW9|TAM41_HUMAN	2	0	3.653575743122259	0	true
sp|Q96C01|F136A_HUMAN	6	0	8.48886454567943	0	true
sp|Q96C19|EFHD2_HUMAN	6	0	4.9591130472713845	0	true
sp|Q96C23|GALM_HUMAN	1	0	6.030123013718297	0	true
sp|Q96C24|SYTL4_HUMAN	1	0	0.8352078828180378	0	true
sp|Q96C36|P5CR2_HUMAN	4	1	4.78473389373224	0	true
sp|Q96C57|CSTOS_HUMAN	5	0	2.314728696424387	0	true
sp|Q96C86|DCPS_HUMAN	4	0	7.368582522068665	0	true
sp|Q96CB8|INT12_HUMAN	1	0	1.1609504725266182	0	true
sp|Q96CM8|ACSF2_HUMAN	3	0	5.118183169473459	0	true
sp|Q96CN7|ISOC1_HUMAN	3	0	4.240294933709509	0	true
sp|Q96CP2|FWCH2_HUMAN	7	0	5.942275732130061	0	true
sp|Q96CS3|FAF2_HUMAN	8	0	5.503577454756484	0	true
sp|Q96CT7_p_target|CC124_HUMAN_p_target	1	0	0.9685532866313453	0	true
sp|Q96CT7|CC124_HUMAN	5	0	4.215860550073672	0	true
sp|Q96CV9|OPTN_HUMAN	2	0	2.3168759501433884	0	true
sp|Q96CW1|AP2M1_HUMAN	11	0	8.62867215912497	0	true
sp|Q96CW5|GCP3_HUMAN	1	0	2.0764910187951675	0	true
sp|Q96D46|NMD3_HUMAN	7	0	4.87354860726412	0	true
sp|Q96D53|COQ8B_HUMAN	3	0	3.899637428706615	0	true
sp|Q96DA6|TIM14_HUMAN	2	0	1.590934157635297	0	true
sp|Q96DB5|RMD1_HUMAN	2	0	2.09852370980964	0	true
sp|Q96DE0|NUD16_HUMAN;sp|Q9BRJ7|TIRR_HUMAN	1	0	1.8693065128721085	0	true
sp|Q96DG6|CMBL_HUMAN	5	0	8.332701823202777	0	true
sp|Q96DH6|MSI2H_HUMAN	5	0	4.493916331000836	0	true
sp|Q96DI7|SNR40_HUMAN	8	0	5.493101530315553	0	true
sp|Q96DV4|RM38_HUMAN	5	0	1.7769822729581295	0	true
sp|Q96DZ1|ERLEC_HUMAN	3	0	1.0122487205367667	0	true
sp|Q96E11|RRFM_HUMAN	6	0	7.469204034045887	0	true
sp|Q96E39|RMXL1_HUMAN	3	10	8.058388212175398	0	true
sp|Q96EE3|SEH1_HUMAN	7	0	5.618577383717764	0	true
sp|Q96EI5|TCAL4_HUMAN	2	0	3.156897261769552	0	true
sp|Q96EK5|KBP_HUMAN	2	0	0.7524834570476199	0	true
sp|Q96EK6|GNA1_HUMAN	4	0	8.191662538009341	0	true
sp|Q96EL3|RM53_HUMAN	3	0	6.929315212956344	0	true
sp|Q96EN8|MOCOS_HUMAN	11	0	6.089105675485273	0	true
sp|Q96EP5|DAZP1_HUMAN	3	0	7.145050791544782	0	true
sp|Q96ER3|SAAL1_HUMAN	2	0	6.226498660489317	0	true
sp|Q96ER9|MITOK_HUMAN	4	0	2.368963093053536	0	true
sp|Q96EV2|RBM33_HUMAN	1	0	2.9349394505151243	0	true
sp|Q96EX3|DC2I2_HUMAN	1	0	1.294284520455247	0	true
sp|Q96EY1|DNJA3_HUMAN	5	0	7.727351500752828	0	true
sp|Q96EY5|MB12A_HUMAN	2	0	2.123969168278813	0	true
sp|Q96EY7|PTCD3_HUMAN	13	0	5.108131977629195	0	true
sp|Q96EY8|MMAB_HUMAN	3	0	3.3299807020257	0	true
sp|Q96F63|CCD97_HUMAN	1	0	0.7660141161413244	0	true
sp|Q96F86|EDC3_HUMAN	6	0	6.6563785168028415	0	true
sp|Q96FF9|CDCA5_HUMAN	3	0	3.900872588958693	0	true
sp|Q96FJ2|DYL2_HUMAN	1	2	5.171273609793751	0	true
sp|Q96FQ6|S10AG_HUMAN	5	0	7.0018222936704	0	true
sp|Q96FS4_p_target|SIPA1_HUMAN_p_target	1	0	0.7427180458278902	0	true
sp|Q96FV9|THOC1_HUMAN	10	0	7.304371559656196	0	true
sp|Q96FW1|OTUB1_HUMAN	8	0	9.924389411340877	0	true
sp|Q96FX7|TRM61_HUMAN	1	0	2.611431746116889	0	true
sp|Q96FZ7|CHMP6_HUMAN	1	0	3.887665124146979	0	true
sp|Q96G03|PGM2_HUMAN	10	0	6.2688892465451875	0	true
sp|Q96G21|IMP4_HUMAN	2	0	3.0447190336067935	0	true
sp|Q96G23|CERS2_HUMAN	3	0	8.685961257629607	0	true
sp|Q96G46|DUS3L_HUMAN	5	0	2.0756385986885975	0	true
sp|Q96GA3|LTV1_HUMAN	3	0	1.6352334154792878	0	true
sp|Q96GA7|SDSL_HUMAN	3	0	2.4104975004757683	0	true
sp|Q96GC5|RM48_HUMAN	4	0	3.1932336736182534	0	true
sp|Q96GD0|PLPP_HUMAN	1	0	4.780371734568447	0	true
sp|Q96GD4|AURKB_HUMAN	1	0	1.200096013713635	0	true
sp|Q96GG9|DCNL1_HUMAN	4	0	5.660334905698645	0	true
sp|Q96GK7|FAH2A_HUMAN	3	0	5.172781803167585	0	true
sp|Q96GM5|SMRD1_HUMAN	4	0	1.5630051916740557	0	true
sp|Q96GM8|TOE1_HUMAN	6	0	6.606994895240612	0	true
sp|Q96GQ5|RUSF1_HUMAN	1	0	1.1051012328439103	0	true
sp|Q96GQ7|DDX27_HUMAN	16	0	6.090806186103711	0	true
sp|Q96GS4|BORC6_HUMAN	1	0	5.889284443567202	0	true
sp|Q96GX9|MTNB_HUMAN	5	0	5.104635210788816	0	true
sp|Q96H20|SNF8_HUMAN	1	0	3.7983029949827687	0	true
sp|Q96H79|ZCCHL_HUMAN	2	0	2.56478181350679	0	true
sp|Q96HC4|PDLI5_HUMAN	10	0	4.257990563152338	0	true
sp|Q96HE7|ERO1A_HUMAN	12	0	7.84535530514162	0	true
sp|Q96HS1|PGAM5_HUMAN	9	0	6.317878481254891	0	true
sp|Q96HW7|INT4_HUMAN	2	0	3.6814848714453947	0	true
sp|Q96HY6|DDRGK_HUMAN	2	0	6.15057070038016	0	true
sp|Q96HY7|DHTK1_HUMAN	1	0	3.3260141945387716	0	true
sp|Q96I24|FUBP3_HUMAN	13	1	7.44186639559251	0	true
sp|Q96I25|SPF45_HUMAN	2	0	4.813162308059387	0	true
sp|Q96I51|RCC1L_HUMAN	1	0	2.8408819963106	0	true
sp|Q96I59|SYNM_HUMAN	3	0	2.330987688442977	0	true
sp|Q96I99|SUCB2_HUMAN	16	0	7.7700881304374265	0	true
sp|Q96IJ6|GMPPA_HUMAN	2	0	2.3577671464823315	0	true
sp|Q96IR7|HPDL_HUMAN	8	0	8.182976729429049	0	true
sp|Q96IU2|ZBED3_HUMAN	1	0	2.517702004163362	0	true
sp|Q96IU4|ABHEB_HUMAN	4	0	5.269451568365646	0	true
sp|Q96IX5|ATPMK_HUMAN	1	0	4.026427013269416	0	true
sp|Q96IY1|NSL1_HUMAN	1	0	1.0194897951893538	0	true
sp|Q96IZ0|PAWR_HUMAN	5	0	2.0772076487149276	0	true
sp|Q96J01|THOC3_HUMAN	4	0	2.4641251796969645	0	true
sp|Q96JB2|COG3_HUMAN	1	0	0.6506637416431892	0	true
sp|Q96JB5|CK5P3_HUMAN	7	0	7.569893223755277	0	true
sp|Q96JC1|VPS39_HUMAN	1	0	4.809362937502381	0	true
sp|Q96JG6|VPS50_HUMAN	3	0	1.398319002915468	0	true
sp|Q96JH7|VCIP1_HUMAN	5	0	5.22840486302936	0	true
sp|Q96JJ3|ELMO2_HUMAN	2	0	4.821058292720553	0	true
sp|Q96JJ7|TMX3_HUMAN	7	0	8.705379890654854	0	true
sp|Q96JM3|CHAP1_HUMAN	8	0	4.133994442051262	0	true
sp|Q96JP5|ZFP91_HUMAN	4	0	5.311219773970318	0	true
sp|Q96K17|BT3L4_HUMAN	4	0	6.731809753180771	0	true
sp|Q96K21|ANCHR_HUMAN	2	0	1.2175608493587862	0	true
sp|Q96K76|UBP47_HUMAN	11	0	4.646584000848108	0	true
sp|Q96KA5|CLP1L_HUMAN	3	0	3.5338106977003987	0	true
sp|Q96KB5|TOPK_HUMAN	4	0	7.87527025337649	0	true
sp|Q96KC8|DNJC1_HUMAN	1	0	0.9005548363574256	0	true
sp|Q96KG9|SCYL1_HUMAN	6	0	2.547047346057491	0	true
sp|Q96KM6|Z512B_HUMAN	1	0	0.6297467225611989	0	true
sp|Q96KP1|EXOC2_HUMAN	4	0	5.437711119578093	0	true
sp|Q96KP4|CNDP2_HUMAN	13	0	5.379716351626167	0	true
sp|Q96KQ7|EHMT2_HUMAN	1	1	2.2490471674327193	0	true
sp|Q96KR1|ZFR_HUMAN	13	0	8.13510583251305	0	true
sp|Q96L91|EP400_HUMAN	1	0	0.7756475261424821	0	true
sp|Q96L92|SNX27_HUMAN	5	0	6.807386738744307	0	true
sp|Q96LD4|TRI47_HUMAN	3	0	4.750195902086198	0	true
sp|Q96LJ7|DHRS1_HUMAN	2	0	2.3816796102613145	0	true
sp|Q96LR5|UB2E2_HUMAN	3	0	2.1755015510520024	0	true
sp|Q96M27|PRRC1_HUMAN	2	0	3.1721127780596206	0	true
sp|Q96ME7|ZN512_HUMAN	1	0	1.9224521141598647	0	true
sp|Q96MF7|NSE2_HUMAN	2	0	0.6821268529269634	0	true
sp|Q96MG7|NSE3_HUMAN	1	0	6.604321685513638	0	true
sp|Q96MH2|HEXI2_HUMAN	1	0	3.859598585159889	0	true
sp|Q96MU7|YTDC1_HUMAN	3	0	2.972459835799348	0	true
sp|Q96MW1|CCD43_HUMAN	4	0	5.733638957235159	0	true
sp|Q96N21|AP4AT_HUMAN	1	0	2.368851765731261	0	true
sp|Q96N66|MBOA7_HUMAN	4	0	4.643314500948474	0	true
sp|Q96NB3|ZN830_HUMAN	2	0	0.7772743245047667	0	true
sp|Q96P16|RPR1A_HUMAN	5	0	5.879332855965693	0	true
sp|Q96P47|AGAP3_HUMAN;sp|Q9UPQ3|AGAP1_HUMAN	1	0	4.843199973365154	0	true
sp|Q96P48|ARAP1_HUMAN	3	0	5.027910005305519	0	true
sp|Q96P70|IPO9_HUMAN	11	0	8.226557391638512	0	true
sp|Q96PC5|MIA2_HUMAN	4	3	3.227014166863812	0	true
sp|Q96PK6_p_target|RBM14_HUMAN_p_target	1	0	1.003569805772266	0	true
sp|Q96PK6|RBM14_HUMAN	22	0	6.827639920828178	0	true
sp|Q96PU5|NED4L_HUMAN	1	0	1.5374785125941657	0	true
sp|Q96PU8|QKI_HUMAN	1	0	3.732593868198013	0	true
sp|Q96PZ0|PUS7_HUMAN	10	0	6.269616238400705	0	true
sp|Q96Q11|TRNT1_HUMAN	5	0	8.442719662436033	0	true
sp|Q96Q45|TM237_HUMAN	1	0	1.1776001148654027	0	true
sp|Q96QC0|PP1RA_HUMAN	2	0	6.612908898261423	0	true
sp|Q96QD8|S38A2_HUMAN	3	0	9.46458966947617	0	true
sp|Q96QD9_p_target|UIF_HUMAN_p_target	1	0	0.7895244645417341	0	true
sp|Q96QD9|UIF_HUMAN	3	0	4.164760157655926	0	true
sp|Q96QK1|VPS35_HUMAN	18	0	8.351551101145875	0	true
sp|Q96QR8|PURB_HUMAN	3	0	6.238396164199398	0	true
sp|Q96QU8|XPO6_HUMAN	4	0	2.356010874237622	0	true
sp|Q96R06|SPAG5_HUMAN	1	0	1.7966536366480763	0	true
sp|Q96RL1|UIMC1_HUMAN	1	0	1.114624937901146	0	true
sp|Q96RN5|MED15_HUMAN	2	0	1.9805150170415924	0	true
sp|Q96RP9|EFGM_HUMAN	11	0	4.848933199753271	0	true
sp|Q96RQ1|ERGI2_HUMAN	2	0	2.3521716203480505	0	true
sp|Q96RQ3|MCCA_HUMAN	1	0	1.8317686607976884	0	true
sp|Q96RS6|NUDC1_HUMAN	7	0	5.8754804045203155	0	true
sp|Q96RT6|CTGE2_HUMAN	1	3	3.227014166863812	0	true
sp|Q96RT8|GCP5_HUMAN	1	0	3.6481756264510135	0	true
sp|Q96S44|PRPK_HUMAN	2	0	1.0796502288140557	0	true
sp|Q96S52|PIGS_HUMAN	3	0	4.620132921296842	0	true
sp|Q96S55|WRIP1_HUMAN	5	0	1.6795661047536452	0	true
sp|Q96S59|RANB9_HUMAN	2	0	3.3403373516254637	0	true
sp|Q96S66_p_target|CLCC1_HUMAN_p_target	1	0	0.7484150299186666	0	true
sp|Q96S82|UBL7_HUMAN	2	0	3.108909108951592	0	true
sp|Q96SB4|SRPK1_HUMAN	7	2	5.9825570246435005	0	true
sp|Q96SI9|STRBP_HUMAN	4	3	6.8829185515321845	0	true
sp|Q96SK2|TM209_HUMAN	2	0	2.565057931929849	0	true
sp|Q96SL1|DIRC2_HUMAN	1	0	1.7427164408398839	0	true
sp|Q96SN8|CK5P2_HUMAN	2	0	2.703223976023656	0	true
sp|Q96ST2|IWS1_HUMAN	1	0	1.1251348540023143	0	true
sp|Q96ST3|SIN3A_HUMAN	5	0	3.2244602998799894	0	true
sp|Q96SU4|OSBL9_HUMAN	4	0	3.8971117091927874	0	true
sp|Q96SY0|INT14_HUMAN	3	0	1.7743190204969799	0	true
sp|Q96SZ5|AEDO_HUMAN	2	0	2.816033314830971	0	true
sp|Q96T23|RSF1_HUMAN	9	0	8.203271021865621	0	true
sp|Q96T37|RBM15_HUMAN	13	0	5.722067308471167	0	true
sp|Q96T51|RUFY1_HUMAN	8	0	5.321968916803945	0	true
sp|Q96T58|MINT_HUMAN	5	0	1.7160817115725946	0	true
sp|Q96T60|PNKP_HUMAN	1	0	2.233326217304649	0	true
sp|Q96T76|MMS19_HUMAN	9	0	4.435258615349496	0	true
sp|Q96T88|UHRF1_HUMAN	14	0	6.070751319664684	0	true
sp|Q96TA1|NIBA2_HUMAN	13	0	7.305284354036831	0	true
sp|Q96TA2|YMEL1_HUMAN	4	0	3.9357386506371537	0	true
sp|Q96TC7|RMD3_HUMAN	6	0	7.265485032024227	0	true
sp|Q99417|MYCBP_HUMAN	3	0	5.134331570598974	0	true
sp|Q99426|TBCB_HUMAN	4	0	6.212064416628683	0	true
sp|Q99436|PSB7_HUMAN	5	0	8.607766658873187	0	true
sp|Q99439|CNN2_HUMAN	6	0	7.581285368802673	0	true
sp|Q99447|PCY2_HUMAN	2	0	4.428290075091354	0	true
sp|Q99459|CDC5L_HUMAN	18	0	5.940160193056366	0	true
sp|Q99460|PSMD1_HUMAN	23	0	7.707106406181713	0	true
sp|Q99470|SDF2_HUMAN	3	0	6.410335056792231	0	true
sp|Q99471|PFD5_HUMAN	4	0	8.588269072780168	0	true
sp|Q99497|PARK7_HUMAN	10	0	8.995717064527168	0	true
sp|Q99504|EYA3_HUMAN	2	0	1.9968143162219083	0	true
sp|Q99536|VAT1_HUMAN	10	0	8.495911667757309	0	true
sp|Q99543|DNJC2_HUMAN	7	0	5.409453112505088	0	true
sp|Q99547|MPH6_HUMAN	2	0	3.5338058127437937	0	true
sp|Q99549|MPP8_HUMAN	2	0	3.2225925189238867	0	true
sp|Q99567|NUP88_HUMAN	10	0	8.398294687992479	0	true
sp|Q99570|PI3R4_HUMAN	3	0	2.421374254551737	0	true
sp|Q99575|POP1_HUMAN	9	0	4.65007627683965	0	true
sp|Q99584|S10AD_HUMAN	4	0	5.8665331705820325	0	true
sp|Q99590|SCAFB_HUMAN	9	0	6.5174607137736915	0	true
sp|Q99598|TSNAX_HUMAN	3	0	1.1399487299319278	0	true
sp|Q99613|EIF3C_HUMAN	24	0	9.498750650515335	0	true
sp|Q99614|TTC1_HUMAN	2	0	6.296854185535826	0	true
sp|Q99615|DNJC7_HUMAN	13	0	5.875818092683384	0	true
sp|Q99622|C10_HUMAN	1	0	1.0287867936098036	0	true
sp|Q99623|PHB2_HUMAN	14	0	10.771181970684419	0	true
sp|Q99627|CSN8_HUMAN	4	0	6.570723864258495	0	true
sp|Q99643|C560_HUMAN	2	0	4.583164679454998	0	true
sp|Q99653|CHP1_HUMAN	1	0	1.0199595701283368	0	true
sp|Q99661|KIF2C_HUMAN	6	0	3.3823301420395997	0	true
sp|Q99700|ATX2_HUMAN	6	0	4.177101548558192	0	true
sp|Q99707|METH_HUMAN	2	0	0.8991642970743761	0	true
sp|Q99714|HCD2_HUMAN	12	0	8.95883376545228	0	true
sp|Q99720|SGMR1_HUMAN	2	0	4.15402831984346	0	true
sp|Q99729|ROAA_HUMAN	5	0	8.287420490223482	0	true
sp|Q99733|NP1L4_HUMAN	6	1	5.959133831012769	0	true
sp|Q99735|MGST2_HUMAN	1	0	5.620841775303976	0	true
sp|Q99747|SNAG_HUMAN	3	0	0.9893149431278926	0	true
sp|Q99757|THIOM_HUMAN	2	0	1.7441069050121507	0	true
sp|Q99797|MIPEP_HUMAN	2	0	0.7456450622363422	0	true
sp|Q99798|ACON_HUMAN	18	0	8.480392977173112	0	true
sp|Q99805|TM9S2_HUMAN	4	0	7.171445979275618	0	true
sp|Q99808|S29A1_HUMAN	2	0	2.8177357568627355	0	true
sp|Q99816|TS101_HUMAN	5	0	5.659708122498565	0	true
sp|Q99829|CPNE1_HUMAN	7	0	6.535874788090522	0	true
sp|Q99832|TCPH_HUMAN	21	0	8.787852935586328	0	true
sp|Q99848|EBP2_HUMAN	15	0	6.361628238007411	0	true
sp|Q99873|ANM1_HUMAN	16	0	8.394176662521863	0	true
sp|Q99933|BAG1_HUMAN	3	0	3.4520873955348144	0	true
sp|Q99961|SH3G1_HUMAN	5	1	6.134310911821181	0	true
sp|Q99962|SH3G2_HUMAN	2	1	5.718081586077333	0	true
sp|Q99986|VRK1_HUMAN	6	0	5.490955754726563	0	true
sp|Q99996|AKAP9_HUMAN	1	0	1.457109681091223	0	true
sp|Q9BPW8|NIPS1_HUMAN	1	0	3.4262894528623633	0	true
sp|Q9BPX3|CND3_HUMAN	13	0	6.869648595268812	0	true
sp|Q9BPX5|ARP5L_HUMAN	2	0	4.026895306373584	0	true
sp|Q9BQ04|RBM4B_HUMAN	1	10	5.038439178752043	0	true
sp|Q9BQ15|SOSB1_HUMAN	1	0	3.022772425379687	0	true
sp|Q9BQ39|DDX50_HUMAN	3	2	8.415562997350145	0	true
sp|Q9BQ48|RM34_HUMAN	1	0	0.9316457883649422	0	true
sp|Q9BQ52|RNZ2_HUMAN	11	0	6.208840621294706	0	true
sp|Q9BQ61|TRIR_HUMAN	5	0	5.789533875723277	0	true
sp|Q9BQ67|GRWD1_HUMAN	9	0	6.724320156532323	0	true
sp|Q9BQ69|MACD1_HUMAN	1	0	4.08995271263114	0	true
sp|Q9BQ75|CMS1_HUMAN	3	0	2.3149362644606213	0	true
sp|Q9BQ95|ECSIT_HUMAN	1	0	1.3196776920140825	0	true
sp|Q9BQA1|MEP50_HUMAN	8	0	7.5028182883602	0	true
sp|Q9BQB6|VKOR1_HUMAN	1	0	6.356724694593204	0	true
sp|Q9BQC3|DPH2_HUMAN	1	0	2.9892173811980274	0	true
sp|Q9BQE3|TBA1C_HUMAN	1	16	10.16433427384151	0	true
sp|Q9BQG0|MBB1A_HUMAN	32	0	7.488100587987689	0	true
sp|Q9BQG2|NUD12_HUMAN	1	0	1.3471682748542666	0	true
sp|Q9BQL6|FERM1_HUMAN	2	1	2.730954047995893	0	true
sp|Q9BQP7|MGME1_HUMAN	1	0	0.8952737804821951	0	true
sp|Q9BR61|ACBD6_HUMAN	1	0	1.2320952049479934	0	true
sp|Q9BR76|COR1B_HUMAN	7	0	5.120366652977552	0	true
sp|Q9BRA2|TXD17_HUMAN	4	0	7.648175837303741	0	true
sp|Q9BRG1|VPS25_HUMAN	2	0	1.7634455556249036	0	true
sp|Q9BRJ2|RM45_HUMAN	6	0	4.300878690265605	0	true
sp|Q9BRJ6|CHOLN_HUMAN	2	0	5.904672488424825	0	true
sp|Q9BRL6|SRSF8_HUMAN	1	2	5.614930072955147	0	true
sp|Q9BRP8|PYM1_HUMAN	5	0	12.069227787595874	0	true
sp|Q9BRQ8|FSP1_HUMAN	1	0	0.9642803812566915	0	true
sp|Q9BRR6|ADPGK_HUMAN	5	0	4.242757136296446	0	true
sp|Q9BRS2|RIOK1_HUMAN	5	0	3.1135389544938614	0	true
sp|Q9BRT2|UQCC2_HUMAN	3	0	3.547632960149034	0	true
sp|Q9BRT3|MIEN1_HUMAN	1	0	2.675749661297814	0	true
sp|Q9BRT6|LLPH_HUMAN	2	0	2.9203086956532154	0	true
sp|Q9BRT9|SLD5_HUMAN	6	0	3.57196165177482	0	true
sp|Q9BRU9|UTP23_HUMAN	3	0	3.0943621712437626	0	true
sp|Q9BRX2|PELO_HUMAN	5	0	5.21239566794813	0	true
sp|Q9BRX5|PSF3_HUMAN	3	0	3.673184877100724	0	true
sp|Q9BRX8|PXL2A_HUMAN	1	0	5.495255964282809	0	true
sp|Q9BRZ2|TRI56_HUMAN	5	0	2.84273355414025	0	true
sp|Q9BS26|ERP44_HUMAN	10	0	9.015265396856725	0	true
sp|Q9BSC4|NOL10_HUMAN	5	0	2.6474926727279113	0	true
sp|Q9BSD7|NTPCR_HUMAN	5	0	3.5616021644957554	0	true
sp|Q9BSE5|GDAH_HUMAN	1	0	4.818449262250144	0	true
sp|Q9BSH4|TACO1_HUMAN	4	0	3.4482986913502254	0	true
sp|Q9BSJ2|GCP2_HUMAN	6	0	2.7397716685527898	0	true
sp|Q9BSJ8|ESYT1_HUMAN	16	0	9.952276986271192	0	true
sp|Q9BSL1|UBAC1_HUMAN	1	0	4.673657646957689	0	true
sp|Q9BSY4|CHCH5_HUMAN	1	0	3.967238290667203	0	true
sp|Q9BT22|ALG1_HUMAN	2	0	2.9710669853331537	0	true
sp|Q9BT73|PSMG3_HUMAN	3	0	1.5159420808995712	0	true
sp|Q9BT78|CSN4_HUMAN	11	0	7.193097900213072	0	true
sp|Q9BTA9|WAC_HUMAN	2	0	4.759910542232293	0	true
sp|Q9BTC0|DIDO1_HUMAN	17	0	5.893645606805541	0	true
sp|Q9BTD8|RBM42_HUMAN	2	0	1.4229805136186018	0	true
sp|Q9BTE3|MCMBP_HUMAN	12	0	7.298528520586238	0	true
sp|Q9BTE6|AASD1_HUMAN	3	0	4.803268138457155	0	true
sp|Q9BTE7|DCNL5_HUMAN	3	0	2.7421704541447944	0	true
sp|Q9BTM9|URM1_HUMAN	1	0	6.846181400075599	0	true
sp|Q9BTT0|AN32E_HUMAN	3	0	6.518267817023945	0	true
sp|Q9BTU6|P4K2A_HUMAN	3	0	3.577595709306071	0	true
sp|Q9BTV4|TMM43_HUMAN	8	0	6.796051862519699	0	true
sp|Q9BTW9|TBCD_HUMAN	6	0	4.1980445887321185	0	true
sp|Q9BTX1|NDC1_HUMAN	3	0	2.50933096565501	0	true
sp|Q9BTZ2|DHRS4_HUMAN	4	0	4.340944224372097	0	true
sp|Q9BU02|THTPA_HUMAN	3	0	5.642544081732415	0	true
sp|Q9BU61|NDUF3_HUMAN	4	0	7.863982939511367	0	true
sp|Q9BU89|DOHH_HUMAN	5	0	4.298954370814275	0	true
sp|Q9BUB7|TMM70_HUMAN	3	0	1.6427535185713644	0	true
sp|Q9BUE6|ISCA1_HUMAN	1	0	2.9309283211054904	0	true
sp|Q9BUF5|TBB6_HUMAN	4	8	6.605827529437879	0	true
sp|Q9BUH6|PAXX_HUMAN	4	0	7.074986357586546	0	true
sp|Q9BUI4|RPC3_HUMAN	1	0	2.264899019671134	0	true
sp|Q9BUJ2|HNRL1_HUMAN	14	0	8.579415947276201	0	true
sp|Q9BUK0|CHCH7_HUMAN	1	0	2.1945009434576686	0	true
sp|Q9BUK6|MSTO1_HUMAN	2	0	2.146684519262941	0	true
sp|Q9BUL8|PDC10_HUMAN	5	0	5.346180455620452	0	true
sp|Q9BUL9|RPP25_HUMAN	4	0	6.61592370966107	0	true
sp|Q9BUM1|G6PC3_HUMAN	1	0	1.7206193660395535	0	true
sp|Q9BUP3|HTAI2_HUMAN	7	0	6.5303641694549395	0	true
sp|Q9BUQ8|DDX23_HUMAN	20	0	6.46312106481786	0	true
sp|Q9BUR5|MIC26_HUMAN	5	0	4.333156001396693	0	true
sp|Q9BUV8|RCAF1_HUMAN	1	0	3.688859293068737	0	true
sp|Q9BUZ4|TRAF4_HUMAN	1	0	1.9417278602396222	0	true
sp|Q9BV20|MTNA_HUMAN	6	0	5.190787007345183	0	true
sp|Q9BV38|WDR18_HUMAN	9	0	6.107059214187176	0	true
sp|Q9BV40|VAMP8_HUMAN	1	0	3.4930889232506193	0	true
sp|Q9BV44|THUM3_HUMAN	5	0	4.78751366901022	0	true
sp|Q9BV57|MTND_HUMAN	5	0	4.309031241094649	0	true
sp|Q9BV86|NTM1A_HUMAN	3	0	5.815504321310185	0	true
sp|Q9BVC3|DCC1_HUMAN	2	0	2.4617582996495324	0	true
sp|Q9BVC4|LST8_HUMAN	3	0	3.9377259126392143	0	true
sp|Q9BVC6|TM109_HUMAN	3	0	5.807932005803792	0	true
sp|Q9BVG9|PTSS2_HUMAN	1	0	2.242745246046215	0	true
sp|Q9BVI4|NOC4L_HUMAN	2	0	4.154790970927815	0	true
sp|Q9BVJ6|UT14A_HUMAN	13	0	6.860090892935971	0	true
sp|Q9BVK6|TMED9_HUMAN	3	1	6.975041859303231	0	true
sp|Q9BVL2|NUP58_HUMAN	2	0	4.9095932803573685	0	true
sp|Q9BVL4|SELO_HUMAN	1	0	1.24616535387496	0	true
sp|Q9BVP2|GNL3_HUMAN	17	0	8.521204887213992	0	true
sp|Q9BVQ7|AFG2B_HUMAN	4	0	1.2026519648146454	0	true
sp|Q9BVS4|RIOK2_HUMAN	3	0	4.67650651784912	0	true
sp|Q9BVV7|TIM21_HUMAN	2	0	2.3158784992599863	0	true
sp|Q9BW19|KIFC1_HUMAN	2	0	1.1734958711272967	0	true
sp|Q9BW27|NUP85_HUMAN	7	0	6.994756656101756	0	true
sp|Q9BW60|ELOV1_HUMAN	1	0	5.907474234124674	0	true
sp|Q9BW61|DDA1_HUMAN	1	0	2.473549341572342	0	true
sp|Q9BW83|IFT27_HUMAN	4	0	2.3313991057425274	0	true
sp|Q9BW85|YJU2_HUMAN	1	0	0.7510752099586938	0	true
sp|Q9BW91|NUDT9_HUMAN	1	0	5.413957896546569	0	true
sp|Q9BW92|SYTM_HUMAN	3	0	3.6234501715718213	0	true
sp|Q9BWD1|THIC_HUMAN	4	0	5.82293905324128	0	true
sp|Q9BWE0|REPI1_HUMAN	2	0	7.10282511892074	0	true
sp|Q9BWF3|RBM4_HUMAN	1	10	5.038439178752043	0	true
sp|Q9BWH2|FUND2_HUMAN	1	0	1.8922128242009486	0	true
sp|Q9BWJ5|SF3B5_HUMAN	3	0	7.059947671651582	0	true
sp|Q9BWM7|SFXN3_HUMAN	7	0	5.0184280317132615	0	true
sp|Q9BWS9|CHID1_HUMAN	2	0	3.436945971320173	0	true
sp|Q9BWU0|NADAP_HUMAN	6	0	5.20942293483213	0	true
sp|Q9BX40|LS14B_HUMAN	1	1	4.122501918127981	0	true
sp|Q9BX68|HINT2_HUMAN	4	0	7.836966109198349	0	true
sp|Q9BXB4|OSB11_HUMAN	3	0	3.735580877667146	0	true
sp|Q9BXB5|OSB10_HUMAN	4	0	4.035875945336478	0	true
sp|Q9BXF6|RFIP5_HUMAN	3	0	2.9014456103617543	0	true
sp|Q9BXJ9_p_target|NAA15_HUMAN_p_target	1	0	0.7650675547395014	0	true
sp|Q9BXJ9|NAA15_HUMAN	18	4	5.479410764984183	0	true
sp|Q9BXK5|B2L13_HUMAN	1	0	2.610403690421355	0	true
sp|Q9BXP5|SRRT_HUMAN	20	0	7.000390744670492	0	true
sp|Q9BXR0|TGT_HUMAN	1	0	2.5261728320291548	0	true
sp|Q9BXS1|IDI2_HUMAN	0	2	1.8226345740840093	0	true
sp|Q9BXS5|AP1M1_HUMAN	13	0	4.435026234087216	0	true
sp|Q9BXS6|NUSAP_HUMAN	4	0	2.306668338820207	0	true
sp|Q9BXS9|S26A6_HUMAN	1	0	2.052717555675231	0	true
sp|Q9BXW7|HDHD5_HUMAN	2	0	7.726477028363263	0	true
sp|Q9BXW9|FACD2_HUMAN	1	0	1.5387704238193791	0	true
sp|Q9BXY0|MAK16_HUMAN	5	0	4.893377821407011	0	true
sp|Q9BY32|ITPA_HUMAN	2	0	5.324642513325041	0	true
sp|Q9BY43|CHM4A_HUMAN	3	0	6.055476468346033	0	true
sp|Q9BY44|EIF2A_HUMAN	14	0	8.061884582739333	0	true
sp|Q9BY77|PDIP3_HUMAN	3	0	5.921960486701664	0	true
sp|Q9BY89_p_target|K1671_HUMAN_p_target	1	0	1.04231099408212	0	true
sp|Q9BYC8|RM32_HUMAN	2	0	4.874604767006986	0	true
sp|Q9BYC9|RM20_HUMAN	2	0	2.0288493843614033	0	true
sp|Q9BYD1|RM13_HUMAN	6	0	5.988528238251083	0	true
sp|Q9BYD2|RM09_HUMAN	2	0	3.075050763014521	0	true
sp|Q9BYD3|RM04_HUMAN	4	0	3.1058679656102597	0	true
sp|Q9BYD6|RM01_HUMAN	2	0	3.05650543690386	0	true
sp|Q9BYG3|MK67I_HUMAN	9	0	7.815291355897154	0	true
sp|Q9BYJ9|YTHD1_HUMAN	3	5	6.13200326117391	0	true
sp|Q9BYK8|HELZ2_HUMAN	4	0	1.34169762279055	0	true
sp|Q9BYN8|RT26_HUMAN	4	0	4.331405860786703	0	true
sp|Q9BYT8|NEUL_HUMAN	5	0	0.7096332403765834	0	true
sp|Q9BZE1_p_target|RM37_HUMAN_p_target	1	0	1.1249365044602868	0	true
sp|Q9BZE1|RM37_HUMAN	7	0	8.539023846494526	0	true
sp|Q9BZE4|GTPB4_HUMAN	16	0	5.669802808594396	0	true
sp|Q9BZF1|OSBL8_HUMAN	9	0	3.8207831136082673	0	true
sp|Q9BZG1|RAB34_HUMAN	5	0	6.414330709505067	0	true
sp|Q9BZG8|DPH1_HUMAN	2	0	2.60765094948404	0	true
sp|Q9BZH6|WDR11_HUMAN	11	0	4.224995507706791	0	true
sp|Q9BZI7|REN3B_HUMAN	6	0	3.6594915206958336	0	true
sp|Q9BZJ0|CRNL1_HUMAN	3	0	2.283790696606158	0	true
sp|Q9BZK7|TBL1R_HUMAN	2	4	7.24665271933027	0	true
sp|Q9BZL1|UBL5_HUMAN	1	0	1.946194956100824	0	true
sp|Q9BZL4|PP12C_HUMAN	3	0	3.0483825308215486	0	true
sp|Q9BZV1|UBXN6_HUMAN	2	0	2.82451762062301	0	true
sp|Q9BZX2|UCK2_HUMAN	3	0	5.581091620058167	0	true
sp|Q9BZZ5|API5_HUMAN	11	0	5.702534435534882	0	true
sp|Q9C005|DPY30_HUMAN	1	0	4.099462517690896	0	true
sp|Q9C037|TRIM4_HUMAN	1	0	1.205819570613025	0	true
sp|Q9C0B1|FTO_HUMAN	5	0	5.496599500666205	0	true
sp|Q9C0B5|ZDHC5_HUMAN	3	0	4.098999592697647	0	true
sp|Q9C0C2|TB182_HUMAN	17	0	5.477189923823013	0	true
sp|Q9C0C9|UBE2O_HUMAN	9	0	4.3997446962528315	0	true
sp|Q9C0D5|TANC1_HUMAN	5	0	4.169032646879227	0	true
sp|Q9C0E2|XPO4_HUMAN	1	0	4.381470375590301	0	true
sp|Q9C0E8|LNP_HUMAN	2	0	1.6957266498397607	0	true
sp|Q9C0F1|CEP44_HUMAN	1	0	1.7229865979335524	0	true
sp|Q9C0J8|WDR33_HUMAN	5	0	3.607825279788983	0	true
sp|Q9GZL7|WDR12_HUMAN	9	0	7.2976638857431	0	true
sp|Q9GZM5|YIPF3_HUMAN	1	0	0.9735766630468293	0	true
sp|Q9GZN8|ADSSP_HUMAN	2	0	3.1837268298935166	0	true
sp|Q9GZP4|PITH1_HUMAN	4	0	1.5547722771371209	0	true
sp|Q9GZP8|IMUP_HUMAN	2	0	1.559888299423142	0	true
sp|Q9GZR2|REXO4_HUMAN	6	0	6.353136875280277	0	true
sp|Q9GZR7|DDX24_HUMAN	12	0	8.526052082194969	0	true
sp|Q9GZS1|RPA49_HUMAN	1	0	2.159661322163733	0	true
sp|Q9GZS3|SKI8_HUMAN	2	0	6.041062774691104	0	true
sp|Q9GZT3|SLIRP_HUMAN	8	0	5.198061006921757	0	true
sp|Q9GZT8|NIF3L_HUMAN	6	0	2.8780817296890002	0	true
sp|Q9GZU8|PIP30_HUMAN	3	0	7.475182696499242	0	true
sp|Q9GZY8|MFF_HUMAN	3	0	3.8029780502788015	0	true
sp|Q9GZZ1|NAA50_HUMAN	9	0	6.176870335189853	0	true
sp|Q9GZZ9|UBA5_HUMAN	4	0	6.032200919167557	0	true
sp|Q9H008|LHPP_HUMAN	1	0	1.2018807013879684	0	true
sp|Q9H061|T126A_HUMAN	3	0	3.293206289167489	0	true
sp|Q9H063|MAF1_HUMAN	1	0	0.776960922526926	0	true
sp|Q9H074|PAIP1_HUMAN	6	0	8.679488860467446	0	true
sp|Q9H078|CLPB_HUMAN	10	0	6.074286651385693	0	true
sp|Q9H081|MIS12_HUMAN	1	0	2.113570957969562	0	true
sp|Q9H089|LSG1_HUMAN	11	0	6.202254616796733	0	true
sp|Q9H098|F107B_HUMAN	3	0	3.3364828726193387	0	true
sp|Q9H0A0|NAT10_HUMAN	19	0	8.321501808730739	0	true
sp|Q9H0A8|COMD4_HUMAN	3	0	2.84652914225731	0	true
sp|Q9H0B6|KLC2_HUMAN	5	5	6.969124709016441	0	true
sp|Q9H0C8|ILKAP_HUMAN	5	0	2.2969382839653525	0	true
sp|Q9H0D6|XRN2_HUMAN	4	0	5.552389660800411	0	true
sp|Q9H0E2|TOLIP_HUMAN	2	0	4.186015541682153	0	true
sp|Q9H0G5|NSRP1_HUMAN	2	0	1.8856422516050833	0	true
sp|Q9H0H0|INT2_HUMAN	1	0	0.7302436441467988	0	true
sp|Q9H0H5|RGAP1_HUMAN	3	0	2.242545146415965	0	true
sp|Q9H0K6|PUS7L_HUMAN	3	0	1.7808857385637509	0	true
sp|Q9H0L4|CSTFT_HUMAN	2	4	4.251834232946893	0	true
sp|Q9H0N5|PHS2_HUMAN	1	0	2.1742809863732018	0	true
sp|Q9H0P0|5NT3A_HUMAN	2	0	7.768652239862311	0	true
sp|Q9H0R4|HDHD2_HUMAN	2	0	2.938318842328227	0	true
sp|Q9H0S4|DDX47_HUMAN	10	0	7.243676148524506	0	true
sp|Q9H0U3|MAGT1_HUMAN	3	0	4.253024652574948	0	true
sp|Q9H0U4|RAB1B_HUMAN	3	5	5.66259303200888	0	true
sp|Q9H0U6|RM18_HUMAN	2	0	3.431181196798273	0	true
sp|Q9H0W8|SMG9_HUMAN	1	0	3.3695864896488716	0	true
sp|Q9H0W9|CK054_HUMAN	5	0	7.432451980805738	0	true
sp|Q9H0X4|F234A_HUMAN	1	0	0.8187600663296084	0	true
sp|Q9H1A4|APC1_HUMAN	4	0	1.4602969613322982	0	true
sp|Q9H1B7|I2BPL_HUMAN	2	1	5.596506187713705	0	true
sp|Q9H1D9|RPC6_HUMAN	1	0	2.285547932183918	0	true
sp|Q9H1E3|NUCKS_HUMAN	5	0	4.648310723970577	0	true
sp|Q9H1E5|TMX4_HUMAN	1	0	1.1257308060118647	0	true
sp|Q9H1I8|ASCC2_HUMAN	3	0	2.0115760919350114	0	true
sp|Q9H1K0|RBNS5_HUMAN	2	0	1.9995399503316058	0	true
sp|Q9H1K1|ISCU_HUMAN	1	0	6.875640301683895	0	true
sp|Q9H1Z4|WDR13_HUMAN	1	0	1.9934229661978262	0	true
sp|Q9H223|EHD4_HUMAN	5	0	1.854398891266012	0	true
sp|Q9H254|SPTN4_HUMAN	0	2	4.8311787991707345	0	true
sp|Q9H267|VP33B_HUMAN	3	0	1.2883298298598063	0	true
sp|Q9H269|VPS16_HUMAN	3	0	0.8851061012789916	0	true
sp|Q9H299|SH3L3_HUMAN	4	0	4.644082904498932	0	true
sp|Q9H2D1|S2532_HUMAN	1	0	2.1759074047217193	0	true
sp|Q9H2G2|SLK_HUMAN	17	1	3.778996242477492	0	true
sp|Q9H2H8|PPIL3_HUMAN	5	0	4.179604217752026	0	true
sp|Q9H2H9|S38A1_HUMAN	2	0	3.378879389635063	0	true
sp|Q9H2J4|PDCL3_HUMAN	4	0	4.643662042706016	0	true
sp|Q9H2J7|S6A15_HUMAN	8	0	7.693788291526647	0	true
sp|Q9H2K8|TAOK3_HUMAN	1	0	2.224130635950764	0	true
sp|Q9H2M9|RBGPR_HUMAN	9	0	2.6508877550908783	0	true
sp|Q9H2P0|ADNP_HUMAN	10	0	6.923419206678001	0	true
sp|Q9H2U1|DHX36_HUMAN	14	0	8.405785587486635	0	true
sp|Q9H2U2|IPYR2_HUMAN	11	0	6.911731098051318	0	true
sp|Q9H2V7|SPNS1_HUMAN	1	0	4.674008110883362	0	true
sp|Q9H2W6|RM46_HUMAN	2	0	4.370990995515985	0	true
sp|Q9H307_p_target|PININ_HUMAN_p_target	1	0	1.0932900935562135	0	true
sp|Q9H307|PININ_HUMAN	20	0	9.073199564250695	0	true
sp|Q9H330|TM245_HUMAN	3	0	5.214770655609638	0	true
sp|Q9H3G5|CPVL_HUMAN	2	0	1.606184986796987	0	true
sp|Q9H3H3|CK068_HUMAN	2	0	3.593499055620725	0	true
sp|Q9H3K6|BOLA2_HUMAN	2	0	5.905578065511384	0	true
sp|Q9H3N1|TMX1_HUMAN	6	0	5.606990426031448	0	true
sp|Q9H3P2|NELFA_HUMAN	5	0	5.83083875906355	0	true
sp|Q9H3P7|GCP60_HUMAN	7	0	4.285538619585074	0	true
sp|Q9H3Q1|BORG4_HUMAN	2	0	4.571088012995587	0	true
sp|Q9H3R5|CENPH_HUMAN	1	0	3.660326958116021	0	true
sp|Q9H3S7|PTN23_HUMAN	7	0	2.1207560019387843	0	true
sp|Q9H3U1|UN45A_HUMAN	10	0	5.7490615255948665	0	true
sp|Q9H410|DSN1_HUMAN	2	0	3.109869851100649	0	true
sp|Q9H444|CHM4B_HUMAN	6	0	7.939826092892707	0	true
sp|Q9H446|RWDD1_HUMAN	1	0	1.1283906545607678	0	true
sp|Q9H488|OFUT1_HUMAN	4	0	6.218016035447865	0	true
sp|Q9H490|PIGU_HUMAN	1	0	3.4323313476924247	0	true
sp|Q9H4A3|WNK1_HUMAN	1	0	4.278484302004474	0	true
sp|Q9H4A4|AMPB_HUMAN	16	0	7.202932353106023	0	true
sp|Q9H4A6|GOLP3_HUMAN	3	0	8.034784554564288	0	true
sp|Q9H4B7|TBB1_HUMAN	1	5	5.151770562029528	0	true
sp|Q9H4F8|SMOC1_HUMAN	2	0	3.3482919685809884	0	true
sp|Q9H4G0|E41L1_HUMAN	5	1	1.9705641728741243	0	true
sp|Q9H4I3|TRABD_HUMAN	1	0	1.6569049177803368	0	true
sp|Q9H4L4|SENP3_HUMAN	4	0	4.666265849306048	0	true
sp|Q9H4L7|SMRCD_HUMAN	1	0	0.7099394680234548	0	true
sp|Q9H4M9|EHD1_HUMAN	13	0	6.455857834671578	0	true
sp|Q9H553|ALG2_HUMAN	1	0	3.056568561419137	0	true
sp|Q9H583|HEAT1_HUMAN	23	0	5.4032049829518805	0	true
sp|Q9H5N1|RABE2_HUMAN	3	0	7.429036562536058	0	true
sp|Q9H5Q4|TFB2M_HUMAN	3	0	4.315909005815424	0	true
sp|Q9H5X1|CIA2A_HUMAN	2	0	4.1165936811284425	0	true
sp|Q9H6D7|HAUS4_HUMAN	1	0	1.1111688749598179	0	true
sp|Q9H6F5|CCD86_HUMAN	6	0	6.162434259646704	0	true
sp|Q9H6R0|DHX33_HUMAN	5	0	2.2328883580043097	0	true
sp|Q9H6R4|NOL6_HUMAN	10	0	6.528950564943336	0	true
sp|Q9H6S0|YTDC2_HUMAN	4	0	2.5789738968008966	0	true
sp|Q9H6S3|ES8L2_HUMAN	1	0	4.040327542183717	0	true
sp|Q9H6T0|ESRP2_HUMAN	1	0	1.0212325728062601	0	true
sp|Q9H6T3|RPAP3_HUMAN	4	0	2.7144338660753533	0	true
sp|Q9H6U8|ALG9_HUMAN	1	0	3.0856023597702658	0	true
sp|Q9H6V9|LDAH_HUMAN	1	0	3.4166608363590205	0	true
sp|Q9H6X2|ANTR1_HUMAN	1	0	0.8357382129986751	0	true
sp|Q9H6Y7|RN167_HUMAN	1	0	1.5431286255595544	0	true
sp|Q9H6Z4|RANB3_HUMAN	6	0	5.307866738286444	0	true
sp|Q9H773|DCTP1_HUMAN	6	0	6.240909460257248	0	true
sp|Q9H788|SH24A_HUMAN	10	0	8.281015156956327	0	true
sp|Q9H7B2|RPF2_HUMAN	4	0	5.536298578138205	0	true
sp|Q9H7C9|AAMDC_HUMAN	1	0	3.851233673521839	0	true
sp|Q9H7D0|DOCK5_HUMAN	4	0	2.374382182142904	0	true
sp|Q9H7E2|TDRD3_HUMAN	2	0	1.6095577952664533	0	true
sp|Q9H7E9|CH033_HUMAN	3	0	4.926569468733109	0	true
sp|Q9H7N4|SFR19_HUMAN	4	0	7.482586307241114	0	true
sp|Q9H7S9|ZN703_HUMAN	1	0	0.7599382027926893	0	true
sp|Q9H7Z7|PGES2_HUMAN	8	0	6.999527910134223	0	true
sp|Q9H814|PHAX_HUMAN	4	0	6.226147695866613	0	true
sp|Q9H832|UBE2Z_HUMAN	4	0	2.0053969231043474	0	true
sp|Q9H845|ACAD9_HUMAN	16	0	7.249780299716323	0	true
sp|Q9H857|NT5D2_HUMAN	1	0	1.3568162620413409	0	true
sp|Q9H8G2|CAAP1_HUMAN	1	0	0.6943976183383795	0	true
sp|Q9H8H0|NOL11_HUMAN	6	0	2.871477341939611	0	true
sp|Q9H8H2|DDX31_HUMAN	4	0	2.4094587317378062	0	true
sp|Q9H8M5|CNNM2_HUMAN	4	0	2.398242637605914	0	true
sp|Q9H8W4|PKHF2_HUMAN	1	0	1.1172631164156084	0	true
sp|Q9H8Y5|ANKZ1_HUMAN	4	0	2.0853103985365378	0	true
sp|Q9H8Y8|GORS2_HUMAN	7	0	7.100557912167448	0	true
sp|Q9H910|JUPI2_HUMAN	4	0	6.1248681798569535	0	true
sp|Q9H936|GHC1_HUMAN	4	0	0.7470212505083325	0	true
sp|Q9H967|WDR76_HUMAN	5	0	3.86909802073987	0	true
sp|Q9H974|QTRT2_HUMAN	1	0	1.0476007885042489	0	true
sp|Q9H993|ARMT1_HUMAN	3	0	4.64538300795883	0	true
sp|Q9H9A5|CNO10_HUMAN	1	0	5.51742275271581	0	true
sp|Q9H9A6|LRC40_HUMAN	12	0	6.161227594844932	0	true
sp|Q9H9A7|RMI1_HUMAN	1	0	0.8604455443275547	0	true
sp|Q9H9B1|EHMT1_HUMAN	4	1	3.22897004957108	0	true
sp|Q9H9B4|SFXN1_HUMAN	8	0	7.370096584849498	0	true
sp|Q9H9C1|SPE39_HUMAN	2	0	1.3546256822386575	0	true
sp|Q9H9F9|ARP5_HUMAN	3	0	3.0508624768137436	0	true
sp|Q9H9G7|AGO3_HUMAN	1	3	2.6386083120117467	0	true
sp|Q9H9J2|RM44_HUMAN	2	0	2.8448041787708087	0	true
sp|Q9H9L3|I20L2_HUMAN	2	0	5.08424324727746	0	true
sp|Q9H9P8|L2HDH_HUMAN	7	0	5.46853860246919	0	true
sp|Q9H9Q2|CSN7B_HUMAN	2	0	0.933594829105438	0	true
sp|Q9H9T3|ELP3_HUMAN	6	0	5.44518673605243	0	true
sp|Q9H9Y2|RPF1_HUMAN	3	0	2.7178668410825138	0	true
sp|Q9H9Y6|RPA2_HUMAN	3	0	2.7335458014321614	0	true
sp|Q9HA47|UCK1_HUMAN	1	0	1.454320101172841	0	true
sp|Q9HA64|KT3K_HUMAN	3	0	1.8586242706871303	0	true
sp|Q9HA65|TBC17_HUMAN	1	0	0.9230312385144875	0	true
sp|Q9HA77|SYCM_HUMAN	5	0	3.1701883062061724	0	true
sp|Q9HAB8|PPCS_HUMAN	5	0	2.138965571063162	0	true
sp|Q9HAN9|NMNA1_HUMAN	1	0	2.623332184249748	0	true
sp|Q9HAS0|NJMU_HUMAN	2	0	4.700686609415407	0	true
sp|Q9HAU5|RENT2_HUMAN	4	0	2.50986669176444	0	true
sp|Q9HAV4|XPO5_HUMAN	15	0	7.833888124991885	0	true
sp|Q9HAV7|GRPE1_HUMAN	5	0	8.795627842630973	0	true
sp|Q9HB07|MYG1_HUMAN	11	0	6.382152327146591	0	true
sp|Q9HB19|PKHA2_HUMAN	2	0	1.8733281967818798	0	true
sp|Q9HB71|CYBP_HUMAN	12	0	7.713882867665772	0	true
sp|Q9HB90|RRAGC_HUMAN;sp|Q9NQL2|RRAGD_HUMAN	3	0	3.0951891735470225	0	true
sp|Q9HBH5|RDH14_HUMAN	3	0	1.351702914635227	0	true
sp|Q9HBI1|PARVB_HUMAN	1	1	2.2902117646447593	0	true
sp|Q9HC21|TPC_HUMAN	2	0	1.6126938144755694	0	true
sp|Q9HC35|EMAL4_HUMAN	13	0	4.538131940845955	0	true
sp|Q9HC36|MRM3_HUMAN	2	0	3.4845090638111	0	true
sp|Q9HC38|GLOD4_HUMAN	11	0	7.856747924102354	0	true
sp|Q9HC52|CBX8_HUMAN	3	0	5.223263887825267	0	true
sp|Q9HCC0|MCCB_HUMAN	13	0	7.0191884842654675	0	true
sp|Q9HCD5|NCOA5_HUMAN	6	0	3.7127048813097367	0	true
sp|Q9HCE1|MOV10_HUMAN	11	0	4.611231800451497	0	true
sp|Q9HCE5|MET14_HUMAN	1	0	1.2137521838576761	0	true
sp|Q9HCN8|SDF2L_HUMAN	4	0	2.06586623907951	0	true
sp|Q9HCS7|SYF1_HUMAN	6	0	6.95193565450761	0	true
sp|Q9HCU5|SEC12_HUMAN	4	0	4.793021317948744	0	true
sp|Q9HCU9|BRMS1_HUMAN	1	0	1.432523190926288	0	true
sp|Q9HCY8|S10AE_HUMAN	5	0	9.677172680951134	0	true
sp|Q9HD15|SRA1_HUMAN	1	0	3.0747463648051356	0	true
sp|Q9HD20|AT131_HUMAN	11	0	5.195260542851481	0	true
sp|Q9HD33|RM47_HUMAN	1	0	4.378385017026789	0	true
sp|Q9HD45_p_target|TM9S3_HUMAN_p_target	1	0	1.448871514281221	0	true
sp|Q9HD45|TM9S3_HUMAN	7	0	4.834485493351478	0	true
sp|Q9HDC9|APMAP_HUMAN	6	0	6.590955460185148	0	true
sp|Q9NNW7|TRXR2_HUMAN	5	1	7.361918413119206	0	true
sp|Q9NP72|RAB18_HUMAN	3	0	2.5026984962821444	0	true
sp|Q9NP77|SSU72_HUMAN	2	0	6.098875176199906	0	true
sp|Q9NP79|VTA1_HUMAN	4	0	2.961615346658941	0	true
sp|Q9NP80|PLPL8_HUMAN	1	1	4.490526097832053	0	true
sp|Q9NP81|SYSM_HUMAN	8	0	4.77612232303517	0	true
sp|Q9NP90|RAB9B_HUMAN	0	2	5.508811452637895	0	true
sp|Q9NP92|RT30_HUMAN	2	0	2.6827026415814337	0	true
sp|Q9NP97|DLRB1_HUMAN	3	0	6.538196828782393	0	true
sp|Q9NPA0|EMC7_HUMAN	4	0	3.89316507400412	0	true
sp|Q9NPA3|M1IP1_HUMAN	1	0	3.5778765116665294	0	true
sp|Q9NPA8|ENY2_HUMAN	1	0	5.262553987632444	0	true
sp|Q9NPD3|EXOS4_HUMAN	4	0	3.4013645722802965	0	true
sp|Q9NPE3|NOP10_HUMAN	3	0	6.3247698667235595	0	true
sp|Q9NPF4|OSGEP_HUMAN	7	0	6.7263566006743885	0	true
sp|Q9NPF5|DMAP1_HUMAN	3	0	4.4771950600744	0	true
sp|Q9NPG4|PCD12_HUMAN	1	0	2.078859248293705	0	true
sp|Q9NPI6|DCP1A_HUMAN	2	0	3.839138586395503	0	true
sp|Q9NPJ3|ACO13_HUMAN	2	0	4.366546951873742	0	true
sp|Q9NPQ8|RIC8A_HUMAN	5	0	1.9303058259271721	0	true
sp|Q9NQ29|LUC7L_HUMAN	2	3	5.570790790485616	0	true
sp|Q9NQ48|LZTL1_HUMAN	1	0	2.9799103292634483	0	true
sp|Q9NQ55|SSF1_HUMAN	3	0	4.66556205594125	0	true
sp|Q9NQ88|TIGAR_HUMAN	3	0	2.626530478566359	0	true
sp|Q9NQA3|WASH6_HUMAN	1	1	7.1710381877175475	0	true
sp|Q9NQC3|RTN4_HUMAN	4	0	6.466423025816374	0	true
sp|Q9NQG1|MANBL_HUMAN	1	0	3.047901764083903	0	true
sp|Q9NQG5_p_target|RPR1B_HUMAN_p_target	1	0	1.2112220283451527	0	true
sp|Q9NQG5|RPR1B_HUMAN	8	0	7.317973325585262	0	true
sp|Q9NQP4|PFD4_HUMAN	2	0	7.699871212029344	0	true
sp|Q9NQR4|NIT2_HUMAN	9	0	8.004510848217173	0	true
sp|Q9NQS1|AVEN_HUMAN	1	0	0.754191422251866	0	true
sp|Q9NQS7|INCE_HUMAN	2	0	2.3405159612944444	0	true
sp|Q9NQT4|EXOS5_HUMAN	1	0	3.4378982497967123	0	true
sp|Q9NQT5|EXOS3_HUMAN	3	0	6.322700930275912	0	true
sp|Q9NQT8|KI13B_HUMAN	1	0	3.251805041723226	0	true
sp|Q9NQW7|XPP1_HUMAN	8	0	3.9377788363895982	0	true
sp|Q9NQX3|GEPH_HUMAN	5	0	3.440285505080497	0	true
sp|Q9NR09|BIRC6_HUMAN	1	0	3.921700691570817	0	true
sp|Q9NR12|PDLI7_HUMAN	6	0	3.765744158726782	0	true
sp|Q9NR19|ACSA_HUMAN	2	0	1.8346671471300011	0	true
sp|Q9NR28|DBLOH_HUMAN	4	0	2.591412092271668	0	true
sp|Q9NR30|DDX21_HUMAN	23	2	8.415562997350145	0	true
sp|Q9NR31|SAR1A_HUMAN	3	2	5.985022390595913	0	true
sp|Q9NR45|SIAS_HUMAN	9	0	9.505269649876112	0	true
sp|Q9NR46|SHLB2_HUMAN	10	0	4.868910130805587	0	true
sp|Q9NR50|EI2BG_HUMAN	8	0	7.397595875816974	0	true
sp|Q9NR56|MBNL1_HUMAN	7	0	3.233274400018637	0	true
sp|Q9NRF8|PYRG2_HUMAN	2	3	4.758719114952962	0	true
sp|Q9NRF9|DPOE3_HUMAN	1	0	7.016999118139724	0	true
sp|Q9NRG0|CHRC1_HUMAN	1	0	2.2869526925586667	0	true
sp|Q9NRG9|AAAS_HUMAN	4	0	3.7742234602227698	0	true
sp|Q9NRK6|ABCBA_HUMAN	3	1	2.506274138976073	0	true
sp|Q9NRL2|BAZ1A_HUMAN	3	0	2.938475229570661	0	true
sp|Q9NRL3|STRN4_HUMAN	1	0	1.7392469715595207	0	true
sp|Q9NRN7|ADPPT_HUMAN	1	0	5.345501451780059	0	true
sp|Q9NRP0|OSTC_HUMAN	1	0	7.909704714819241	0	true
sp|Q9NRP2|COXM2_HUMAN	2	0	1.9746229560745707	0	true
sp|Q9NRR5|UBQL4_HUMAN	4	3	6.34273953468723	0	true
sp|Q9NRV9|HEBP1_HUMAN	7	0	5.888855385981827	0	true
sp|Q9NRW7|VPS45_HUMAN	3	0	2.200548999754581	0	true
sp|Q9NRX1|PNO1_HUMAN	4	0	7.661625091592842	0	true
sp|Q9NRX2|RM17_HUMAN	3	0	4.753498621453165	0	true
sp|Q9NRX4|PHP14_HUMAN	3	0	6.617129976284468	0	true
sp|Q9NRY2|SOSSC_HUMAN	2	0	0.9477593471983344	0	true
sp|Q9NRY4|RHG35_HUMAN	1	0	0.692375011769664	0	true
sp|Q9NRY5|F1142_HUMAN	5	0	7.573829978315501	0	true
sp|Q9NRZ7|PLCC_HUMAN	1	0	2.1391293910827525	0	true
sp|Q9NRZ9|HELLS_HUMAN	4	0	2.1207199241534798	0	true
sp|Q9NS69|TOM22_HUMAN	2	0	7.799238108162504	0	true
sp|Q9NS86|LANC2_HUMAN	4	0	4.96233502006022	0	true
sp|Q9NS87|KIF15_HUMAN	1	0	0.7166659196349053	0	true
sp|Q9NSD9|SYFB_HUMAN	18	0	6.656202696288574	0	true
sp|Q9NSE4|SYIM_HUMAN	12	0	5.017014493495455	0	true
sp|Q9NSI2|SLX9_HUMAN	4	0	4.113549745154017	0	true
sp|Q9NSK0|KLC4_HUMAN	2	5	3.5802992577278228	0	true
sp|Q9NT62|ATG3_HUMAN	4	0	7.026478085271061	0	true
sp|Q9NTI5|PDS5B_HUMAN	13	2	7.256505745899077	0	true
sp|Q9NTJ3|SMC4_HUMAN	27	0	7.4276639031328004	0	true
sp|Q9NTJ5|SAC1_HUMAN	5	0	3.5398253157159023	0	true
sp|Q9NTK5|OLA1_HUMAN	16	0	7.139499450566939	0	true
sp|Q9NTM9|CUTC_HUMAN	4	0	4.546456548180825	0	true
sp|Q9NTX5|ECHD1_HUMAN	4	0	5.364994845841332	0	true
sp|Q9NTZ6|RBM12_HUMAN	12	0	5.99174065784781	0	true
sp|Q9NU22|MDN1_HUMAN	16	0	2.983205342458392	0	true
sp|Q9NUJ1|ABHDA_HUMAN	2	0	4.6614598780391905	0	true
sp|Q9NUL3|STAU2_HUMAN	1	0	2.41222939084724	0	true
sp|Q9NUP1|BL1S4_HUMAN	2	0	0.807049766465557	0	true
sp|Q9NUP9|LIN7C_HUMAN	3	0	0.7028061236869892	0	true
sp|Q9NUQ2|PLCE_HUMAN	1	0	0.9269554331645204	0	true
sp|Q9NUQ3|TXLNG_HUMAN	8	0	7.214916102486678	0	true
sp|Q9NUQ6|SPS2L_HUMAN	1	0	1.2827846166310004	0	true
sp|Q9NUQ8|ABCF3_HUMAN	6	0	2.1677031174884216	0	true
sp|Q9NUQ9|CYRIB_HUMAN	9	0	7.82104044926664	0	true
sp|Q9NUU7|DD19A_HUMAN	14	0	9.827609631005227	0	true
sp|Q9NUW8|TYDP1_HUMAN	1	0	2.0158644557187047	0	true
sp|Q9NUY8|TBC23_HUMAN	2	0	6.177230012037898	0	true
sp|Q9NV06|DCA13_HUMAN	3	0	3.4156501118358413	0	true
sp|Q9NV31|IMP3_HUMAN	3	0	5.486777310974942	0	true
sp|Q9NV56|MRGBP_HUMAN	1	0	5.503834342253693	0	true
sp|Q9NV70|EXOC1_HUMAN	1	0	5.132838620765772	0	true
sp|Q9NVA2|SEP11_HUMAN	0	5	3.8502785687387937	0	true
sp|Q9NVD7|PARVA_HUMAN	4	1	6.841352271657781	0	true
sp|Q9NVE7|PANK4_HUMAN	3	0	0.9697499320385767	0	true
sp|Q9NVG8|TBC13_HUMAN	6	0	3.379826073717775	0	true
sp|Q9NVH1|DJC11_HUMAN	4	0	4.0813475072743675	0	true
sp|Q9NVH2|INT7_HUMAN	1	0	2.512826664541775	0	true
sp|Q9NVI1|FANCI_HUMAN	4	0	0.9662137209052832	0	true
sp|Q9NVI7|ATD3A_HUMAN	5	13	7.896838582842823	0	true
sp|Q9NVJ2|ARL8B_HUMAN	7	0	4.937133152828949	0	true
sp|Q9NVK5|FGOP2_HUMAN	1	0	0.7522553177882394	0	true
sp|Q9NVM6|DJC17_HUMAN	5	0	7.01683593905532	0	true
sp|Q9NVM9|INT13_HUMAN	4	0	4.4375485678682995	0	true
sp|Q9NVN8|GNL3L_HUMAN	1	0	1.7056182748627264	0	true
sp|Q9NVP1|DDX18_HUMAN	13	0	6.776485372637859	0	true
sp|Q9NVR5|KTU_HUMAN	1	0	1.373178448346088	0	true
sp|Q9NVS2|RT18A_HUMAN	1	0	2.064786911129141	0	true
sp|Q9NVS9|PNPO_HUMAN	3	0	5.272932465287384	0	true
sp|Q9NVT9|ARMC1_HUMAN	1	0	2.790508400103415	0	true
sp|Q9NVU0|RPC5_HUMAN	4	0	4.262219045538913	0	true
sp|Q9NVU7|SDA1_HUMAN	7	0	1.8785453909483765	0	true
sp|Q9NVX2|NLE1_HUMAN	6	0	2.2527467768760223	0	true
sp|Q9NVX7|KBTB4_HUMAN	1	0	1.990885983145593	0	true
sp|Q9NW08|RPC2_HUMAN	3	0	0.8098000748601997	0	true
sp|Q9NW13|RBM28_HUMAN	15	0	7.5986780022586915	0	true
sp|Q9NW64|RBM22_HUMAN	7	0	5.933942097929765	0	true
sp|Q9NW82|WDR70_HUMAN	7	0	2.548273565398571	0	true
sp|Q9NWB6|ARGL1_HUMAN	5	0	1.4151552415282203	0	true
sp|Q9NWH9|SLTM_HUMAN	15	0	3.487617294285898	0	true
sp|Q9NWS0|PIHD1_HUMAN	3	0	5.7005103999438225	0	true
sp|Q9NWT1|PK1IP_HUMAN	3	0	3.007084661572847	0	true
sp|Q9NWT6|HIF1N_HUMAN	1	0	0.9551274811869879	0	true
sp|Q9NWU1|OXSM_HUMAN	4	0	3.6412379631866325	0	true
sp|Q9NWU5|RM22_HUMAN	5	0	5.297884032875974	0	true
sp|Q9NWV4|CZIB_HUMAN	4	0	6.011020476316968	0	true
sp|Q9NWV8|BABA1_HUMAN	1	0	1.2305117234594878	0	true
sp|Q9NWY4|HPF1_HUMAN	3	0	1.9235651986033933	0	true
sp|Q9NWZ5|UCKL1_HUMAN	1	0	1.4742821684785243	0	true
sp|Q9NX05|F120C_HUMAN	1	0	2.976487247569386	0	true
sp|Q9NX08|COMD8_HUMAN	1	0	0.7864769877865653	0	true
sp|Q9NX20|RM16_HUMAN	2	0	4.614072583373509	0	true
sp|Q9NX24|NHP2_HUMAN	5	0	4.7905429019278065	0	true
sp|Q9NX40|OCAD1_HUMAN	2	0	3.80792997661382	0	true
sp|Q9NX46|ADPRS_HUMAN	5	0	6.735178070230343	0	true
sp|Q9NX55|HYPK_HUMAN	4	0	1.680631477805723	0	true
sp|Q9NX58|LYAR_HUMAN	5	0	6.144004739506502	0	true
sp|Q9NX62|IMPA3_HUMAN	2	0	2.4092754944252888	0	true
sp|Q9NX63|MIC19_HUMAN	9	0	6.160520140644744	0	true
sp|Q9NX70|MED29_HUMAN	1	0	2.8890403181346325	0	true
sp|Q9NX74|DUS2_HUMAN	2	0	2.7778479488861088	0	true
sp|Q9NXA8|SIR5_HUMAN	1	0	3.6126263189876076	0	true
sp|Q9NXE4|NSMA3_HUMAN	5	0	2.8711322558763643	0	true
sp|Q9NXF1|TEX10_HUMAN	9	0	6.732363462689684	0	true
sp|Q9NXG2|THUM1_HUMAN	6	0	5.958842799609693	0	true
sp|Q9NXH9|TRM1_HUMAN	13	0	5.947122114126936	0	true
sp|Q9NXR7|BABA2_HUMAN	6	0	3.4789078512123583	0	true
sp|Q9NXS2|QPCTL_HUMAN	1	0	1.5953683118356246	0	true
sp|Q9NXV6|CARF_HUMAN	11	0	6.218256455729776	0	true
sp|Q9NXW2|DJB12_HUMAN	3	0	4.16624992939733	0	true
sp|Q9NXX6|NSE4A_HUMAN	1	0	2.0068122661749563	0	true
sp|Q9NY12|GAR1_HUMAN	6	0	7.138760108265812	0	true
sp|Q9NY27|PP4R2_HUMAN	5	0	2.7971108100773185	0	true
sp|Q9NY33|DPP3_HUMAN	9	0	8.535645244476862	0	true
sp|Q9NY61|AATF_HUMAN	7	0	8.174473462225436	0	true
sp|Q9NY93|DDX56_HUMAN	10	0	4.067918697908037	0	true
sp|Q9NYB0|TE2IP_HUMAN	5	0	5.530711689801127	0	true
sp|Q9NYF8|BCLF1_HUMAN	12	1	5.5105224343576795	0	true
sp|Q9NYH9|UTP6_HUMAN	5	0	6.203104100832784	0	true
sp|Q9NYJ1|COA4_HUMAN	4	0	4.557081070892838	0	true
sp|Q9NYK5|RM39_HUMAN	7	0	5.928438502235838	0	true
sp|Q9NYL4|FKB11_HUMAN	1	0	3.4338666013188943	0	true
sp|Q9NYL9|TMOD3_HUMAN	10	0	4.055533274306234	0	true
sp|Q9NYT0|PLEK2_HUMAN	1	0	0.8808594025973401	0	true
sp|Q9NYU1|UGGG2_HUMAN	1	1	1.1804602002830067	0	true
sp|Q9NYU2|UGGG1_HUMAN	24	1	7.1773316030015355	0	true
sp|Q9NYV4|CDK12_HUMAN	2	1	3.0843607676485956	0	true
sp|Q9NZ01|TECR_HUMAN	8	0	7.086805596908964	0	true
sp|Q9NZ08|ERAP1_HUMAN	7	0	4.235818313348676	0	true
sp|Q9NZ32|ARP10_HUMAN	4	0	0.9551093663457131	0	true
sp|Q9NZ43|USE1_HUMAN	1	0	0.6765438600665653	0	true
sp|Q9NZ45|CISD1_HUMAN	4	0	8.611986488658886	0	true
sp|Q9NZ53|PDXL2_HUMAN	1	0	0.7284703959780068	0	true
sp|Q9NZ63|TLS1_HUMAN	5	0	4.734455836484533	0	true
sp|Q9NZB2|F120A_HUMAN	18	0	9.776000626764924	0	true
sp|Q9NZD2|GLTP_HUMAN	1	0	2.843574469551962	0	true
sp|Q9NZD8|SPG21_HUMAN	1	0	1.4326579929899161	0	true
sp|Q9NZE8|RM35_HUMAN	1	0	0.7037344492252954	0	true
sp|Q9NZI8|IF2B1_HUMAN	8	2	7.042879457382549	0	true
sp|Q9NZJ4|SACS_HUMAN	1	0	0.9550007843454458	0	true
sp|Q9NZL4|HPBP1_HUMAN	7	0	5.081415265321724	0	true
sp|Q9NZL9|MAT2B_HUMAN	11	0	8.959101127373007	0	true
sp|Q9NZM1_p_target|MYOF_HUMAN_p_target	1	0	0.7571429082745523	0	true
sp|Q9NZM1|MYOF_HUMAN	45	0	9.200409310422355	0	true
sp|Q9NZM5|NOP53_HUMAN	1	0	1.7366809150051763	0	true
sp|Q9NZQ3_p_target|SPN90_HUMAN_p_target	1	0	1.6458554208340015	0	true
sp|Q9NZQ3|SPN90_HUMAN	4	0	1.961165527479568	0	true
sp|Q9NZT2|OGFR_HUMAN	10	0	4.893994690666866	0	true
sp|Q9NZV1|CRIM1_HUMAN	1	0	3.066134227346515	0	true
sp|Q9NZZ3|CHMP5_HUMAN	2	0	4.7816435044628935	0	true
sp|Q9P000|COMD9_HUMAN	3	0	3.4653590365120412	0	true
sp|Q9P003|CNIH4_HUMAN	1	0	7.510513581201824	0	true
sp|Q9P013_p_target|CWC15_HUMAN_p_target	1	0	1.6817520057214885	0	true
sp|Q9P013|CWC15_HUMAN	2	0	5.68299268994461	0	true
sp|Q9P015|RM15_HUMAN	4	0	4.466805717530536	0	true
sp|Q9P016|THYN1_HUMAN	4	0	1.7695898790496252	0	true
sp|Q9P032|NDUF4_HUMAN	3	0	3.2317884045903376	0	true
sp|Q9P035|HACD3_HUMAN	7	0	7.537672252062257	0	true
sp|Q9P086|MED11_HUMAN	1	0	3.0121214137883174	0	true
sp|Q9P0I2|EMC3_HUMAN	2	0	2.5779339607271092	0	true
sp|Q9P0J0|NDUAD_HUMAN	4	0	4.19846359638669	0	true
sp|Q9P0J7|KCMF1_HUMAN	2	0	1.9190798581641226	0	true
sp|Q9P0L0|VAPA_HUMAN	8	1	7.5588412523552595	0	true
sp|Q9P0M9|RM27_HUMAN	3	0	5.428905148267229	0	true
sp|Q9P0U3|SENP1_HUMAN	1	0	2.8032883508781055	0	true
sp|Q9P0V9|SEP10_HUMAN	7	1	6.309857180411043	0	true
sp|Q9P107|GMIP_HUMAN	2	0	1.341140718416707	0	true
sp|Q9P206|NHSL3_HUMAN	2	0	0.4665782329167898	0	true
sp|Q9P219_p_target|DAPLE_HUMAN_p_target	1	0	1.200280693430405	0	true
sp|Q9P253|VPS18_HUMAN	1	0	2.807013677259104	0	true
sp|Q9P258|RCC2_HUMAN	18	0	9.880500873696155	0	true
sp|Q9P260|RELCH_HUMAN	1	0	3.4399716997223484	0	true
sp|Q9P265|DIP2B_HUMAN	6	0	7.685241383193105	0	true
sp|Q9P270|SLAI2_HUMAN	2	0	2.7109468193401702	0	true
sp|Q9P275|UBP36_HUMAN	1	0	3.985354296448992	0	true
sp|Q9P287|BCCIP_HUMAN	7	0	6.979788516407106	0	true
sp|Q9P289|STK26_HUMAN	4	4	7.391253706334888	0	true
sp|Q9P2B2|FPRP_HUMAN	3	0	6.259386631368928	0	true
sp|Q9P2E3|ZNFX1_HUMAN	1	0	0.7654273236562242	0	true
sp|Q9P2E9|RRBP1_HUMAN	14	0	6.309276464995609	0	true
sp|Q9P2I0|CPSF2_HUMAN	1	0	5.0388945488683605	0	true
sp|Q9P2J5|SYLC_HUMAN	31	0	8.484912537286219	0	true
sp|Q9P2K8_p_target|E2AK4_HUMAN_p_target	1	0	0.9682609704719648	0	true
sp|Q9P2N5|RBM27_HUMAN	5	1	4.538919733243507	0	true
sp|Q9P2N6|KANL3_HUMAN	1	0	0.9319213992914291	0	true
sp|Q9P2R3|ANFY1_HUMAN	9	0	4.2517159027107	0	true
sp|Q9P2R7|SUCB1_HUMAN	10	0	5.527143233729693	0	true
sp|Q9P2T1|GMPR2_HUMAN	1	0	5.275508925012181	0	true
sp|Q9P2X0|DPM3_HUMAN	1	0	3.6306120335336685	0	true
sp|Q9UBB4|ATX10_HUMAN	5	0	2.6169271732599557	0	true
sp|Q9UBB5|MBD2_HUMAN	3	0	4.607384527196826	0	true
sp|Q9UBB6|NCDN_HUMAN	1	0	1.650685570285705	0	true
sp|Q9UBB9|TFP11_HUMAN	2	0	1.8774818131472784	0	true
sp|Q9UBC2|EP15R_HUMAN	10	0	5.0146819975254635	0	true
sp|Q9UBD5|ORC3_HUMAN	1	0	4.932620807887502	0	true
sp|Q9UBE0|SAE1_HUMAN	10	0	7.068951095042179	0	true
sp|Q9UBF2|COPG2_HUMAN	1	1	2.8734262762034417	0	true
sp|Q9UBF6|RBX2_HUMAN	1	0	4.045198137273448	0	true
sp|Q9UBG0|MRC2_HUMAN	2	0	2.943203649372224	0	true
sp|Q9UBI1|COMD3_HUMAN	4	0	4.943174639308622	0	true
sp|Q9UBI6|GBG12_HUMAN	4	0	7.210118989066192	0	true
sp|Q9UBK8|MTRR_HUMAN	5	0	4.744502242637692	0	true
sp|Q9UBL3|ASH2L_HUMAN	3	0	5.028256003934789	0	true
sp|Q9UBM7|DHCR7_HUMAN	3	0	6.783473075238352	0	true
sp|Q9UBP6|TRMB_HUMAN	2	0	3.2757476200763143	0	true
sp|Q9UBQ0|VPS29_HUMAN	5	0	5.728131881235913	0	true
sp|Q9UBQ5|EIF3K_HUMAN	4	0	4.7628598697525675	0	true
sp|Q9UBQ7|GRHPR_HUMAN	5	0	7.495046726085126	0	true
sp|Q9UBR2|CATZ_HUMAN	2	0	3.821067837878891	0	true
sp|Q9UBS4|DJB11_HUMAN	7	0	8.573379204619412	0	true
sp|Q9UBS8|RNF14_HUMAN	1	0	0.9522532040656685	0	true
sp|Q9UBT2|SAE2_HUMAN	14	0	8.052532912468266	0	true
sp|Q9UBU8|MO4L1_HUMAN	2	0	3.7475384526979445	0	true
sp|Q9UBU9|NXF1_HUMAN	11	0	3.9115955939689875	0	true
sp|Q9UBV2|SE1L1_HUMAN	2	0	2.2908388387395884	0	true
sp|Q9UBV8|PEF1_HUMAN	1	0	0.6879890994590779	0	true
sp|Q9UBW8|CSN7A_HUMAN	3	0	4.606870426438954	0	true
sp|Q9UBX3|DIC_HUMAN	4	0	6.5914930522682695	0	true
sp|Q9UDW1|QCR9_HUMAN	1	0	2.8406023422339413	0	true
sp|Q9UDY2|ZO2_HUMAN	9	0	6.055671877115273	0	true
sp|Q9UDY4|DNJB4_HUMAN	5	1	7.194330762995349	0	true
sp|Q9UEE9|CFDP1_HUMAN	3	0	1.979235725677343	0	true
sp|Q9UEG4|ZN629_HUMAN	1	1	1.0730233484668434	0	true
sp|Q9UFN0|NPS3A_HUMAN	3	0	2.0022146651411505	0	true
sp|Q9UFW8|CGBP1_HUMAN	3	0	1.9888173279243357	0	true
sp|Q9UG63_p_target|ABCF2_HUMAN_p_target	1	0	1.4668244552733178	0	true
sp|Q9UG63|ABCF2_HUMAN	17	0	7.912368367238724	0	true
sp|Q9UGI8|TES_HUMAN	16	0	5.721008820199369	0	true
sp|Q9UGJ1|GCP4_HUMAN	2	0	1.8317394659764346	0	true
sp|Q9UGK8|SRGEF_HUMAN	1	0	3.3661697155388377	0	true
sp|Q9UGN5|PARP2_HUMAN	1	0	3.4948405030004075	0	true
sp|Q9UGP4|LIMD1_HUMAN	1	0	2.5376185038565384	0	true
sp|Q9UGP8|SEC63_HUMAN	10	0	7.1260444598460415	0	true
sp|Q9UGU0|TCF20_HUMAN	1	0	1.19708273194413	0	true
sp|Q9UGV2|NDRG3_HUMAN	5	0	7.593443758155952	0	true
sp|Q9UH62|ARMX3_HUMAN	1	0	1.7967586245961482	0	true
sp|Q9UH65|SWP70_HUMAN	8	0	2.7269960801622224	0	true
sp|Q9UH99|SUN2_HUMAN	2	0	2.1217234157097304	0	true
sp|Q9UHA3|RLP24_HUMAN	1	0	3.153080062296293	0	true
sp|Q9UHA4|LTOR3_HUMAN	1	0	3.5820569495864785	0	true
sp|Q9UHB6|LIMA1_HUMAN	10	0	5.129400831981328	0	true
sp|Q9UHB9|SRP68_HUMAN	13	0	6.624908426635678	0	true
sp|Q9UHD1|CHRD1_HUMAN	9	0	7.590480570714284	0	true
sp|Q9UHD8|SEPT9_HUMAN	17	1	8.008408453006584	0	true
sp|Q9UHD9|UBQL2_HUMAN	2	5	9.492363928462872	0	true
sp|Q9UHG3|PCYOX_HUMAN	11	0	7.521860356197281	0	true
sp|Q9UHI6|DDX20_HUMAN	4	0	4.938061822663086	0	true
sp|Q9UHL4|DPP2_HUMAN	2	0	1.535511732899129	0	true
sp|Q9UHQ4|BAP29_HUMAN	1	0	5.472763311498312	0	true
sp|Q9UHQ9|NB5R1_HUMAN	6	0	3.127414855950256	0	true
sp|Q9UHR4|BI2L1_HUMAN	2	0	5.412963040145659	0	true
sp|Q9UHR5|S30BP_HUMAN	4	0	6.647421360432738	0	true
sp|Q9UHR6|ZNHI2_HUMAN	3	0	2.49658542094251	0	true
sp|Q9UHV9|PFD2_HUMAN	4	0	8.705262910499686	0	true
sp|Q9UHX1|PUF60_HUMAN	14	0	6.974103153030464	0	true
sp|Q9UHY1|NRBP_HUMAN	3	0	3.037978727208753	0	true
sp|Q9UHY7|ENOPH_HUMAN	4	0	4.059644553733527	0	true
sp|Q9UI09|NDUAC_HUMAN	2	0	2.741966952795549	0	true
sp|Q9UI10|EI2BD_HUMAN	7	0	5.630673529853893	0	true
sp|Q9UI26_p_target|IPO11_HUMAN_p_target	1	0	0.721353579568265	0	true
sp|Q9UI26|IPO11_HUMAN	6	0	1.996389539977318	0	true
sp|Q9UI30|TR112_HUMAN	3	0	6.978924697284235	0	true
sp|Q9UIA9|XPO7_HUMAN	13	0	6.537015153792315	0	true
sp|Q9UID3|VPS51_HUMAN	3	0	4.345082473062069	0	true
sp|Q9UIF9|BAZ2A_HUMAN	2	0	0.9818922542473363	0	true
sp|Q9UIG0|BAZ1B_HUMAN	24	0	7.1070207473199245	0	true
sp|Q9UII2|ATIF1_HUMAN	2	0	3.5956141312509478	0	true
sp|Q9UIJ7|KAD3_HUMAN	4	0	5.634323275359003	0	true
sp|Q9UIQ6|LCAP_HUMAN	7	0	3.5986628744655484	0	true
sp|Q9UIS9|MBD1_HUMAN	1	0	1.4661794979510756	0	true
sp|Q9UIV1|CNOT7_HUMAN	2	0	1.8164920415551955	0	true
sp|Q9UJ41|RABX5_HUMAN	1	0	1.589741770842549	0	true
sp|Q9UJ70|NAGK_HUMAN	6	0	7.085043674346	0	true
sp|Q9UJ83|HACL1_HUMAN	6	0	2.73532436641589	0	true
sp|Q9UJA5|TRM6_HUMAN	1	0	2.121346319952353	0	true
sp|Q9UJC3|HOOK1_HUMAN	2	0	6.427714367402663	0	true
sp|Q9UJS0|S2513_HUMAN	11	5	7.8010534711672745	0	true
sp|Q9UJU6|DBNL_HUMAN	12	0	7.198891750976208	0	true
sp|Q9UJW0|DCTN4_HUMAN	2	0	3.729709190281061	0	true
sp|Q9UJX2|CDC23_HUMAN	3	0	5.801213374333943	0	true
sp|Q9UJX3|APC7_HUMAN	8	0	6.0996465807023785	0	true
sp|Q9UJX6|ANC2_HUMAN	2	0	1.919348943618899	0	true
sp|Q9UJZ1|STML2_HUMAN	8	0	7.814906441399385	0	true
sp|Q9UK22|FBX2_HUMAN	3	0	3.3034779465524347	0	true
sp|Q9UK41|VPS28_HUMAN	3	0	3.9217333298216914	0	true
sp|Q9UK45|LSM7_HUMAN	1	0	2.0549997206360566	0	true
sp|Q9UK58|CCNL1_HUMAN	1	0	3.275263525581418	0	true
sp|Q9UK59|DBR1_HUMAN	7	0	3.705475178472304	0	true
sp|Q9UK76|JUPI1_HUMAN	5	0	7.012821290900393	0	true
sp|Q9UK99|FBX3_HUMAN	1	0	1.7502734358903729	0	true
sp|Q9UKB3_p_target|DJC12_HUMAN_p_target	1	0	0.6470596807080106	0	true
sp|Q9UKD2|MRT4_HUMAN	11	0	5.341910746069694	0	true
sp|Q9UKF6|CPSF3_HUMAN	6	0	7.077129479981653	0	true
sp|Q9UKG1|DP13A_HUMAN	5	0	5.977507555784293	0	true
sp|Q9UKJ3|GPTC8_HUMAN	3	0	2.4747351136001083	0	true
sp|Q9UKK6|NXT1_HUMAN	2	0	4.393117839895728	0	true
sp|Q9UKK9|NUDT5_HUMAN	9	0	7.760698766406699	0	true
sp|Q9UKL0|RCOR1_HUMAN	5	0	5.7111610223602565	0	true
sp|Q9UKM7|MA1B1_HUMAN	2	0	2.643352348191055	0	true
sp|Q9UKM9|RALY_HUMAN	11	0	6.1156262345329555	0	true
sp|Q9UKN8|TF3C4_HUMAN	12	0	5.172362326266938	0	true
sp|Q9UKS6|PACN3_HUMAN	9	0	9.680099810042213	0	true
sp|Q9UKV3|ACINU_HUMAN	19	0	6.428121641320681	0	true
sp|Q9UKV8|AGO2_HUMAN	8	3	2.9910685646762354	0	true
sp|Q9UKX7|NUP50_HUMAN	11	0	7.392864992880695	0	true
sp|Q9UKY7|CDV3_HUMAN	4	0	4.953860922009382	0	true
sp|Q9UKZ1|CNO11_HUMAN	2	0	4.45181725787146	0	true
sp|Q9UL03|INT6_HUMAN	1	0	2.755049017348853	0	true
sp|Q9UL15|BAG5_HUMAN	4	0	1.399878717109027	0	true
sp|Q9UL25|RAB21_HUMAN	5	0	6.042440994662457	0	true
sp|Q9UL26|RB22A_HUMAN	1	2	4.6865870887216685	0	true
sp|Q9UL33|TPC2L_HUMAN	1	0	1.3508611207797492	0	true
sp|Q9UL40|ZN346_HUMAN	2	0	1.0569168721297546	0	true
sp|Q9UL46|PSME2_HUMAN	6	0	6.704982557657268	0	true
sp|Q9ULA0|DNPEP_HUMAN	6	0	2.6222402212507663	0	true
sp|Q9ULC5|ACSL5_HUMAN	3	0	1.2860830090417141	0	true
sp|Q9ULF5|S39AA_HUMAN	3	0	3.9636154407563593	0	true
sp|Q9ULI2|RIMKB_HUMAN	1	0	2.516378559485998	0	true
sp|Q9ULJ3|ZBT21_HUMAN	2	0	1.9465045500096574	0	true
sp|Q9ULJ7|ANR50_HUMAN	1	0	0.8158519171664915	0	true
sp|Q9ULK4|MED23_HUMAN	6	0	1.7758078492047085	0	true
sp|Q9ULQ1|TPC1_HUMAN	1	0	3.789482518446116	0	true
sp|Q9ULR0|ISY1_HUMAN	2	0	2.761912720029286	0	true
sp|Q9ULT8|HECD1_HUMAN	4	0	3.0737962297811894	0	true
sp|Q9ULV3|CIZ1_HUMAN	1	0	3.7716535678565	0	true
sp|Q9ULV4|COR1C_HUMAN	13	0	6.438041138375621	0	true
sp|Q9ULW0|TPX2_HUMAN	3	0	2.4406680466643387	0	true
sp|Q9ULX3|NOB1_HUMAN	5	0	2.965685452137079	0	true
sp|Q9ULX6|AKP8L_HUMAN	8	0	4.436647148333755	0	true
sp|Q9UM00|TMCO1_HUMAN	4	0	6.8427979106007335	0	true
sp|Q9UM54|MYO6_HUMAN	5	0	5.8009670840510905	0	true
sp|Q9UMR5|PPT2_HUMAN	1	0	2.1294226646782004	0	true
sp|Q9UMS4|PRP19_HUMAN	9	0	8.266791702220843	0	true
sp|Q9UMX0|UBQL1_HUMAN	5	6	6.34273953468723	0	true
sp|Q9UMX5|NENF_HUMAN	4	0	4.6651614932179255	0	true
sp|Q9UMY1|UTP16_HUMAN	3	0	4.797834854753247	0	true
sp|Q9UMY4|SNX12_HUMAN	5	2	5.725425968355796	0	true
sp|Q9UN37|VPS4A_HUMAN	2	2	4.721085802166374	0	true
sp|Q9UN86|G3BP2_HUMAN	7	1	5.833255919840445	0	true
sp|Q9UNE7|CHIP_HUMAN	7	0	2.7098359715082747	0	true
sp|Q9UNF0|PACN2_HUMAN	8	0	3.451799632838692	0	true
sp|Q9UNF1|MAGD2_HUMAN	4	0	4.479858956832818	0	true
sp|Q9UNH7|SNX6_HUMAN	7	0	4.489911627524837	0	true
sp|Q9UNI6|DUS12_HUMAN	3	0	1.1860503411760126	0	true
sp|Q9UNK0|STX8_HUMAN	2	0	0.8023065794602088	0	true
sp|Q9UNL2|SSRG_HUMAN	2	0	8.428114896257288	0	true
sp|Q9UNM6|PSD13_HUMAN	13	0	5.527134720459067	0	true
sp|Q9UNN5|FAF1_HUMAN	5	0	5.657902607562807	0	true
sp|Q9UNN8|EPCR_HUMAN	1	0	4.171865895783176	0	true
sp|Q9UNP9|PPIE_HUMAN	2	0	3.029177538724517	0	true
sp|Q9UNQ2|DIM1_HUMAN	7	0	6.4159936948949525	0	true
sp|Q9UNS2|CSN3_HUMAN	7	0	6.692255778101224	0	true
sp|Q9UNW1|MINP1_HUMAN	2	0	0.438845431041755	0	true
sp|Q9UNX3_p_target|RL26L_HUMAN_p_target	1	0	0.9592249728587703	0	true
sp|Q9UNX3|RL26L_HUMAN	1	7	7.995139835999393	0	true
sp|Q9UNX4|WDR3_HUMAN	8	0	3.2063011837965067	0	true
sp|Q9UNY4_p_target|TTF2_HUMAN_p_target	1	0	1.1527600510511762	0	true
sp|Q9UNZ2|NSF1C_HUMAN	7	0	8.018518727763713	0	true
sp|Q9UPN3|MACF1_HUMAN	15	1	2.9269734518604364	0	true
sp|Q9UPN4|CP131_HUMAN	2	0	3.023567286318002	0	true
sp|Q9UPN6|SCAF8_HUMAN	1	1	4.429502393926049	0	true
sp|Q9UPN7|PP6R1_HUMAN	4	0	3.749042390150018	0	true
sp|Q9UPN9|TRI33_HUMAN	7	0	5.984391913133944	0	true
sp|Q9UPP1|PHF8_HUMAN	1	0	2.672050949317687	0	true
sp|Q9UPQ0|LIMC1_HUMAN	17	0	7.70080203918711	0	true
sp|Q9UPT5|EXOC7_HUMAN	8	0	5.384409848846815	0	true
sp|Q9UPT8|ZC3H4_HUMAN	6	0	7.0881826593146755	0	true
sp|Q9UPU5|UBP24_HUMAN	1	0	1.212337164721352	0	true
sp|Q9UPW0|FOXJ3_HUMAN	1	0	4.0020316640367515	0	true
sp|Q9UPY3|DICER_HUMAN	2	0	0.6566777018964086	0	true
sp|Q9UQ13|SHOC2_HUMAN	1	0	1.9709072712379887	0	true
sp|Q9UQ35|SRRM2_HUMAN	19	0	7.089275518553252	0	true
sp|Q9UQ80|PA2G4_HUMAN	18	0	9.609828517347932	0	true
sp|Q9UQE7|SMC3_HUMAN	30	0	6.8220713402077635	0	true
sp|Q9UQR0|SCML2_HUMAN	9	0	2.5208969304747746	0	true
sp|Q9Y217|MTMR6_HUMAN	1	0	1.4917281829429971	0	true
sp|Q9Y221|NIP7_HUMAN	4	0	6.759709190684131	0	true
sp|Q9Y223|GLCNE_HUMAN	6	0	3.479976099179394	0	true
sp|Q9Y224|RTRAF_HUMAN	9	0	6.468428280782101	0	true
sp|Q9Y230|RUVB2_HUMAN	18	0	7.7803535899435525	0	true
sp|Q9Y232|CDYL_HUMAN	3	0	3.752061950760243	0	true
sp|Q9Y237|PIN4_HUMAN	2	0	5.185639023242671	0	true
sp|Q9Y248|PSF2_HUMAN	1	0	2.525646832884681	0	true
sp|Q9Y262|EIF3L_HUMAN	15	0	7.936446964110294	0	true
sp|Q9Y263|PLAP_HUMAN	13	0	6.882671917985241	0	true
sp|Q9Y265|RUVB1_HUMAN	18	0	7.744864232076181	0	true
sp|Q9Y266_p_target|NUDC_HUMAN_p_target	1	0	1.3770557761059288	0	true
sp|Q9Y266|NUDC_HUMAN	17	0	7.512373058030153	0	true
sp|Q9Y276|BCS1_HUMAN	2	0	0.6879128941890397	0	true
sp|Q9Y277|VDAC3_HUMAN	9	0	7.866663519916188	0	true
sp|Q9Y281|COF2_HUMAN	6	1	8.269164263848886	0	true
sp|Q9Y282|ERGI3_HUMAN	4	0	3.131689758008447	0	true
sp|Q9Y285|SYFA_HUMAN	5	0	8.206652165435639	0	true
sp|Q9Y291|RT33_HUMAN	1	0	3.7351540236348755	0	true
sp|Q9Y295|DRG1_HUMAN	11	0	4.653660621618111	0	true
sp|Q9Y2A7|NCKP1_HUMAN	8	0	4.983035779074424	0	true
sp|Q9Y2B0|CNPY2_HUMAN	8	0	8.319800582431231	0	true
sp|Q9Y2C4|EXOG_HUMAN	1	0	2.1620950479353165	0	true
sp|Q9Y2H6|FND3A_HUMAN	5	0	3.166847067723829	0	true
sp|Q9Y2I1|NISCH_HUMAN	1	0	1.1726731070478957	0	true
sp|Q9Y2J4|AMOL2_HUMAN	1	0	1.6333251965781577	0	true
sp|Q9Y2K7|KDM2A_HUMAN	5	0	3.8525160171283637	0	true
sp|Q9Y2L1|RRP44_HUMAN	18	0	7.870245564802538	0	true
sp|Q9Y2P8|RCL1_HUMAN	4	0	2.717495463502938	0	true
sp|Q9Y2Q3|GSTK1_HUMAN	6	0	8.083263797760257	0	true
sp|Q9Y2Q5|LTOR2_HUMAN	2	0	2.190619828023572	0	true
sp|Q9Y2Q9|RT28_HUMAN	4	0	3.802722295130923	0	true
sp|Q9Y2R4|DDX52_HUMAN	3	0	3.730981523334311	0	true
sp|Q9Y2R5|RT17_HUMAN	3	0	3.6362727749410095	0	true
sp|Q9Y2R9|RT07_HUMAN	7	0	5.254142002507876	0	true
sp|Q9Y2S7|PDIP2_HUMAN	7	0	5.080133163843909	0	true
sp|Q9Y2T2|AP3M1_HUMAN	4	0	4.86534316795399	0	true
sp|Q9Y2T3|GUAD_HUMAN	15	0	5.9337565235631	0	true
sp|Q9Y2U8|MAN1_HUMAN	6	0	3.02789005715744	0	true
sp|Q9Y2V2|CHSP1_HUMAN	1	0	7.797314788452777	0	true
sp|Q9Y2W1|TR150_HUMAN	27	1	9.339219369402134	0	true
sp|Q9Y2W2|WBP11_HUMAN	9	0	4.033133151275725	0	true
sp|Q9Y2X3|NOP58_HUMAN	18	0	7.852562351499358	0	true
sp|Q9Y2X7|GIT1_HUMAN	2	0	3.888706495224462	0	true
sp|Q9Y2Z0|SGT1_HUMAN	10	0	6.914634494773218	0	true
sp|Q9Y2Z4|SYYM_HUMAN	4	0	4.788880670650618	0	true
sp|Q9Y2Z9|COQ6_HUMAN	2	0	2.8048122607997836	0	true
sp|Q9Y305|ACOT9_HUMAN	11	0	6.300760129507478	0	true
sp|Q9Y314|NOSIP_HUMAN	4	0	4.703804691033728	0	true
sp|Q9Y315|DEOC_HUMAN	8	0	5.246137244041172	0	true
sp|Q9Y316|MEMO1_HUMAN	3	0	4.267959180938278	0	true
sp|Q9Y324|FCF1_HUMAN	3	0	1.8182957590799407	0	true
sp|Q9Y333|LSM2_HUMAN	2	0	6.0855208914558325	0	true
sp|Q9Y371|SHLB1_HUMAN	2	0	1.0289397394349626	0	true
sp|Q9Y375|CIA30_HUMAN	3	0	3.664039750050691	0	true
sp|Q9Y376|CAB39_HUMAN	5	0	3.103300112403063	0	true
sp|Q9Y383|LC7L2_HUMAN	7	3	8.270696430798816	0	true
sp|Q9Y385|UB2J1_HUMAN	2	0	1.2517182404172815	0	true
sp|Q9Y394|DHRS7_HUMAN	4	0	6.688143958677978	0	true
sp|Q9Y399|RT02_HUMAN	4	0	3.298303250738722	0	true
sp|Q9Y3A2|UTP11_HUMAN	4	0	3.5037228433698515	0	true
sp|Q9Y3A3|PHOCN_HUMAN	2	0	4.133821544669071	0	true
sp|Q9Y3A4|RRP7A_HUMAN	5	0	3.485246402698229	0	true
sp|Q9Y3A5|SBDS_HUMAN	8	0	4.087405440806987	0	true
sp|Q9Y3A6|TMED5_HUMAN	2	0	6.459747973556266	0	true
sp|Q9Y3B2|EXOS1_HUMAN	3	0	7.912355420939926	0	true
sp|Q9Y3B3|TMED7_HUMAN	4	0	5.850028427679007	0	true
sp|Q9Y3B4|SF3B6_HUMAN	4	0	6.2890966608537795	0	true
sp|Q9Y3B7|RM11_HUMAN	7	0	3.6312601884894105	0	true
sp|Q9Y3B8|ORN_HUMAN	7	0	2.736335941040248	0	true
sp|Q9Y3B9|RRP15_HUMAN	4	0	2.873711552181745	0	true
sp|Q9Y3C1|NOP16_HUMAN	2	0	1.90604132796051	0	true
sp|Q9Y3C4|TPRKB_HUMAN	2	0	2.0743221808544368	0	true
sp|Q9Y3C6|PPIL1_HUMAN	4	0	5.777202974864373	0	true
sp|Q9Y3C8|UFC1_HUMAN	3	0	1.5662632972748753	0	true
sp|Q9Y3D0|CIA2B_HUMAN	3	0	6.621436815736375	0	true
sp|Q9Y3D6|FIS1_HUMAN	2	0	5.6239051818346715	0	true
sp|Q9Y3D7|TIM16_HUMAN	2	0	3.4762413230089595	0	true
sp|Q9Y3D9|RT23_HUMAN	7	0	5.389941906433676	0	true
sp|Q9Y3E1|HDGR3_HUMAN	1	2	2.66491086647341	0	true
sp|Q9Y3E2|BOLA1_HUMAN	1	0	0.8249342187022014	0	true
sp|Q9Y3E5|PTH2_HUMAN	5	0	5.0971301176925925	0	true
sp|Q9Y3E7|CHMP3_HUMAN	3	0	3.0722471893720207	0	true
sp|Q9Y3F4|STRAP_HUMAN	13	0	9.57727704548755	0	true
sp|Q9Y3I0|RTCB_HUMAN	20	0	10.086466136919206	0	true
sp|Q9Y3I1|FBX7_HUMAN	1	0	2.5149581380520014	0	true
sp|Q9Y3L5|RAP2C_HUMAN	2	1	3.515880671357685	0	true
sp|Q9Y3P9|RBGP1_HUMAN	6	0	4.199530451042088	0	true
sp|Q9Y3Q3|TMED3_HUMAN	1	0	1.824507940086753	0	true
sp|Q9Y3S2|ZN330_HUMAN	1	0	2.972624854669721	0	true
sp|Q9Y3T9|NOC2L_HUMAN	13	0	4.424095488344663	0	true
sp|Q9Y3U8|RL36_HUMAN	4	0	6.895755086833489	0	true
sp|Q9Y3Y2|CHTOP_HUMAN	4	0	7.6968166524613615	0	true
sp|Q9Y3Z3|SAMH1_HUMAN	7	0	5.20585473690461	0	true
sp|Q9Y446|PKP3_HUMAN	7	0	6.450711170601128	0	true
sp|Q9Y450|HBS1L_HUMAN	2	0	0.8919250217623179	0	true
sp|Q9Y478|AAKB1_HUMAN	1	0	1.290969832551915	0	true
sp|Q9Y485|DMXL1_HUMAN	1	0	0.9244070540036441	0	true
sp|Q9Y490|TLN1_HUMAN	63	7	9.413111787018169	0	true
sp|Q9Y4A5|TRRAP_HUMAN	3	0	1.039880872183068	0	true
sp|Q9Y4B6|DCAF1_HUMAN	4	0	3.700951595051324	0	true
sp|Q9Y4C8|RBM19_HUMAN	3	0	4.2704750721624105	0	true
sp|Q9Y4E8|UBP15_HUMAN	10	0	6.276597890377425	0	true
sp|Q9Y4G6|TLN2_HUMAN	4	7	7.391458603089571	0	true
sp|Q9Y4H2|IRS2_HUMAN	4	0	5.909653753491458	0	true
sp|Q9Y4K1|CRBG1_HUMAN	1	0	1.3937854885114918	0	true
sp|Q9Y4L1|HYOU1_HUMAN	27	0	8.689527837221293	0	true
sp|Q9Y4P1|ATG4B_HUMAN	3	0	5.1626716951787195	0	true
sp|Q9Y4P3|TBL2_HUMAN	8	0	6.458240345485783	0	true
sp|Q9Y4R8|TELO2_HUMAN	2	0	2.013498117042153	0	true
sp|Q9Y4W2|LAS1L_HUMAN	11	0	5.484460414907114	0	true
sp|Q9Y4W6|AFG32_HUMAN	13	1	3.685395210340732	0	true
sp|Q9Y4X5|ARI1_HUMAN	5	0	4.020937332718372	0	true
sp|Q9Y4Z0|LSM4_HUMAN	4	0	5.942894971792359	0	true
sp|Q9Y508|RN114_HUMAN	2	0	5.168837579658495	0	true
sp|Q9Y512|SAM50_HUMAN	10	0	5.10536832187658	0	true
sp|Q9Y520|PRC2C_HUMAN	21	0	6.749597350158267	0	true
sp|Q9Y530|OARD1_HUMAN	3	0	1.3338034449538638	0	true
sp|Q9Y547|IFT25_HUMAN	1	0	4.322536719639861	0	true
sp|Q9Y570|PPME1_HUMAN	9	0	5.12602799636209	0	true
sp|Q9Y580|RBM7_HUMAN	1	0	4.353573964819715	0	true
sp|Q9Y584|TIM22_HUMAN	1	0	0.8587674311728754	0	true
sp|Q9Y5A7|NUB1_HUMAN	2	0	3.209024261389842	0	true
sp|Q9Y5A9|YTHD2_HUMAN	5	4	4.136116990405224	0	true
sp|Q9Y5B0|CTDP1_HUMAN	1	0	3.67364813137466	0	true
sp|Q9Y5B6|PAXB1_HUMAN	4	0	4.871269457093395	0	true
sp|Q9Y5B8|NDK7_HUMAN	1	0	0.9797847503470017	0	true
sp|Q9Y5B9|SP16H_HUMAN	30	0	9.133865696908416	0	true
sp|Q9Y5J1|UTP18_HUMAN	6	0	8.044551370082809	0	true
sp|Q9Y5J6|T10B_HUMAN	1	0	1.694566431779375	0	true
sp|Q9Y5J7|TIM9_HUMAN	3	0	5.205369008123413	0	true
sp|Q9Y5J9|TIM8B_HUMAN	1	0	0.7549060118984114	0	true
sp|Q9Y5K5|UCHL5_HUMAN	12	0	7.147903217022205	0	true
sp|Q9Y5K6|CD2AP_HUMAN	7	0	1.9950575788851297	0	true
sp|Q9Y5K8|VATD_HUMAN	2	0	3.041541802075218	0	true
sp|Q9Y5L0|TNPO3_HUMAN	9	0	5.332240059131792	0	true
sp|Q9Y5L4|TIM13_HUMAN	5	0	8.673563453690875	0	true
sp|Q9Y5M8|SRPRB_HUMAN	8	0	8.35668602283583	0	true
sp|Q9Y5P4|CERT_HUMAN	5	0	5.340462510157479	0	true
sp|Q9Y5P6|GMPPB_HUMAN	4	0	2.0837947420471066	0	true
sp|Q9Y5Q9|TF3C3_HUMAN	2	0	4.030922537160735	0	true
sp|Q9Y5S2|MRCKB_HUMAN	11	0	3.4454885011299066	0	true
sp|Q9Y5S9|RBM8A_HUMAN	6	0	9.241394689458689	0	true
sp|Q9Y5U9|IR3IP_HUMAN	1	0	0.9615889050866484	0	true
sp|Q9Y5X1|SNX9_HUMAN	5	0	5.702395499512927	0	true
sp|Q9Y5X3|SNX5_HUMAN	6	0	5.169907176719224	0	true
sp|Q9Y5Z4|HEBP2_HUMAN	1	0	3.8222313099520537	0	true
sp|Q9Y605|MOFA1_HUMAN	1	0	5.09810374209879	0	true
sp|Q9Y606|PUS1_HUMAN	10	0	6.508625345960403	0	true
sp|Q9Y608|LRRF2_HUMAN	2	0	5.109100273716587	0	true
sp|Q9Y613|FHOD1_HUMAN	5	0	4.546198931456078	0	true
sp|Q9Y617_p_target|SERC_HUMAN_p_target	1	0	1.214739223590414	0	true
sp|Q9Y617|SERC_HUMAN	15	0	8.396104994986729	0	true
sp|Q9Y619|ORNT1_HUMAN	1	0	3.4033107178037234	0	true
sp|Q9Y624|JAM1_HUMAN	1	0	1.791800211739937	0	true
sp|Q9Y639|NPTN_HUMAN	2	0	4.2472736935148445	0	true
sp|Q9Y653|AGRG1_HUMAN	1	0	1.6960886838746478	0	true
sp|Q9Y657|SPIN1_HUMAN	1	0	1.787994558772063	0	true
sp|Q9Y666|S12A7_HUMAN	1	0	2.309745598572305	0	true
sp|Q9Y673|ALG5_HUMAN	3	0	1.8391304553682564	0	true
sp|Q9Y676|RT18B_HUMAN	3	0	4.889382679562349	0	true
sp|Q9Y678|COPG1_HUMAN	19	1	7.229704515181005	0	true
sp|Q9Y679|AUP1_HUMAN	2	0	2.168762925603069	0	true
sp|Q9Y696|CLIC4_HUMAN	10	0	8.950456483516207	0	true
sp|Q9Y697|NFS1_HUMAN	5	0	5.352310987869452	0	true
sp|Q9Y6A1|POMT1_HUMAN	1	0	0.8802121143994359	0	true
sp|Q9Y6A4|CFA20_HUMAN	3	0	2.073638835182296	0	true
sp|Q9Y6A5|TACC3_HUMAN	1	0	4.028760336155297	0	true
sp|Q9Y6B6|SAR1B_HUMAN	2	2	3.332891770778743	0	true
sp|Q9Y6C9|MTCH2_HUMAN	10	0	7.388513834773662	0	true
sp|Q9Y6D0|SELK_HUMAN	1	0	1.0334275441578955	0	true
sp|Q9Y6D5|BIG2_HUMAN	4	5	2.3403283592040296	0	true
sp|Q9Y6D6|BIG1_HUMAN	4	5	5.403017735386817	0	true
sp|Q9Y6D9|MD1L1_HUMAN	8	0	2.778183996416128	0	true
sp|Q9Y6E0|STK24_HUMAN	3	4	7.391253706334888	0	true
sp|Q9Y6E2|5MP1_HUMAN	6	1	5.208769902318643	0	true
sp|Q9Y6G3|RM42_HUMAN	3	0	2.464269441822492	0	true
sp|Q9Y6G5|COMDA_HUMAN	2	0	2.558589620794999	0	true
sp|Q9Y6G9|DC1L1_HUMAN	9	1	6.006283357616359	0	true
sp|Q9Y6I3|EPN1_HUMAN	5	0	4.388361113352004	0	true
sp|Q9Y6I4|UBP3_HUMAN	5	0	3.870451082537892	0	true
sp|Q9Y6K0|CEPT1_HUMAN	1	0	3.338537660296408	0	true
sp|Q9Y6K5|OAS3_HUMAN	9	0	5.62522527709438	0	true
sp|Q9Y6K9|NEMO_HUMAN	5	0	3.153341495992638	0	true
sp|Q9Y6M0|TEST_HUMAN	4	0	2.423089596977016	0	true
sp|Q9Y6M5|ZNT1_HUMAN	5	0	2.3433250267380115	0	true
sp|Q9Y6M7|S4A7_HUMAN	1	0	0.6809196515801132	0	true
sp|Q9Y6M9|NDUB9_HUMAN	4	0	3.7815389450827674	0	true
sp|Q9Y6N1|COX11_HUMAN	1	0	0.7600198754944125	0	true
sp|Q9Y6N5|SQOR_HUMAN	15	0	5.9218680165962585	0	true
sp|Q9Y6W3|CAN7_HUMAN	4	0	3.2790219038828297	0	true
sp|Q9Y6W5|WASF2_HUMAN	3	0	2.6207538544579014	0	true
sp|Q9Y6Y8|S23IP_HUMAN	9	0	2.8977298990747364	0	true
