peptideModSeq	precursorCharge	FileName	StartRT	EndRT	ApexRT	ApexIntensity	IntegratedArea
AAAGELQEDSGLC[+57.0215]VLAR	2	Ast-2024-12-05_HeLa_3mzDIA_6mIIT_400-900_60	13.425088783333	13.631429866667	13.54414955	0	780.1044993190023
AADEEAFEDNSEEYIRR	3	Ast-2024-12-05_HeLa_3mzDIA_6mIIT_400-900_60	10.455494633333	10.591609	10.5220415	0	4014.9619999241736
AAEIYGVTHTR	2	Ast-2024-12-05_HeLa_3mzDIA_6mIIT_400-900_60	6.66414355	6.793363933333	6.719389083333	0	515.2274646598028
AAEMLSQLDLFSR	3	Ast-2024-12-05_HeLa_3mzDIA_6mIIT_400-900_49	18.18546555	18.348686083333	18.2677361	0	351.5543813117362
AAFQYGIK	2	Ast-2024-12-05_HeLa_3mzDIA_6mIIT_400-900_55	9.427938466667	9.53213545	9.496757983333	0	3795.47925976663
AAGFKDPLLASGTDGVGTK	3	Ast-2024-12-05_HeLa_3mzDIA_6mIIT_400-900_60	11.82345525	11.996973633333	11.911190766667	0	3329.2054177918426
AAIIADSSTFR	2	Ast-2024-12-05_HeLa_3mzDIA_6mIIT_400-900_60	10.420561433333	10.555679	10.486791233333	0	1317.5696655017334
AAIWESQHEGPEGAR	2	Ast-2024-12-05_HeLa_3mzDIA_6mIIT_400-900_55	8.11962075	8.223323866667	8.18902685	0	75.46028729623204
AAPPPPPPPPPLESSPR	3	Ast-2024-12-05_HeLa_3mzDIA_6mIIT_400-900_49	10.208082633333	10.573681233333	10.3741788	0	1027.38887483766
AAPPTAGSMAIEK	3	Ast-2024-12-05_HeLa_3mzDIA_6mIIT_400-900_49	8.285781633333	8.3915249	8.337738416667	0	12.122258860802164
AASNIIFSNGNLDPWAGGGIR	3	Ast-2024-12-05_HeLa_3mzDIA_6mIIT_400-900_60	18.052493216667	18.220992066667	18.135971466667	0	352.6758731974163
AASVVQPQPLVVVK	2	Ast-2024-12-05_HeLa_3mzDIA_6mIIT_400-900_60	12.354091233333	12.454087933333	12.404424066667	0	833.6998528566417
AATENIPVVR	2	Ast-2024-12-05_HeLa_3mzDIA_6mIIT_400-900_60	8.876157433333	9.0110134	8.944641383333	0	6502.485315782513
AAVENLPTFLVELSR	3	Ast-2024-12-05_HeLa_3mzDIA_6mIIT_400-900_60	20.631533483333	20.8380035	20.723938916667	0	5576.921810080186
AC[+57.0215]NAIEDAQSTR	2	Ast-2024-12-05_HeLa_3mzDIA_6mIIT_400-900_60	6.257114183333	6.36823195	6.312811916667	0	399.82989801263085
AC[+57.0215]TDESLAVEER	2	Ast-2024-12-05_HeLa_3mzDIA_6mIIT_400-900_60	7.704456083333	7.776405683333	7.758470833333	0	154.5924315061332
ADEGLASLSEDGR	3	Ast-2024-12-05_HeLa_3mzDIA_6mIIT_400-900_55	9.883834833333	10.020690433333	9.93408735	0	104.72984534097051
ADNAFMLLTQAR	3	Ast-2024-12-05_HeLa_3mzDIA_6mIIT_400-900_49	16.190179816667	16.283772683333	16.228181666667	0	43.401733587027024
AEDLPLRK	2	Ast-2024-12-05_HeLa_3mzDIA_6mIIT_400-900_60	5.91449455	6.121923116667	5.971620766667	0	2993.753603464741
AEEEAQSLFVTEC[+57.0215]IK	2	Ast-2024-12-05_HeLa_3mzDIA_6mIIT_400-900_49	13.984289133333	14.0688214	14.000713483333	0	170.07520931913103
AEFWLDLQPQAK	3	Ast-2024-12-05_HeLa_3mzDIA_6mIIT_400-900_60	16.696597883333	16.87379815	16.773508466667	0	106.60615433377372
AEGILLLVK	2	Ast-2024-12-05_HeLa_3mzDIA_6mIIT_400-900_55	15.624026283333	15.698898383333	15.661101083333	0	164.07212477881276
AEIQELDQSLELMER	3	Ast-2024-12-05_HeLa_3mzDIA_6mIIT_400-900_55	17.310131783333	17.455861016667	17.41366905	0	743.1289843002345
AENSHNAGQVDTR	3	Ast-2024-12-05_HeLa_3mzDIA_6mIIT_400-900_60	2.487293883333	2.6174642	2.55354825	0	945.9945723690545
AESVQGGETR	2	Ast-2024-12-05_HeLa_3mzDIA_6mIIT_400-900_60	2.885773966667	2.9719946	2.9295601	0	179.4641629478391
AEVLWLMGAK	2	Ast-2024-12-05_HeLa_3mzDIA_6mIIT_400-900_60	16.359774033333	16.51412095	16.4359806	0	1879.1547880494059
AFLLDSALAVK	2	Ast-2024-12-05_HeLa_3mzDIA_6mIIT_400-900_60	16.47528385	16.615445516667	16.55519355	0	589.9295290762692
AFPEHFTYEPNEADAAQGYR	3	Ast-2024-12-05_HeLa_3mzDIA_6mIIT_400-900_60	11.886820183333	12.196817666667	12.078481316667	0	1942.6397468418998
AFSAFVGQMHQQGILK	3	Ast-2024-12-05_HeLa_3mzDIA_6mIIT_400-900_55	13.842615966667	13.981826366667	13.911810683333	0	499.5967351582326
AFSWASVTSK	2	Ast-2024-12-05_HeLa_3mzDIA_6mIIT_400-900_55	12.525252916667	12.64687655	12.5935698	0	509.0441166467626
AFTASSTLSEYK	3	Ast-2024-12-05_HeLa_3mzDIA_6mIIT_400-900_55	10.701858533333	10.768349233333	10.735067816667	0	243.71889547374167
AFTDVPSIQIYSSR	3	Ast-2024-12-05_HeLa_3mzDIA_6mIIT_400-900_49	15.0848996	15.229122583333	15.139598933333	0	155.88401734601547
AFVSGLLIGQC[+57.0215]SSQK	3	Ast-2024-12-05_HeLa_3mzDIA_6mIIT_400-900_55	14.5846454	14.725741783333	14.639624833333	0	115.85903628690978
AGC[+57.0215]DEIWEK	2	Ast-2024-12-05_HeLa_3mzDIA_6mIIT_400-900_60	8.9450944	9.08154975	8.994921783333	0	1953.0720815471875
AGEGTYALDSESC[+57.0215]MEK	2	Ast-2024-12-05_HeLa_3mzDIA_6mIIT_400-900_60	9.438352433333	9.574615733333	9.490045116667	0	1897.9421125200558
AGLLALMLHQTIQHDPLTTDLR	3	Ast-2024-12-05_HeLa_3mzDIA_6mIIT_400-900_55	19.82050665	19.910193066667	19.864096966667	0	121.40152614080415
AGLVVEDALFETLPSDVREQMK	3	Ast-2024-12-05_HeLa_3mzDIA_6mIIT_400-900_49	19.464176633333	19.550962916667	19.529064783333	0	212.39815102355934
AGTAFYIDQC[+57.0215]AVR	3	Ast-2024-12-05_HeLa_3mzDIA_6mIIT_400-900_49	12.059631566667	12.145126416667	12.059631566667	0	838.9652062304962
AGVNTVTTLVENKK	3	Ast-2024-12-05_HeLa_3mzDIA_6mIIT_400-900_60	9.727130633333	9.862941266667	9.795522833333	0	30769.51505714211
AHLEQVDK	2	Ast-2024-12-05_HeLa_3mzDIA_6mIIT_400-900_49	3.405131633333	3.531784566667	3.489314366667	0	637.1679991021693
AHSTGEQPPQLSLATR	2	Ast-2024-12-05_HeLa_3mzDIA_6mIIT_400-900_49	9.040964016667	9.212323016667	9.109401883333	0	118.9001485749759
AIEINPDSAQPYK	2	Ast-2024-12-05_HeLa_3mzDIA_6mIIT_400-900_60	10.414382516667	10.583914916667	10.480901833333	0	30177.483823839684
AILVLLSK	2	Ast-2024-12-05_HeLa_3mzDIA_6mIIT_400-900_60	14.482604016667	14.6092852	14.5729561	0	62.94386106331354
AIPSFLNSFNR	2	Ast-2024-12-05_HeLa_3mzDIA_6mIIT_400-900_60	16.0583612	16.174901883333	16.11775465	0	3549.5826086604707
AKPAEAPAAAAPK	2	Ast-2024-12-05_HeLa_3mzDIA_6mIIT_400-900_60	4.09212915	4.260758733333	4.197489916667	0	2220.5915598418223
ALDDISESIK	2	Ast-2024-12-05_HeLa_3mzDIA_6mIIT_400-900_60	10.85504995	10.990592966667	10.92284395	0	15241.839467924654
ALDELFEAIEQK	3	Ast-2024-12-05_HeLa_3mzDIA_6mIIT_400-900_60	18.592675066667	18.763435483333	18.6571544	0	266.7043381131124
ALGIHQTGQK	2	Ast-2024-12-05_HeLa_3mzDIA_6mIIT_400-900_55	4.177802183333	4.343924116667	4.260930566667	0	894.4734484242553
ALKEITTFEGC[+57.0215]K	2	Ast-2024-12-05_HeLa_3mzDIA_6mIIT_400-900_49	9.694898866667	9.729653633333	9.712460033333	0	14.425571100946847
ALLESMVDAAENLC[+57.0215]PNVMK	3	Ast-2024-12-05_HeLa_3mzDIA_6mIIT_400-900_49	21.484890966667	21.621125733333	21.575699216667	0	132.42141383892542
ALWEDEGVR	2	Ast-2024-12-05_HeLa_3mzDIA_6mIIT_400-900_60	10.632138266667	10.768481383333	10.717527816667	0	8585.653607678665
AMASINER	2	Ast-2024-12-05_HeLa_3mzDIA_6mIIT_400-900_60	5.509438333333	5.587931483333	5.548866883333	0	408.5309838775086
AMAYETLEQYGK	3	Ast-2024-12-05_HeLa_3mzDIA_6mIIT_400-900_55	11.971334266667	12.039383566667	12.005972016667	0	206.19276761604232
AMKPPGGESSNLFGSPEEATPSSR	3	Ast-2024-12-05_HeLa_3mzDIA_6mIIT_400-900_55	10.900897466667	11.0177751	10.966952116667	0	484.67463376772514
AMLLTSYLPPPLLR	3	Ast-2024-12-05_HeLa_3mzDIA_6mIIT_400-900_49	20.743340533333	20.921076633333	20.876501266667	0	16.70637286362168
AMVFMDVR	2	Ast-2024-12-05_HeLa_3mzDIA_6mIIT_400-900_60	12.973381733333	13.093428316667	13.058065683333	0	228.74237816252992
ANLHALIQMK	2	Ast-2024-12-05_HeLa_3mzDIA_6mIIT_400-900_49	10.747045283333	10.8138212	10.78063235	0	97.56862331590807
ANTLATSDVSR	2	Ast-2024-12-05_HeLa_3mzDIA_6mIIT_400-900_60	6.019872866667	6.132721916667	6.132721916667	0	0
ANVIANINNC[+57.0215]LSFR	3	Ast-2024-12-05_HeLa_3mzDIA_6mIIT_400-900_55	15.575648816667	15.72390855	15.611602616667	0	274.99652004863947
APEPDLMSPTRK	2	Ast-2024-12-05_HeLa_3mzDIA_6mIIT_400-900_55	7.805691416667	7.929758233333	7.858685883333	0	223.93403140125713
APGETALIDR	2	Ast-2024-12-05_HeLa_3mzDIA_6mIIT_400-900_55	8.5162342	8.6554796	8.568618683333	0	1051.8059887199443
AQAALAVNISAAR	2	Ast-2024-12-05_HeLa_3mzDIA_6mIIT_400-900_60	10.898012366667	11.033659383333	10.98345275	0	2452.0551102250492
AQAEAQQPTFDALRDELR	3	Ast-2024-12-05_HeLa_3mzDIA_6mIIT_400-900_60	13.473095	13.576314266667	13.5241503	0	9983.025046804458
AQDSAAYAIQELLSIYDC[+57.0215]R	3	Ast-2024-12-05_HeLa_3mzDIA_6mIIT_400-900_49	22.89863465	22.991073133333	22.944890883333	0	32.954344877996505
AQEAGLQQEQR	2	Ast-2024-12-05_HeLa_3mzDIA_6mIIT_400-900_55	4.499917133333	4.620087283333	4.5601421	0	328.6785448656001
AQEEADYIEWLK	2	Ast-2024-12-05_HeLa_3mzDIA_6mIIT_400-900_60	15.8890488	16.040481016667	15.963186716667	0	2403.825772787686
AQEGLC[+57.0215]LIGDHLLLR	2	Ast-2024-12-05_HeLa_3mzDIA_6mIIT_400-900_60	16.436238116667	16.555060366667	16.514390066667	0	134.34970364166804
AQEGLC[+57.0215]LIGDHLLLR	3	Ast-2024-12-05_HeLa_3mzDIA_6mIIT_400-900_60	16.436238116667	16.555060366667	16.514390066667	0	261.3481105332663
AQQEHQSLLEK	2	Ast-2024-12-05_HeLa_3mzDIA_6mIIT_400-900_55	5.027015833333	5.12348985	5.0846667	0	187.9644054200478
AQQMHTGPVLDVC[+57.0215]WSDDGSK	3	Ast-2024-12-05_HeLa_3mzDIA_6mIIT_400-900_60	12.540753016667	12.781313616667	12.663631533333	0	3366.3800505830754
AQTAHIVLEDGTK	2	Ast-2024-12-05_HeLa_3mzDIA_6mIIT_400-900_60	7.229190783333	7.372813233333	7.300182516667	0	9069.737533499323
AQVARPGGDTIFGK	3	Ast-2024-12-05_HeLa_3mzDIA_6mIIT_400-900_60	8.768037883333	8.904433683333	8.83654315	0	55293.45411215726
ASLLQNESTNEQLQIHYK	3	Ast-2024-12-05_HeLa_3mzDIA_6mIIT_400-900_60	11.774129916667	11.877102466667	11.824888633333	0	2288.9058933672945
ASQEDANEIK	2	Ast-2024-12-05_HeLa_3mzDIA_6mIIT_400-900_49	4.028594333333	4.17120645	4.15065065	0	2191.7719638299527
ASSISEEVAVGSIAATLK	2	Ast-2024-12-05_HeLa_3mzDIA_6mIIT_400-900_60	16.256554116667	16.374790583333	16.316275466667	0	233.215823839876
ASTGPPLIK	2	Ast-2024-12-05_HeLa_3mzDIA_6mIIT_400-900_49	7.89681515	8.0036947	7.931770483333	0	138.28577128014234
ASVPPTDK	2	Ast-2024-12-05_HeLa_3mzDIA_6mIIT_400-900_55	3.174998	3.317876766667	3.2367964	0	17633.982530971385
ATAGAYIASQTVK	2	Ast-2024-12-05_HeLa_3mzDIA_6mIIT_400-900_60	8.512827166667	8.65278945	8.599880333333	0	18265.777144141666
ATDLSIQPPSADLEVQAGQVDVK	3	Ast-2024-12-05_HeLa_3mzDIA_6mIIT_400-900_49	15.498711083333	15.626887	15.5725855	0	66.87381920765476
AVDEDPENQTLR	2	Ast-2024-12-05_HeLa_3mzDIA_6mIIT_400-900_55	7.321324466667	7.465612183333	7.393325	0	231.46214663234142
AVDQVC[+57.0215]TFLFK	2	Ast-2024-12-05_HeLa_3mzDIA_6mIIT_400-900_49	15.829583216667	15.9751983	15.93886175	0	863.4545890656195
AVEVQGPSLESGDHGK	2	Ast-2024-12-05_HeLa_3mzDIA_6mIIT_400-900_60	7.5800576	7.724800583333	7.6710995	0	3374.7652403707584
AVGQWAGAK	2	Ast-2024-12-05_HeLa_3mzDIA_6mIIT_400-900_55	6.464607933333	6.574390783333	6.574390783333	0	487.92907711759767
AVIEHNLLSASK	3	Ast-2024-12-05_HeLa_3mzDIA_6mIIT_400-900_60	8.789648033333	8.892064383333	8.85797445	0	842.0310854942277
AVITC[+57.0215]YDTETR	2	Ast-2024-12-05_HeLa_3mzDIA_6mIIT_400-900_49	8.33841635	8.410216816667	8.356331783333	0	74.41384376097017
AVLDEFTAPAEK	2	Ast-2024-12-05_HeLa_3mzDIA_6mIIT_400-900_55	12.46857995	12.604054583333	12.552426166667	0	355.3734288269376
AVLQEEQANLWFSK	2	Ast-2024-12-05_HeLa_3mzDIA_6mIIT_400-900_60	15.286497533333	15.433977866667	15.359938433333	0	1206.985067979063
AVSSAIAQLLGEVAQGNENYAGIAAR	3	Ast-2024-12-05_HeLa_3mzDIA_6mIIT_400-900_60	21.875131116667	22.013390733333	21.944484133333	0	3052.502095774599
AVVHMDER	2	Ast-2024-12-05_HeLa_3mzDIA_6mIIT_400-900_60	4.6820871	4.8220259	4.721683166667	0	930.0822907210686
AYIFSDC[+57.0215]HSR	2	Ast-2024-12-05_HeLa_3mzDIA_6mIIT_400-900_49	7.752802566667	7.842987466667	7.789095216667	0	88.55979389142384
AYPEVLAQGR	2	Ast-2024-12-05_HeLa_3mzDIA_6mIIT_400-900_60	9.57727755	9.716061383333	9.629680366667	0	2865.3327842027857
C[+57.0215]C[+57.0215]LTYC[+57.0215]FNKPEDK	3	Ast-2024-12-05_HeLa_3mzDIA_6mIIT_400-900_60	9.318831716667	9.455620383333	9.36948395	0	19340.847689353497
C[+57.0215]DEILMEEIK	2	Ast-2024-12-05_HeLa_3mzDIA_6mIIT_400-900_49	13.429992433333	13.5826499	13.497685783333	0	222.28654251119056
C[+57.0215]EAVVADVLDK	2	Ast-2024-12-05_HeLa_3mzDIA_6mIIT_400-900_60	12.178091883333	12.311005966667	12.244779633333	0	5755.894785218374
C[+57.0215]EVFDDEEESK	2	Ast-2024-12-05_HeLa_3mzDIA_6mIIT_400-900_55	7.64396155	7.75261605	7.71621895	0	190.78562341659074
C[+57.0215]FNTLTNSFQPSLLGR	3	Ast-2024-12-05_HeLa_3mzDIA_6mIIT_400-900_60	16.684684316667	16.84165095	16.762087133333	0	1854.0802504520523
C[+57.0215]HTTHSMALIHNR	2	Ast-2024-12-05_HeLa_3mzDIA_6mIIT_400-900_55	4.613735983333	4.733002383333	4.69299285	0	137.6710221901548
C[+57.0215]IFYDTEHLK	2	Ast-2024-12-05_HeLa_3mzDIA_6mIIT_400-900_60	10.319562116667	10.4553472	10.4051622	0	647.9752987888403
C[+57.0215]ITDPQTGLC[+57.0215]LLPLK	3	Ast-2024-12-05_HeLa_3mzDIA_6mIIT_400-900_60	17.48553675	17.64968275	17.56760855	0	539.8884106429867
C[+57.0215]LDALAALR	2	Ast-2024-12-05_HeLa_3mzDIA_6mIIT_400-900_60	13.7671707	13.868978516667	13.8184092	0	840.9849960675202
C[+57.0215]LELFSELAEDKENYK	3	Ast-2024-12-05_HeLa_3mzDIA_6mIIT_400-900_60	15.542186616667	15.696183816667	15.696183816667	0	0
C[+57.0215]LIELEPVLR	2	Ast-2024-12-05_HeLa_3mzDIA_6mIIT_400-900_60	16.3609128	16.495503616667	16.399737816667	0	574.5753369297101
C[+57.0215]LLDTFK	2	Ast-2024-12-05_HeLa_3mzDIA_6mIIT_400-900_55	12.778275733333	12.91356895	12.82881435	0	904.1875204412963
C[+57.0215]LPEWLR	2	Ast-2024-12-05_HeLa_3mzDIA_6mIIT_400-900_60	13.642812016667	13.783751916667	13.696617666667	0	588.0491843860647
C[+57.0215]LTGLAVGLR	2	Ast-2024-12-05_HeLa_3mzDIA_6mIIT_400-900_60	12.948791816667	13.050391566667	12.9826008	0	329.9327143551748
C[+57.0215]LYFADTFLR	2	Ast-2024-12-05_HeLa_3mzDIA_6mIIT_400-900_60	17.450783166667	17.573975083333	17.471387533333	0	339.1652769961374
C[+57.0215]QC[+57.0215]EEGFQLDPHTK	2	Ast-2024-12-05_HeLa_3mzDIA_6mIIT_400-900_55	8.68749655	8.82599525	8.757907816667	0	129.2331082681637
C[+57.0215]QGGNNAGHTVVVDGK	2	Ast-2024-12-05_HeLa_3mzDIA_6mIIT_400-900_60	4.516961083333	4.638878266667	4.5784439	0	108.25589545222365
C[+57.0215]QSSC[+57.0215]GQVK	2	Ast-2024-12-05_HeLa_3mzDIA_6mIIT_400-900_49	2.250812866667	2.363972516667	2.2972267	0	308.9971637537708
C[+57.0215]QTAMPQYGC[+57.0215]VWC[+57.0215]EGERPR	3	Ast-2024-12-05_HeLa_3mzDIA_6mIIT_400-900_55	11.56617535	11.702694266667	11.669607783333	0	57.201484971083346
C[+57.0215]REDQWYPLEPR	3	Ast-2024-12-05_HeLa_3mzDIA_6mIIT_400-900_60	11.690459516667	11.805631233333	11.723705383333	0	337.78534042169156
C[+57.0215]SYIAESDAAVK	2	Ast-2024-12-05_HeLa_3mzDIA_6mIIT_400-900_55	8.4408624	8.509491716667	8.474942666667	0	54.96090302491542
C[+57.0215]TPEGWSEHR	2	Ast-2024-12-05_HeLa_3mzDIA_6mIIT_400-900_55	5.534677733333	5.649587233333	5.573047733333	0	541.171940786928
C[+57.0215]VETIVSAIK	2	Ast-2024-12-05_HeLa_3mzDIA_6mIIT_400-900_60	12.0407003	12.144156483333	12.092874866667	0	176.65619311520825
C[+57.0215]VLFETFGR	2	Ast-2024-12-05_HeLa_3mzDIA_6mIIT_400-900_60	14.620809566667	14.764407183333	14.656273666667	0	991.2224436108766
C[+57.0215]VTC[+57.0215]NYC[+57.0215]SQLC[+57.0215]K	2	Ast-2024-12-05_HeLa_3mzDIA_6mIIT_400-900_60	8.198167866667	8.305403333333	8.251231433333	0	105.3762358306876
C[+57.0215]YLDINALQELYQK	2	Ast-2024-12-05_HeLa_3mzDIA_6mIIT_400-900_60	18.4133436	18.520542983333	18.498473516667	0	88.04909130940139
DAGVVC[+57.0215]TNETR	2	Ast-2024-12-05_HeLa_3mzDIA_6mIIT_400-900_49	5.674188916667	5.825239733333	5.7690664	0	699.9682939133015
DAGYGGISLAVEGPSK	2	Ast-2024-12-05_HeLa_3mzDIA_6mIIT_400-900_60	13.507862666667	13.718212266667	13.594140133333	0	25262.56489694454
DAMEQC[+57.0215]HNYNAR	3	Ast-2024-12-05_HeLa_3mzDIA_6mIIT_400-900_60	4.77649925	4.894798883333	4.8560202	0	390.27093769773256
DATNVAAAFEEAVR	2	Ast-2024-12-05_HeLa_3mzDIA_6mIIT_400-900_60	16.706224266667	16.86379125	16.803034433333	0	7439.999626076043
DAVGQPPR	2	Ast-2024-12-05_HeLa_3mzDIA_6mIIT_400-900_55	4.445020566667	4.566366933333	4.5060136	0	869.8599330616544
DC[+57.0215]IFTIDPSTAR	2	Ast-2024-12-05_HeLa_3mzDIA_6mIIT_400-900_60	14.236786116667	14.416049833333	14.3285108	0	1073.7534442962638
DC[+57.0215]LTESNLIK	2	Ast-2024-12-05_HeLa_3mzDIA_6mIIT_400-900_60	11.092650983333	11.22591125	11.126992816667	0	2254.768247436686
DC[+57.0215]PQDFVARPK	3	Ast-2024-12-05_HeLa_3mzDIA_6mIIT_400-900_49	7.810567133333	7.917342283333	7.88257285	0	1359.0495461769435
DC[+57.0215]QIAHGAAQFLR	2	Ast-2024-12-05_HeLa_3mzDIA_6mIIT_400-900_60	11.791251883333	11.930661366667	11.860120633333	0	726.5416657132545
DDEPVC[+57.0215]GRPLGIR	3	Ast-2024-12-05_HeLa_3mzDIA_6mIIT_400-900_60	9.2866175	9.42283585	9.354531583333	0	5950.53141981176
DDVIVTASNFSSER	2	Ast-2024-12-05_HeLa_3mzDIA_6mIIT_400-900_60	12.42995155	12.567498466667	12.497488583333	0	863.9699629122962
DEEISNLHQR	2	Ast-2024-12-05_HeLa_3mzDIA_6mIIT_400-900_60	5.7242009	5.878491183333	5.781096983333	0	106.0785149572797
DEGNEAVEAVLLESIHR	3	Ast-2024-12-05_HeLa_3mzDIA_6mIIT_400-900_60	17.2935411	17.460785783333	17.378240216667	0	568.3249347159394
DEPIHILNVAIK	2	Ast-2024-12-05_HeLa_3mzDIA_6mIIT_400-900_60	14.985995966667	15.136018066667	15.061180116667	0	2055.7423608920726
DETYKPHLER	3	Ast-2024-12-05_HeLa_3mzDIA_6mIIT_400-900_49	5.731354666667	5.863335783333	5.7888675	0	423.69878442052976
DEVPYLR	2	Ast-2024-12-05_HeLa_3mzDIA_6mIIT_400-900_60	10.32522345	10.493445116667	10.393754066667	0	7555.686307665101
DFIHTASISFLTPLR	2	Ast-2024-12-05_HeLa_3mzDIA_6mIIT_400-900_60	19.200462866667	19.332456533333	19.222621	0	408.5249364891286
DFMATNPEHLEILK	2	Ast-2024-12-05_HeLa_3mzDIA_6mIIT_400-900_49	14.912958283333	15.023873566667	15.0061039	0	297.14684329336325
DFPPAAAQVAHQK	2	Ast-2024-12-05_HeLa_3mzDIA_6mIIT_400-900_55	8.116771	8.43252555	8.291567516667	0	4853.4003218188745
DGDGTITTK	2	Ast-2024-12-05_HeLa_3mzDIA_6mIIT_400-900_60	3.705305966667	3.99608815	3.829868316667	0	46482.28020855806
DGIDDESYEAIFKPVMSK	3	Ast-2024-12-05_HeLa_3mzDIA_6mIIT_400-900_60	16.685801916667	16.842867883333	16.76317205	0	879.7044407645799
DGLALGMGQGLKAWPR	3	Ast-2024-12-05_HeLa_3mzDIA_6mIIT_400-900_49	15.46697505	15.722533333333	15.65040555	0	5006.361827043601
DGLVVFGK	2	Ast-2024-12-05_HeLa_3mzDIA_6mIIT_400-900_60	12.82853535	12.997534966667	12.89698585	0	238.56171046561366
DGTFDPDNLEK	2	Ast-2024-12-05_HeLa_3mzDIA_6mIIT_400-900_55	11.023097716667	11.175287833333	11.108981983333	0	4191.01172366998
DHLVTAYNHLFETK	3	Ast-2024-12-05_HeLa_3mzDIA_6mIIT_400-900_60	12.079809616667	12.18159625	12.131264866667	0	29130.402783573754
DHQLDTR	2	Ast-2024-12-05_HeLa_3mzDIA_6mIIT_400-900_55	2.80393885	2.97632675	2.86912205	0	398.48946099121014
DHSPDLYSLELAGLDEIGK	3	Ast-2024-12-05_HeLa_3mzDIA_6mIIT_400-900_60	18.76321725	18.93601155	18.8489455	0	336.8187344398151
DHTFLYEK	2	Ast-2024-12-05_HeLa_3mzDIA_6mIIT_400-900_60	7.980230133333	8.08642385	8.033503316667	0	1572.4312849815533
DHVYLQLHHLPPEQLATR	3	Ast-2024-12-05_HeLa_3mzDIA_6mIIT_400-900_60	11.179097133333	11.361595266667	11.294093233333	0	4040.887159192328
DIDFLAEK	2	Ast-2024-12-05_HeLa_3mzDIA_6mIIT_400-900_55	13.51631345	13.635755933333	13.566532966667	0	2606.231440001447
DIGTNLPTLLWK	2	Ast-2024-12-05_HeLa_3mzDIA_6mIIT_400-900_60	19.1194892	19.252465483333	19.185988716667	0	1031.6693998498677
DILVATDVAGR	2	Ast-2024-12-05_HeLa_3mzDIA_6mIIT_400-900_60	12.031605	12.202048283333	12.152134583333	0	15268.842714614973
DKLDPDMALC[+57.0215]R	3	Ast-2024-12-05_HeLa_3mzDIA_6mIIT_400-900_55	10.054508983333	10.13741585	10.103298416667	0	15.685831701268938
DKPLELWDVR	2	Ast-2024-12-05_HeLa_3mzDIA_6mIIT_400-900_49	13.7344945	13.872415833333	13.80368075	0	1020.2258862649527
DLAEDLYDGQVLQK	3	Ast-2024-12-05_HeLa_3mzDIA_6mIIT_400-900_55	15.837789283333	15.986181216667	15.9304149	0	4590.494818277285
DLC[+57.0215]QAHGLPLDGEER	2	Ast-2024-12-05_HeLa_3mzDIA_6mIIT_400-900_60	10.525301916667	10.662862533333	10.5945223	0	436.0909324278402
DLDDNLFGQHLAK	2	Ast-2024-12-05_HeLa_3mzDIA_6mIIT_400-900_60	13.431380216667	13.56818335	13.482677133333	0	1243.2410443029794
DLEALMFDR	2	Ast-2024-12-05_HeLa_3mzDIA_6mIIT_400-900_60	17.30262495	17.469482483333	17.344269916667	0	7813.45374282135
DLEGAGDAAAWQAEHVR	2	Ast-2024-12-05_HeLa_3mzDIA_6mIIT_400-900_49	11.875799883333	11.943044266667	11.909066016667	0	17.694646273089184
DLGYLQQWLK	2	Ast-2024-12-05_HeLa_3mzDIA_6mIIT_400-900_49	19.3737355	19.525357383333	19.438895733333	0	836.2891908841186
DLLFQALGR	2	Ast-2024-12-05_HeLa_3mzDIA_6mIIT_400-900_60	17.041516016667	17.20783135	17.124803933333	0	2671.33970007789
DLSLENGAHAYNR	2	Ast-2024-12-05_HeLa_3mzDIA_6mIIT_400-900_60	8.637105266667	8.776950266667	8.7249182	0	447.3477605608658
DLSQQIR	2	Ast-2024-12-05_HeLa_3mzDIA_6mIIT_400-900_49	7.290552366667	7.432312866667	7.3616291	0	3850.583256760556
DMPLLSC[+57.0215]LESLR	2	Ast-2024-12-05_HeLa_3mzDIA_6mIIT_400-900_60	21.0187649	21.156050383333	21.110527833333	0	2128.6684503309075
DMSPLSETEMALGK	2	Ast-2024-12-05_HeLa_3mzDIA_6mIIT_400-900_60	15.74602105	15.8981332	15.82329425	0	3570.7201443655513
DMVC[+57.0215]NMLGLNK	2	Ast-2024-12-05_HeLa_3mzDIA_6mIIT_400-900_49	15.218265183333	15.34214	15.307576316667	0	511.58367354463263
DMYLVPK	2	Ast-2024-12-05_HeLa_3mzDIA_6mIIT_400-900_49	11.25301695	11.33398985	11.317911416667	0	1482.0975619532926
DNAC[+57.0215]NDMGK	2	Ast-2024-12-05_HeLa_3mzDIA_6mIIT_400-900_49	3.026232733333	3.2747292	3.1722203	0	2976.6904780144687
DNFQDTLQVVTAHYR	3	Ast-2024-12-05_HeLa_3mzDIA_6mIIT_400-900_60	15.374722516667	15.485325516667	15.448553383333	0	1519.927109496152
DNFYQHNVEK	2	Ast-2024-12-05_HeLa_3mzDIA_6mIIT_400-900_49	6.417216966667	6.5449017	6.472640133333	0	492.3014783767183
DNTSVYHISGK	2	Ast-2024-12-05_HeLa_3mzDIA_6mIIT_400-900_60	6.45096665	6.562238616667	6.487690316667	0	1217.1177042457753
DPQGFINDWLQSQC[+57.0215]R	3	Ast-2024-12-05_HeLa_3mzDIA_6mIIT_400-900_55	18.952647066667	19.12522035	19.017595616667	0	150.8917282487036
DPSASNGGGSPAR	2	Ast-2024-12-05_HeLa_3mzDIA_6mIIT_400-900_60	3.01587285	3.14261675	3.079542716667	0	157.12048325786483
DPSQPQQWVSSQVLLC[+57.0215]K	3	Ast-2024-12-05_HeLa_3mzDIA_6mIIT_400-900_55	15.93726075	16.048651416667	15.974777583333	0	79.66351169803733
DPTQHKEDEGEIQPENK	3	Ast-2024-12-05_HeLa_3mzDIA_6mIIT_400-900_55	4.810095733333	4.888367816667	4.888367816667	0	876.6421666943064
DQFNYKPILTK	3	Ast-2024-12-05_HeLa_3mzDIA_6mIIT_400-900_60	10.921490616667	11.00641565	10.955799933333	0	343.8329187116701
DQINIETK	2	Ast-2024-12-05_HeLa_3mzDIA_6mIIT_400-900_60	7.234617233333	7.341962933333	7.252713933333	0	673.3702031625228
DQLESVLEVLHR	2	Ast-2024-12-05_HeLa_3mzDIA_6mIIT_400-900_55	17.229555066667	17.373844533333	17.312318383333	0	366.3916752354809
DRPC[+57.0215]ETC[+57.0215]GK	2	Ast-2024-12-05_HeLa_3mzDIA_6mIIT_400-900_55	2.254239366667	2.3902269	2.299952483333	0	483.3602390556518
DSDGDGRGDAC[+57.0215]K	2	Ast-2024-12-05_HeLa_3mzDIA_6mIIT_400-900_55	2.127199933333	2.220842333333	2.17449065	0	105.91260517164282
DSLSVNEFK	2	Ast-2024-12-05_HeLa_3mzDIA_6mIIT_400-900_60	10.708741883333	10.846530283333	10.777196233333	0	44664.20205916428
DSVPSLQGEK	2	Ast-2024-12-05_HeLa_3mzDIA_6mIIT_400-900_60	7.66644835	7.810001733333	7.738313	0	710.1495265362915
DTLLTLAGC[+57.0215]TPYEVR	2	Ast-2024-12-05_HeLa_3mzDIA_6mIIT_400-900_60	16.610391366667	16.7658936	16.688824866667	0	682.1136572194403
DTLQEANDILNNLK	2	Ast-2024-12-05_HeLa_3mzDIA_6mIIT_400-900_60	18.202034966667	18.369246733333	18.28544535	0	363.34782092717535
DTSFSGLSLEEYK	2	Ast-2024-12-05_HeLa_3mzDIA_6mIIT_400-900_60	14.694869183333	14.839251566667	14.7487637	0	622.8924875285984
DTSVEDALER	2	Ast-2024-12-05_HeLa_3mzDIA_6mIIT_400-900_60	10.046036566667	10.1816126	10.13047275	0	3926.0224367409573
DVEGSTSPQIGDK	2	Ast-2024-12-05_HeLa_3mzDIA_6mIIT_400-900_60	6.8494898	6.993878216667	6.922060083333	0	1709.6277390699258
DVHTLLDR	2	Ast-2024-12-05_HeLa_3mzDIA_6mIIT_400-900_60	9.098473566667	9.235361216667	9.149879	0	5924.449348918021
DVLLLEGVTLTQDSR	2	Ast-2024-12-05_HeLa_3mzDIA_6mIIT_400-900_55	18.433270933333	18.518565966667	18.47567825	0	100.67991273322049
DVQNFPAATDEK	2	Ast-2024-12-05_HeLa_3mzDIA_6mIIT_400-900_60	8.4779548	8.653384816667	8.582931783333	0	1536.4635366948219
DVYESLC[+57.0215]R	2	Ast-2024-12-05_HeLa_3mzDIA_6mIIT_400-900_55	9.412316333333	9.49818005	9.412316333333	0	682.5522635725864
EAAAQQQAER	2	Ast-2024-12-05_HeLa_3mzDIA_6mIIT_400-900_60	2.461326683333	2.550040133333	2.50605435	0	14.840496010400583
EAC[+57.0215]PELDYFVVFSSVSC[+57.0215]GR	3	Ast-2024-12-05_HeLa_3mzDIA_6mIIT_400-900_60	20.4006138	20.584157316667	20.5156307	0	435.780993579425
EAEVLLLQQR	2	Ast-2024-12-05_HeLa_3mzDIA_6mIIT_400-900_60	12.344009783333	12.47792615	12.411305666667	0	1631.4250517775347
EAFAIVPVSPAEVR	2	Ast-2024-12-05_HeLa_3mzDIA_6mIIT_400-900_60	15.35847765	15.543754333333	15.469407616667	0	4823.580881973371
EAFAIVSVPVSEIR	3	Ast-2024-12-05_HeLa_3mzDIA_6mIIT_400-900_55	16.9942019	17.0933795	17.014222883333	0	97.4554362622462
EAFDEVDMAHR	3	Ast-2024-12-05_HeLa_3mzDIA_6mIIT_400-900_49	9.1793037	9.283154916667	9.2145362	0	4509.0119594757425
EAHAQSIGMNR	3	Ast-2024-12-05_HeLa_3mzDIA_6mIIT_400-900_60	4.644147733333	4.803756316667	4.72404935	0	1239.5632537669624
EALGC[+57.0215]HIEQATK	3	Ast-2024-12-05_HeLa_3mzDIA_6mIIT_400-900_55	6.753733916667	6.8474109	6.790833583333	0	0
EANFTVSSMHGDMPQK	3	Ast-2024-12-05_HeLa_3mzDIA_6mIIT_400-900_60	9.609644816667	9.747241983333	9.678746533333	0	7171.7460359892375
EAQNDLEQVLR	2	Ast-2024-12-05_HeLa_3mzDIA_6mIIT_400-900_60	12.11144925	12.245340716667	12.1786376	0	978.3716295042176
EAQSLISAAIEPDK	2	Ast-2024-12-05_HeLa_3mzDIA_6mIIT_400-900_60	13.197391783333	13.389572816667	13.321198883333	0	2010.9563754597864
EASFEYLQNEGER	2	Ast-2024-12-05_HeLa_3mzDIA_6mIIT_400-900_60	11.095454233333	11.228778783333	11.129862716667	0	2380.890035517668
EATTDFTVDSR	2	Ast-2024-12-05_HeLa_3mzDIA_6mIIT_400-900_60	8.442357716667	8.617525066667	8.495138816667	0	10525.054227466804
EAYPDHTQFEK	3	Ast-2024-12-05_HeLa_3mzDIA_6mIIT_400-900_60	6.535026783333	6.683789716667	6.610897566667	0	1554.918896617768
EC[+57.0215]LLSAPR	2	Ast-2024-12-05_HeLa_3mzDIA_6mIIT_400-900_55	9.015574133333	9.15324975	9.084892283333	0	1267.9522809339196
EDEISLEDLIER	2	Ast-2024-12-05_HeLa_3mzDIA_6mIIT_400-900_60	17.83237725	17.957399616667	17.874262916667	0	1636.580682097887
EDELWASFLNDVGPK	2	Ast-2024-12-05_HeLa_3mzDIA_6mIIT_400-900_60	20.609397666667	20.7930344	20.6786227	0	213.83222236590726
EDEQQQALQDIASR	3	Ast-2024-12-05_HeLa_3mzDIA_6mIIT_400-900_49	11.21713225	11.347425933333	11.283550766667	0	217.44317703938862
EDFLNIC[+57.0215]IEPDTISK	2	Ast-2024-12-05_HeLa_3mzDIA_6mIIT_400-900_60	17.784565083333	17.908726266667	17.825068416667	0	1074.6958377975036
EDIPSEK	2	Ast-2024-12-05_HeLa_3mzDIA_6mIIT_400-900_55	4.67632175	4.835434766667	4.755855233333	0	1442.170501345502
EDISQGVHISVYR	3	Ast-2024-12-05_HeLa_3mzDIA_6mIIT_400-900_55	11.0471703	11.148693966667	11.1156697	0	1176.0517442298099
EDLEEWVTIGR	3	Ast-2024-12-05_HeLa_3mzDIA_6mIIT_400-900_60	16.361891066667	16.516607166667	16.4772077	0	34.98124155297027
EDQMDGDGPRPR	2	Ast-2024-12-05_HeLa_3mzDIA_6mIIT_400-900_55	4.491013216667	4.611531333333	4.55144435	0	68.28560675633234
EEDQATLVEQVK	2	Ast-2024-12-05_HeLa_3mzDIA_6mIIT_400-900_60	9.553736183333	9.692087433333	9.640194433333	0	465.1912676997099
EEEDDVDLELR	2	Ast-2024-12-05_HeLa_3mzDIA_6mIIT_400-900_60	11.3357405	11.538925216667	11.438852083333	0	1793.545808449876
EEFAVPENSSVQQFK	2	Ast-2024-12-05_HeLa_3mzDIA_6mIIT_400-900_60	12.3480092	12.481751783333	12.41503225	0	24717.150572579736
EEGEDSMAQEEK	2	Ast-2024-12-05_HeLa_3mzDIA_6mIIT_400-900_49	4.789766466667	4.944707983333	4.86714495	0	397.06549511935543
EEIPEEELAEDVEEIDHAER	3	Ast-2024-12-05_HeLa_3mzDIA_6mIIT_400-900_60	17.192481833333	17.3179779	17.2549879	0	6875.568142516913
EELINFK	2	Ast-2024-12-05_HeLa_3mzDIA_6mIIT_400-900_60	11.460522616667	11.5950465	11.543933266667	0	2161.2449303803314
EELVITPLPSGDVAATFQFR	3	Ast-2024-12-05_HeLa_3mzDIA_6mIIT_400-900_55	19.862432933333	20.066838466667	19.93099795	0	238.577026091801
EEMSLSDLNSQDR	2	Ast-2024-12-05_HeLa_3mzDIA_6mIIT_400-900_60	11.0436818	11.145769366667	11.094774633333	0	597.0509623712129
EGFQLLLNNK	2	Ast-2024-12-05_HeLa_3mzDIA_6mIIT_400-900_60	14.458689166667	14.603702716667	14.530744483333	0	1721.7485963422657
EGLQYLQSLNFER	2	Ast-2024-12-05_HeLa_3mzDIA_6mIIT_400-900_60	16.518470866667	16.6194545	16.559409183333	0	503.9372764915205
EGLSFLGGLR	2	Ast-2024-12-05_HeLa_3mzDIA_6mIIT_400-900_60	16.172918	16.289887733333	16.23041705	0	238.13271691741002
EGLYQYK	2	Ast-2024-12-05_HeLa_3mzDIA_6mIIT_400-900_60	7.449301616667	7.5923021	7.520976083333	0	3461.477332411897
EGNVPNIIIAGPPGTGK	3	Ast-2024-12-05_HeLa_3mzDIA_6mIIT_400-900_60	13.621682566667	13.762988516667	13.6747735	0	354.54420532922944
EGNYAIVANVESMDYDPLVVK	3	Ast-2024-12-05_HeLa_3mzDIA_6mIIT_400-900_49	18.90893205	19.035273683333	18.929796483333	0	128.9949945581682
EHLTSEAASGNHR	3	Ast-2024-12-05_HeLa_3mzDIA_6mIIT_400-900_60	2.96064865	3.04631305	3.003067266667	0	375.7600433244502
EHMDEVC[+57.0215]SSQLLTSVR	3	Ast-2024-12-05_HeLa_3mzDIA_6mIIT_400-900_55	11.832545733333	11.97031315	11.89962535	0	206.13421923183404
EHNNLILLNK	2	Ast-2024-12-05_HeLa_3mzDIA_6mIIT_400-900_60	9.690695183333	9.827239083333	9.793445733333	0	84.27637829869958
EHPDPGSKDPEEDYPK	3	Ast-2024-12-05_HeLa_3mzDIA_6mIIT_400-900_49	5.549961116667	5.702406366667	5.626653233333	0	1557.7003510947775
EIFTLQK	2	Ast-2024-12-05_HeLa_3mzDIA_6mIIT_400-900_49	10.846353116667	10.949942716667	10.881773916667	0	1059.8374984918607
EIHATIPETGLMHR	2	Ast-2024-12-05_HeLa_3mzDIA_6mIIT_400-900_60	10.3397214	10.457243433333	10.423842716667	0	220.9122553582409
EISNLNQLIEEFKK	3	Ast-2024-12-05_HeLa_3mzDIA_6mIIT_400-900_60	17.387613816667	17.510922983333	17.44918915	0	165.0903331329096
EKSDDILEEGEK	2	Ast-2024-12-05_HeLa_3mzDIA_6mIIT_400-900_60	6.985276616667	7.0759799	7.00295435	0	26.43394234624766
ELAQQIQK	2	Ast-2024-12-05_HeLa_3mzDIA_6mIIT_400-900_60	5.712874883333	5.866689116667	5.78842335	0	99321.85220174301
ELC[+57.0215]GPWPSHQLLTNQLQR	3	Ast-2024-12-05_HeLa_3mzDIA_6mIIT_400-900_55	14.28939695	14.431292266667	14.343667333333	0	2884.236521016598
ELDFVSHHVR	3	Ast-2024-12-05_HeLa_3mzDIA_6mIIT_400-900_60	7.999186783333	8.140615766667	8.070346716667	0	1642.6441021608068
ELEEAMAGER	2	Ast-2024-12-05_HeLa_3mzDIA_6mIIT_400-900_60	7.540284466667	7.684885933333	7.612154033333	0	4412.855577026531
ELEEELLLSSEDLR	2	Ast-2024-12-05_HeLa_3mzDIA_6mIIT_400-900_49	17.18391665	17.264080366667	17.18391665	0	2447.317761880749
ELGLAEHQLR	2	Ast-2024-12-05_HeLa_3mzDIA_6mIIT_400-900_49	8.5915003	8.729727783333	8.694956716667	0	253.692163531051
ELLDTVNNVFK	3	Ast-2024-12-05_HeLa_3mzDIA_6mIIT_400-900_55	16.152541816667	16.30502525	16.2283334	0	316.062595013859
ELLEPLFK	2	Ast-2024-12-05_HeLa_3mzDIA_6mIIT_400-900_55	15.746930016667	15.89761395	15.803812283333	0	1831.1748722723528
ELLEQQGIDIK	3	Ast-2024-12-05_HeLa_3mzDIA_6mIIT_400-900_55	12.306871533333	12.357756466667	12.306871533333	0	909.5589094651982
ELSEPMEFQYLPDTDDR	3	Ast-2024-12-05_HeLa_3mzDIA_6mIIT_400-900_55	16.1338384	16.2481223	16.209846866667	0	1105.6536397212042
ELSTTLNADEAVTR	2	Ast-2024-12-05_HeLa_3mzDIA_6mIIT_400-900_60	10.558626833333	10.729285766667	10.644240283333	0	8095.17817837596
ELTSTC[+57.0215]SPIISKPK	2	Ast-2024-12-05_HeLa_3mzDIA_6mIIT_400-900_55	8.306798966667	8.43035985	8.342537466667	0	271.6307592094874
ENAAYFQFFSDVR	2	Ast-2024-12-05_HeLa_3mzDIA_6mIIT_400-900_60	17.720484416667	17.886208416667	17.8031832	0	3877.038264064113
ENAGVDPTLAIPMIQK	2	Ast-2024-12-05_HeLa_3mzDIA_6mIIT_400-900_60	16.131171883333	16.285729766667	16.16901535	0	1005.4785582675784
ENLELILTQSVENVGVR	3	Ast-2024-12-05_HeLa_3mzDIA_6mIIT_400-900_60	19.892119716667	20.07710075	19.93997445	0	1586.0138051936244
EPEVLSTMAIIVNK	2	Ast-2024-12-05_HeLa_3mzDIA_6mIIT_400-900_60	17.617196866667	17.822830466667	17.740719283333	0	6236.253818216281
EPGIAGLMK	2	Ast-2024-12-05_HeLa_3mzDIA_6mIIT_400-900_60	11.664577916667	11.79571105	11.7304605	0	6007.18028725221
EPQVNQQQLQQLMDMGFTR	3	Ast-2024-12-05_HeLa_3mzDIA_6mIIT_400-900_60	18.60475885	18.732525133333	18.64745975	0	198.03535046463634
EPSGPSELIPSSTFSAHNR	3	Ast-2024-12-05_HeLa_3mzDIA_6mIIT_400-900_55	12.171534683333	12.257957133333	12.257957133333	0	330.50236753777415
EQSIFGDHRDEEEETHMK	3	Ast-2024-12-05_HeLa_3mzDIA_6mIIT_400-900_55	7.671892016667	7.797739533333	7.726446766667	0	64.90367797084943
ERDFTSLENTVEER	2	Ast-2024-12-05_HeLa_3mzDIA_6mIIT_400-900_49	11.376971166667	11.510691783333	11.460239716667	0	386.4908626865313
ERLEQEQLER	2	Ast-2024-12-05_HeLa_3mzDIA_6mIIT_400-900_60	5.955594716667	6.106392516667	6.030734633333	0	248.8550132155441
ERNVEDLSGGELQR	3	Ast-2024-12-05_HeLa_3mzDIA_6mIIT_400-900_49	8.372039566667	8.443451683333	8.40810695	0	184.3219592910818
ESEFDDEPK	2	Ast-2024-12-05_HeLa_3mzDIA_6mIIT_400-900_60	6.18916295	6.449935333333	6.301740516667	0	5040.866552036341
ESENLASGDQPR	2	Ast-2024-12-05_HeLa_3mzDIA_6mIIT_400-900_60	5.302785083333	5.416833816667	5.34067175	0	2759.831827418731
ESESASELHK	2	Ast-2024-12-05_HeLa_3mzDIA_6mIIT_400-900_60	3.1941372	3.31776195	3.255871933333	0	112.24522151064998
ESGC[+57.0215]VLGLRPGAQESPVSWPEGSK	3	Ast-2024-12-05_HeLa_3mzDIA_6mIIT_400-900_49	13.951457916667	14.068492816667	14.00048805	0	180.02424063162974
ESLEALLQR	2	Ast-2024-12-05_HeLa_3mzDIA_6mIIT_400-900_60	14.188699616667	14.33486555	14.262324	0	2786.3594819570485
ESNEEEQVWHFLGK	2	Ast-2024-12-05_HeLa_3mzDIA_6mIIT_400-900_60	15.323274966667	15.43482935	15.360647733333	0	3021.8248441120513
ESTDDFGSWSVHTDK	2	Ast-2024-12-05_HeLa_3mzDIA_6mIIT_400-900_60	10.714348783333	10.81751485	10.76511505	0	97.8057071992526
ESTESSNTTIEDEDVK	2	Ast-2024-12-05_HeLa_3mzDIA_6mIIT_400-900_49	6.96695065	7.073952483333	7.037815533333	0	72.80223200846905
ESTTSEQSAR	2	Ast-2024-12-05_HeLa_3mzDIA_6mIIT_400-900_60	2.223354433333	2.359779266667	2.269573166667	0	15870.635409433042
ESYSVYVYK	2	Ast-2024-12-05_HeLa_3mzDIA_6mIIT_400-900_60	10.05461525	10.25851365	10.156770466667	0	901920.5042710459
ETADAITK	2	Ast-2024-12-05_HeLa_3mzDIA_6mIIT_400-900_60	4.215528133333	4.46806375	4.3842763	0	13903.935260085482
ETGITDEEQAISR	2	Ast-2024-12-05_HeLa_3mzDIA_6mIIT_400-900_60	9.1959888	9.298941716667	9.26476865	0	145.33498763726885
ETLPNVR	2	Ast-2024-12-05_HeLa_3mzDIA_6mIIT_400-900_60	7.224757833333	7.36822575	7.2783817	0	7773.30637588773
ETSSLQELEAQK	2	Ast-2024-12-05_HeLa_3mzDIA_6mIIT_400-900_60	9.468723583333	9.6053431	9.5365814	0	827.0293906268399
EVC[+57.0215]PSAIDPEDGEK	2	Ast-2024-12-05_HeLa_3mzDIA_6mIIT_400-900_60	8.948721583333	9.085196033333	8.998062966667	0	1158.4717561228513
EVEQFDVATHLQTAPELVDR	3	Ast-2024-12-05_HeLa_3mzDIA_6mIIT_400-900_60	14.77658905	14.92459295	14.849011483333	0	2098.5548309547066
EVQDPAPAQDTGLR	3	Ast-2024-12-05_HeLa_3mzDIA_6mIIT_400-900_49	8.105284066667	8.27932735	8.21081875	0	6.4878684940721945
EVQTVSEHIQNC[+57.0215]LGSQTGGFAGIK	3	Ast-2024-12-05_HeLa_3mzDIA_6mIIT_400-900_60	13.918119866667	14.022336266667	13.969825133333	0	507.3945638255179
EVSDFIQDSGQIK	2	Ast-2024-12-05_HeLa_3mzDIA_6mIIT_400-900_60	12.188162583333	12.320652366667	12.270820566667	0	975.2464858628896
EVSDLIR	2	Ast-2024-12-05_HeLa_3mzDIA_6mIIT_400-900_49	9.00031685	9.051654633333	9.0168405	0	95.41857603526904
EVSLGC[+57.0215]MLNGQEVR	2	Ast-2024-12-05_HeLa_3mzDIA_6mIIT_400-900_60	13.951396666667	14.0546429	14.0037691	0	331.21036308329764
EYNALVAQGVR	2	Ast-2024-12-05_HeLa_3mzDIA_6mIIT_400-900_60	9.7337782	9.835760483333	9.78520685	0	1061.205589419721
EYQDLLNVK	2	Ast-2024-12-05_HeLa_3mzDIA_6mIIT_400-900_60	11.988415016667	12.127041	12.0580708	0	127016.08250628551
FAAGHDAEGSHSHVHFDEK	3	Ast-2024-12-05_HeLa_3mzDIA_6mIIT_400-900_55	5.316394366667	5.3739502	5.354741633333	0	234.38041971321852
FAELVYTGFWHSPEC[+57.0215]EFVR	3	Ast-2024-12-05_HeLa_3mzDIA_6mIIT_400-900_60	18.0003566	18.126434683333	18.043164266667	0	689.5156449407331
FAPSPTGFLHLGGLR	2	Ast-2024-12-05_HeLa_3mzDIA_6mIIT_400-900_49	16.448319483333	16.542280216667	16.486273233333	0	388.0575294092338
FC[+57.0215]ADC[+57.0215]IITALR	2	Ast-2024-12-05_HeLa_3mzDIA_6mIIT_400-900_60	16.419313866667	16.577360966667	16.49663	0	880.7256757604073
FC[+57.0215]GVDFHAPYK	2	Ast-2024-12-05_HeLa_3mzDIA_6mIIT_400-900_60	11.411780833333	11.56390905	11.44701495	0	259.29649521310193
FDHLEEHLEK	3	Ast-2024-12-05_HeLa_3mzDIA_6mIIT_400-900_60	7.281636733333	7.389792666667	7.3534123	0	0
FEDSPSYVK	2	Ast-2024-12-05_HeLa_3mzDIA_6mIIT_400-900_60	7.602665133333	7.747154116667	7.675294616667	0	17091.620717836984
FFPASFPNR	2	Ast-2024-12-05_HeLa_3mzDIA_6mIIT_400-900_55	12.62877975	13.009675183333	12.9412644	0	29907.867233877485
FGIQAQMVTTDFQK	2	Ast-2024-12-05_HeLa_3mzDIA_6mIIT_400-900_60	14.507615016667	14.65114415	14.580069666667	0	8597.741282711935
FGNQADHFLGSLAFAK	3	Ast-2024-12-05_HeLa_3mzDIA_6mIIT_400-900_60	15.56467525	15.680338816667	15.6034404	0	999.5884115479406
FIIQSEKPPHYLESR	3	Ast-2024-12-05_HeLa_3mzDIA_6mIIT_400-900_60	10.395964683333	10.5298557	10.47936905	0	1347.3426800853256
FIPGLQMLSDAAPGK	3	Ast-2024-12-05_HeLa_3mzDIA_6mIIT_400-900_49	17.728069483333	17.8902412	17.808701033333	0	0
FLAAGTHLGGTNLDFQMEQYIYK	3	Ast-2024-12-05_HeLa_3mzDIA_6mIIT_400-900_60	17.319434366667	17.485728133333	17.38306095	0	4069.8105337009574
FLASVSTVLTSK	2	Ast-2024-12-05_HeLa_3mzDIA_6mIIT_400-900_60	14.318610433333	14.459437833333	14.3884912	0	2109.6578584423446
FLDASGAK	2	Ast-2024-12-05_HeLa_3mzDIA_6mIIT_400-900_60	6.448080316667	6.5970608	6.502945633333	0	67382.31543830475
FLELVQLK	2	Ast-2024-12-05_HeLa_3mzDIA_6mIIT_400-900_60	15.683440316667	15.798525783333	15.721864683333	0	894.7730657354285
FLGNAPC[+57.0215]GHYTFK	2	Ast-2024-12-05_HeLa_3mzDIA_6mIIT_400-900_55	10.2906314	10.425058666667	10.357999133333	0	1346.4962747635373
FLIC[+57.0215]TDVAAR	2	Ast-2024-12-05_HeLa_3mzDIA_6mIIT_400-900_60	12.660856683333	12.795875766667	12.729123633333	0	6076.568245077345
FLLDTNK	2	Ast-2024-12-05_HeLa_3mzDIA_6mIIT_400-900_60	10.239036516667	10.376554783333	10.3073575	0	26839.369783555347
FLLLPAC[+57.0215]VTATK	2	Ast-2024-12-05_HeLa_3mzDIA_6mIIT_400-900_55	16.724079933333	16.876262983333	16.799782433333	0	528.5305206966276
FLPEEEK	2	Ast-2024-12-05_HeLa_3mzDIA_6mIIT_400-900_55	6.90858325	7.087495933333	6.944498966667	0	5790.504569558074
FLPLLMTNHPAPNLFGTPR	3	Ast-2024-12-05_HeLa_3mzDIA_6mIIT_400-900_60	18.56085215	18.68893655	18.625519683333	0	33.62654238177749
FLTEQMMER	2	Ast-2024-12-05_HeLa_3mzDIA_6mIIT_400-900_55	11.59751935	11.683410316667	11.59751935	0	898.4913871064881
FLYEELGLDSTSVFEDLK	3	Ast-2024-12-05_HeLa_3mzDIA_6mIIT_400-900_49	21.462299783333	21.552948833333	21.507593683333	0	80.83528592951684
FMADIASGMEYLSTK	2	Ast-2024-12-05_HeLa_3mzDIA_6mIIT_400-900_49	17.3953063	17.5778108	17.475258433333	0	371.7820031617717
FNETIGLQHIK	2	Ast-2024-12-05_HeLa_3mzDIA_6mIIT_400-900_49	10.179870266667	10.2796941	10.2456997	0	125.66435647461519
FNPETDYLTGTDGKK	3	Ast-2024-12-05_HeLa_3mzDIA_6mIIT_400-900_55	10.057480133333	10.1907732	10.1233676	0	988.679477788463
FPEGPER	2	Ast-2024-12-05_HeLa_3mzDIA_6mIIT_400-900_49	6.441941933333	6.605994066667	6.532934466667	0	7651.294413989371
FPESC[+57.0215]QDEVR	2	Ast-2024-12-05_HeLa_3mzDIA_6mIIT_400-900_55	6.865218766667	7.080871216667	6.9912356	0	2238.2224306847297
FPFGISPAQSHR	3	Ast-2024-12-05_HeLa_3mzDIA_6mIIT_400-900_55	11.742761933333	11.85838475	11.792119783333	0	567.204186180108
FPHPIEISEDVITGPTIK	3	Ast-2024-12-05_HeLa_3mzDIA_6mIIT_400-900_60	15.896876416667	15.990614633333	15.934453066667	0	684.5474985434832
FPSPILK	2	Ast-2024-12-05_HeLa_3mzDIA_6mIIT_400-900_55	11.4931311	11.59452885	11.59452885	0	1004.6697713972399
FRELAEEAAR	2	Ast-2024-12-05_HeLa_3mzDIA_6mIIT_400-900_60	6.793153566667	6.884891133333	6.830041983333	0	50.67077481207632
FRPLSFEVPK	3	Ast-2024-12-05_HeLa_3mzDIA_6mIIT_400-900_49	12.918804266667	13.054584066667	12.97168305	0	1854.800664782482
FSNTGEDWYVLVGVAK	2	Ast-2024-12-05_HeLa_3mzDIA_6mIIT_400-900_60	17.970888466667	18.13946025	18.034631866667	0	694.5673509368526
FSPTHC[+57.0215]QIASGC[+57.0215]LSGR	3	Ast-2024-12-05_HeLa_3mzDIA_6mIIT_400-900_49	8.850723416667	8.935659616667	8.867842466667	0	222.24699337793203
FSSWSLVK	2	Ast-2024-12-05_HeLa_3mzDIA_6mIIT_400-900_60	12.693943633333	12.82945015	12.777106733333	0	106.84602011959369
FSTGTLSNTADAR	2	Ast-2024-12-05_HeLa_3mzDIA_6mIIT_400-900_60	8.565328066667	8.671080583333	8.618426783333	0	1277.5157697833142
FTITPPTAQVVGVLK	3	Ast-2024-12-05_HeLa_3mzDIA_6mIIT_400-900_60	16.95659055	17.119797366667	17.036917683333	0	998.0647748438042
FTLRDEGK	2	Ast-2024-12-05_HeLa_3mzDIA_6mIIT_400-900_60	5.837433666667	5.933736866667	5.876129483333	0	1013.2145648362134
FVLVHPDVK	2	Ast-2024-12-05_HeLa_3mzDIA_6mIIT_400-900_55	10.084865833333	10.219016533333	10.152535233333	0	1050.3030174417836
FYEDDENGWQAFGDFSPTDVHK	3	Ast-2024-12-05_HeLa_3mzDIA_6mIIT_400-900_60	16.384540116667	16.5396789	16.479872966667	0	729.3823255277316
GAC[+57.0215]ENC[+57.0215]GAMTHK	3	Ast-2024-12-05_HeLa_3mzDIA_6mIIT_400-900_55	2.937646166667	3.0443563	2.980757816667	0	170.5506908288417
GAGSIAGASASPK	2	Ast-2024-12-05_HeLa_3mzDIA_6mIIT_400-900_60	5.146600733333	5.300793983333	5.205365883333	0	1350.592029679246
GAHHYTGLLK	2	Ast-2024-12-05_HeLa_3mzDIA_6mIIT_400-900_49	5.4811662	5.59634755	5.577421116667	0	439.8815379130938
GDHEEFNQC[+57.0215]QTQLK	3	Ast-2024-12-05_HeLa_3mzDIA_6mIIT_400-900_55	6.73988435	6.888426216667	6.81403755	0	496.51358223141705
GDSHLNVQVSNFK	2	Ast-2024-12-05_HeLa_3mzDIA_6mIIT_400-900_60	9.374878466667	9.5117333	9.4260533	0	1076.2817477402893
GDTPGHATPGHGGATSSAR	3	Ast-2024-12-05_HeLa_3mzDIA_6mIIT_400-900_60	2.763123783333	2.937569416667	2.85106165	0	2624.297693211002
GDVEQKPESESALDMR	2	Ast-2024-12-05_HeLa_3mzDIA_6mIIT_400-900_55	7.91654885	8.024216216667	7.952481283333	0	100.0101092023981
GEEDNSLSVR	2	Ast-2024-12-05_HeLa_3mzDIA_6mIIT_400-900_60	6.198917233333	6.310978266667	6.217906316667	0	244.02675286052926
GEITPAAIQK	2	Ast-2024-12-05_HeLa_3mzDIA_6mIIT_400-900_49	7.941775433333	8.08408175	7.995609933333	0	836.2403635274271
GELDLSLENLDLSK	2	Ast-2024-12-05_HeLa_3mzDIA_6mIIT_400-900_49	17.525906233333	17.647810683333	17.607299033333	0	116.99136939569848
GEMGLGAVPGR	2	Ast-2024-12-05_HeLa_3mzDIA_6mIIT_400-900_55	9.773593416667	9.8736192	9.8736192	0	0
GEPLHIINSSNVTDEPLLK	3	Ast-2024-12-05_HeLa_3mzDIA_6mIIT_400-900_60	14.165240866667	14.3103425	14.199975816667	0	1032.4691174504687
GEVTFEDVK	2	Ast-2024-12-05_HeLa_3mzDIA_6mIIT_400-900_60	9.14155705	9.278615183333	9.192930116667	0	1671.797240263287
GFEVIYMSEPIDEYC[+57.0215]VQQLK	3	Ast-2024-12-05_HeLa_3mzDIA_6mIIT_400-900_60	18.37976925	18.5517112	18.46463755	0	9358.23738324137
GFVLYPVK	2	Ast-2024-12-05_HeLa_3mzDIA_6mIIT_400-900_60	13.134392433333	13.25360835	13.201433633333	0	2050.814906956657
GGAEVQIFAPDVPQMHVIDHTK	3	Ast-2024-12-05_HeLa_3mzDIA_6mIIT_400-900_60	14.5074342	14.650895366667	14.57988435	0	1871.2707356691708
GGAVVDEGPTGVK	2	Ast-2024-12-05_HeLa_3mzDIA_6mIIT_400-900_60	6.96589395	7.11069455	7.0378681	0	24642.113846022163
GGFDGEYQDDSLDLLR	2	Ast-2024-12-05_HeLa_3mzDIA_6mIIT_400-900_60	16.112502483333	16.267021266667	16.188414733333	0	1561.412853234713
GGSGGSYGGGGSGGGYGGGSGSR	2	Ast-2024-12-05_HeLa_3mzDIA_6mIIT_400-900_49	4.527076266667	4.64639535	4.606748133333	0	6.270387096806909
GGTLLSVTGEVEPR	2	Ast-2024-12-05_HeLa_3mzDIA_6mIIT_400-900_60	13.087789966667	13.25790545	13.188663183333	0	9103.333987635664
GIC[+57.0215]EYHEK	2	Ast-2024-12-05_HeLa_3mzDIA_6mIIT_400-900_49	3.854483683333	3.97752215	3.916134883333	0	7094.388851024638
GIC[+57.0215]VSLGHSVADLR	3	Ast-2024-12-05_HeLa_3mzDIA_6mIIT_400-900_60	12.3758686	12.476426783333	12.476426783333	0	726.3846315512317
GILDALLQTAR	2	Ast-2024-12-05_HeLa_3mzDIA_6mIIT_400-900_49	20.1929138	20.324904016667	20.258674733333	0	412.5142244142452
GILTVDELLAIR	2	Ast-2024-12-05_HeLa_3mzDIA_6mIIT_400-900_55	20.054184966667	20.2326372	20.1428467	0	6613.621974222719
GISSDNESVASC[+57.0215]NSVK	2	Ast-2024-12-05_HeLa_3mzDIA_6mIIT_400-900_60	6.723809716667	6.834536766667	6.76087745	0	128.82370147186683
GIVEFSGK	2	Ast-2024-12-05_HeLa_3mzDIA_6mIIT_400-900_60	8.976484216667	9.11458185	9.043821583333	0	64763.62030361664
GIVESSVTSAVSGK	2	Ast-2024-12-05_HeLa_3mzDIA_6mIIT_400-900_49	11.12240125	11.239562916667	11.189650533333	0	316.96486064027386
GIYFADMVSK	2	Ast-2024-12-05_HeLa_3mzDIA_6mIIT_400-900_60	14.000489716667	14.137207116667	14.06815115	0	2516.9060383997676
GLAYVC[+57.0215]HQR	2	Ast-2024-12-05_HeLa_3mzDIA_6mIIT_400-900_60	5.453183233333	5.569642483333	5.530659016667	0	1641.913018870102
GLFPFTHVK	2	Ast-2024-12-05_HeLa_3mzDIA_6mIIT_400-900_60	12.607188883333	12.8125319	12.778133133333	0	1807.8514420960473
GLGTDEDAIISVLAYR	2	Ast-2024-12-05_HeLa_3mzDIA_6mIIT_400-900_60	19.488130533333	19.667472916667	19.577525716667	0	3525.301732122118
GLGTDEDSLIEIIC[+57.0215]SR	3	Ast-2024-12-05_HeLa_3mzDIA_6mIIT_400-900_60	18.972131183333	19.1455371	19.058279683333	0	42991.392535460465
GLVVTDLK	2	Ast-2024-12-05_HeLa_3mzDIA_6mIIT_400-900_49	10.711124633333	10.828736983333	10.7615939	0	11501.885310145606
GLWIPEGEK	2	Ast-2024-12-05_HeLa_3mzDIA_6mIIT_400-900_60	12.03101185	12.201466716667	12.1516229	0	7768.267819462639
GMLDTHHK	2	Ast-2024-12-05_HeLa_3mzDIA_6mIIT_400-900_60	3.171752833333	3.254437883333	3.213286766667	0	951.031822611372
GMLSSSTSGAISDK	2	Ast-2024-12-05_HeLa_3mzDIA_6mIIT_400-900_60	8.706631116667	8.827413583333	8.79299775	0	155.22125322018786
GNETMLDFR	2	Ast-2024-12-05_HeLa_3mzDIA_6mIIT_400-900_49	11.854394716667	11.93744675	11.90327455	0	434.3883315928115
GNFVPQGWVLPPLPSNDIWATAVK	3	Ast-2024-12-05_HeLa_3mzDIA_6mIIT_400-900_60	22.257069833333	22.350017933333	22.326796933333	0	38.99725179726464
GNGIVEC[+57.0215]LGPK	2	Ast-2024-12-05_HeLa_3mzDIA_6mIIT_400-900_60	9.95492175	10.088608466667	10.088608466667	0	0
GNIIGYSQVDK	2	Ast-2024-12-05_HeLa_3mzDIA_6mIIT_400-900_49	9.590899683333	9.728188766667	9.658996283333	0	5065.4008442332515
GNNVLYISTQK	2	Ast-2024-12-05_HeLa_3mzDIA_6mIIT_400-900_60	9.81034715	9.945160733333	9.878046966667	0	9539.783375834826
GPLAMGLAQPR	2	Ast-2024-12-05_HeLa_3mzDIA_6mIIT_400-900_49	11.502245	11.636041366667	11.567654566667	0	857.6801747900718
GPPGPESQSR	2	Ast-2024-12-05_HeLa_3mzDIA_6mIIT_400-900_60	3.316616233333	3.5268565	3.4219596	0	12213.989641567092
GPPHLQIRPPSQDLK	2	Ast-2024-12-05_HeLa_3mzDIA_6mIIT_400-900_60	9.612336566667	9.664073216667	9.646894	0	140.0532122300109
GPPPAPEGGSR	2	Ast-2024-12-05_HeLa_3mzDIA_6mIIT_400-900_60	3.76806435	3.9352587	3.830629533333	0	273.7904923202737
GPTPEEAIQK	2	Ast-2024-12-05_HeLa_3mzDIA_6mIIT_400-900_49	6.561568416667	6.709949083333	6.598055616667	0	7852.530182500671
GPYDFDQIK	2	Ast-2024-12-05_HeLa_3mzDIA_6mIIT_400-900_55	11.384929133333	11.521031283333	11.419627633333	0	234.9197696288962
GQGHQYELNSK	3	Ast-2024-12-05_HeLa_3mzDIA_6mIIT_400-900_49	4.08143515	4.183142483333	4.102176166667	0	0
GQGVYLGMPGC[+57.0215]LPVYDALAGEFIR	3	Ast-2024-12-05_HeLa_3mzDIA_6mIIT_400-900_60	22.757878266667	22.99054695	22.850707966667	0	4043.0911727381354
GQIQAVASPDDPIRR	2	Ast-2024-12-05_HeLa_3mzDIA_6mIIT_400-900_55	8.859089833333	8.995572816667	8.945217283333	0	220.03147221909197
GQLEANLLQVLEK	2	Ast-2024-12-05_HeLa_3mzDIA_6mIIT_400-900_60	18.582740833333	18.753598033333	18.753598033333	0	0
GQMGPTEQGPYAK	2	Ast-2024-12-05_HeLa_3mzDIA_6mIIT_400-900_60	6.674386066667	6.858961333333	6.766938283333	0	368.5158245947716
GQQASPFVLR	2	Ast-2024-12-05_HeLa_3mzDIA_6mIIT_400-900_49	11.034310366667	11.155470416667	11.034310366667	0	2873.3810057836654
GQQELLYVVPFVAK	3	Ast-2024-12-05_HeLa_3mzDIA_6mIIT_400-900_55	18.349361333333	18.518024666667	18.411979683333	0	344.9059533975761
GRDPALPTLLNPK	3	Ast-2024-12-05_HeLa_3mzDIA_6mIIT_400-900_60	11.912589516667	12.0857621	11.998344533333	0	5920.069893229731
GSGEGQGQILQR	3	Ast-2024-12-05_HeLa_3mzDIA_6mIIT_400-900_60	6.262555283333	6.39221375	6.3184014	0	408.71754117843733
GSGPLSPSIQSR	2	Ast-2024-12-05_HeLa_3mzDIA_6mIIT_400-900_60	8.096048433333	8.238462833333	8.166973916667	0	4781.4970390914805
GSGVSNFAQLIVR	3	Ast-2024-12-05_HeLa_3mzDIA_6mIIT_400-900_49	16.129798566667	16.260879083333	16.2045879	0	17.495519033485895
GSLAALYDLAVLK	2	Ast-2024-12-05_HeLa_3mzDIA_6mIIT_400-900_60	19.31737665	19.450850716667	19.383907383333	0	565.0329950519135
GSQTEFEQQER	2	Ast-2024-12-05_HeLa_3mzDIA_6mIIT_400-900_60	5.493582916667	5.611338683333	5.552461533333	0	142.9097015168123
GSWYLPAGR	2	Ast-2024-12-05_HeLa_3mzDIA_6mIIT_400-900_60	11.78784355	11.926929666667	11.839296366667	0	773.1588422252904
GTEIGVLAK	2	Ast-2024-12-05_HeLa_3mzDIA_6mIIT_400-900_60	8.909508116667	9.010021066667	8.99338105	0	947.8281222108905
GVQQDEALQLPK	2	Ast-2024-12-05_HeLa_3mzDIA_6mIIT_400-900_60	10.727627466667	10.864847183333	10.761854616667	0	1172.7554038366334
GVVPVVMDC[+57.0215]ESTVQEK	2	Ast-2024-12-05_HeLa_3mzDIA_6mIIT_400-900_60	12.33168915	12.465682966667	12.381873583333	0	883.7357586070467
GYAQQDTQEFLR	3	Ast-2024-12-05_HeLa_3mzDIA_6mIIT_400-900_55	10.6941907	10.8458212	10.7607703	0	614.877065717792
GYFSAVPK	2	Ast-2024-12-05_HeLa_3mzDIA_6mIIT_400-900_49	9.851934516667	9.986436266667	9.901421416667	0	7149.360846884447
GYGFAEPYNLYSSLK	2	Ast-2024-12-05_HeLa_3mzDIA_6mIIT_400-900_49	16.688738133333	16.7872879	16.729126916667	0	72.27783021100713
HASSGSFLPSANEHLK	3	Ast-2024-12-05_HeLa_3mzDIA_6mIIT_400-900_60	8.171631116667	8.3152495	8.242963716667	0	10780.127373990555
HDSLHDPAAPSR	3	Ast-2024-12-05_HeLa_3mzDIA_6mIIT_400-900_60	4.332440466667	4.478516683333	4.3742672	0	194.09967264650487
HGGGTESLFFDK	2	Ast-2024-12-05_HeLa_3mzDIA_6mIIT_400-900_49	10.663279233333	10.831961166667	10.747940766667	0	2117.2641716661196
HGGYKPSDEHK	3	Ast-2024-12-05_HeLa_3mzDIA_6mIIT_400-900_49	2.131894183333	2.22534505	2.1789104	0	48.13001803693862
HGLVPFAFVR	2	Ast-2024-12-05_HeLa_3mzDIA_6mIIT_400-900_55	14.81057245	14.9943325	14.919287916667	0	2601.447615574916
HIAGLNANR	2	Ast-2024-12-05_HeLa_3mzDIA_6mIIT_400-900_49	4.77638255	4.911985016667	4.83494145	0	1094.7841387151439
HIEPELAGR	2	Ast-2024-12-05_HeLa_3mzDIA_6mIIT_400-900_60	6.3379085	6.44938275	6.44938275	0	1069.7451259679326
HILTHTGEK	2	Ast-2024-12-05_HeLa_3mzDIA_6mIIT_400-900_55	2.816301483333	2.9238171	2.859561983333	0	121.66217719980433
HLAC[+57.0215]LPR	2	Ast-2024-12-05_HeLa_3mzDIA_6mIIT_400-900_60	5.98042995	6.13098295	6.036557816667	0	3084.461538032683
HLATSDMLAAASK	3	Ast-2024-12-05_HeLa_3mzDIA_6mIIT_400-900_55	9.508851766667	9.61184425	9.56092995	0	961.6740375104387
HLIDNC[+57.0215]AFR	2	Ast-2024-12-05_HeLa_3mzDIA_6mIIT_400-900_60	8.4767041	8.59909865	8.529418816667	0	1833.3642807014646
HLLVSNVGGDGEEIER	2	Ast-2024-12-05_HeLa_3mzDIA_6mIIT_400-900_60	10.034438766667	10.170142433333	10.1020055	0	2134.7845654245853
HLSLC[+57.0215]HGLSDLAR	3	Ast-2024-12-05_HeLa_3mzDIA_6mIIT_400-900_60	10.57598015	10.67741985	10.6266393	0	1876.331897705911
HLSPYATLTVGDSSHK	2	Ast-2024-12-05_HeLa_3mzDIA_6mIIT_400-900_60	8.9076851	9.042574266667	8.975432466667	0	2050.3776260709333
HLTDPSYGIPR	2	Ast-2024-12-05_HeLa_3mzDIA_6mIIT_400-900_60	8.823744766667	8.959736383333	8.89181855	0	1275.6534015524198
HLVLLDTAQAAAAGHR	2	Ast-2024-12-05_HeLa_3mzDIA_6mIIT_400-900_55	11.63111215	11.7164127	11.682877433333	0	241.12840742493867
HMNSAGVLATLR	3	Ast-2024-12-05_HeLa_3mzDIA_6mIIT_400-900_60	10.285032816667	10.421683383333	10.337174533333	0	1975.306475533882
HNEFDFISGTR	2	Ast-2024-12-05_HeLa_3mzDIA_6mIIT_400-900_49	11.99824805	12.134910833333	12.066666	0	1567.6981149031978
HPFLLLGTTANR	2	Ast-2024-12-05_HeLa_3mzDIA_6mIIT_400-900_60	12.358652516667	12.492759916667	12.492759916667	0	360.4278144659688
HPQPQGLEVTGDRR	3	Ast-2024-12-05_HeLa_3mzDIA_6mIIT_400-900_60	5.6185901	5.732265983333	5.67584705	0	166.26735568131414
HPSPELSR	2	Ast-2024-12-05_HeLa_3mzDIA_6mIIT_400-900_60	3.955366933333	4.07882525	3.996188233333	0	761.215421536872
HPSTNSLLR	2	Ast-2024-12-05_HeLa_3mzDIA_6mIIT_400-900_60	5.713495183333	5.867131233333	5.789063516667	0	5810.665058378163
HQEYLNSILQHAK	2	Ast-2024-12-05_HeLa_3mzDIA_6mIIT_400-900_49	10.725123183333	10.8257864	10.775432066667	0	298.1821757127469
HQNTEVVLYLAR	3	Ast-2024-12-05_HeLa_3mzDIA_6mIIT_400-900_55	11.486292683333	11.587745866667	11.503266266667	0	404.0483889322846
HQVAYNTLIGSC[+57.0215]VK	3	Ast-2024-12-05_HeLa_3mzDIA_6mIIT_400-900_60	10.1170439	10.202045016667	10.168556233333	0	585.7720510648693
HSFFSTIDWNK	3	Ast-2024-12-05_HeLa_3mzDIA_6mIIT_400-900_60	13.893459266667	14.032650783333	13.963240066667	0	312.03204172640824
HSLSLLDLEQK	3	Ast-2024-12-05_HeLa_3mzDIA_6mIIT_400-900_49	13.017341833333	13.148423883333	13.099714083333	0	434.9510365032293
HSQEELLQR	2	Ast-2024-12-05_HeLa_3mzDIA_6mIIT_400-900_60	5.7609392	5.87759965	5.799581733333	0	1983.3528827400635
HSVDGESLSSELQQLGLPK	3	Ast-2024-12-05_HeLa_3mzDIA_6mIIT_400-900_60	16.381363633333	16.496888216667	16.43836905	0	1445.4196598276524
HTPPTIGGSLPYR	2	Ast-2024-12-05_HeLa_3mzDIA_6mIIT_400-900_49	9.66073115	9.7629221	9.694898866667	0	365.16226329510243
HVEFLVAENER	2	Ast-2024-12-05_HeLa_3mzDIA_6mIIT_400-900_49	9.91249325	10.01511855	9.9638344	0	295.34981535013065
HVGMAVAGLLADAR	2	Ast-2024-12-05_HeLa_3mzDIA_6mIIT_400-900_60	13.7782297	13.915198516667	13.846159333333	0	5239.7644202589745
HVLALTGC[+57.0215]GPGR	3	Ast-2024-12-05_HeLa_3mzDIA_6mIIT_400-900_49	8.091392416667	8.23149925	8.143594233333	0	1972.8871414328214
HVMSNTGNWMHIR	3	Ast-2024-12-05_HeLa_3mzDIA_6mIIT_400-900_55	9.644313933333	9.7478791	9.696330616667	0	340.5845925054719
HVVAVVLGDVGR	3	Ast-2024-12-05_HeLa_3mzDIA_6mIIT_400-900_55	11.683629433333	11.799312183333	11.766302666667	0	243.40346401754167
HVVDGISR	2	Ast-2024-12-05_HeLa_3mzDIA_6mIIT_400-900_60	4.6913923	4.850750116667	4.77103655	0	2130.218963227534
HWQEITFNLPVK	2	Ast-2024-12-05_HeLa_3mzDIA_6mIIT_400-900_60	15.202349	15.31188805	15.2760235	0	819.2676394385473
HYAPLQAYLR	2	Ast-2024-12-05_HeLa_3mzDIA_6mIIT_400-900_55	11.31809105	11.453210316667	11.42073525	0	537.4196285087786
IADQLEELNK	2	Ast-2024-12-05_HeLa_3mzDIA_6mIIT_400-900_60	10.04627915	10.181827916667	10.113623316667	0	3080.3962542403347
IAEGEHPK	2	Ast-2024-12-05_HeLa_3mzDIA_6mIIT_400-900_60	2.36899495	2.459121966667	2.413832566667	0	323.52604763694285
IAEGFSDTALIMVDNTK	3	Ast-2024-12-05_HeLa_3mzDIA_6mIIT_400-900_55	16.602713316667	16.683382466667	16.622961616667	0	538.0780474878954
IAMENDDGRTEEEK	2	Ast-2024-12-05_HeLa_3mzDIA_6mIIT_400-900_60	5.084618933333	5.201326633333	5.142626766667	0	314.7768533271613
IANLQENLANK	2	Ast-2024-12-05_HeLa_3mzDIA_6mIIT_400-900_49	8.978021866667	9.07960845	9.045637733333	0	567.0071251852883
IANPDQLLTQDVEK	2	Ast-2024-12-05_HeLa_3mzDIA_6mIIT_400-900_60	13.551526983333	13.692312516667	13.63861495	0	6240.823375652646
IAQLEEQLDNETK	2	Ast-2024-12-05_HeLa_3mzDIA_6mIIT_400-900_60	10.70319515	10.841699833333	10.754571133333	0	32193.354781031812
IAVSNLHK	2	Ast-2024-12-05_HeLa_3mzDIA_6mIIT_400-900_60	5.41374135	5.529135733333	5.451634	0	8314.091049053204
IDHVLLNADGIR	2	Ast-2024-12-05_HeLa_3mzDIA_6mIIT_400-900_55	11.134608166667	11.201079316667	11.16778335	0	208.2027715591436
IDMNLTDLLGELQR	2	Ast-2024-12-05_HeLa_3mzDIA_6mIIT_400-900_60	22.12806515	22.267548816667	22.174690733333	0	3682.615179538129
IDMNLTDLLGELQR	3	Ast-2024-12-05_HeLa_3mzDIA_6mIIT_400-900_60	22.12806515	22.267548816667	22.174690733333	0	348.91954490648334
IDTEILPSLFMR	2	Ast-2024-12-05_HeLa_3mzDIA_6mIIT_400-900_60	19.686994133333	19.847631483333	19.755893066667	0	483.159954191769
IEELEEALR	2	Ast-2024-12-05_HeLa_3mzDIA_6mIIT_400-900_60	11.731760466667	11.831331466667	11.763982133333	0	2559.3156484937854
IEEQSQSEK	2	Ast-2024-12-05_HeLa_3mzDIA_6mIIT_400-900_60	2.3929779	2.527901283333	2.4609617	0	1104.880566680117
IEFHMNC[+57.0215]WKK	3	Ast-2024-12-05_HeLa_3mzDIA_6mIIT_400-900_60	9.5251988	9.645529983333	9.593658433333	0	991.6251804248071
IEGEGSVLQAK	2	Ast-2024-12-05_HeLa_3mzDIA_6mIIT_400-900_60	7.900835083333	8.0428727	7.971904333333	0	4814.742569928794
IEGFTNVK	2	Ast-2024-12-05_HeLa_3mzDIA_6mIIT_400-900_60	8.431163466667	8.57077485	8.431163466667	0	8490.427830948609
IETKPC[+57.0215]GEELK	3	Ast-2024-12-05_HeLa_3mzDIA_6mIIT_400-900_55	5.60788305	5.722045433333	5.646514066667	0	843.0294456472853
IEYVTVTPEGFR	2	Ast-2024-12-05_HeLa_3mzDIA_6mIIT_400-900_49	13.907301283333	14.040971966667	14.00644155	0	3005.695203504031
IFSIIAEGEMHEAIK	2	Ast-2024-12-05_HeLa_3mzDIA_6mIIT_400-900_60	14.458238883333	14.674242633333	14.548644333333	0	508.7588464229499
IFVGGLPYHTTDASLR	2	Ast-2024-12-05_HeLa_3mzDIA_6mIIT_400-900_49	13.172360533333	13.290213833333	13.205942883333	0	120.4393833744978
IGIPEFK	2	Ast-2024-12-05_HeLa_3mzDIA_6mIIT_400-900_55	12.480563716667	12.653311533333	12.5996064	0	8513.706801276403
IGLDFC[+57.0215]K	2	Ast-2024-12-05_HeLa_3mzDIA_6mIIT_400-900_60	11.476354583333	11.611864433333	11.526747266667	0	21306.599744856736
IHAESLLLDSPAVAK	2	Ast-2024-12-05_HeLa_3mzDIA_6mIIT_400-900_60	12.567800233333	12.636551733333	12.618907966667	0	235.40528756647288
IHALPESVSIFSLK	3	Ast-2024-12-05_HeLa_3mzDIA_6mIIT_400-900_49	15.949794983333	16.039582533333	16.021603516667	0	248.6973311573059
IHGQNVPFDAVVVDK	2	Ast-2024-12-05_HeLa_3mzDIA_6mIIT_400-900_55	11.63538415	11.736716016667	11.703057066667	0	174.60376905076544
IHQC[+57.0215]ISINMLADK	2	Ast-2024-12-05_HeLa_3mzDIA_6mIIT_400-900_55	12.0828972	12.225250083333	12.120109933333	0	1307.2777857327792
IIDDSEITK	2	Ast-2024-12-05_HeLa_3mzDIA_6mIIT_400-900_60	8.077657916667	8.18391085	8.112702183333	0	31460.077921063636
IIMLTC[+57.0215]AFLAC[+57.0215]K	2	Ast-2024-12-05_HeLa_3mzDIA_6mIIT_400-900_55	17.9316247	18.015421133333	17.973711133333	0	378.10383325662644
IISLDLPVAEVYK	3	Ast-2024-12-05_HeLa_3mzDIA_6mIIT_400-900_60	18.031379783333	18.20066155	18.094534133333	0	39.916299476660505
IIVEGGGAVAALQAMK	3	Ast-2024-12-05_HeLa_3mzDIA_6mIIT_400-900_49	15.32631055	15.434014516667	15.377981283333	0	811.9995930255179
IKFPLPHR	2	Ast-2024-12-05_HeLa_3mzDIA_6mIIT_400-900_60	8.9184162	9.261471633333	9.158568016667	0	6709.695130044123
ILC[+57.0215]DVPC[+57.0215]SGDGTMR	3	Ast-2024-12-05_HeLa_3mzDIA_6mIIT_400-900_49	9.974566616667	10.108418916667	10.025334683333	0	0
ILETTTFFQR	2	Ast-2024-12-05_HeLa_3mzDIA_6mIIT_400-900_60	13.845403116667	13.9838523	13.914372533333	0	2735.5487267158155
ILHVDNHIGISIAGLTADAR	3	Ast-2024-12-05_HeLa_3mzDIA_6mIIT_400-900_55	15.406041183333	15.555558583333	15.48126005	0	955.3591413575637
ILLEDQSK	2	Ast-2024-12-05_HeLa_3mzDIA_6mIIT_400-900_55	7.91768105	8.00762465	7.972122	0	196.470001503229
ILQEYITQEGHK	2	Ast-2024-12-05_HeLa_3mzDIA_6mIIT_400-900_60	9.066476683333	9.17042585	9.101993166667	0	647.3890236527754
ILSHNPETQQVDIEILSSLPALR	3	Ast-2024-12-05_HeLa_3mzDIA_6mIIT_400-900_55	19.184261033333	19.31586675	19.228162616667	0	437.9310656853994
ILTDDFADK	2	Ast-2024-12-05_HeLa_3mzDIA_6mIIT_400-900_49	10.4861509	10.585074566667	10.5190869	0	687.1756310472562
IMPSSLDDR	2	Ast-2024-12-05_HeLa_3mzDIA_6mIIT_400-900_49	8.41686535	8.5552546	8.48633035	0	9096.469284345636
IMSTPGGEEAIER	2	Ast-2024-12-05_HeLa_3mzDIA_6mIIT_400-900_60	8.819147833333	8.9552858	8.887164883333	0	1286.307954603842
IMVHPHVTAVSEQPR	3	Ast-2024-12-05_HeLa_3mzDIA_6mIIT_400-900_49	7.6737456	7.817959433333	7.709478683333	0	127.85238021190023
IMYLSEAYFR	3	Ast-2024-12-05_HeLa_3mzDIA_6mIIT_400-900_49	15.669630333333	15.819997283333	15.724093483333	0	67.04793989735951
INQQENSLTLEK	2	Ast-2024-12-05_HeLa_3mzDIA_6mIIT_400-900_49	8.261114883333	8.365887883333	8.3130122	0	146.75206644191866
IPPC[+57.0215]ISNWK	2	Ast-2024-12-05_HeLa_3mzDIA_6mIIT_400-900_60	11.126478416667	11.562352016667	11.445291466667	0	4541.413039519473
IPPSEMFLSETDK	3	Ast-2024-12-05_HeLa_3mzDIA_6mIIT_400-900_49	13.5337821	13.805162666667	13.668111516667	0	199.88124036611197
IPQDRPTSEELLK	3	Ast-2024-12-05_HeLa_3mzDIA_6mIIT_400-900_55	8.708352516667	8.87955185	8.794317166667	0	1289.7980816070778
IPVPQQVAR	2	Ast-2024-12-05_HeLa_3mzDIA_6mIIT_400-900_60	8.4319874	8.606789366667	8.519682583333	0	4355.315577820307
IPVVVQSVPVVYTAVR	2	Ast-2024-12-05_HeLa_3mzDIA_6mIIT_400-900_55	16.44353305	16.597105433333	16.538139216667	0	391.5244766348147
IPYAAC[+57.0215]PAIC[+57.0215]VANTHLLYNPR	3	Ast-2024-12-05_HeLa_3mzDIA_6mIIT_400-900_49	15.425723333333	15.535837633333	15.498851666667	0	530.3104599152689
IQELENLPGSLAGDLR	2	Ast-2024-12-05_HeLa_3mzDIA_6mIIT_400-900_60	16.5503227	16.689114083333	16.63015655	0	3737.9711543647954
IQFHQYLGK	2	Ast-2024-12-05_HeLa_3mzDIA_6mIIT_400-900_60	9.313444783333	9.415152183333	9.347053783333	0	2465.1035175136717
IQRPPEDSIQPYEK	2	Ast-2024-12-05_HeLa_3mzDIA_6mIIT_400-900_60	8.199139933333	8.342196466667	8.25232395	0	306.97507192056065
ISALALLK	2	Ast-2024-12-05_HeLa_3mzDIA_6mIIT_400-900_60	14.375521483333	14.518146966667	14.44593585	0	2698.5085894690833
ISSMEGER	2	Ast-2024-12-05_HeLa_3mzDIA_6mIIT_400-900_49	4.35513185	4.517809733333	4.478306566667	0	825.054343088997
ISWAGDLDKK	2	Ast-2024-12-05_HeLa_3mzDIA_6mIIT_400-900_55	9.275921966667	9.3958054	9.3614229	0	2854.5845085410638
ITC[+57.0215]LC[+57.0215]QVPQNAANR	2	Ast-2024-12-05_HeLa_3mzDIA_6mIIT_400-900_60	9.00747885	9.146526316667	9.077344333333	0	51446.73051428668
ITLSGTNSK	2	Ast-2024-12-05_HeLa_3mzDIA_6mIIT_400-900_49	5.6528952	5.747301933333	5.72809535	0	1633.2525114457408
ITQC[+57.0215]SVEIQR	3	Ast-2024-12-05_HeLa_3mzDIA_6mIIT_400-900_60	7.433890966667	7.558983166667	7.487575833333	0	879.945316801294
ITQNNAMK	2	Ast-2024-12-05_HeLa_3mzDIA_6mIIT_400-900_60	3.171607733333	3.295089566667	3.233980133333	0	2448.8431173536806
IVLELFADIVPK	2	Ast-2024-12-05_HeLa_3mzDIA_6mIIT_400-900_49	21.916979566667	22.191034133333	21.962681566667	0	1288.8336871147346
IVQEFYDPMTPVNAR	2	Ast-2024-12-05_HeLa_3mzDIA_6mIIT_400-900_55	14.34620845	14.486206016667	14.381404066667	0	533.4233177054022
IYIGDDNPLTLIVK	2	Ast-2024-12-05_HeLa_3mzDIA_6mIIT_400-900_60	19.677570366667	19.81506635	19.746252666667	0	985.7154179249774
IYQIYEGTSQIQR	2	Ast-2024-12-05_HeLa_3mzDIA_6mIIT_400-900_60	11.130221533333	11.262410316667	11.196929166667	0	9625.678578359299
KADC[+57.0215]TITMADSDFLALMTGK	3	Ast-2024-12-05_HeLa_3mzDIA_6mIIT_400-900_60	19.363201133333	19.519308883333	19.429908	0	881.5754006319366
KADIDLTK	2	Ast-2024-12-05_HeLa_3mzDIA_6mIIT_400-900_60	5.38489635	5.49963095	5.44214455	0	27916.558981289447
KAVLFC[+57.0215]LSEDK	3	Ast-2024-12-05_HeLa_3mzDIA_6mIIT_400-900_55	11.13131815	11.29783965	11.2471908	0	1307.2003672866986
KDEAGENYSK	2	Ast-2024-12-05_HeLa_3mzDIA_6mIIT_400-900_60	2.349077283333	2.484332333333	2.393918	0	81.11770787759781
KEDGSEVGVGGAQVTGSNTR	3	Ast-2024-12-05_HeLa_3mzDIA_6mIIT_400-900_60	6.4608347	6.609957666667	6.534072683333	0	1688.4679760808774
KEQDDLLVLLADQDQK	3	Ast-2024-12-05_HeLa_3mzDIA_6mIIT_400-900_60	15.88712205	15.999452866667	15.942872166667	0	174.59858289403365
KFEEEDLDDILR	2	Ast-2024-12-05_HeLa_3mzDIA_6mIIT_400-900_55	14.31732965	14.422843066667	14.405411016667	0	94.16578816836792
KFESTDPR	2	Ast-2024-12-05_HeLa_3mzDIA_6mIIT_400-900_49	3.5424919	3.668775483333	3.584872866667	0	7790.080978861441
KFGPVVAPK	2	Ast-2024-12-05_HeLa_3mzDIA_6mIIT_400-900_55	6.962571833333	7.069462983333	7.069462983333	0	3127.2168338551974
KFVADGIFK	2	Ast-2024-12-05_HeLa_3mzDIA_6mIIT_400-900_49	11.111045183333	11.195841683333	11.16325385	0	208.62233444327265
KGPLEWQDYIYK	3	Ast-2024-12-05_HeLa_3mzDIA_6mIIT_400-900_60	14.298070816667	14.439277433333	14.334262066667	0	256.91299595360914
KPQDQLVIER	2	Ast-2024-12-05_HeLa_3mzDIA_6mIIT_400-900_60	7.219062233333	7.362225966667	7.272543316667	0	2607.624654027808
KPYPDDENLVEVK	3	Ast-2024-12-05_HeLa_3mzDIA_6mIIT_400-900_60	9.3418928	9.546718333333	9.4618315	0	4111.653650316374
KQEVDLQQLIR	2	Ast-2024-12-05_HeLa_3mzDIA_6mIIT_400-900_49	12.4123732	12.52627855	12.462046833333	0	26.838703895151255
KSDC[+57.0215]SLFMFGSHNK	3	Ast-2024-12-05_HeLa_3mzDIA_6mIIT_400-900_55	10.405097816667	10.50675505	10.456417933333	0	828.8690669525527
KTTPELEIVLQK	3	Ast-2024-12-05_HeLa_3mzDIA_6mIIT_400-900_60	11.655889933333	11.787229616667	11.754630083333	0	110.69694672936636
LAEQIATLC[+57.0215]ATLK	3	Ast-2024-12-05_HeLa_3mzDIA_6mIIT_400-900_55	14.698261533333	14.78633955	14.751267716667	0	67.93944633724236
LAGGQTSQPTTPLTSPQR	3	Ast-2024-12-05_HeLa_3mzDIA_6mIIT_400-900_60	8.705632316667	8.826540533333	8.775183733333	0	174.89055264436644
LALNQISQISMK	3	Ast-2024-12-05_HeLa_3mzDIA_6mIIT_400-900_49	14.452238633333	14.556618666667	14.487125166667	0	1080.1373987478692
LALQEEPDHSK	3	Ast-2024-12-05_HeLa_3mzDIA_6mIIT_400-900_60	5.964547216667	6.115147266667	6.021045483333	0	1355.664186787386
LALSLFR	2	Ast-2024-12-05_HeLa_3mzDIA_6mIIT_400-900_60	15.260613783333	15.4090157	15.315008516667	0	294.8681645233138
LANIDEEMLQK	2	Ast-2024-12-05_HeLa_3mzDIA_6mIIT_400-900_60	11.632756583333	11.765162066667	11.700543866667	0	5191.99413799733
LASTEQTELLASK	2	Ast-2024-12-05_HeLa_3mzDIA_6mIIT_400-900_55	9.724749916667	9.859205716667	9.758727183333	0	936.1384531273701
LAVQNSSLHDIQHAPK	3	Ast-2024-12-05_HeLa_3mzDIA_6mIIT_400-900_49	7.9568795	8.099240983333	8.0109754	0	2779.129592703289
LAVTKPNNIK	2	Ast-2024-12-05_HeLa_3mzDIA_6mIIT_400-900_60	6.019699316667	6.208184316667	6.1325262	0	293.6060351907994
LC[+57.0215]ESDVC[+57.0215]QSSSLTGHK	3	Ast-2024-12-05_HeLa_3mzDIA_6mIIT_400-900_49	7.603450716667	7.692193816667	7.656769133333	0	96.099233149251
LC[+57.0215]GDTSLNNMQR	2	Ast-2024-12-05_HeLa_3mzDIA_6mIIT_400-900_60	8.027233783333	8.1688511	8.097861633333	0	12599.07456331231
LC[+57.0215]NHPALVLTPQHPEFK	3	Ast-2024-12-05_HeLa_3mzDIA_6mIIT_400-900_60	10.992429466667	11.110549766667	11.026079933333	0	263.21637728861833
LDEQQEFSAIILATAGLQR	3	Ast-2024-12-05_HeLa_3mzDIA_6mIIT_400-900_60	21.639011016667	21.825142966667	21.709029616667	0	1155.2504274394412
LDGDLGQIER	2	Ast-2024-12-05_HeLa_3mzDIA_6mIIT_400-900_55	9.916035333333	10.019278316667	9.9513547	0	1117.4918192873663
LDQILLNGNNITMLVPGGEGPEV	3	Ast-2024-12-05_HeLa_3mzDIA_6mIIT_400-900_60	21.723194683333	21.93159395	21.8392448	0	1344.4683719165764
LEELTNR	2	Ast-2024-12-05_HeLa_3mzDIA_6mIIT_400-900_60	6.027295083333	6.1781554	6.102712366667	0	3771.4546622949956
LEFPSGETIVMHNPK	3	Ast-2024-12-05_HeLa_3mzDIA_6mIIT_400-900_49	12.8377869	12.990906866667	12.95747655	0	755.76022427173
LEGFHTQISK	2	Ast-2024-12-05_HeLa_3mzDIA_6mIIT_400-900_60	7.78383585	7.9280577	7.85605865	0	3491.0667133821626
LEGHELPADLPPHLVPPSK	3	Ast-2024-12-05_HeLa_3mzDIA_6mIIT_400-900_60	12.0422773	12.229119783333	12.1956008	0	1431.8150454409038
LEGIITR	2	Ast-2024-12-05_HeLa_3mzDIA_6mIIT_400-900_60	8.518229216667	8.658407083333	8.587864683333	0	17065.736148134984
LELKPIDK	2	Ast-2024-12-05_HeLa_3mzDIA_6mIIT_400-900_55	8.007700883333	8.113778166667	8.078474566667	0	560.6153872291047
LENTEDIEEVEQHIQTIK	3	Ast-2024-12-05_HeLa_3mzDIA_6mIIT_400-900_60	14.578629466667	14.72180295	14.667810866667	0	4674.265346596405
LENWITSLAESQLQTR	3	Ast-2024-12-05_HeLa_3mzDIA_6mIIT_400-900_60	19.1293488	19.262086416667	19.195792266667	0	1783.2119024420886
LEQEIATYR	2	Ast-2024-12-05_HeLa_3mzDIA_6mIIT_400-900_60	8.264956016667	8.371953433333	8.3372134	0	158607.10831352958
LEQELLC[+57.0215]ASNR	2	Ast-2024-12-05_HeLa_3mzDIA_6mIIT_400-900_49	9.912339933333	10.014939933333	9.963662866667	0	797.4853007665586
LESEGSPETLTNLRK	2	Ast-2024-12-05_HeLa_3mzDIA_6mIIT_400-900_60	9.016381483333	9.155474166667	9.086600116667	0	308.18447244193254
LFATKPELLDYK	2	Ast-2024-12-05_HeLa_3mzDIA_6mIIT_400-900_55	12.813271733333	12.94858015	12.84743705	0	1449.4807837406277
LFEGNALLR	2	Ast-2024-12-05_HeLa_3mzDIA_6mIIT_400-900_60	12.98217975	13.119053033333	13.049997033333	0	221878.14165630998
LFELLEK	2	Ast-2024-12-05_HeLa_3mzDIA_6mIIT_400-900_60	14.59219215	14.734819883333	14.663077516667	0	4020.45548742105
LFFTTASAHLK	3	Ast-2024-12-05_HeLa_3mzDIA_6mIIT_400-900_60	11.811412733333	11.863221083333	11.811412733333	0	47.941364932011695
LFHSDLIEGLSK	3	Ast-2024-12-05_HeLa_3mzDIA_6mIIT_400-900_60	13.47767425	13.615420083333	13.545808933333	0	374.5696337245692
LFPSASATEAIQR	2	Ast-2024-12-05_HeLa_3mzDIA_6mIIT_400-900_60	11.385918033333	11.555585916667	11.45537265	0	1381.0495265266823
LFQGVNK	2	Ast-2024-12-05_HeLa_3mzDIA_6mIIT_400-900_60	6.873236866667	6.98120285	6.927025683333	0	312.6649144155534
LFTMDLNVVEHK	3	Ast-2024-12-05_HeLa_3mzDIA_6mIIT_400-900_49	14.588428216667	14.711938616667	14.641305866667	0	242.92443911592798
LFVLLPEQSPVSYSK	2	Ast-2024-12-05_HeLa_3mzDIA_6mIIT_400-900_60	17.214335033333	17.3824302	17.297911683333	0	3269.93747263515
LGNRPEMNYK	3	Ast-2024-12-05_HeLa_3mzDIA_6mIIT_400-900_49	5.938021683333	6.03257075	5.994674183333	0	864.1873313865285
LGPPQIYELVALTSSDK	3	Ast-2024-12-05_HeLa_3mzDIA_6mIIT_400-900_49	20.336368066667	20.470702383333	20.358802716667	0	46.64877602476223
LGQETEAR	2	Ast-2024-12-05_HeLa_3mzDIA_6mIIT_400-900_49	3.354254166667	3.4149624	3.374404466667	0	16.823773549240734
LGQHVVGMAPLSVGSLDDEPGGEAETK	3	Ast-2024-12-05_HeLa_3mzDIA_6mIIT_400-900_60	14.081681983333	14.259152116667	14.116683533333	0	8229.57915417351
LGTYMGHTGAVWC[+57.0215]VDADWDTK	3	Ast-2024-12-05_HeLa_3mzDIA_6mIIT_400-900_49	15.425613166667	15.608898666667	15.517411283333	0	432.0688305679121
LGVFSAC[+57.0215]K	2	Ast-2024-12-05_HeLa_3mzDIA_6mIIT_400-900_49	9.434343233333	9.501634016667	9.46803875	0	239.60578630311446
LGYEEHIPGQTR	3	Ast-2024-12-05_HeLa_3mzDIA_6mIIT_400-900_60	8.053992116667	8.196067416667	8.1245086	0	6911.574175934512
LHFSETTANNMR	3	Ast-2024-12-05_HeLa_3mzDIA_6mIIT_400-900_60	7.431835233333	7.574805066667	7.5569193	0	1356.8889764347534
LHHPAQGSAAGTPYPSSASLR	3	Ast-2024-12-05_HeLa_3mzDIA_6mIIT_400-900_60	7.202732533333	7.3269485	7.237882916667	0	182.08954853901182
LHTLIPC[+57.0215]K	2	Ast-2024-12-05_HeLa_3mzDIA_6mIIT_400-900_60	7.755670033333	7.809241133333	7.773525383333	0	1392.1525210122466
LHVGEESKK	2	Ast-2024-12-05_HeLa_3mzDIA_6mIIT_400-900_49	2.487606083333	2.619546466667	2.554351	0	337.5275886412329
LIDEVIEDTR	2	Ast-2024-12-05_HeLa_3mzDIA_6mIIT_400-900_60	12.1526913	12.285457816667	12.2194871	0	3986.114803268562
LIDFLESGK	2	Ast-2024-12-05_HeLa_3mzDIA_6mIIT_400-900_60	14.26158185	14.404114533333	14.316473933333	0	38804.276299046185
LIEC[+57.0215]GWK	2	Ast-2024-12-05_HeLa_3mzDIA_6mIIT_400-900_49	9.0342703	9.1200596	9.1200596	0	3385.4663928112614
LIIVEGC[+57.0215]QR	2	Ast-2024-12-05_HeLa_3mzDIA_6mIIT_400-900_60	9.355091783333	9.4924773	9.423384	0	14325.958143691088
LISLLNEK	2	Ast-2024-12-05_HeLa_3mzDIA_6mIIT_400-900_60	12.308845083333	12.409280983333	12.341879366667	0	11119.01640178102
LISSDYYIWNSK	2	Ast-2024-12-05_HeLa_3mzDIA_6mIIT_400-900_49	14.444883566667	14.5312561	14.513725683333	0	379.1955628990858
LIVLVPPSKPTVNIPSSATIGNR	3	Ast-2024-12-05_HeLa_3mzDIA_6mIIT_400-900_60	15.285818783333	15.433340666667	15.433340666667	0	1652.3313178811497
LLAELPASVHALTGVDLSK	3	Ast-2024-12-05_HeLa_3mzDIA_6mIIT_400-900_60	17.231666583333	17.400171283333	17.315485533333	0	7522.032522305619
LLEIITTTIEETETQNQGIK	3	Ast-2024-12-05_HeLa_3mzDIA_6mIIT_400-900_60	19.871837516667	20.011434433333	19.942760866667	0	305.51688831365004
LLENMNK	2	Ast-2024-12-05_HeLa_3mzDIA_6mIIT_400-900_49	6.746203633333	6.8747073	6.818987816667	0	3220.602617099825
LLHVAVSDVNDDVR	2	Ast-2024-12-05_HeLa_3mzDIA_6mIIT_400-900_60	10.763579733333	10.9003985	10.833467766667	0	2400.524835933678
LLIEGLR	2	Ast-2024-12-05_HeLa_3mzDIA_6mIIT_400-900_60	12.552947416667	12.692755516667	12.60493475	0	494.31746945992336
LLIYETEAK	2	Ast-2024-12-05_HeLa_3mzDIA_6mIIT_400-900_60	10.546308666667	10.6831547	10.614836516667	0	9703.59665460479
LLLHYSPQAC[+57.0215]K	3	Ast-2024-12-05_HeLa_3mzDIA_6mIIT_400-900_55	9.040861183333	9.179623566667	9.093218533333	0	274.5422229894643
LLNYAGEVPR	2	Ast-2024-12-05_HeLa_3mzDIA_6mIIT_400-900_60	10.846996116667	10.931615566667	10.897080616667	0	592.6364143281593
LLPIPDSLPISPDDGQHADIYK	3	Ast-2024-12-05_HeLa_3mzDIA_6mIIT_400-900_49	17.28416635	17.3656971	17.325109683333	0	65.40162709545933
LLQESYK	2	Ast-2024-12-05_HeLa_3mzDIA_6mIIT_400-900_55	6.556182133333	6.686228083333	6.611239433333	0	782.5360257502575
LLQQQNDITGLSR	3	Ast-2024-12-05_HeLa_3mzDIA_6mIIT_400-900_60	10.677555466667	10.780244833333	10.712061033333	0	2459.0228061761686
LLSDLSVDSAR	2	Ast-2024-12-05_HeLa_3mzDIA_6mIIT_400-900_60	11.43748055	11.554091616667	11.470613616667	0	430.55059426560064
LLVEEIK	2	Ast-2024-12-05_HeLa_3mzDIA_6mIIT_400-900_60	10.76654305	10.90355845	10.853011583333	0	6262.553398570817
LLVVTDPR	2	Ast-2024-12-05_HeLa_3mzDIA_6mIIT_400-900_55	10.067810133333	10.2013683	10.134556333333	0	188218.7294038669
LMDHVGTEPSIK	3	Ast-2024-12-05_HeLa_3mzDIA_6mIIT_400-900_49	8.540190766667	8.713445166667	8.627626483333	0	41501.86232248826
LMSMPVMTVDYSK	2	Ast-2024-12-05_HeLa_3mzDIA_6mIIT_400-900_55	15.20672525	15.315733133333	15.261654433333	0	246.60913563022046
LMTFAWPC[+57.0215]LLSK	2	Ast-2024-12-05_HeLa_3mzDIA_6mIIT_400-900_49	20.283883766667	20.43988335	20.350171666667	0	666.0856732918297
LMVNLTQPALLC[+57.0215]FGNLPK	3	Ast-2024-12-05_HeLa_3mzDIA_6mIIT_400-900_49	20.740951566667	20.82931125	20.785010733333	0	197.0081857542269
LNGQVLVFTLPLTDQVSVIK	3	Ast-2024-12-05_HeLa_3mzDIA_6mIIT_400-900_60	21.4440529	21.6283461	21.535961966667	0	2970.511433865021
LNHNDWIK	2	Ast-2024-12-05_HeLa_3mzDIA_6mIIT_400-900_60	7.03684815	7.127949216667	7.091917083333	0	202.24173353589575
LNQIMVGTGNGLAK	2	Ast-2024-12-05_HeLa_3mzDIA_6mIIT_400-900_60	11.001602566667	11.13703775	11.068556783333	0	1429.9032895043663
LNQLVEAK	2	Ast-2024-12-05_HeLa_3mzDIA_6mIIT_400-900_60	6.791312483333	6.882959883333	6.882959883333	0	2162.685867343832
LPEEPITR	2	Ast-2024-12-05_HeLa_3mzDIA_6mIIT_400-900_60	7.953045883333	8.094514666667	8.023789716667	0	18032.929149653693
LPEPSASLPNPPSKK	3	Ast-2024-12-05_HeLa_3mzDIA_6mIIT_400-900_49	9.494312066667	9.58100725	9.528342783333	0	150.20782769261754
LPGEAPVIQR	2	Ast-2024-12-05_HeLa_3mzDIA_6mIIT_400-900_60	9.081228316667	9.253054566667	9.133540133333	0	1791.2798177807485
LPLWQQAC[+57.0215]ADPSK	2	Ast-2024-12-05_HeLa_3mzDIA_6mIIT_400-900_49	12.526990816667	12.5903201	12.5584506	0	283.5575126032045
LPNVPSSSLPAQPNR	2	Ast-2024-12-05_HeLa_3mzDIA_6mIIT_400-900_60	10.755349283333	10.892203366667	10.892203366667	0	557.0044198806265
LPPVLANLMGSMGAGK	3	Ast-2024-12-05_HeLa_3mzDIA_6mIIT_400-900_49	20.670793066667	20.915413666667	20.803842783333	0	1176.000252112273
LPQMETEGMDEGKEPQK	3	Ast-2024-12-05_HeLa_3mzDIA_6mIIT_400-900_49	8.60138975	8.739842633333	8.704602816667	0	419.05504798908504
LPQTSDDEK	2	Ast-2024-12-05_HeLa_3mzDIA_6mIIT_400-900_60	3.913922616667	4.122354166667	3.9971262	0	16469.008751632406
LPTVPMLGLTQR	3	Ast-2024-12-05_HeLa_3mzDIA_6mIIT_400-900_49	16.493530416667	16.784397866667	16.62563015	0	99.33959494502507
LPVDLAEELGHR	3	Ast-2024-12-05_HeLa_3mzDIA_6mIIT_400-900_60	13.302521683333	13.438915683333	13.37176765	0	12170.18856998712
LPYTEGDAQQLQR	3	Ast-2024-12-05_HeLa_3mzDIA_6mIIT_400-900_49	9.498171166667	9.602552216667	9.532504466667	0	146.7511141468982
LQAPVWEFK	2	Ast-2024-12-05_HeLa_3mzDIA_6mIIT_400-900_60	14.503617966667	14.647356966667	14.557841283333	0	1023.3701681013932
LQESPC[+57.0215]IFALTPR	2	Ast-2024-12-05_HeLa_3mzDIA_6mIIT_400-900_60	15.330630116667	15.553451916667	15.40620415	0	2988.969806084431
LQQEEEDR	2	Ast-2024-12-05_HeLa_3mzDIA_6mIIT_400-900_49	3.0058399	3.172580566667	3.047659666667	0	284.0468185741485
LQQTQNQVDEVVDIMR	3	Ast-2024-12-05_HeLa_3mzDIA_6mIIT_400-900_60	15.283879583333	15.4313947	15.375615916667	0	904.2321734477706
LQQTQSLHSLR	2	Ast-2024-12-05_HeLa_3mzDIA_6mIIT_400-900_60	6.424020433333	6.534332633333	6.461022316667	0	1518.567920741411
LQSLDGPGAHK	2	Ast-2024-12-05_HeLa_3mzDIA_6mIIT_400-900_60	5.069557166667	5.206048216667	5.14732665	0	1573.0078363392051
LQWFEQQAK	2	Ast-2024-12-05_HeLa_3mzDIA_6mIIT_400-900_60	11.756290083333	11.8926738	11.806010983333	0	2409.8990841313494
LQYYVPENFWK	2	Ast-2024-12-05_HeLa_3mzDIA_6mIIT_400-900_60	16.5273826	16.647439983333	16.588823783333	0	1592.649066281383
LSDQFHDILIR	3	Ast-2024-12-05_HeLa_3mzDIA_6mIIT_400-900_60	12.884305183333	13.0180481	12.950628516667	0	38466.69962426061
LSGLEQPQGALQTR	2	Ast-2024-12-05_HeLa_3mzDIA_6mIIT_400-900_60	10.235465066667	10.338979583333	10.303824933333	0	12645.180200052358
LSGMPDLSLSFMNPR	3	Ast-2024-12-05_HeLa_3mzDIA_6mIIT_400-900_49	19.036300883333	19.206614733333	19.142748616667	0	82.118472635986
LSLDGQNIYNAC[+57.0215]C[+57.0215]TLR	3	Ast-2024-12-05_HeLa_3mzDIA_6mIIT_400-900_60	13.879251633333	14.01902865	13.949230616667	0	4327.70892321969
LSNLHVQQQEQR	3	Ast-2024-12-05_HeLa_3mzDIA_6mIIT_400-900_49	5.44687375	5.5620274	5.542751666667	0	364.38281588129166
LSSETGGMGSS	2	Ast-2024-12-05_HeLa_3mzDIA_6mIIT_400-900_60	6.028384416667	6.141374433333	6.0656847	0	999.3606504498656
LSSQIQETAQKPDLDFLQEFK	3	Ast-2024-12-05_HeLa_3mzDIA_6mIIT_400-900_60	16.885570116667	16.926497116667	16.926497116667	0	158.4550090735956
LSTGC[+57.0215]TGTLVAEK	2	Ast-2024-12-05_HeLa_3mzDIA_6mIIT_400-900_60	8.4779548	8.618217583333	8.54824655	0	1484.4515667044325
LSYAEVC[+57.0215]QKPPK	2	Ast-2024-12-05_HeLa_3mzDIA_6mIIT_400-900_60	7.49811235	7.623561016667	7.551592916667	0	637.6496101808871
LTC[+57.0215]SIC[+57.0215]LK	2	Ast-2024-12-05_HeLa_3mzDIA_6mIIT_400-900_55	9.207478883333	9.2750585	9.224672766667	0	1420.5206966435235
LTDC[+57.0215]VVMRDPASK	3	Ast-2024-12-05_HeLa_3mzDIA_6mIIT_400-900_60	8.366240266667	8.505949516667	8.435976083333	0	22921.781056107044
LTDFGFAK	2	Ast-2024-12-05_HeLa_3mzDIA_6mIIT_400-900_60	11.569085016667	11.738319166667	11.672184416667	0	2447.5597079828667
LTFEEHINNIK	2	Ast-2024-12-05_HeLa_3mzDIA_6mIIT_400-900_55	10.34849315	10.415397833333	10.398236966667	0	485.5504674740424
LTIIPQDPILFSGSLR	2	Ast-2024-12-05_HeLa_3mzDIA_6mIIT_400-900_60	19.725174383333	19.910650233333	19.794303816667	0	524.3705959289786
LVAAGSYQR	2	Ast-2024-12-05_HeLa_3mzDIA_6mIIT_400-900_60	5.857104983333	5.971716366667	5.895445716667	0	1141.6862009131391
LVAEDLSQDC[+57.0215]FWTK	2	Ast-2024-12-05_HeLa_3mzDIA_6mIIT_400-900_60	15.304579366667	15.452755516667	15.379018383333	0	1854.8258924991355
LVAIVDPHIK	2	Ast-2024-12-05_HeLa_3mzDIA_6mIIT_400-900_60	10.699991916667	10.838785366667	10.768786016667	0	6792.471324104967
LVEVIPEGAMLR	3	Ast-2024-12-05_HeLa_3mzDIA_6mIIT_400-900_55	15.205301983333	15.3496519	15.296217183333	0	20.842574303655358
LVFDMLVLQK	2	Ast-2024-12-05_HeLa_3mzDIA_6mIIT_400-900_60	18.675987516667	18.803898283333	18.718611483333	0	293.4768072263874
LVHSAVDVPTIQEK	2	Ast-2024-12-05_HeLa_3mzDIA_6mIIT_400-900_60	9.787504416667	9.957691733333	9.837978483333	0	191.44479096554767
LVLSLEPLEHPLISSPSFFSK	3	Ast-2024-12-05_HeLa_3mzDIA_6mIIT_400-900_55	20.550355783333	20.728764866667	20.639662166667	0	648.1240083204526
LVPELDTIVPLESTK	3	Ast-2024-12-05_HeLa_3mzDIA_6mIIT_400-900_60	17.6183138	17.78310835	17.7210278	0	625.7572988355021
LVPSQEETK	2	Ast-2024-12-05_HeLa_3mzDIA_6mIIT_400-900_55	4.796945783333	4.9149515	4.836837416667	0	16054.329419794723
LVTPHGESEQIGVIPSK	2	Ast-2024-12-05_HeLa_3mzDIA_6mIIT_400-900_60	10.212565083333	10.350170683333	10.281018966667	0	1105.3999040194103
LWSPDEEVSPEVLAK	3	Ast-2024-12-05_HeLa_3mzDIA_6mIIT_400-900_55	15.1439955	15.3261998	15.23617565	0	274.1237257256464
LWVSSLEK	2	Ast-2024-12-05_HeLa_3mzDIA_6mIIT_400-900_55	12.124518383333	12.2632352	12.16022855	0	206.38195731727333
LYRPGSVAYVSR	3	Ast-2024-12-05_HeLa_3mzDIA_6mIIT_400-900_60	8.370554433333	8.474942216667	8.422518666667	0	2081.9256303862767
MADGVANVEHILK	3	Ast-2024-12-05_HeLa_3mzDIA_6mIIT_400-900_60	12.242833816667	12.37540025	12.292012366667	0	524.503537300217
MC[+57.0215]GTLPYVAPELLK	2	Ast-2024-12-05_HeLa_3mzDIA_6mIIT_400-900_60	16.6288219	16.78451715	16.726403016667	0	531.4984937364081
MDANVLMHLR	3	Ast-2024-12-05_HeLa_3mzDIA_6mIIT_400-900_60	12.675280266667	12.77562895	12.726117966667	0	436.00217461300065
MDDSYC[+57.0215]LSALR	3	Ast-2024-12-05_HeLa_3mzDIA_6mIIT_400-900_49	12.5069291	12.602482683333	12.554308366667	0	2147.2607799225107
MDLDEDTAEK	2	Ast-2024-12-05_HeLa_3mzDIA_6mIIT_400-900_60	7.263382466667	7.389153466667	7.389153466667	0	715.1641660079815
MDNSQHPQPADSR	3	Ast-2024-12-05_HeLa_3mzDIA_6mIIT_400-900_49	3.15648545	3.279426083333	3.176869333333	0	683.8401629017653
MELLAHLLGEK	2	Ast-2024-12-05_HeLa_3mzDIA_6mIIT_400-900_60	16.466327583333	16.62614675	16.566273466667	0	449.98131289312437
METSHNQC[+57.0215]QELK	3	Ast-2024-12-05_HeLa_3mzDIA_6mIIT_400-900_49	4.002742066667	4.104983283333	4.063852916667	0	1045.5228329849267
MFTSMDPPPVELIR	2	Ast-2024-12-05_HeLa_3mzDIA_6mIIT_400-900_60	16.946645983333	17.109419816667	17.007246316667	0	5273.801188063178
MIIPSLEELDSLK	2	Ast-2024-12-05_HeLa_3mzDIA_6mIIT_400-900_55	19.3784267	19.55345165	19.464959783333	0	4761.195597123327
MIVC[+57.0215]NQVMK	2	Ast-2024-12-05_HeLa_3mzDIA_6mIIT_400-900_55	9.077388183333	9.16335105	9.12925235	0	546.8192985173206
MLEQLDMR	2	Ast-2024-12-05_HeLa_3mzDIA_6mIIT_400-900_60	11.21685225	11.316677383333	11.266480266667	0	71425.94598878286
MLFWAC[+57.0215]STNKPEGYR	3	Ast-2024-12-05_HeLa_3mzDIA_6mIIT_400-900_49	12.913891966667	13.0662148	13.000980133333	0	1154.9538632215085
MMSNQYVPVK	2	Ast-2024-12-05_HeLa_3mzDIA_6mIIT_400-900_49	9.436654033333	9.573534266667	9.520653133333	0	942.7746509965168
MNGPTNC[+57.0215]STELR	3	Ast-2024-12-05_HeLa_3mzDIA_6mIIT_400-900_55	6.768848566667	6.8252002	6.787430233333	0	19.275267366284123
MNSGEC[+57.0215]LGNVVSDER	2	Ast-2024-12-05_HeLa_3mzDIA_6mIIT_400-900_60	10.101202033333	10.2368968	10.152458683333	0	177.3449219516414
MSADDGIR	2	Ast-2024-12-05_HeLa_3mzDIA_6mIIT_400-900_60	5.48961625	5.645062116667	5.567917283333	0	2545.3489102709286
MSDGLFLQK	2	Ast-2024-12-05_HeLa_3mzDIA_6mIIT_400-900_60	11.822402333333	11.962299166667	11.89185	0	12890.285143937288
MSPLSIVTALVDK	3	Ast-2024-12-05_HeLa_3mzDIA_6mIIT_400-900_55	22.329333683333	22.560846933333	22.467501416667	0	389.4837883380079
MTPFPATSAAPEPHPSTSTAQPVTPK	3	Ast-2024-12-05_HeLa_3mzDIA_6mIIT_400-900_60	10.9110905	11.01324715	10.979442166667	0	207.15294393254524
MVEINFLC[+57.0215]VHK	2	Ast-2024-12-05_HeLa_3mzDIA_6mIIT_400-900_49	14.641012916667	14.78201355	14.711646716667	0	2886.867162772542
MVNHFIAEFK	3	Ast-2024-12-05_HeLa_3mzDIA_6mIIT_400-900_60	11.487674833333	11.588752166667	11.521329583333	0	50910.483507201694
MVQSSPPISGEDNK	2	Ast-2024-12-05_HeLa_3mzDIA_6mIIT_400-900_60	6.878594766667	7.022475683333	6.968601816667	0	324.02861963770744
NAAHGPDSFASAAR	2	Ast-2024-12-05_HeLa_3mzDIA_6mIIT_400-900_55	6.03795125	6.18910205	6.170173916667	0	192.84925857453325
NAGVILAPLQR	2	Ast-2024-12-05_HeLa_3mzDIA_6mIIT_400-900_55	12.74539555	12.882168216667	12.81468565	0	1418.8331017690894
NALHLVSSC[+57.0215]GK	2	Ast-2024-12-05_HeLa_3mzDIA_6mIIT_400-900_60	7.019587216667	7.165387466667	7.092835483333	0	297.83662214407974
NAPSRPPSLPTPR	3	Ast-2024-12-05_HeLa_3mzDIA_6mIIT_400-900_60	7.854256866667	7.997241916667	7.8908621	0	3106.2188396362317
NAQLDC[+57.0215]SK	2	Ast-2024-12-05_HeLa_3mzDIA_6mIIT_400-900_60	3.07742165	3.202691316667	3.140560883333	0	3182.858551157575
NDGYVHIHPSSVNYQVR	3	Ast-2024-12-05_HeLa_3mzDIA_6mIIT_400-900_60	9.365613483333	9.451321266667	9.399422883333	0	541.9253425085265
NDVGGGGSESQELVPR	3	Ast-2024-12-05_HeLa_3mzDIA_6mIIT_400-900_60	8.761606016667	8.898023766667	8.829962116667	0	3047.3981044681304
NEALVPVNSSLQEAWGKPEEEQR	3	Ast-2024-12-05_HeLa_3mzDIA_6mIIT_400-900_55	13.999589683333	14.105063233333	13.999589683333	0	879.420196234915
NEDLTELLNGMDEELDSPEELGK	3	Ast-2024-12-05_HeLa_3mzDIA_6mIIT_400-900_55	21.401613983333	21.516411483333	21.4706266	0	191.25092506506653
NEEMEVMEVEDEGR	2	Ast-2024-12-05_HeLa_3mzDIA_6mIIT_400-900_49	11.77844555	11.908131966667	11.842892983333	0	493.1310741918805
NELFDAAK	2	Ast-2024-12-05_HeLa_3mzDIA_6mIIT_400-900_55	9.066606166667	9.206794316667	9.101851983333	0	2274.8125116842334
NENTC[+57.0215]PLPQEMK	2	Ast-2024-12-05_HeLa_3mzDIA_6mIIT_400-900_60	8.540377183333	8.628108283333	8.574855983333	0	88.01031523719867
NEVDLVVHSLK	3	Ast-2024-12-05_HeLa_3mzDIA_6mIIT_400-900_60	12.1697835	12.302841533333	12.236752566667	0	218.25028617044765
NEVSFVIHNLPIIAK	3	Ast-2024-12-05_HeLa_3mzDIA_6mIIT_400-900_60	17.6022284	17.767477666667	17.643511516667	0	224.7846935204275
NEWASHTAALTNK	3	Ast-2024-12-05_HeLa_3mzDIA_6mIIT_400-900_49	7.794023083333	7.86583555	7.829491183333	0	522.7492801054715
NFATSLYSMIK	2	Ast-2024-12-05_HeLa_3mzDIA_6mIIT_400-900_60	18.188686933333	18.313412833333	18.230156583333	0	21856.22487431494
NFDTIFLR	2	Ast-2024-12-05_HeLa_3mzDIA_6mIIT_400-900_55	15.7377373	15.8518279	15.75690705	0	279.62874654241705
NFEESPERK	2	Ast-2024-12-05_HeLa_3mzDIA_6mIIT_400-900_49	3.896646016667	4.1206688	4.018777883333	0	158.06324237184853
NFRPDDPTR	2	Ast-2024-12-05_HeLa_3mzDIA_6mIIT_400-900_60	5.35800605	5.511015683333	5.434189766667	0	1691.7086744147803
NFVDSPIIVDITK	2	Ast-2024-12-05_HeLa_3mzDIA_6mIIT_400-900_60	17.441933833333	17.647184666667	17.565224783333	0	4365.989396584337
NFYVEHPEVAR	3	Ast-2024-12-05_HeLa_3mzDIA_6mIIT_400-900_60	8.750148133333	8.886995933333	8.818938533333	0	15659.593865387626
NHNENWLSVSR	2	Ast-2024-12-05_HeLa_3mzDIA_6mIIT_400-900_49	9.191085216667	9.26111215	9.226583883333	0	283.7131841606529
NIEEHASSDVER	3	Ast-2024-12-05_HeLa_3mzDIA_6mIIT_400-900_49	5.1560911	5.234035083333	5.195112983333	0	209.34883774171422
NILSVVGTDALK	3	Ast-2024-12-05_HeLa_3mzDIA_6mIIT_400-900_60	15.532116816667	15.6859841	15.609232	0	138.59217210793173
NITTVLQPC[+57.0215]SLFMEK	2	Ast-2024-12-05_HeLa_3mzDIA_6mIIT_400-900_55	18.100289983333	18.246665016667	18.120856266667	0	929.0658745973939
NIVVMEEVVITPPYQVENC[+57.0215]K	3	Ast-2024-12-05_HeLa_3mzDIA_6mIIT_400-900_55	18.047539	18.150125816667	18.067553166667	0	507.6187624353114
NKPNMSDPEESR	2	Ast-2024-12-05_HeLa_3mzDIA_6mIIT_400-900_55	4.316423533333	4.521214	4.419756816667	0	1097.0335376356159
NLADSPQHR	2	Ast-2024-12-05_HeLa_3mzDIA_6mIIT_400-900_49	3.213020083333	3.295168083333	3.254407066667	0	92.8475409753321
NLELQLK	2	Ast-2024-12-05_HeLa_3mzDIA_6mIIT_400-900_55	11.011789416667	11.164184683333	11.02851795	0	1808.8173853830897
NLQEILHGAVR	2	Ast-2024-12-05_HeLa_3mzDIA_6mIIT_400-900_60	12.3027681	12.436064116667	12.403234483333	0	921.5859228462596
NNEALDDLK	2	Ast-2024-12-05_HeLa_3mzDIA_6mIIT_400-900_49	8.224530533333	8.310166266667	8.258438183333	0	1099.5643554318492
NNNLAVTSK	2	Ast-2024-12-05_HeLa_3mzDIA_6mIIT_400-900_55	4.776723016667	4.914400533333	4.855491366667	0	886.3901557841251
NPLPPSVGVVDKK	3	Ast-2024-12-05_HeLa_3mzDIA_6mIIT_400-900_60	8.513538433333	8.793104883333	8.618546566667	0	12390.637890192635
NPTFLDYVR	2	Ast-2024-12-05_HeLa_3mzDIA_6mIIT_400-900_60	14.42252125	14.5668047	14.494607266667	0	448.07429451391715
NPVHNGHALLMQDTR	2	Ast-2024-12-05_HeLa_3mzDIA_6mIIT_400-900_55	7.121227883333	7.227696216667	7.174713416667	0	126.33532864235427
NPVLQQVLEGR	2	Ast-2024-12-05_HeLa_3mzDIA_6mIIT_400-900_60	13.811620133333	13.949075916667	13.879099533333	0	2053.702955570068
NSEPEEVIPSR	2	Ast-2024-12-05_HeLa_3mzDIA_6mIIT_400-900_60	8.221567183333	8.433813283333	8.329150133333	0	33556.71584866954
NSIAMQEQMLAC[+57.0215]K	2	Ast-2024-12-05_HeLa_3mzDIA_6mIIT_400-900_60	11.027213866667	11.129124033333	11.077804633333	0	366.9196627890797
NSQAQPSQC[+57.0215]R	2	Ast-2024-12-05_HeLa_3mzDIA_6mIIT_400-900_49	2.309700966667	2.42179875	2.42179875	0	101.0815230935795
NSSEQELR	2	Ast-2024-12-05_HeLa_3mzDIA_6mIIT_400-900_60	3.379297683333	3.50544635	3.442868616667	0	532.449049515508
NSSNTSVGSPSNTIGR	2	Ast-2024-12-05_HeLa_3mzDIA_6mIIT_400-900_60	6.408096016667	6.518567083333	6.4639135	0	168.28904724573243
NTLFNLSNFLDK	3	Ast-2024-12-05_HeLa_3mzDIA_6mIIT_400-900_55	19.696846766667	19.8296571	19.763044966667	0	39.23761348004264
NVEDGFGIAFR	2	Ast-2024-12-05_HeLa_3mzDIA_6mIIT_400-900_55	14.8743834	14.949778933333	14.89273965	0	157.39518509869308
NVFIIGATNRPDIIDPAILR	3	Ast-2024-12-05_HeLa_3mzDIA_6mIIT_400-900_60	18.3151582	18.420895916667	18.33586235	0	218.67137206965847
NVNLWDLR	2	Ast-2024-12-05_HeLa_3mzDIA_6mIIT_400-900_49	14.91704905	15.0275039	14.97309955	0	741.6424225901696
NVVAC[+57.0215]ESIGR	2	Ast-2024-12-05_HeLa_3mzDIA_6mIIT_400-900_60	7.406491333333	7.548936966667	7.4597156	0	3208.278052315957
NYLPLLEPVKPEPK	3	Ast-2024-12-05_HeLa_3mzDIA_6mIIT_400-900_60	13.76306775	13.917321533333	13.8312871	0	3318.004356743303
NYLTNLLK	2	Ast-2024-12-05_HeLa_3mzDIA_6mIIT_400-900_60	15.353611266667	15.501420933333	15.4281809	0	795.0466170854698
NYQQLFDYMNSQSK	3	Ast-2024-12-05_HeLa_3mzDIA_6mIIT_400-900_55	15.381399566667	15.493601716667	15.39980125	0	24.445341990177212
PAGLLFQQPDLDSALQIAR	3	Ast-2024-12-05_HeLa_3mzDIA_6mIIT_400-900_60	19.608040933333	19.744029516667	19.65295115	0	121.83619516978617
PETATPPSRPPPAEGFR	3	Ast-2024-12-05_HeLa_3mzDIA_6mIIT_400-900_49	8.085202416667	8.2255496	8.17227325	0	206.54520384007492
PETGRPR	2	Ast-2024-12-05_HeLa_3mzDIA_6mIIT_400-900_60	2.12664385	2.266713216667	2.173893833333	0	187.85535470571804
PFLNSISK	2	Ast-2024-12-05_HeLa_3mzDIA_6mIIT_400-900_55	10.02647565	10.092061283333	10.075759716667	0	94.69787146203063
PFSVDFFR	2	Ast-2024-12-05_HeLa_3mzDIA_6mIIT_400-900_55	16.620653583333	16.7777102	16.701106166667	0	582.7677029018574
PGFSIADK	2	Ast-2024-12-05_HeLa_3mzDIA_6mIIT_400-900_60	8.7117565	8.81552535	8.764238016667	0	93235.1902440353
PGPELGGEFPVQDLK	2	Ast-2024-12-05_HeLa_3mzDIA_6mIIT_400-900_60	14.8219992	14.951730683333	14.8219992	0	1312.6643459254146
PGVAQPEDTVQFR	3	Ast-2024-12-05_HeLa_3mzDIA_6mIIT_400-900_49	10.396260383333	10.530126583333	10.480438416667	0	312.5827563453456
PGWLSSPTLGR	2	Ast-2024-12-05_HeLa_3mzDIA_6mIIT_400-900_49	13.4888823	13.623874383333	13.5567394	0	508.58381476306374
PHSVSLNDTETR	2	Ast-2024-12-05_HeLa_3mzDIA_6mIIT_400-900_60	5.562017766667	5.678189983333	5.60176065	0	9205.434752763018
PIIAVFEK	2	Ast-2024-12-05_HeLa_3mzDIA_6mIIT_400-900_49	13.4701116	13.705952483333	13.621718433333	0	3802.5698705615796
PLFPGNSEIDQINK	2	Ast-2024-12-05_HeLa_3mzDIA_6mIIT_400-900_60	13.508529816667	13.6476005	13.5604628	0	1833.8828544988523
PLLLPLQPR	2	Ast-2024-12-05_HeLa_3mzDIA_6mIIT_400-900_49	15.531593466667	15.712693683333	15.5864152	0	908.9329760324483
PLLTAPDHC[+57.0215]SDDA	2	Ast-2024-12-05_HeLa_3mzDIA_6mIIT_400-900_60	9.229693	9.366145583333	9.298545983333	0	235.9392760509262
PLSADLTK	2	Ast-2024-12-05_HeLa_3mzDIA_6mIIT_400-900_49	7.716502016667	7.807048116667	7.770993033333	0	300.44545902908
PLVQATVPATPEQPVLDLK	3	Ast-2024-12-05_HeLa_3mzDIA_6mIIT_400-900_55	15.882796666667	15.99354665	15.937442633333	0	474.14953937361696
PNMVTPGHAC[+57.0215]TQK	3	Ast-2024-12-05_HeLa_3mzDIA_6mIIT_400-900_60	4.884289633333	5.042957383333	4.962753133333	0	17129.78785356059
PNVSASTQASR	2	Ast-2024-12-05_HeLa_3mzDIA_6mIIT_400-900_55	3.95227685	4.074843333333	3.993118633333	0	441.68100029171967
PSSGTVQELNFR	2	Ast-2024-12-05_HeLa_3mzDIA_6mIIT_400-900_60	10.446970783333	10.583058433333	10.480142533333	0	231.52092834142596
PSTPGLSVVSGISATSEDIPNK	3	Ast-2024-12-05_HeLa_3mzDIA_6mIIT_400-900_60	14.89397035	15.0804826	14.986607916667	0	946.9779133227894
PTPQLAAFSASK	2	Ast-2024-12-05_HeLa_3mzDIA_6mIIT_400-900_60	10.87270965	11.008578033333	11.008578033333	0	0
PVELGFAESAPAWR	3	Ast-2024-12-05_HeLa_3mzDIA_6mIIT_400-900_49	15.671364366667	15.8032677	15.7450864	0	247.04379039491133
PVFLNSWIDLR	3	Ast-2024-12-05_HeLa_3mzDIA_6mIIT_400-900_55	19.5244193	19.591725166667	19.5691174	0	33.906891121764055
PVHLTAFLGYK	2	Ast-2024-12-05_HeLa_3mzDIA_6mIIT_400-900_60	13.618849483333	13.8622904	13.777176883333	0	5025.851902168137
PVLASIEPELPMQLVSQDDESGQK	3	Ast-2024-12-05_HeLa_3mzDIA_6mIIT_400-900_60	19.101188933333	19.277727616667	19.189444666667	0	335.25549529727283
PVQVATPIVASSEAVAEK	2	Ast-2024-12-05_HeLa_3mzDIA_6mIIT_400-900_60	12.675025933333	12.80989695	12.77532115	0	308.44170300599717
PVTVEPMDQLDDEEGLPEK	3	Ast-2024-12-05_HeLa_3mzDIA_6mIIT_400-900_60	13.97631015	14.148202983333	14.061883383333	0	26280.44104946692
PVVLSLETLR	2	Ast-2024-12-05_HeLa_3mzDIA_6mIIT_400-900_49	15.2970255	15.40263005	15.36643665	0	865.2819659421348
PYENISLC[+57.0215]QAK	2	Ast-2024-12-05_HeLa_3mzDIA_6mIIT_400-900_60	9.6051913	9.7259889	9.656806166667	0	541.4653907880678
QAATQQNWDYR	2	Ast-2024-12-05_HeLa_3mzDIA_6mIIT_400-900_60	7.6867858	7.776405683333	7.740314316667	0	42.45515425852716
QAAVGQGDFHLLDHR	3	Ast-2024-12-05_HeLa_3mzDIA_6mIIT_400-900_55	10.55299645	10.657052983333	10.588495766667	0	0
QAGLLAVMAQMGC[+57.0215]YVPAEVC[+57.0215]R	3	Ast-2024-12-05_HeLa_3mzDIA_6mIIT_400-900_60	21.399201933333	21.583263383333	21.4909038	0	950.5337323922201
QAQQVIQK	2	Ast-2024-12-05_HeLa_3mzDIA_6mIIT_400-900_60	3.77806555	3.903047833333	3.81983775	0	529.2666274700066
QATAFGLLK	2	Ast-2024-12-05_HeLa_3mzDIA_6mIIT_400-900_49	12.835955433333	12.937972083333	12.869643166667	0	4535.544716710281
QAVHC[+57.0215]IHAIFTNK	2	Ast-2024-12-05_HeLa_3mzDIA_6mIIT_400-900_49	8.288449183333	8.412177383333	8.340587533333	0	203.46062815539125
QAVPGRPGPFPSK	2	Ast-2024-12-05_HeLa_3mzDIA_6mIIT_400-900_49	7.418360333333	7.5604661	7.4714859	0	1395.99717566238
QC[+57.0215]IHQLC[+57.0215]FTSLR	3	Ast-2024-12-05_HeLa_3mzDIA_6mIIT_400-900_60	11.469968266667	11.604800033333	11.57032025	0	2282.8970482669733
QDAQDRLDEMDQQK	2	Ast-2024-12-05_HeLa_3mzDIA_6mIIT_400-900_60	7.475082016667	7.6177121	7.52812765	0	111.64290102337935
QEDEWDKPR	3	Ast-2024-12-05_HeLa_3mzDIA_6mIIT_400-900_49	5.2905959	5.365738266667	5.3094627	0	1115.7532776349697
QEELTPLGVHLAR	3	Ast-2024-12-05_HeLa_3mzDIA_6mIIT_400-900_60	12.0827481	12.217757933333	12.1510008	0	4713.474914239964
QEGGDNDLIER	2	Ast-2024-12-05_HeLa_3mzDIA_6mIIT_400-900_49	7.212639616667	7.355766333333	7.28437995	0	1676.9799122496065
QELATLK	2	Ast-2024-12-05_HeLa_3mzDIA_6mIIT_400-900_60	6.688685966667	6.799535316667	6.762677616667	0	1259.5563854079023
QENEDSSDATTPVPR	2	Ast-2024-12-05_HeLa_3mzDIA_6mIIT_400-900_49	6.244076083333	6.393217666667	6.300726666667	0	117.50595845941356
QEQVQDVMLGR	3	Ast-2024-12-05_HeLa_3mzDIA_6mIIT_400-900_49	10.854750366667	10.974858383333	10.872349716667	0	290.4090626330841
QFAALVASK	2	Ast-2024-12-05_HeLa_3mzDIA_6mIIT_400-900_60	9.791532666667	9.926491583333	9.859094933333	0	6470.093131626693
QFESLPATHIR	2	Ast-2024-12-05_HeLa_3mzDIA_6mIIT_400-900_60	9.493937883333	9.63084245	9.5616558	0	3762.766050326817
QGQDAIPPPDPGEQIFNLPK	3	Ast-2024-12-05_HeLa_3mzDIA_6mIIT_400-900_49	16.43765945	16.626445333333	16.53176915	0	1184.893322852512
QGTPGGGTR	2	Ast-2024-12-05_HeLa_3mzDIA_6mIIT_400-900_49	2.191041833333	2.3514723	2.28375435	0	81.16751318633186
QHAAVLEEGVLDPK	2	Ast-2024-12-05_HeLa_3mzDIA_6mIIT_400-900_60	10.252983416667	10.3731641	10.303931	0	1704.217329884148
QHLEETTQK	2	Ast-2024-12-05_HeLa_3mzDIA_6mIIT_400-900_60	2.506321016667	2.65755825	2.571555633333	0	299.1500691364398
QHLENDPGSNEDTDIPK	3	Ast-2024-12-05_HeLa_3mzDIA_6mIIT_400-900_60	7.02040845	7.166275883333	7.093740583333	0	5722.772941858351
QIEEINEQIR	3	Ast-2024-12-05_HeLa_3mzDIA_6mIIT_400-900_55	9.26015505	9.396937433333	9.3109486	0	5231.311624426148
QIFFGLAPGWVVNMADK	3	Ast-2024-12-05_HeLa_3mzDIA_6mIIT_400-900_49	22.1217535	22.213321883333	22.144689433333	0	36.72173328539584
QILIAC[+57.0215]SPVSSVR	2	Ast-2024-12-05_HeLa_3mzDIA_6mIIT_400-900_60	12.54908405	12.689162916667	12.635532716667	0	1376.2567132767047
QIYHHVTGR	2	Ast-2024-12-05_HeLa_3mzDIA_6mIIT_400-900_60	3.131871433333	3.255737116667	3.173111383333	0	219.50957176604348
QLESQLHR	2	Ast-2024-12-05_HeLa_3mzDIA_6mIIT_400-900_49	4.992503566667	5.089349166667	5.06985085	0	1178.8882544148096
QLPEPLISFR	2	Ast-2024-12-05_HeLa_3mzDIA_6mIIT_400-900_49	16.1465517	16.37056725	16.2031724	0	1830.9180987787042
QLQLYEIHGAQK	2	Ast-2024-12-05_HeLa_3mzDIA_6mIIT_400-900_55	9.772815483333	9.839641983333	9.772815483333	0	714.6650000994331
QLSSSVTGLTNIEEENC[+57.0215]QR	3	Ast-2024-12-05_HeLa_3mzDIA_6mIIT_400-900_60	12.462930166667	12.63561085	12.549150433333	0	3805.1867006806033
QLVNMC[+57.0215]INPDPEK	3	Ast-2024-12-05_HeLa_3mzDIA_6mIIT_400-900_49	12.62469605	12.7630927	12.675408283333	0	273.36036395472576
QLYEFDIK	2	Ast-2024-12-05_HeLa_3mzDIA_6mIIT_400-900_55	13.09479735	13.196041816667	13.1286311	0	1323.8105856450252
QNEDIEPTSSR	3	Ast-2024-12-05_HeLa_3mzDIA_6mIIT_400-900_55	5.190993666667	5.343929133333	5.2682829	0	1191.7008261860974
QNFEDLHC[+57.0215]K	2	Ast-2024-12-05_HeLa_3mzDIA_6mIIT_400-900_60	5.9923349	6.105102833333	6.048082566667	0	112.09171338135128
QNGTVVGTDIAELLLR	2	Ast-2024-12-05_HeLa_3mzDIA_6mIIT_400-900_60	20.5751861	20.71307915	20.62069055	0	143.96916723531604
QNQVEFEGLK	2	Ast-2024-12-05_HeLa_3mzDIA_6mIIT_400-900_60	10.157109	10.224527233333	10.224527233333	0	598.4586372042099
QPAENVNQYLTDPK	2	Ast-2024-12-05_HeLa_3mzDIA_6mIIT_400-900_60	10.678654383333	10.816462833333	10.72994135	0	65537.57761097277
QPSGELEEK	2	Ast-2024-12-05_HeLa_3mzDIA_6mIIT_400-900_60	4.26957045	4.396062983333	4.312189983333	0	294.3620588390424
QQAQVEVIR	2	Ast-2024-12-05_HeLa_3mzDIA_6mIIT_400-900_49	7.309959533333	7.487051216667	7.398434333333	0	777.2806594360263
QQQQQQQHQQPNR	2	Ast-2024-12-05_HeLa_3mzDIA_6mIIT_400-900_55	2.120317933333	2.2603992	2.167766166667	0	184.0011702851448
QREEITAIVK	2	Ast-2024-12-05_HeLa_3mzDIA_6mIIT_400-900_60	8.007890033333	8.166973916667	8.060920083333	0	324.9036193837171
QSGYGGQTK	2	Ast-2024-12-05_HeLa_3mzDIA_6mIIT_400-900_55	2.376406533333	2.51093645	2.444235866667	0	595.3643607314632
QSMAFSILNTPK	2	Ast-2024-12-05_HeLa_3mzDIA_6mIIT_400-900_60	14.649012233333	14.793337416667	14.7388315	0	1838.1099100964375
QSQADYETR	2	Ast-2024-12-05_HeLa_3mzDIA_6mIIT_400-900_49	3.669851533333	3.7928799	3.7928799	0	0
QTSDGNWLMVHR	3	Ast-2024-12-05_HeLa_3mzDIA_6mIIT_400-900_60	10.549174533333	10.686000966667	10.61754085	0	6617.963057345104
QVVEEPSPQLPADK	2	Ast-2024-12-05_HeLa_3mzDIA_6mIIT_400-900_60	9.735977533333	9.9054522	9.9054522	0	0
QYTEAVK	2	Ast-2024-12-05_HeLa_3mzDIA_6mIIT_400-900_60	4.236331833333	4.447098383333	4.321176733333	0	878.0105453578228
RAEVLALPFK	2	Ast-2024-12-05_HeLa_3mzDIA_6mIIT_400-900_49	13.114985116667	13.2482552	13.19776645	0	798.4302335717011
RAQGGDGVLDATGEEANSNAENPK	3	Ast-2024-12-05_HeLa_3mzDIA_6mIIT_400-900_60	7.698267566667	7.841411166667	7.770125033333	0	169.4113238632374
RDHPLPEVAHVK	3	Ast-2024-12-05_HeLa_3mzDIA_6mIIT_400-900_60	5.61747025	5.768979933333	5.712636283333	0	302.0726696181711
RDIVEELSALK	2	Ast-2024-12-05_HeLa_3mzDIA_6mIIT_400-900_60	14.213166183333	14.358819966667	14.2689912	0	878.0529991089503
REPETPLAVPGLR	3	Ast-2024-12-05_HeLa_3mzDIA_6mIIT_400-900_60	11.7388508	11.804543833333	11.78752385	0	424.67289058371114
REPVSLEEWTK	3	Ast-2024-12-05_HeLa_3mzDIA_6mIIT_400-900_60	10.873820883333	10.976182433333	10.907730966667	0	307.5971650132993
RGLDEDR	2	Ast-2024-12-05_HeLa_3mzDIA_6mIIT_400-900_60	2.698611	2.8737817	2.786075966667	0	628.1198802057394
RHATAEEVEEEER	2	Ast-2024-12-05_HeLa_3mzDIA_6mIIT_400-900_49	4.376553283333	4.49892545	4.4179238	0	161.05372077877007
RLEEPEEPK	2	Ast-2024-12-05_HeLa_3mzDIA_6mIIT_400-900_60	5.098519266667	5.253351483333	5.176918416667	0	26030.50804867299
RLPENLYNDR	2	Ast-2024-12-05_HeLa_3mzDIA_6mIIT_400-900_60	7.93807345	8.221962483333	8.203986116667	0	1682.080232846217
RLPVMMDEALSYLEK	3	Ast-2024-12-05_HeLa_3mzDIA_6mIIT_400-900_49	19.49232415	19.6646884	19.600680316667	0	388.95400881813475
RNIYLMDTSGK	3	Ast-2024-12-05_HeLa_3mzDIA_6mIIT_400-900_49	8.774627666667	8.876999766667	8.809079216667	0	371.0488902043521
RNQNSQISTEK	2	Ast-2024-12-05_HeLa_3mzDIA_6mIIT_400-900_60	2.395575933333	2.530448433333	2.440869966667	0	45.82769631387885
RNTLEWC[+57.0215]LPVIDAK	2	Ast-2024-12-05_HeLa_3mzDIA_6mIIT_400-900_55	15.949262116667	16.061129733333	16.02342385	0	262.7422386691143
RPAAAAAAGSASPR	3	Ast-2024-12-05_HeLa_3mzDIA_6mIIT_400-900_55	3.535502216667	3.70417605	3.62039575	0	263.9063454900755
RPIVAC[+57.0215]ELGR	2	Ast-2024-12-05_HeLa_3mzDIA_6mIIT_400-900_49	7.7369709	7.863553783333	7.791542016667	0	233.7348024028467
RPLLLNSVLLR	3	Ast-2024-12-05_HeLa_3mzDIA_6mIIT_400-900_60	14.879772166667	15.0273848	14.972302483333	0	820.8604186277688
RPPAAPENTPLVPSGVK	2	Ast-2024-12-05_HeLa_3mzDIA_6mIIT_400-900_49	9.56435085	9.684234066667	9.633125733333	0	339.74296987533126
RPSQAEEQALSMDFK	3	Ast-2024-12-05_HeLa_3mzDIA_6mIIT_400-900_60	10.650036833333	10.7182865	10.7182865	0	455.9287835920412
RPTPAEEPGELEDNYLEYLR	3	Ast-2024-12-05_HeLa_3mzDIA_6mIIT_400-900_55	15.566801733333	15.714797783333	15.620843466667	0	2336.9806205527047
RPVTC[+57.0215]EQGC[+57.0215]GLEMPK	3	Ast-2024-12-05_HeLa_3mzDIA_6mIIT_400-900_55	8.3399504	8.445058233333	8.375317133333	0	823.5805333969217
RSENEEFVEVGR	3	Ast-2024-12-05_HeLa_3mzDIA_6mIIT_400-900_60	7.873029566667	7.94460735	7.926751533333	0	1080.1641027035698
RVESQLK	2	Ast-2024-12-05_HeLa_3mzDIA_6mIIT_400-900_60	2.720665233333	2.852183583333	2.8081318	0	1942.3050580907532
SAFEYGGQK	2	Ast-2024-12-05_HeLa_3mzDIA_6mIIT_400-900_60	6.531698733333	6.680818333333	6.589027416667	0	721.6579631399949
SAGYPGTLIPYR	2	Ast-2024-12-05_HeLa_3mzDIA_6mIIT_400-900_49	13.033873766667	13.198640183333	13.148591216667	0	3223.100144366007
SAPGEDEEC[+57.0215]GR	2	Ast-2024-12-05_HeLa_3mzDIA_6mIIT_400-900_49	3.4176649	3.629015766667	3.544687133333	0	1914.4553614136312
SC[+57.0215]GSSTPDEFPTDIPGTK	3	Ast-2024-12-05_HeLa_3mzDIA_6mIIT_400-900_60	12.220068633333	12.35313835	12.285987133333	0	1942.6759734425611
SDHLIQTDTVNLHR	2	Ast-2024-12-05_HeLa_3mzDIA_6mIIT_400-900_60	8.6391389	8.778888583333	8.709544133333	0	1075.4965836562483
SDVHTEAVQAALAK	2	Ast-2024-12-05_HeLa_3mzDIA_6mIIT_400-900_60	8.627873283333	8.733286433333	8.698610033333	0	71.2415031873967
SDVQIHVPTFTFR	3	Ast-2024-12-05_HeLa_3mzDIA_6mIIT_400-900_60	15.276382816667	15.4421413	15.368299	0	4434.270084504643
SDYLNTFEFMDK	2	Ast-2024-12-05_HeLa_3mzDIA_6mIIT_400-900_60	16.773867216667	16.935363566667	16.853939183333	0	14143.11793307143
SEDEPPAASASAAPPPQR	2	Ast-2024-12-05_HeLa_3mzDIA_6mIIT_400-900_60	6.633410983333	6.854137133333	6.798960666667	0	901.2712763671028
SEDEVGSLIEYEFR	2	Ast-2024-12-05_HeLa_3mzDIA_6mIIT_400-900_60	17.371840933333	17.577290616667	17.433670016667	0	2044.2632129651026
SEDSIAGSGVEHSTPDTEPGK	3	Ast-2024-12-05_HeLa_3mzDIA_6mIIT_400-900_55	7.330192233333	7.420041883333	7.38418465	0	214.18511116087615
SEFEQNLSEK	2	Ast-2024-12-05_HeLa_3mzDIA_6mIIT_400-900_60	7.5766702	7.72114655	7.630830833333	0	13416.12664131206
SEIEVISEPPEEK	2	Ast-2024-12-05_HeLa_3mzDIA_6mIIT_400-900_60	10.677555466667	10.815357166667	10.728858933333	0	484.5634307897782
SEPPTLAQPSR	2	Ast-2024-12-05_HeLa_3mzDIA_6mIIT_400-900_60	6.783768533333	6.929610916667	6.838960983333	0	7984.063810342192
SEQSDLSYMAVQVK	2	Ast-2024-12-05_HeLa_3mzDIA_6mIIT_400-900_49	12.5354675	12.61604615	12.599072433333	0	158.74992511014287
SEYFPTLSSR	2	Ast-2024-12-05_HeLa_3mzDIA_6mIIT_400-900_60	12.014286683333	12.135908483333	12.067190533333	0	2896.59488555798
SFDVNKPGC[+57.0215]EVDDLK	3	Ast-2024-12-05_HeLa_3mzDIA_6mIIT_400-900_60	10.237688216667	10.3411674	10.2721408	0	13201.873707308921
SFEDIHHYR	3	Ast-2024-12-05_HeLa_3mzDIA_6mIIT_400-900_60	6.152094166667	6.265093083333	6.189983883333	0	785.1751340420019
SFSRPDHLNSHVR	2	Ast-2024-12-05_HeLa_3mzDIA_6mIIT_400-900_60	5.366886166667	5.50081865	5.405028166667	0	91.18176296196101
SGEGIREPISVK	3	Ast-2024-12-05_HeLa_3mzDIA_6mIIT_400-900_55	7.9563785	8.098533683333	8.010038533333	0	1158.1228000590781
SGKPILEGAALDEALK	3	Ast-2024-12-05_HeLa_3mzDIA_6mIIT_400-900_49	12.87896405	12.947956733333	12.895363516667	0	232.83043805599988
SGLEELVLSEMNSPSR	3	Ast-2024-12-05_HeLa_3mzDIA_6mIIT_400-900_60	18.107659266667	18.234595383333	18.172022633333	0	149.32632013160378
SGLLVLTTPLASLAPR	2	Ast-2024-12-05_HeLa_3mzDIA_6mIIT_400-900_60	20.448078533333	20.630878783333	20.5396511	0	2490.61845614989
SGLVSSSSSPVVVQHSVASQASAK	3	Ast-2024-12-05_HeLa_3mzDIA_6mIIT_400-900_49	9.881160516667	9.947083816667	9.930432583333	0	114.047376707538
SGSALELSVENVK	2	Ast-2024-12-05_HeLa_3mzDIA_6mIIT_400-900_49	12.0585872	12.16188715	12.092164733333	0	378.83778663242015
SHILEDDENSVDISMLK	3	Ast-2024-12-05_HeLa_3mzDIA_6mIIT_400-900_49	13.794351016667	13.931359733333	13.846129433333	0	845.4245900347737
SHSLSQHTATSSK	2	Ast-2024-12-05_HeLa_3mzDIA_6mIIT_400-900_60	2.215181616667	2.35192075	2.261394866667	0	446.72449878410646
SHTEEDC[+57.0215]TEELFDFLHAR	3	Ast-2024-12-05_HeLa_3mzDIA_6mIIT_400-900_60	16.487774666667	16.647554116667	16.568354166667	0	4084.7061695616158
SIATDVLLGLLK	2	Ast-2024-12-05_HeLa_3mzDIA_6mIIT_400-900_55	22.2582151	22.419813166667	22.32770755	0	439.2789253425374
SIIGMGTGAGAYILTR	2	Ast-2024-12-05_HeLa_3mzDIA_6mIIT_400-900_49	16.5699382	16.708275	16.666960533333	0	1349.588964606295
SINDMMSSMSDQTVR	2	Ast-2024-12-05_HeLa_3mzDIA_6mIIT_400-900_49	13.450175916667	13.552111616667	13.484189966667	0	89.50372631105873
SIQGVGHMMSTMVLSR	2	Ast-2024-12-05_HeLa_3mzDIA_6mIIT_400-900_60	14.751060166667	14.860077966667	14.8053826	0	301.15625369531136
SLAC[+57.0215]QPISFSGFGAEDDDLGGLGLGP	3	Ast-2024-12-05_HeLa_3mzDIA_6mIIT_400-900_55	22.228809583333	22.413821266667	22.298528683333	0	496.4309512134302
SLFEQVDR	2	Ast-2024-12-05_HeLa_3mzDIA_6mIIT_400-900_60	10.502348616667	10.62319205	10.502348616667	0	2648.212930191109
SLSLGGHVGFDSLPDQLVSK	3	Ast-2024-12-05_HeLa_3mzDIA_6mIIT_400-900_60	16.166417533333	16.323218383333	16.263318633333	0	4428.485113699263
SLVALLVETQMK	2	Ast-2024-12-05_HeLa_3mzDIA_6mIIT_400-900_60	18.387676	18.55977525	18.47258045	0	1566.3928040665392
SMVDELFAEIVR	3	Ast-2024-12-05_HeLa_3mzDIA_6mIIT_400-900_49	22.5151549	22.7009862	22.607929366667	0	44.75353259637957
SNEDVNSSELDEEYLIELEK	3	Ast-2024-12-05_HeLa_3mzDIA_6mIIT_400-900_49	16.599210933333	16.7187379	16.618187116667	0	97.0943873140284
SNILLLGPTGSGK	2	Ast-2024-12-05_HeLa_3mzDIA_6mIIT_400-900_60	13.1045037	13.23867355	13.187580433333	0	2630.5645529670383
SNLHAMIK	2	Ast-2024-12-05_HeLa_3mzDIA_6mIIT_400-900_60	5.7218097	5.837042666667	5.75931485	0	851.3648865361737
SPAQAELSYLNK	2	Ast-2024-12-05_HeLa_3mzDIA_6mIIT_400-900_60	10.823075933333	10.924614516667	10.856684	0	721.8277786012387
SPGEPGGAAPER	2	Ast-2024-12-05_HeLa_3mzDIA_6mIIT_400-900_60	4.313215516667	4.5013879	4.439251483333	0	1472.249087701941
SPPPPGGGNLGMNSR	2	Ast-2024-12-05_HeLa_3mzDIA_6mIIT_400-900_60	7.363969483333	7.560632066667	7.525054966667	0	214.24007771140927
SPQRPSDWSK	2	Ast-2024-12-05_HeLa_3mzDIA_6mIIT_400-900_49	4.846235366667	4.923479	4.923479	0	199.6692956180736
SQDAQLVLLNMPGPPK	3	Ast-2024-12-05_HeLa_3mzDIA_6mIIT_400-900_55	16.042099566667	16.21244045	16.21244045	0	17.84203883367479
SQENILQGFSTSHK	2	Ast-2024-12-05_HeLa_3mzDIA_6mIIT_400-900_55	10.98289535	11.119951733333	11.034387	0	505.4064769311618
SQGSQAELHPLPQLK	3	Ast-2024-12-05_HeLa_3mzDIA_6mIIT_400-900_49	10.0593471	10.2072954	10.108727833333	0	1367.4171602504182
SQIYGSR	2	Ast-2024-12-05_HeLa_3mzDIA_6mIIT_400-900_60	4.352984	4.601061383333	4.436704266667	0	17850.000064590888
SQLIMQAEAEAASVR	2	Ast-2024-12-05_HeLa_3mzDIA_6mIIT_400-900_60	14.312222583333	14.453213616667	14.365399833333	0	1686.4339758930712
SQNTELASTASLLR	3	Ast-2024-12-05_HeLa_3mzDIA_6mIIT_400-900_49	12.90705905	13.0273858	12.977156983333	0	247.39906007033915
SQPDPVDTPTSSKPQSK	2	Ast-2024-12-05_HeLa_3mzDIA_6mIIT_400-900_60	5.213263	5.3651331	5.270250316667	0	2350.3421234837924
SQSADAPGPTER	3	Ast-2024-12-05_HeLa_3mzDIA_6mIIT_400-900_49	4.0298391	4.19310605	4.091244166667	0	326.9335351802779
SQTEAVTFLANHDDSR	3	Ast-2024-12-05_HeLa_3mzDIA_6mIIT_400-900_60	10.281018966667	10.4178508	10.333039816667	0	2432.249628425016
SQVKLMDLEDC[+57.0215]ALWEGK	3	Ast-2024-12-05_HeLa_3mzDIA_6mIIT_400-900_55	15.73194655	15.788579133333	15.788579133333	0	84.49208142640488
SQVPPVLDVR	2	Ast-2024-12-05_HeLa_3mzDIA_6mIIT_400-900_60	11.764060833333	11.919353066667	11.814297183333	0	1162.0062440517904
SSALLGAQC[+57.0215]QGVR	2	Ast-2024-12-05_HeLa_3mzDIA_6mIIT_400-900_60	8.53095555	8.636214816667	8.600703683333	0	451.55736038466256
SSAVVVDAIPVFLEK	2	Ast-2024-12-05_HeLa_3mzDIA_6mIIT_400-900_60	18.605424316667	18.775967033333	18.690146983333	0	358.6793423669586
SSC[+57.0215]ELEVLLR	2	Ast-2024-12-05_HeLa_3mzDIA_6mIIT_400-900_60	14.638937233333	14.7835627	14.728816166667	0	62.57191119566898
SSENGVDYVIMGMPHR	3	Ast-2024-12-05_HeLa_3mzDIA_6mIIT_400-900_55	13.393004733333	13.531474216667	13.444654266667	0	3805.8713740156136
SSGPTSLFAVTVAPPGAR	3	Ast-2024-12-05_HeLa_3mzDIA_6mIIT_400-900_60	15.927987533333	16.121741683333	16.022433916667	0	38318.474758231256
SSPLLNYNTGVYR	2	Ast-2024-12-05_HeLa_3mzDIA_6mIIT_400-900_55	12.300153033333	12.43630455	12.350664583333	0	739.5815135140633
SSRPPVPISNATK	3	Ast-2024-12-05_HeLa_3mzDIA_6mIIT_400-900_49	6.48237665	6.591409716667	6.554786566667	0	1441.305598152522
SSSHDSGTDITSVTLGDTTAVK	3	Ast-2024-12-05_HeLa_3mzDIA_6mIIT_400-900_60	11.187325083333	11.269151933333	11.2034908	0	216.32947984680376
SSSISEEK	2	Ast-2024-12-05_HeLa_3mzDIA_6mIIT_400-900_49	2.7898683	2.919019866667	2.875958933333	0	536.7520084041824
SSTPTTIFPIR	2	Ast-2024-12-05_HeLa_3mzDIA_6mIIT_400-900_60	13.57504065	13.71606135	13.6275532	0	3834.0023437612667
SSTPVPSK	2	Ast-2024-12-05_HeLa_3mzDIA_6mIIT_400-900_60	3.578244616667	3.7047452	3.6420987	0	638.254918472154
SSTVHILSQLLR	2	Ast-2024-12-05_HeLa_3mzDIA_6mIIT_400-900_55	15.0717992	15.219626916667	15.182534633333	0	41.27479483081765
SSYNLVPR	2	Ast-2024-12-05_HeLa_3mzDIA_6mIIT_400-900_60	8.798480116667	8.934804483333	8.85016605	0	1898.177280484915
STEEEEER	2	Ast-2024-12-05_HeLa_3mzDIA_6mIIT_400-900_55	2.354911566667	2.422465183333	2.422465183333	0	237.68264087370545
STELDSNWNWFQLR	2	Ast-2024-12-05_HeLa_3mzDIA_6mIIT_400-900_49	19.389737633333	19.5632813	19.476970683333	0	114.30488113484512
STFVNILK	2	Ast-2024-12-05_HeLa_3mzDIA_6mIIT_400-900_60	12.8809838	13.014743816667	12.947244166667	0	826.6296041372104
STHGLAILGPENPK	3	Ast-2024-12-05_HeLa_3mzDIA_6mIIT_400-900_60	9.81181645	9.913111133333	9.86264835	0	1121.3790460998055
STHTLDLSR	2	Ast-2024-12-05_HeLa_3mzDIA_6mIIT_400-900_49	5.974335783333	6.087789583333	6.012251666667	0	1919.4066085014942
STLMDTLFNTK	2	Ast-2024-12-05_HeLa_3mzDIA_6mIIT_400-900_60	17.1275147	17.293895433333	17.210589933333	0	6611.8477475045775
STLPGSTTSNK	2	Ast-2024-12-05_HeLa_3mzDIA_6mIIT_400-900_49	4.579261516667	4.737700583333	4.618772633333	0	1117.4116182335492
STSEAQFFLRPLR	3	Ast-2024-12-05_HeLa_3mzDIA_6mIIT_400-900_55	13.86268665	13.9674493	13.915113783333	0	21.85591777302313
STSYGYSR	2	Ast-2024-12-05_HeLa_3mzDIA_6mIIT_400-900_49	4.6473894	4.785846866667	4.785846866667	0	249.56413496923977
STTTGHLIYK	2	Ast-2024-12-05_HeLa_3mzDIA_6mIIT_400-900_60	5.780080566667	5.934849633333	5.8582691	0	242199.8745892653
SVAHGQAPEMPLVK	3	Ast-2024-12-05_HeLa_3mzDIA_6mIIT_400-900_60	9.127723766667	9.247414116667	9.19611305	0	1266.4208352783814
SVDWTHFGGSPPSDEIR	3	Ast-2024-12-05_HeLa_3mzDIA_6mIIT_400-900_49	13.156632483333	13.324944616667	13.24060075	0	445.40823273640746
SVLQLLHSTSDVVR	3	Ast-2024-12-05_HeLa_3mzDIA_6mIIT_400-900_60	14.493889083333	14.584418733333	14.529704016667	0	32.158592332020945
SVMEELK	2	Ast-2024-12-05_HeLa_3mzDIA_6mIIT_400-900_49	8.5370039	8.6755468	8.607282983333	0	20590.301798804103
SVTVSSNSEPSTALTK	2	Ast-2024-12-05_HeLa_3mzDIA_6mIIT_400-900_49	8.613240166667	8.715976883333	8.613240166667	0	85.87529916386579
SYEDDDDMDLQPNK	2	Ast-2024-12-05_HeLa_3mzDIA_6mIIT_400-900_60	9.360489333333	9.497645283333	9.4114313	0	1124.034838295627
SYLYFTQFK	2	Ast-2024-12-05_HeLa_3mzDIA_6mIIT_400-900_60	15.031064966667	15.1818702	15.107273566667	0	23264.738415658492
SYMAPER	2	Ast-2024-12-05_HeLa_3mzDIA_6mIIT_400-900_49	5.3563935	5.4699385	5.394458416667	0	1449.3987328172532
SYQLEGVNWLAQR	2	Ast-2024-12-05_HeLa_3mzDIA_6mIIT_400-900_60	15.688766816667	15.84263655	15.7655049	0	411.6964140634688
SYSSGGEDGYVR	2	Ast-2024-12-05_HeLa_3mzDIA_6mIIT_400-900_60	6.1908806	6.34021565	6.266100516667	0	15634.122218507711
TADDPSLSLIK	2	Ast-2024-12-05_HeLa_3mzDIA_6mIIT_400-900_60	11.91976235	12.0582898	11.9886553	0	18893.695979008797
TAGDGWFGMK	2	Ast-2024-12-05_HeLa_3mzDIA_6mIIT_400-900_55	13.06018355	13.196120716667	13.128721216667	0	3143.734920884086
TAIYC[+57.0215]LTQNEWR	2	Ast-2024-12-05_HeLa_3mzDIA_6mIIT_400-900_49	13.787550783333	13.856679133333	13.80548	0	85.1091073012397
TASEGDGGAAAGAAAAGAR	2	Ast-2024-12-05_HeLa_3mzDIA_6mIIT_400-900_60	5.631772283333	5.74578045	5.708404983333	0	162.28811939466755
TATITEPR	2	Ast-2024-12-05_HeLa_3mzDIA_6mIIT_400-900_49	5.43273035	5.585538533333	5.508877766667	0	8553.206052477122
TDSFVPR	2	Ast-2024-12-05_HeLa_3mzDIA_6mIIT_400-900_60	7.395848016667	7.5384505	7.4489705	0	3387.439835129066
TEC[+57.0215]HC[+57.0215]GADNC[+57.0215]SGFLGVRPK	3	Ast-2024-12-05_HeLa_3mzDIA_6mIIT_400-900_60	8.072209566667	8.21429215	8.1423896	0	74.52679640352218
TEGDLQGDHQK	2	Ast-2024-12-05_HeLa_3mzDIA_6mIIT_400-900_49	2.675231416667	2.847079366667	2.76117525	0	357.86665366295637
TFEELKK	2	Ast-2024-12-05_HeLa_3mzDIA_6mIIT_400-900_49	5.432801533333	5.547273983333	5.470450783333	0	295.8268361850258
TFNNTSNLR	2	Ast-2024-12-05_HeLa_3mzDIA_6mIIT_400-900_60	6.009850783333	6.122490416667	6.046964866667	0	217.3761858506476
TFQAFELKPLR	3	Ast-2024-12-05_HeLa_3mzDIA_6mIIT_400-900_55	13.601018116667	13.703013916667	13.601018116667	0	911.795412525012
TGGPAYGPSSDVSTASETESEK	3	Ast-2024-12-05_HeLa_3mzDIA_6mIIT_400-900_55	8.345505883333	8.416065566667	8.3634148	0	22.146685926768942
TGGVDFHMK	2	Ast-2024-12-05_HeLa_3mzDIA_6mIIT_400-900_60	7.4947071	7.60220655	7.584063283333	0	915.1013348544689
TGIVDISILTTGMSATSR	3	Ast-2024-12-05_HeLa_3mzDIA_6mIIT_400-900_60	18.902149466667	19.0741803	18.945384816667	0	272.40746340975414
TGSSHLISTSSWRDGQK	3	Ast-2024-12-05_HeLa_3mzDIA_6mIIT_400-900_60	7.047686916667	7.1021392	7.08398725	0	29.681245349944852
THQPSDEVGTSIEHPR	3	Ast-2024-12-05_HeLa_3mzDIA_6mIIT_400-900_60	6.16152225	6.31170285	6.237504416667	0	1004.4263554413011
TIFVLTK	2	Ast-2024-12-05_HeLa_3mzDIA_6mIIT_400-900_60	12.011404983333	12.149773266667	12.081576616667	0	1633.8013708494768
TIILFTK	2	Ast-2024-12-05_HeLa_3mzDIA_6mIIT_400-900_60	12.88039415	12.98045995	12.93021015	0	1003.572961914241
TILSLMTR	2	Ast-2024-12-05_HeLa_3mzDIA_6mIIT_400-900_60	14.08315145	14.2233661	14.169660816667	0	35820.91942222179
TIQVPQQK	2	Ast-2024-12-05_HeLa_3mzDIA_6mIIT_400-900_55	6.14747325	6.279387116667	6.14747325	0	2864.908628605626
TIVITSHPGQIVK	2	Ast-2024-12-05_HeLa_3mzDIA_6mIIT_400-900_60	9.382845816667	9.519769233333	9.4517068	0	7186.6518904493605
TKDDEGATPIK	2	Ast-2024-12-05_HeLa_3mzDIA_6mIIT_400-900_60	3.7489061	3.832065033333	3.769519666667	0	79.98598625337839
TKPADMVIEAYGHGQR	3	Ast-2024-12-05_HeLa_3mzDIA_6mIIT_400-900_60	9.6217104	9.7418284	9.6733457	0	715.2436298683252
TLAAEMQELR	2	Ast-2024-12-05_HeLa_3mzDIA_6mIIT_400-900_60	12.0318365	12.135631566667	12.135631566667	0	12887.31782977166
TLFEDSFQQIMSFSPQDLR	3	Ast-2024-12-05_HeLa_3mzDIA_6mIIT_400-900_55	22.422888533333	22.608873033333	22.468872283333	0	232.62245231045503
TLFHNPFYIGK	3	Ast-2024-12-05_HeLa_3mzDIA_6mIIT_400-900_49	14.658382366667	14.944325066667	14.834712333333	0	807.2307515146574
TLFIFPGLLPEAPSKPGLPK	3	Ast-2024-12-05_HeLa_3mzDIA_6mIIT_400-900_60	19.485399066667	19.664543333333	19.5523763	0	284.87644630944965
TLFITGLPR	2	Ast-2024-12-05_HeLa_3mzDIA_6mIIT_400-900_60	14.965069283333	15.114496716667	15.01930655	0	1182.2894466192997
TLHWDTDPSVLQLHSDSDLGR	3	Ast-2024-12-05_HeLa_3mzDIA_6mIIT_400-900_60	14.275440883333	14.330024583333	14.293698483333	0	51.05641592434118
TLLYNFIR	2	Ast-2024-12-05_HeLa_3mzDIA_6mIIT_400-900_60	15.751316433333	15.903438516667	15.903438516667	0	1200.6793753016996
TLMMDANQR	2	Ast-2024-12-05_HeLa_3mzDIA_6mIIT_400-900_60	7.74723045	7.87364955	7.80093885	0	574.5191817937975
TLPGMHHPIQMK	3	Ast-2024-12-05_HeLa_3mzDIA_6mIIT_400-900_55	7.963448866667	8.052014916667	8.052014916667	0	3460.0986736224713
TLQEDLVK	2	Ast-2024-12-05_HeLa_3mzDIA_6mIIT_400-900_49	9.05213775	9.17110125	9.120304433333	0	3130.3767566074303
TLQIFNIEMK	2	Ast-2024-12-05_HeLa_3mzDIA_6mIIT_400-900_60	16.92284765	17.0847382	17.00366825	0	7999.773563753864
TLSTSDDVEDRENEK	2	Ast-2024-12-05_HeLa_3mzDIA_6mIIT_400-900_60	5.55666865	5.67267095	5.596276983333	0	216.5833754566865
TLVSTVGSMVFNEGEAQR	3	Ast-2024-12-05_HeLa_3mzDIA_6mIIT_400-900_60	17.532397366667	17.655544466667	17.593650783333	0	1447.3003945259154
TMEDQDLKPNR	3	Ast-2024-12-05_HeLa_3mzDIA_6mIIT_400-900_60	5.474575616667	5.5924298	5.533080333333	0	423.26514235963657
TMTC[+57.0215]EYALC[+57.0215]SFFVPGDR	3	Ast-2024-12-05_HeLa_3mzDIA_6mIIT_400-900_55	18.400076116667	18.505322566667	18.4628179	0	31.321593981221454
TNGDSQQPSSSGLASSK	2	Ast-2024-12-05_HeLa_3mzDIA_6mIIT_400-900_60	4.778292333333	4.975390366667	4.838699916667	0	1617.0838347324016
TNQNSVDTTLK	2	Ast-2024-12-05_HeLa_3mzDIA_6mIIT_400-900_55	5.932154133333	6.0457412	5.98902275	0	629.8275315355025
TPDGTENGDFLALDLGGTNFR	3	Ast-2024-12-05_HeLa_3mzDIA_6mIIT_400-900_60	18.378289516667	18.48493545	18.420895916667	0	49.1681822957846
TPLTSADEHVHSK	2	Ast-2024-12-05_HeLa_3mzDIA_6mIIT_400-900_55	4.8893658	5.0475551	4.968075466667	0	239.9047653677034
TPNEEIDR	2	Ast-2024-12-05_HeLa_3mzDIA_6mIIT_400-900_60	4.771688383333	4.9286381	4.832286716667	0	102.33816641479493
TPSKPPAQLSPSVPK	3	Ast-2024-12-05_HeLa_3mzDIA_6mIIT_400-900_60	7.918227533333	8.024318583333	7.9358853	0	1668.151161749192
TPYVTTTVSAHSAK	3	Ast-2024-12-05_HeLa_3mzDIA_6mIIT_400-900_55	6.77351415	6.921775016667	6.848564266667	0	1027.8752574227897
TPYYSVAQVGIPDLR	2	Ast-2024-12-05_HeLa_3mzDIA_6mIIT_400-900_55	16.174426783333	16.269489316667	16.2121538	0	235.58056825380942
TQFPSLDIEVDGGVGPDTVHK	3	Ast-2024-12-05_HeLa_3mzDIA_6mIIT_400-900_60	15.4147071	15.581626983333	15.5058737	0	3751.668556605957
TQQMNNDLEK	2	Ast-2024-12-05_HeLa_3mzDIA_6mIIT_400-900_55	5.170766416667	5.324130366667	5.22919595	0	1010.898334877255
TRTELFDLK	2	Ast-2024-12-05_HeLa_3mzDIA_6mIIT_400-900_55	10.456647683333	10.52382525	10.473651916667	0	512.1656423816787
TSASFSENFYGLK	3	Ast-2024-12-05_HeLa_3mzDIA_6mIIT_400-900_55	13.6784568	13.73040465	13.6955515	0	137.3490815267542
TSGETTHTHREPAGDGK	3	Ast-2024-12-05_HeLa_3mzDIA_6mIIT_400-900_49	2.124043966667	2.26412595	2.171399733333	0	233.96372813942182
TSGGEGIWK	2	Ast-2024-12-05_HeLa_3mzDIA_6mIIT_400-900_49	7.816643566667	7.9058576	7.9058576	0	0
TSPQEGER	2	Ast-2024-12-05_HeLa_3mzDIA_6mIIT_400-900_60	2.267428616667	2.402620116667	2.312658533333	0	25763.53196581507
TSVGPVIQKMWDQEK	2	Ast-2024-12-05_HeLa_3mzDIA_6mIIT_400-900_55	13.347893583333	13.488491633333	13.418444333333	0	807.685976019823
TTSNNTYEVEK	2	Ast-2024-12-05_HeLa_3mzDIA_6mIIT_400-900_60	4.970895066667	5.0508367	5.031415616667	0	245.3442996301302
TTTIAVEVK	2	Ast-2024-12-05_HeLa_3mzDIA_6mIIT_400-900_49	8.5901778	8.693643	8.625070416667	0	840.6961791909528
TVDSQGPTPVC[+57.0215]TPTFLER	3	Ast-2024-12-05_HeLa_3mzDIA_6mIIT_400-900_55	13.8046577	13.90855255	13.8046577	0	5633.25553640368
TVEFLQEYIVNR	2	Ast-2024-12-05_HeLa_3mzDIA_6mIIT_400-900_60	16.26426525	16.420563183333	16.34373105	0	2659.5250304970014
TVGTPIASVPGSTNTGTVPGSEK	3	Ast-2024-12-05_HeLa_3mzDIA_6mIIT_400-900_60	11.10265155	11.2690604	11.219453716667	0	723.6262180937669
TVLGSSENALGVC[+57.0215]SDTAAPLAAVDLK	3	Ast-2024-12-05_HeLa_3mzDIA_6mIIT_400-900_55	17.274235933333	17.48133745	17.397158066667	0	993.4878258450476
TVQYQNELHK	2	Ast-2024-12-05_HeLa_3mzDIA_6mIIT_400-900_55	5.989442083333	6.102584816667	6.027114733333	0	312.18153786147144
TVSFEEHIK	2	Ast-2024-12-05_HeLa_3mzDIA_6mIIT_400-900_60	7.675518433333	7.801092183333	7.7473977	0	2992.5026136059723
TVSGVNGPLVILDHVK	3	Ast-2024-12-05_HeLa_3mzDIA_6mIIT_400-900_60	15.2998489	15.466215916667	15.355094783333	0	3070.726591465132
TWYPEVPK	2	Ast-2024-12-05_HeLa_3mzDIA_6mIIT_400-900_60	11.5872201	11.787960166667	11.68978975	0	5239.353168121995
TYDLLFK	2	Ast-2024-12-05_HeLa_3mzDIA_6mIIT_400-900_60	13.7572044	13.8931924	13.808547283333	0	5497.849159473072
TYHLTSAGEK	2	Ast-2024-12-05_HeLa_3mzDIA_6mIIT_400-900_49	4.8934902	4.993365933333	4.993365933333	0	0
TYLTNHPAK	2	Ast-2024-12-05_HeLa_3mzDIA_6mIIT_400-900_55	4.250984216667	4.354517166667	4.313203316667	0	70.62665006368172
TYSEFC[+57.0215]SR	2	Ast-2024-12-05_HeLa_3mzDIA_6mIIT_400-900_60	6.5229778	6.746017066667	6.6356584	0	2160.83605771601
TYYVNHESR	2	Ast-2024-12-05_HeLa_3mzDIA_6mIIT_400-900_60	3.988232483333	4.113320466667	4.029656466667	0	272.3637595974679
VAC[+57.0215]C[+57.0215]PLER	2	Ast-2024-12-05_HeLa_3mzDIA_6mIIT_400-900_60	6.1318668	6.282156766667	6.207540933333	0	2121.8340932745527
VADFGLVRPLGGAR	3	Ast-2024-12-05_HeLa_3mzDIA_6mIIT_400-900_55	12.7268644	12.829426816667	12.796279833333	0	168.79244639639396
VAEELALEQAK	2	Ast-2024-12-05_HeLa_3mzDIA_6mIIT_400-900_60	9.612896233333	9.750710583333	9.681994966667	0	14543.515141373317
VAKPVVEMDGDEMTR	2	Ast-2024-12-05_HeLa_3mzDIA_6mIIT_400-900_49	9.264194616667	9.3647028	9.331142566667	0	263.9138187429611
VALSHHLVAR	2	Ast-2024-12-05_HeLa_3mzDIA_6mIIT_400-900_49	5.777720416667	5.889905216667	5.833354933333	0	112.49730341214264
VAQAQAQHELEIK	3	Ast-2024-12-05_HeLa_3mzDIA_6mIIT_400-900_60	7.095438	7.185499583333	7.149680583333	0	1243.8230696429941
VASWELR	2	Ast-2024-12-05_HeLa_3mzDIA_6mIIT_400-900_60	9.64497355	9.748197716667	9.697067816667	0	904.1005081826413
VATHSSNIR	2	Ast-2024-12-05_HeLa_3mzDIA_6mIIT_400-900_49	2.531667966667	2.661894066667	2.575850866667	0	246.34902877796398
VATLNSEEESDPPTYK	2	Ast-2024-12-05_HeLa_3mzDIA_6mIIT_400-900_60	8.666671933333	8.805807866667	8.7197759	0	13291.723116887602
VAYGGTGDAATR	2	Ast-2024-12-05_HeLa_3mzDIA_6mIIT_400-900_60	5.069637216667	5.206123833333	5.1474039	0	231.68857748206392
VC[+57.0215]GHTYEEDAIVR	2	Ast-2024-12-05_HeLa_3mzDIA_6mIIT_400-900_55	7.663773483333	7.736157516667	7.717775683333	0	139.30656573663177
VDAQFGGIDQR	2	Ast-2024-12-05_HeLa_3mzDIA_6mIIT_400-900_60	9.38148725	9.51832885	9.45042765	0	32897.021595380305
VDGTLLVGEDAPR	2	Ast-2024-12-05_HeLa_3mzDIA_6mIIT_400-900_60	11.513598366667	11.650727416667	11.54704725	0	292.38323544832565
VDIDVPDVNLEAPEGK	2	Ast-2024-12-05_HeLa_3mzDIA_6mIIT_400-900_60	15.23192985	15.379018383333	15.304579366667	0	32078.524211807446
VDLQSLPTR	2	Ast-2024-12-05_HeLa_3mzDIA_6mIIT_400-900_60	10.249297633333	10.386398466667	10.31742365	0	17443.39725730618
VEAENISPK	2	Ast-2024-12-05_HeLa_3mzDIA_6mIIT_400-900_55	5.732425366667	5.80683005	5.7699324	0	777.6308076720887
VEEESITK	2	Ast-2024-12-05_HeLa_3mzDIA_6mIIT_400-900_60	4.87979295	5.018989466667	4.918585966667	0	3298.966493873009
VEELEGER	2	Ast-2024-12-05_HeLa_3mzDIA_6mIIT_400-900_60	5.3852688	5.500037466667	5.42346465	0	2668.728944687576
VEFWNQMK	2	Ast-2024-12-05_HeLa_3mzDIA_6mIIT_400-900_49	12.539977283333	12.689318216667	12.58754465	0	2145.4559647239753
VEHIEWFR	2	Ast-2024-12-05_HeLa_3mzDIA_6mIIT_400-900_60	11.392385316667	11.528968116667	11.4621438	0	1683.01533124555
VEILSEGNEVQFIQLAK	3	Ast-2024-12-05_HeLa_3mzDIA_6mIIT_400-900_60	17.42004175	17.522895183333	17.522895183333	0	525.2082825328297
VESTDVSDLLHQYR	2	Ast-2024-12-05_HeLa_3mzDIA_6mIIT_400-900_60	13.107322716667	13.24158765	13.174315183333	0	1535.544245959761
VETFSSLK	2	Ast-2024-12-05_HeLa_3mzDIA_6mIIT_400-900_55	8.716612166667	8.853253133333	8.785301183333	0	4460.310782608912
VEYYPVSGGK	2	Ast-2024-12-05_HeLa_3mzDIA_6mIIT_400-900_60	8.024865216667	8.2024035	8.113102033333	0	1193.5292660126718
VFFEQSK	2	Ast-2024-12-05_HeLa_3mzDIA_6mIIT_400-900_55	8.716460683333	8.819261083333	8.75111615	0	478.12929211758177
VFGLPLPLLVER	2	Ast-2024-12-05_HeLa_3mzDIA_6mIIT_400-900_60	21.963310083333	22.1017715	22.00904655	0	92.67823136284454
VFLKPAEENSGNASR	3	Ast-2024-12-05_HeLa_3mzDIA_6mIIT_400-900_55	6.68316795	6.79357925	6.738157183333	0	300.61936255665415
VFNELLVLLPDTAK	3	Ast-2024-12-05_HeLa_3mzDIA_6mIIT_400-900_55	20.5728177	20.7961572	20.7068968	0	852.8773340053018
VFYELQHSDKPVGTK	3	Ast-2024-12-05_HeLa_3mzDIA_6mIIT_400-900_60	8.2086979	8.351796616667	8.316323083333	0	1799.6673063972944
VGDQILLAIK	2	Ast-2024-12-05_HeLa_3mzDIA_6mIIT_400-900_60	14.520786733333	14.664492666667	14.575066733333	0	3096.871487469157
VGEIEFEGLMR	2	Ast-2024-12-05_HeLa_3mzDIA_6mIIT_400-900_60	15.486135816667	15.638288333333	15.56109615	0	660.3686800037498
VGQETFYDVYR	2	Ast-2024-12-05_HeLa_3mzDIA_6mIIT_400-900_49	12.18806315	12.28674995	12.2208281	0	627.0029332231411
VGTEC[+57.0215]GNQK	2	Ast-2024-12-05_HeLa_3mzDIA_6mIIT_400-900_60	2.245151033333	2.380776066667	2.29123925	0	4412.606495585967
VHEHYLVHKPEK	2	Ast-2024-12-05_HeLa_3mzDIA_6mIIT_400-900_49	3.59077955	3.695109433333	3.653830083333	0	69.48891682177612
VHQLYETIQR	2	Ast-2024-12-05_HeLa_3mzDIA_6mIIT_400-900_60	7.739891116667	7.847582083333	7.775933083333	0	6388.82789316818
VISNEFNSR	2	Ast-2024-12-05_HeLa_3mzDIA_6mIIT_400-900_60	7.118723633333	7.2264148	7.173461033333	0	673.2161828402616
VKPLQDQNELFGK	2	Ast-2024-12-05_HeLa_3mzDIA_6mIIT_400-900_60	10.037058483333	10.155904816667	10.1212556	0	9877.884885038438
VLC[+57.0215]GGDIYVPEDPK	2	Ast-2024-12-05_HeLa_3mzDIA_6mIIT_400-900_60	11.939945883333	12.078657716667	12.008260666667	0	15099.568948217917
VLDIMPLTLHAC[+57.0215]MHQK	3	Ast-2024-12-05_HeLa_3mzDIA_6mIIT_400-900_49	14.311988933333	14.4605697	14.38873585	0	847.5741323142553
VLEGHVFDVNC[+57.0215]C[+57.0215]R	2	Ast-2024-12-05_HeLa_3mzDIA_6mIIT_400-900_60	10.202178083333	10.30459525	10.253620783333	0	151.1084223535392
VLIKPEIQNNQK	2	Ast-2024-12-05_HeLa_3mzDIA_6mIIT_400-900_49	7.7392141	7.84771525	7.793757116667	0	69.91524110766852
VLPANSMAESR	2	Ast-2024-12-05_HeLa_3mzDIA_6mIIT_400-900_60	7.147187366667	7.289625516667	7.165235	0	1291.335221442837
VLPDPEVISDLVFLK	3	Ast-2024-12-05_HeLa_3mzDIA_6mIIT_400-900_55	22.379013166667	22.564277216667	22.4941802	0	27.695202064601943
VLQEALC[+57.0215]VISGVPGLK	2	Ast-2024-12-05_HeLa_3mzDIA_6mIIT_400-900_60	18.265218366667	18.433594266667	18.327440983333	0	7106.329383867154
VLVPLLR	2	Ast-2024-12-05_HeLa_3mzDIA_6mIIT_400-900_60	14.277475933333	14.419443616667	14.34995195	0	319.1566956556955
VLWIPAC[+57.0215]PL	2	Ast-2024-12-05_HeLa_3mzDIA_6mIIT_400-900_49	20.792586683333	20.971655583333	20.792586683333	0	295.01459603930687
VLYAYGYYTGEPSK	2	Ast-2024-12-05_HeLa_3mzDIA_6mIIT_400-900_60	11.958031683333	12.164204016667	12.044318616667	0	2450.481410921987
VMIWDDLK	2	Ast-2024-12-05_HeLa_3mzDIA_6mIIT_400-900_60	15.170338	15.262493783333	15.244057883333	0	318.06923885285516
VMPAPPPK	2	Ast-2024-12-05_HeLa_3mzDIA_6mIIT_400-900_60	5.664196333333	5.932662866667	5.777909866667	0	38008.95887777517
VMVLDFVTPTPLGTR	3	Ast-2024-12-05_HeLa_3mzDIA_6mIIT_400-900_60	18.98159135	19.1551435	19.04599755	0	3965.4732412480453
VNAVPRPIPEK	2	Ast-2024-12-05_HeLa_3mzDIA_6mIIT_400-900_60	6.921130333333	7.0658471	6.975079216667	0	921.0494768803583
VNDFLAEIFKK	3	Ast-2024-12-05_HeLa_3mzDIA_6mIIT_400-900_55	17.2762725	17.4413975	17.378240166667	0	239.98676270173337
VNIVDLQQVINVDLIHIENR	3	Ast-2024-12-05_HeLa_3mzDIA_6mIIT_400-900_60	21.53718635	21.676114416667	21.629538083333	0	216.4734971227311
VNVEDAGGETLGR	2	Ast-2024-12-05_HeLa_3mzDIA_6mIIT_400-900_49	8.8773174	8.978595066667	8.944988916667	0	154.96736362869137
VPFLEFK	2	Ast-2024-12-05_HeLa_3mzDIA_6mIIT_400-900_60	14.861690566667	14.9725702	14.880038466667	0	417.38543937981973
VPFSEEIR	2	Ast-2024-12-05_HeLa_3mzDIA_6mIIT_400-900_55	10.09260055	10.193422733333	10.109129733333	0	392.33155457103476
VPGIFISR	2	Ast-2024-12-05_HeLa_3mzDIA_6mIIT_400-900_60	12.02068695	12.142236266667	12.090633033333	0	84.3216938400526
VPITYLELLN	2	Ast-2024-12-05_HeLa_3mzDIA_6mIIT_400-900_60	20.281718916667	20.466184566667	20.39702535	0	495.9113663361829
VPLQTLHMTSENQEK	3	Ast-2024-12-05_HeLa_3mzDIA_6mIIT_400-900_49	9.0961936	9.1813392	9.147565883333	0	169.86760902770047
VPVFSHEVVPDHLR	3	Ast-2024-12-05_HeLa_3mzDIA_6mIIT_400-900_60	10.939768683333	11.040816116667	11.007571466667	0	896.8315626195387
VQAAHQWR	2	Ast-2024-12-05_HeLa_3mzDIA_6mIIT_400-900_60	4.017523683333	4.1430367	4.10066615	0	811.5484108936374
VQAWYMDDAPGDPR	2	Ast-2024-12-05_HeLa_3mzDIA_6mIIT_400-900_60	12.489435766667	12.6280047	12.55933685	0	2383.1385591392964
VQTDAFVSNELDDPDDLQC[+57.0215]K	3	Ast-2024-12-05_HeLa_3mzDIA_6mIIT_400-900_60	14.029366983333	14.13181815	14.062553133333	0	1333.9738508009232
VRELISDNQYR	2	Ast-2024-12-05_HeLa_3mzDIA_6mIIT_400-900_55	7.676491366667	7.80263775	7.731053216667	0	127.21715533707743
VTEGQQER	2	Ast-2024-12-05_HeLa_3mzDIA_6mIIT_400-900_60	2.267783683333	2.403017966667	2.31300705	0	21547.190038892084
VTHELQAMK	2	Ast-2024-12-05_HeLa_3mzDIA_6mIIT_400-900_60	5.1269383	5.243209483333	5.166321316667	0	10578.6569203011
VTMINAIPVASLDPIK	3	Ast-2024-12-05_HeLa_3mzDIA_6mIIT_400-900_60	18.680482566667	18.85199775	18.766077166667	0	302.18933459176367
VTPPAVTGSPEFER	2	Ast-2024-12-05_HeLa_3mzDIA_6mIIT_400-900_60	10.745851033333	10.917142516667	10.84961515	0	53792.58103556276
VTSLETATEK	2	Ast-2024-12-05_HeLa_3mzDIA_6mIIT_400-900_60	6.0661009	6.160519	6.084731	0	521.9623499574727
VTSVQIHGTSEER	3	Ast-2024-12-05_HeLa_3mzDIA_6mIIT_400-900_60	5.534010066667	5.612458516667	5.553687	0	295.71946880410826
VVAC[+57.0215]TSAFLLWDPTK	3	Ast-2024-12-05_HeLa_3mzDIA_6mIIT_400-900_60	18.5307796	18.76639615	18.638721316667	0	334.175401536121
VVALLGFGYR	2	Ast-2024-12-05_HeLa_3mzDIA_6mIIT_400-900_55	16.321836766667	16.418607016667	16.360068883333	0	56.81422991513011
VVAQVLTLLDGASGDR	3	Ast-2024-12-05_HeLa_3mzDIA_6mIIT_400-900_60	18.280108316667	18.4058142	18.3420683	0	392.39583824933476
VVHFLGR	2	Ast-2024-12-05_HeLa_3mzDIA_6mIIT_400-900_60	8.1377591	8.244719016667	8.173283116667	0	992.4801083561038
VVLPC[+57.0215]SVQEYQVGQLYSVAEASK	3	Ast-2024-12-05_HeLa_3mzDIA_6mIIT_400-900_60	17.172695783333	17.339479833333	17.25582065	0	2509.586201535382
VVNGAAASQPPSK	2	Ast-2024-12-05_HeLa_3mzDIA_6mIIT_400-900_60	4.335829416667	4.502365333333	4.418790516667	0	2705.300964078975
VVNSETPVVVDFHAQWC[+57.0215]GPC[+57.0215]K	3	Ast-2024-12-05_HeLa_3mzDIA_6mIIT_400-900_60	14.321186283333	14.461970866667	14.37383995	0	2123.2376176045186
VWDDGIIDPADTR	3	Ast-2024-12-05_HeLa_3mzDIA_6mIIT_400-900_49	13.974157866667	14.141886283333	14.023908883333	0	101.27269214278739
VWNNSSTVNAVPVAPPVC[+57.0215]DVAR	3	Ast-2024-12-05_HeLa_3mzDIA_6mIIT_400-900_60	14.31184745	14.452943183333	14.365109033333	0	1833.4313232479478
VYWSTTDAR	2	Ast-2024-12-05_HeLa_3mzDIA_6mIIT_400-900_49	8.764609766667	8.85011945	8.781938716667	0	114.55401349043557
WDAC[+57.0215]ANMK	2	Ast-2024-12-05_HeLa_3mzDIA_6mIIT_400-900_49	7.496072066667	7.56662295	7.53172655	0	221.8010542488567
WDGEGSMYVPEDLLPVYK	3	Ast-2024-12-05_HeLa_3mzDIA_6mIIT_400-900_55	19.192079	19.366994266667	19.2797665	0	165.843453727981
WDLVC[+57.0215]DYQSLK	3	Ast-2024-12-05_HeLa_3mzDIA_6mIIT_400-900_49	15.711269916667	15.844020566667	15.807127166667	0	489.23010350179584
WEDRGPSGQGQGQFLIQQVTLK	3	Ast-2024-12-05_HeLa_3mzDIA_6mIIT_400-900_60	14.616159966667	14.723491983333	14.687446716667	0	458.1255028160342
WFHFNDSTVTLTDEETVVK	3	Ast-2024-12-05_HeLa_3mzDIA_6mIIT_400-900_60	16.090014583333	16.205236533333	16.205236533333	0	0
WIDIHNPATNEVIGR	2	Ast-2024-12-05_HeLa_3mzDIA_6mIIT_400-900_60	13.366351516667	13.5012721	13.41696725	0	401.100362086578
WLAPDGLIFPDR	2	Ast-2024-12-05_HeLa_3mzDIA_6mIIT_400-900_60	18.15789695	18.32495765	18.2419801	0	22086.71926438935
WLLLC[+57.0215]NPGLAELIAEK	3	Ast-2024-12-05_HeLa_3mzDIA_6mIIT_400-900_49	22.110061983333	22.2244321	22.178405116667	0	76.16190494358565
WLLVESK	2	Ast-2024-12-05_HeLa_3mzDIA_6mIIT_400-900_55	12.71740045	12.82050645	12.7696052	0	398.28496628477836
WNENVQYLSEDR	2	Ast-2024-12-05_HeLa_3mzDIA_6mIIT_400-900_60	11.422645866667	11.523943766667	11.456692733333	0	1513.2201718145225
WQPTASEPVK	2	Ast-2024-12-05_HeLa_3mzDIA_6mIIT_400-900_60	8.1756911	8.2834594	8.211737033333	0	6402.8388191972645
WSNAGELMELIR	2	Ast-2024-12-05_HeLa_3mzDIA_6mIIT_400-900_60	18.11508945	18.242124366667	18.158019883333	0	2135.561752187926
WTDLALQYLHENVPPIGN	3	Ast-2024-12-05_HeLa_3mzDIA_6mIIT_400-900_55	18.93293265	19.083726083333	19.040787316667	0	79.62031441227366
WTSPQVIK	2	Ast-2024-12-05_HeLa_3mzDIA_6mIIT_400-900_60	9.671717816667	9.842429933333	9.671717816667	0	1872.5561283548047
WVWDQEEER	2	Ast-2024-12-05_HeLa_3mzDIA_6mIIT_400-900_49	12.5178884	12.682352383333	12.581108766667	0	3070.016621315807
YASETLQAQSEEAR	2	Ast-2024-12-05_HeLa_3mzDIA_6mIIT_400-900_60	7.1508174	7.293014416667	7.204518683333	0	1245.3525557686687
YDNEAIGLWLPLTK	3	Ast-2024-12-05_HeLa_3mzDIA_6mIIT_400-900_55	19.7980911	19.932703666667	19.84236815	0	32.9808620516165
YEAELSELEQSER	2	Ast-2024-12-05_HeLa_3mzDIA_6mIIT_400-900_55	11.669478066667	11.785340216667	11.72006485	0	184.5813986244538
YEDEINK	2	Ast-2024-12-05_HeLa_3mzDIA_6mIIT_400-900_55	4.84568615	5.004813516667	4.904336166667	0	82275.77591378591
YEELFPAFSDSR	2	Ast-2024-12-05_HeLa_3mzDIA_6mIIT_400-900_60	15.870221033333	16.060052766667	15.9446112	0	12432.472120383325
YFFDFLDEQAEK	2	Ast-2024-12-05_HeLa_3mzDIA_6mIIT_400-900_60	19.132429716667	19.308762833333	19.220866633333	0	940.7837341354619
YFGDTDMYHR	3	Ast-2024-12-05_HeLa_3mzDIA_6mIIT_400-900_60	8.866480766667	8.951871183333	8.951871183333	0	0
YFLQTTTPLDYEK	2	Ast-2024-12-05_HeLa_3mzDIA_6mIIT_400-900_55	14.664671816667	14.76994615	14.716909283333	0	153.12306282463047
YGEVMPVYR	2	Ast-2024-12-05_HeLa_3mzDIA_6mIIT_400-900_60	10.326829816667	10.4622921	10.378557583333	0	823.4209256452629
YGEYEWVHK	2	Ast-2024-12-05_HeLa_3mzDIA_6mIIT_400-900_60	8.783579516667	8.868715533333	8.8350315	0	240.6863939791906
YGGQPVPNFPSK	2	Ast-2024-12-05_HeLa_3mzDIA_6mIIT_400-900_60	9.912274883333	10.149328066667	10.0147792	0	67218.97431442363
YGREVELK	2	Ast-2024-12-05_HeLa_3mzDIA_6mIIT_400-900_49	4.60822735	4.746734433333	4.687687	0	1240.677251970073
YGTDLLLYR	2	Ast-2024-12-05_HeLa_3mzDIA_6mIIT_400-900_55	13.872018083333	14.030122983333	13.9593089	0	466.0719336738153
YIPLIQGIDPSLQAENR	3	Ast-2024-12-05_HeLa_3mzDIA_6mIIT_400-900_55	17.877655366667	17.982335933333	17.94019835	0	17.155163917941525
YLAVESPFLK	2	Ast-2024-12-05_HeLa_3mzDIA_6mIIT_400-900_60	14.9755826	15.125812283333	15.05029845	0	7251.319610704425
YLHVLWQQDAEPR	3	Ast-2024-12-05_HeLa_3mzDIA_6mIIT_400-900_60	12.214621833333	12.314252	12.280699366667	0	431.80622700167964
YMPGLLR	2	Ast-2024-12-05_HeLa_3mzDIA_6mIIT_400-900_49	11.269341533333	11.349828766667	11.3337307	0	557.8586345404284
YNNGSTELHSSSVGLAK	3	Ast-2024-12-05_HeLa_3mzDIA_6mIIT_400-900_55	7.504872533333	7.62966475	7.576276283333	0	355.3799796832374
YNVLGAETVLNQMR	2	Ast-2024-12-05_HeLa_3mzDIA_6mIIT_400-900_60	16.177206766667	16.3349574	16.235157566667	0	25814.1479959515
YQTIHSTGFLASR	2	Ast-2024-12-05_HeLa_3mzDIA_6mIIT_400-900_60	9.606364	9.710475116667	9.658159483333	0	44.145624371816574
YRADTLGELDLER	3	Ast-2024-12-05_HeLa_3mzDIA_6mIIT_400-900_55	12.0881072	12.1951967	12.143685716667	0	346.83902563855406
YRDHVTATQLIQK	3	Ast-2024-12-05_HeLa_3mzDIA_6mIIT_400-900_60	7.415127783333	7.557850666667	7.450524783333	0	441.41909871365715
YSEVDDSLPSGGEKPSK	2	Ast-2024-12-05_HeLa_3mzDIA_6mIIT_400-900_60	7.502106716667	7.627647916667	7.55569135	0	263.1986623732463
YSPHLLANSK	2	Ast-2024-12-05_HeLa_3mzDIA_6mIIT_400-900_49	7.013542433333	7.121512533333	7.049391983333	0	825.5769024822233
YSPLHNVK	2	Ast-2024-12-05_HeLa_3mzDIA_6mIIT_400-900_49	5.366633016667	5.499478066667	5.42360785	0	3217.519252784772
YTIHSQLEHLQSK	3	Ast-2024-12-05_HeLa_3mzDIA_6mIIT_400-900_60	8.011326833333	8.152671966667	8.082187216667	0	1861.5990751184702
YVGEVFNIVSQQSTAR	2	Ast-2024-12-05_HeLa_3mzDIA_6mIIT_400-900_60	14.9983427	15.092908316667	15.03599945	0	132.1660011643802
YVTGAC[+57.0215]C[+57.0215]LFLAGK	3	Ast-2024-12-05_HeLa_3mzDIA_6mIIT_400-900_49	14.166577766667	14.2703913	14.166577766667	0	77.68356623341198
YWIDIQLR	2	Ast-2024-12-05_HeLa_3mzDIA_6mIIT_400-900_49	16.810860116667	16.922680966667	16.885195583333	0	271.6367117127147
YYFEGIK	2	Ast-2024-12-05_HeLa_3mzDIA_6mIIT_400-900_55	11.280694283333	11.418515766667	11.418515766667	0	885.5763647982893
YYNEEC[+57.0215]R	2	Ast-2024-12-05_HeLa_3mzDIA_6mIIT_400-900_49	4.119927433333	4.28498445	4.222024583333	0	480.59859955467067
