peptideModSeq	precursorCharge	peptideSeq	prevAA	nextAA	copies	numPeaks	ionMobility	retentionTime	startTime	endTime	precursorMZ	score	scoreType
AAAGELQEDSGLC[+57.0215]VLAR	2	AAAGELQEDSGLCVLAR	-	-	3	20	0	13.54414955	13.425088783333	13.631429866667	880.4358003399419	2.0756361824899333E-05	19
AADEEAFEDNSEEYIRR	3	AADEEAFEDNSEEYIRR	-	-	3	13	0	10.5220415	10.455494633333	10.591609	681.967857080352	2.0756361824899333E-05	19
AAEIYGVTHTR	2	AAEIYGVTHTR	-	-	3	15	0	6.719389083333	6.66414355	6.793363933333	609.317294118412	2.0756361824899333E-05	19
AAEMLSQLDLFSR	3	AAEMLSQLDLFSR	-	-	3	12	0	18.2677361	18.18546555	18.348686083333	494.2536646200487	0.0020725585640401583	19
AAFQYGIK	2	AAFQYGIK	-	-	3	9	0	9.496757983333	9.427938466667	9.53213545	449.245077924632	2.1636591804059023E-05	19
AAGFKDPLLASGTDGVGTK	3	AAGFKDPLLASGTDGVGTK	-	-	3	17	0	11.911190766667	11.82345525	11.996973633333	602.319502455462	2.0756361824899333E-05	19
AAIIADSSTFR	2	AAIIADSSTFR	-	-	3	12	0	10.486791233333	10.420561433333	10.555679	576.306395081542	2.0756361824899333E-05	19
AAIWESQHEGPEGAR	2	AAIWESQHEGPEGAR	-	-	3	20	0	8.18902685	8.11962075	8.223323866667	819.386967621972	9.498480243161094E-05	19
AAPPPPPPPPPLESSPR	3	AAPPPPPPPPPLESSPR	-	-	3	12	0	10.3741788	10.208082633333	10.573681233333	568.642028346432	0.00029739953843591635	19
AAPPTAGSMAIEK	3	AAPPTAGSMAIEK	-	-	3	17	0	8.337738416667	8.285781633333	8.3915249	415.2165508353387	0.00929509548886492	19
AASNIIFSNGNLDPWAGGGIR	3	AASNIIFSNGNLDPWAGGGIR	-	-	3	16	0	18.135971466667	18.052493216667	18.220992066667	710.6957433733854	2.0756361824899333E-05	19
AASVVQPQPLVVVK	2	AASVVQPQPLVVVK	-	-	3	15	0	12.404424066667	12.354091233333	12.454087933333	717.937576427677	3.0102347983142685E-05	19
AATENIPVVR	2	AATENIPVVR	-	-	3	12	0	8.944641383333	8.876157433333	9.0110134	535.3036554299119	2.0756361824899333E-05	19
AAVENLPTFLVELSR	3	AAVENLPTFLVELSR	-	-	3	17	0	20.723938916667	20.631533483333	20.8380035	553.6419168953754	2.0756361824899333E-05	19
AC[+57.0215]NAIEDAQSTR	2	ACNAIEDAQSTR	-	-	3	13	0	6.312811916667	6.257114183333	6.36823195	668.301515204182	2.0756361824899333E-05	19
AC[+57.0215]TDESLAVEER	2	ACTDESLAVEER	-	-	3	14	0	7.758470833333	7.704456083333	7.776405683333	690.309005883082	0.00011178336384087638	19
ADEGLASLSEDGR	3	ADEGLASLSEDGR	-	-	3	12	0	9.93408735	9.883834833333	10.020690433333	440.54063903489873	0.009097331925601923	19
ADNAFMLLTQAR	3	ADNAFMLLTQAR	-	-	3	12	0	16.228181666667	16.190179816667	16.283772683333	450.899333226922	0.0023629049333051028	19
AEDLPLRK	2	AEDLPLRK	-	-	3	12	0	5.971620766667	5.91449455	6.121923116667	471.274366677272	3.0102347983142685E-05	19
AEEEAQSLFVTEC[+57.0215]IK	2	AEEEAQSLFVTECIK	-	-	3	19	0	14.000713483333	13.984289133333	14.0688214	877.419284608052	0.0012243056897996004	19
AEFWLDLQPQAK	3	AEFWLDLQPQAK	-	-	3	13	0	16.773508466667	16.696597883333	16.87379815	482.585631485292	0.003039463331814982	19
AEGILLLVK	2	AEGILLLVK	-	-	3	10	0	15.661101083333	15.624026283333	15.698898383333	478.31296052304197	9.498480243161094E-05	19
AEIQELDQSLELMER	3	AEIQELDQSLELMER	-	-	3	16	0	17.41366905	17.310131783333	17.455861016667	601.9646195014988	0.0007802931531745091	19
AENSHNAGQVDTR	3	AENSHNAGQVDTR	-	-	3	17	0	2.55354825	2.487293883333	2.6174642	466.883399180402	2.0756361824899333E-05	19
AESVQGGETR	2	AESVQGGETR	-	-	3	12	0	2.9295601	2.885773966667	2.9719946	517.249077166832	0.00011178336384087638	19
AEVLWLMGAK	2	AEVLWLMGAK	-	-	3	13	0	16.4359806	16.359774033333	16.51412095	559.307352369692	2.0756361824899333E-05	19
AFLLDSALAVK	2	AFLLDSALAVK	-	-	3	12	0	16.55519355	16.47528385	16.615445516667	574.339706585462	0.0007802931531745091	19
AFPEHFTYEPNEADAAQGYR	3	AFPEHFTYEPNEADAAQGYR	-	-	3	18	0	12.078481316667	11.886820183333	12.196817666667	771.6784180389822	2.0756361824899333E-05	19
AFSAFVGQMHQQGILK	3	AFSAFVGQMHQQGILK	-	-	3	17	0	13.911810683333	13.842615966667	13.981826366667	587.975013164492	0.00027748956397944167	19
AFSWASVTSK	2	AFSWASVTSK	-	-	3	12	0	12.5935698	12.525252916667	12.64687655	542.277106328902	2.1636591804059023E-05	19
AFTASSTLSEYK	3	AFTASSTLSEYK	-	-	3	8	0	10.735067816667	10.701858533333	10.768349233333	435.55047544260873	0.002790271530901216	19
AFTDVPSIQIYSSR	3	AFTDVPSIQIYSSR	-	-	3	15	0	15.139598933333	15.0848996	15.229122583333	528.6069837548054	0.005580402274216115	19
AFVSGLLIGQC[+57.0215]SSQK	3	AFVSGLLIGQCSSQK	-	-	3	14	0	14.639624833333	14.5846454	14.725741783333	532.280102270002	0.001760825573144344	19
AGC[+57.0215]DEIWEK	2	AGCDEIWEK	-	-	3	14	0	8.994921783333	8.9450944	9.08154975	554.242406384322	0.00011178336384087638	19
AGEGTYALDSESC[+57.0215]MEK	2	AGEGTYALDSESCMEK	-	-	3	17	0	9.490045116667	9.438352433333	9.574615733333	874.361109567262	2.0756361824899333E-05	19
AGLLALMLHQTIQHDPLTTDLR	3	AGLLALMLHQTIQHDPLTTDLR	-	-	3	20	0	19.864096966667	19.82050665	19.910193066667	819.7809310599422	0.00038492454346817013	19
AGLVVEDALFETLPSDVREQMK	3	AGLVVEDALFETLPSDVREQMK	-	-	3	20	0	19.529064783333	19.464176633333	19.550962916667	816.4210684821487	0.0011496490788900323	19
AGTAFYIDQC[+57.0215]AVR	3	AGTAFYIDQCAVR	-	-	3	12	0	12.059631566667	12.059631566667	12.145126416667	491.23812600696533	0.006294884298253391	19
AGVNTVTTLVENKK	3	AGVNTVTTLVENKK	-	-	3	20	0	9.795522833333	9.727130633333	9.862941266667	491.9472289029987	2.0756361824899333E-05	19
AHLEQVDK	2	AHLEQVDK	-	-	3	12	0	3.489314366667	3.405131633333	3.531784566667	470.248348890842	0.00014642262895174708	19
AHSTGEQPPQLSLATR	2	AHSTGEQPPQLSLATR	-	-	3	16	0	9.109401883333	9.040964016667	9.212323016667	846.936824642607	0.0005466648087209115	19
AIEINPDSAQPYK	2	AIEINPDSAQPYK	-	-	3	16	0	10.480901833333	10.414382516667	10.583914916667	723.367180923872	2.0756361824899333E-05	19
AILVLLSK	2	AILVLLSK	-	-	3	9	0	14.5729561	14.482604016667	14.6092852	428.79694632090695	2.0756361824899333E-05	19
AIPSFLNSFNR	2	AIPSFLNSFNR	-	-	3	9	0	16.11775465	16.0583612	16.174901883333	633.335486872772	2.0756361824899333E-05	19
AKPAEAPAAAAPK	2	AKPAEAPAAAAPK	-	-	3	11	0	4.197489916667	4.09212915	4.260758733333	596.837862386407	2.0756361824899333E-05	19
ALDDISESIK	2	ALDDISESIK	-	-	3	11	0	10.92284395	10.85504995	10.990592966667	545.784961145797	2.0756361824899333E-05	19
ALDELFEAIEQK	3	ALDELFEAIEQK	-	-	3	14	0	18.6571544	18.592675066667	18.763435483333	469.2451634349854	2.0756361824899333E-05	19
ALGIHQTGQK	2	ALGIHQTGQK	-	-	3	18	0	4.260930566667	4.177802183333	4.343924116667	526.795997574427	2.1636591804059023E-05	19
ALKEITTFEGC[+57.0215]K	2	ALKEITTFEGCK	-	-	3	15	0	9.712460033333	9.694898866667	9.729653633333	698.860677317947	0.0007123221702750968	19
ALLESMVDAAENLC[+57.0215]PNVMK	3	ALLESMVDAAENLCPNVMK	-	-	3	20	0	21.575699216667	21.484890966667	21.621125733333	702.3407042920221	0.00027748956397944167	19
ALWEDEGVR	2	ALWEDEGVR	-	-	3	11	0	10.717527816667	10.632138266667	10.768481383333	537.764363092977	2.0756361824899333E-05	19
AMASINER	2	AMASINER	-	-	3	9	0	5.548866883333	5.509438333333	5.587931483333	446.221277016922	0.0007439147771231328	19
AMAYETLEQYGK	3	AMAYETLEQYGK	-	-	3	12	0	12.005972016667	11.971334266667	12.039383566667	468.55523216432533	0.005229786267959654	19
AMKPPGGESSNLFGSPEEATPSSR	3	AMKPPGGESSNLFGSPEEATPSSR	-	-	3	18	0	10.966952116667	10.900897466667	11.0177751	811.7165440820621	0.0019446132476777498	19
AMLLTSYLPPPLLR	3	AMLLTSYLPPPLLR	-	-	3	9	0	20.876501266667	20.743340533333	20.921076633333	528.977583547622	0.004387431395415216	19
AMVFMDVR	2	AMVFMDVR	-	-	3	10	0	13.058065683333	12.973381733333	13.093428316667	484.738248507207	0.00025962786672436173	19
ANLHALIQMK	2	ANLHALIQMK	-	-	3	18	0	10.78063235	10.747045283333	10.8138212	569.823700924997	0.0014019536903039074	19
ANTLATSDVSR	2	ANTLATSDVSR	-	-	3	11	0	6.132721916667	6.019872866667	6.132721916667	567.791109155397	0.0011267238409177678	19
ANVIANINNC[+57.0215]LSFR	3	ANVIANINNCLSFR	-	-	3	14	0	15.611602616667	15.575648816667	15.72390855	535.943713036212	0.0008103569475904085	19
APEPDLMSPTRK	2	APEPDLMSPTRK	-	-	3	12	0	7.858685883333	7.805691416667	7.929758233333	671.345194430392	0.0008055563742104074	19
APGETALIDR	2	APGETALIDR	-	-	3	13	0	8.568618683333	8.5162342	8.6554796	521.780013157117	0.00026741868041036613	19
AQAALAVNISAAR	2	AQAALAVNISAAR	-	-	3	16	0	10.98345275	10.898012366667	11.033659383333	628.359493283562	2.0756361824899333E-05	19
AQAEAQQPTFDALRDELR	3	AQAEAQQPTFDALRDELR	-	-	3	14	0	13.5241503	13.473095	13.576314266667	687.0116200647088	2.0756361824899333E-05	19
AQDSAAYAIQELLSIYDC[+57.0215]R	3	AQDSAAYAIQELLSIYDCR	-	-	3	20	0	22.944890883333	22.89863465	22.991073133333	729.6844042267354	0.00029739953843591635	19
AQEAGLQQEQR	2	AQEAGLQQEQR	-	-	3	15	0	4.5601421	4.499917133333	4.620087283333	629.312740052552	2.1636591804059023E-05	19
AQEEADYIEWLK	2	AQEEADYIEWLK	-	-	3	13	0	15.963186716667	15.8890488	16.040481016667	747.859188715217	2.0756361824899333E-05	19
AQEGLC[+57.0215]LIGDHLLLR	2	AQEGLCLIGDHLLLR	-	-	3	20	0	16.514390066667	16.436238116667	16.555060366667	854.4641638551819	0.0007123221702750968	19
AQEGLC[+57.0215]LIGDHLLLR	3	AQEGLCLIGDHLLLR	-	-	3	19	0	16.514390066667	16.436238116667	16.555060366667	569.9785347257254	3.0102347983142685E-05	19
AQQEHQSLLEK	2	AQQEHQSLLEK	-	-	3	20	0	5.0846667	5.027015833333	5.12348985	655.838590662397	2.1636591804059023E-05	19
AQQMHTGPVLDVC[+57.0215]WSDDGSK	3	AQQMHTGPVLDVCWSDDGSK	-	-	3	20	0	12.663631533333	12.540753016667	12.781313616667	744.3333771871754	2.0756361824899333E-05	19
AQTAHIVLEDGTK	2	AQTAHIVLEDGTK	-	-	3	20	0	7.300182516667	7.229190783333	7.372813233333	691.867348100457	2.0756361824899333E-05	19
AQVARPGGDTIFGK	3	AQVARPGGDTIFGK	-	-	3	10	0	8.83654315	8.768037883333	8.904433683333	472.92464716744865	2.0756361824899333E-05	19
ASLLQNESTNEQLQIHYK	3	ASLLQNESTNEQLQIHYK	-	-	3	20	0	11.824888633333	11.774129916667	11.877102466667	706.0271586777922	2.0756361824899333E-05	19
ASQEDANEIK	2	ASQEDANEIK	-	-	3	13	0	4.15065065	4.028594333333	4.17120645	552.762017364167	0.00027748956397944167	19
ASSISEEVAVGSIAATLK	2	ASSISEEVAVGSIAATLK	-	-	3	20	0	16.316275466667	16.256554116667	16.374790583333	866.969998754767	0.00012182576208782284	19
ASTGPPLIK	2	ASTGPPLIK	-	-	3	10	0	7.931770483333	7.89681515	8.0036947	442.26601033062195	0.002790271530901216	19
ASVPPTDK	2	ASVPPTDK	-	-	3	7	0	3.2367964	3.174998	3.317876766667	407.718892961617	2.1636591804059023E-05	19
ATAGAYIASQTVK	2	ATAGAYIASQTVK	-	-	3	14	0	8.599880333333	8.512827166667	8.65278945	640.845884379887	2.0756361824899333E-05	19
ATDLSIQPPSADLEVQAGQVDVK	3	ATDLSIQPPSADLEVQAGQVDVK	-	-	3	16	0	15.5725855	15.498711083333	15.626887	794.4113378310489	0.00014642262895174708	19
AVDEDPENQTLR	2	AVDEDPENQTLR	-	-	3	14	0	7.393325	7.321324466667	7.465612183333	693.828419901517	2.1636591804059023E-05	19
AVDQVC[+57.0215]TFLFK	2	AVDQVCTFLFK	-	-	3	11	0	15.93886175	15.829583216667	15.9751983	664.3393807739619	7.142346975216056E-05	19
AVEVQGPSLESGDHGK	2	AVEVQGPSLESGDHGK	-	-	3	20	0	7.6710995	7.5800576	7.724800583333	805.394458300872	2.0756361824899333E-05	19
AVGQWAGAK	2	AVGQWAGAK	-	-	3	9	0	6.574390783333	6.464607933333	6.574390783333	444.240326897362	0.0014716967586776266	19
AVIEHNLLSASK	3	AVIEHNLLSASK	-	-	3	14	0	8.85797445	8.789648033333	8.892064383333	427.9102265693453	2.0756361824899333E-05	19
AVITC[+57.0215]YDTETR	2	AVITCYDTETR	-	-	3	13	0	8.356331783333	8.33841635	8.410216816667	664.8111844353069	0.00045404711015625864	19
AVLDEFTAPAEK	2	AVLDEFTAPAEK	-	-	3	13	0	12.552426166667	12.46857995	12.604054583333	645.832442652797	0.00020342775771754057	19
AVLQEEQANLWFSK	2	AVLQEEQANLWFSK	-	-	3	20	0	15.359938433333	15.286497533333	15.433977866667	831.927936981377	2.0756361824899333E-05	19
AVSSAIAQLLGEVAQGNENYAGIAAR	3	AVSSAIAQLLGEVAQGNENYAGIAAR	-	-	3	20	0	21.944484133333	21.875131116667	22.013390733333	858.4487859689287	2.0756361824899333E-05	19
AVVHMDER	2	AVVHMDER	-	-	3	13	0	4.721683166667	4.6820871	4.8220259	478.734551567427	0.0006480548069208139	19
AYIFSDC[+57.0215]HSR	2	AYIFSDCHSR	-	-	3	13	0	7.789095216667	7.752802566667	7.842987466667	628.279854522202	0.002190328464042818	19
AYPEVLAQGR	2	AYPEVLAQGR	-	-	3	10	0	9.629680366667	9.57727755	9.716061383333	552.295830397842	0.00018976292285504643	19
C[+57.0215]C[+57.0215]LTYC[+57.0215]FNKPEDK	3	CCLTYCFNKPEDK	-	-	3	17	0	9.36948395	9.318831716667	9.455620383333	578.9143259736154	2.0756361824899333E-05	19
C[+57.0215]DEILMEEIK	2	CDEILMEEIK	-	-	3	12	0	13.497685783333	13.429992433333	13.5826499	640.299064134362	0.00011178336384087638	19
C[+57.0215]EAVVADVLDK	2	CEAVVADVLDK	-	-	3	14	0	12.244779633333	12.178091883333	12.311005966667	609.805370778877	2.0756361824899333E-05	19
C[+57.0215]EVFDDEEESK	2	CEVFDDEEESK	-	-	3	11	0	7.71621895	7.64396155	7.75261605	693.771921883197	5.990654578856983E-05	19
C[+57.0215]FNTLTNSFQPSLLGR	3	CFNTLTNSFQPSLLGR	-	-	3	14	0	16.762087133333	16.684684316667	16.84165095	618.9770823575753	2.0756361824899333E-05	19
C[+57.0215]HTTHSMALIHNR	2	CHTTHSMALIHNR	-	-	3	7	0	4.69299285	4.613735983333	4.733002383333	789.374826077872	2.1636591804059023E-05	19
C[+57.0215]IFYDTEHLK	2	CIFYDTEHLK	-	-	3	10	0	10.4051622	10.319562116667	10.4553472	663.313362987532	0.00027748956397944167	19
C[+57.0215]ITDPQTGLC[+57.0215]LLPLK	3	CITDPQTGLCLLPLK	-	-	3	14	0	17.56760855	17.48553675	17.64968275	576.9722809595154	2.0756361824899333E-05	19
C[+57.0215]LDALAALR	2	CLDALAALR	-	-	3	10	0	13.8184092	13.7671707	13.868978516667	501.773676727777	2.0756361824899333E-05	19
C[+57.0215]LELFSELAEDKENYK	3	CLELFSELAEDKENYK	-	-	3	20	0	15.696183816667	15.542186616667	15.696183816667	663.315429333392	0.0038043077225806982	19
C[+57.0215]LIELEPVLR	2	CLIELEPVLR	-	-	3	9	0	16.399737816667	16.3609128	16.495503616667	621.349748496252	2.0756361824899333E-05	19
C[+57.0215]LLDTFK	2	CLLDTFK	-	-	3	8	0	12.82881435	12.778275733333	12.91356895	448.73094624804696	0.00034699731655408534	19
C[+57.0215]LPEWLR	2	CLPEWLR	-	-	3	7	0	13.696617666667	13.642812016667	13.783751916667	487.249837493572	0.0005933235486993723	19
C[+57.0215]LTGLAVGLR	2	CLTGLAVGLR	-	-	3	10	0	12.9826008	12.948791816667	13.050391566667	530.3026013424219	0.0008277903839973511	19
C[+57.0215]LYFADTFLR	2	CLYFADTFLR	-	-	3	8	0	17.471387533333	17.450783166667	17.573975083333	653.318448367972	0.00037560609164788634	19
C[+57.0215]QC[+57.0215]EEGFQLDPHTK	2	CQCEEGFQLDPHTK	-	-	3	19	0	8.757907816667	8.68749655	8.82599525	874.871978819307	4.170402652376087E-05	19
C[+57.0215]QGGNNAGHTVVVDGK	2	CQGGNNAGHTVVVDGK	-	-	3	20	0	4.5784439	4.516961083333	4.638878266667	806.878452640407	2.0756361824899333E-05	19
C[+57.0215]QSSC[+57.0215]GQVK	2	CQSSCGQVK	-	-	3	8	0	2.2972267	2.250812866667	2.363972516667	527.2262335472719	0.0001346112427309929	19
C[+57.0215]QTAMPQYGC[+57.0215]VWC[+57.0215]EGERPR	3	CQTAMPQYGCVWCEGERPR	-	-	3	7	0	11.669607783333	11.56617535	11.702694266667	795.6712301780086	0.00031608522594240223	19
C[+57.0215]REDQWYPLEPR	3	CREDQWYPLEPR	-	-	3	11	0	11.723705383333	11.690459516667	11.805631233333	550.256068166302	0.0011496490788900323	19
C[+57.0215]SYIAESDAAVK	2	CSYIAESDAAVK	-	-	3	13	0	8.474942666667	8.4408624	8.509491716667	657.305734916872	0.0008103569475904085	19
C[+57.0215]TPEGWSEHR	2	CTPEGWSEHR	-	-	3	9	0	5.573047733333	5.534677733333	5.649587233333	629.767111286277	2.1636591804059023E-05	19
C[+57.0215]VETIVSAIK	2	CVETIVSAIK	-	-	3	11	0	12.092874866667	12.0407003	12.144156483333	560.307549331102	0.0027839133152740155	19
C[+57.0215]VLFETFGR	2	CVLFETFGR	-	-	3	9	0	14.656273666667	14.620809566667	14.764407183333	564.7789590696269	2.0756361824899333E-05	19
C[+57.0215]VTC[+57.0215]NYC[+57.0215]SQLC[+57.0215]K	2	CVTCNYCSQLCK	-	-	3	13	0	8.251231433333	8.198167866667	8.305403333333	796.819846447107	2.0756361824899333E-05	19
C[+57.0215]YLDINALQELYQK	2	CYLDINALQELYQK	-	-	3	16	0	18.498473516667	18.4133436	18.520542983333	885.9401872292169	0.00034699731655408534	19
DAGLWHGMFANVMNK	3	DAGLWHGMFANVMNK	-	-	3	18	0	17.22617795	17.124212716667	17.22617795	564.265798817402	0.003229509956967399	19
DAGVVC[+57.0215]TNETR	2	DAGVVCTNETR	-	-	3	13	0	5.7690664	5.674188916667	5.825239733333	611.2800514836119	6.027848660812956E-05	19
DAGYGGISLAVEGPSK	2	DAGYGGISLAVEGPSK	-	-	3	18	0	13.594140133333	13.507862666667	13.718212266667	760.883195126007	2.0756361824899333E-05	19
DAMEQC[+57.0215]HNYNAR	3	DAMEQCHNYNAR	-	-	3	14	0	4.8560202	4.77649925	4.894798883333	503.5383583285953	0.0006398216755072135	19
DATNVAAAFEEAVR	2	DATNVAAAFEEAVR	-	-	3	16	0	16.803034433333	16.706224266667	16.86379125	732.359887206382	2.0756361824899333E-05	19
DAVGQPPR	2	DAVGQPPR	-	-	3	8	0	4.5060136	4.445020566667	4.566366933333	420.222134143002	4.170402652376087E-05	19
DC[+57.0215]IFTIDPSTAR	2	DCIFTIDPSTAR	-	-	3	10	0	14.3285108	14.236786116667	14.416049833333	698.332284017882	2.0756361824899333E-05	19
DC[+57.0215]LTESNLIK	2	DCLTESNLIK	-	-	3	11	0	11.126992816667	11.092650983333	11.22591125	596.7975457468069	2.0756361824899333E-05	19
DC[+57.0215]PQDFVARPK	3	DCPQDFVARPK	-	-	3	10	0	7.88257285	7.810567133333	7.917342283333	444.883683162782	0.00045404711015625864	19
DC[+57.0215]QIAHGAAQFLR	2	DCQIAHGAAQFLR	-	-	3	20	0	11.860120633333	11.791251883333	11.930661366667	743.864616990497	2.0756361824899333E-05	19
DDEPVC[+57.0215]GRPLGIR	3	DDEPVCGRPLGIR	-	-	3	8	0	9.354531583333	9.2866175	9.42283585	495.2489135927787	2.0756361824899333E-05	19
DDVIVTASNFSSER	2	DDVIVTASNFSSER	-	-	3	14	0	12.497488583333	12.42995155	12.567498466667	770.367909199862	2.0756361824899333E-05	19
DEEISNLHQR	2	DEEISNLHQR	-	-	3	17	0	5.781096983333	5.7242009	5.878491183333	620.7994655020469	0.0008103569475904085	19
DEGNEAVEAVLLESIHR	3	DEGNEAVEAVLLESIHR	-	-	3	20	0	17.378240216667	17.2935411	17.460785783333	627.6497997448887	2.0756361824899333E-05	19
DEPIHILNVAIK	2	DEPIHILNVAIK	-	-	3	20	0	15.061180116667	14.985995966667	15.136018066667	681.393001748892	2.0756361824899333E-05	19
DETYKPHLER	3	DETYKPHLER	-	-	3	12	0	5.7888675	5.731354666667	5.863335783333	429.88244800229864	6.027848660812956E-05	19
DEVPYLR	2	DEVPYLR	-	-	3	8	0	10.393754066667	10.32522345	10.493445116667	446.232167512122	2.0756361824899333E-05	19
DFIHTASISFLTPLR	2	DFIHTASISFLTPLR	-	-	3	16	0	19.222621	19.200462866667	19.332456533333	859.467229318312	2.0756361824899333E-05	19
DFMATNPEHLEILK	2	DFMATNPEHLEILK	-	-	3	20	0	15.0061039	14.912958283333	15.023873566667	829.416347995012	0.0005933235486993723	19
DFPPAAAQVAHQK	2	DFPPAAAQVAHQK	-	-	3	13	0	8.291567516667	8.116771	8.43252555	690.356950593342	2.1636591804059023E-05	19
DGDGTITTK	2	DGDGTITTK	-	-	3	10	0	3.829868316667	3.705305966667	3.99608815	454.221996751242	2.0756361824899333E-05	19
DGIDDESYEAIFKPVMSK	3	DGIDDESYEAIFKPVMSK	-	-	3	20	0	16.76317205	16.685801916667	16.842867883333	681.9908342493387	2.0756361824899333E-05	19
DGLALGMGQGLKAWPR	3	DGLALGMGQGLKAWPR	-	-	3	16	0	15.65040555	15.46697505	15.722533333333	557.2996082485454	0.0010490501842926	19
DGLVVFGK	2	DGLVVFGK	-	-	3	10	0	12.89698585	12.82853535	12.997534966667	417.73962840619697	0.00037560609164788634	19
DGTFDPDNLEK	2	DGTFDPDNLEK	-	-	3	12	0	11.108981983333	11.023097716667	11.175287833333	625.7804070799369	0.00020342775771754057	19
DHLVTAYNHLFETK	3	DHLVTAYNHLFETK	-	-	3	20	0	12.131264866667	12.079809616667	12.18159625	563.2861331340987	2.0756361824899333E-05	19
DHQLDTR	2	DHQLDTR	-	-	3	9	0	2.86912205	2.80393885	2.97632675	442.714673248927	0.00020342775771754057	19
DHSPDLYSLELAGLDEIGK	3	DHSPDLYSLELAGLDEIGK	-	-	3	20	0	18.8489455	18.76321725	18.93601155	691.3442648351521	2.0756361824899333E-05	19
DHTFLYEK	2	DHTFLYEK	-	-	3	12	0	8.033503316667	7.980230133333	8.08642385	526.756006746327	2.0756361824899333E-05	19
DHVYLQLHHLPPEQLATR	3	DHVYLQLHHLPPEQLATR	-	-	3	13	0	11.294093233333	11.179097133333	11.361595266667	723.0517500367754	2.0756361824899333E-05	19
DIDFLAEK	2	DIDFLAEK	-	-	3	8	0	13.566532966667	13.51631345	13.635755933333	475.745107709457	0.001353401215336125	19
DIGTNLPTLLWK	2	DIGTNLPTLLWK	-	-	3	15	0	19.185988716667	19.1194892	19.252465483333	685.887552230457	3.0102347983142685E-05	19
DILVATDVAGR	2	DILVATDVAGR	-	-	3	12	0	12.152134583333	12.031605	12.202048283333	565.314220113612	2.0756361824899333E-05	19
DKLDPDMALC[+57.0215]R	3	DKLDPDMALCR	-	-	3	13	0	10.103298416667	10.054508983333	10.13741585	445.21281206643863	0.00864291853691147	19
DKPLELWDVR	2	DKPLELWDVR	-	-	3	14	0	13.80368075	13.7344945	13.872415833333	635.843144728257	4.756921320521359E-05	19
DLAEDLYDGQVLQK	3	DLAEDLYDGQVLQK	-	-	3	14	0	15.9304149	15.837789283333	15.986181216667	536.2701487167886	0.0018086658686401803	19
DLC[+57.0215]QAHGLPLDGEER	2	DLCQAHGLPLDGEER	-	-	3	20	0	10.5945223	10.525301916667	10.662862533333	855.399217869812	2.0756361824899333E-05	19
DLDDNLFGQHLAK	2	DLDDNLFGQHLAK	-	-	3	20	0	13.482677133333	13.431380216667	13.56818335	743.370254928672	2.0756361824899333E-05	19
DLEALMFDR	2	DLEALMFDR	-	-	3	10	0	17.344269916667	17.30262495	17.469482483333	555.268424170752	0.00012182576208782284	19
DLEGAGDAAAWQAEHVR	2	DLEGAGDAAAWQAEHVR	-	-	3	20	0	11.909066016667	11.875799883333	11.943044266667	898.421538716462	0.00026741868041036613	19
DLGYLQQWLK	2	DLGYLQQWLK	-	-	3	14	0	19.438895733333	19.3737355	19.525357383333	632.340237900042	0.00012182576208782284	19
DLLFQALGR	2	DLLFQALGR	-	-	3	12	0	17.124803933333	17.041516016667	17.20783135	516.795466259847	2.0756361824899333E-05	19
DLSLENGAHAYNR	2	DLSLENGAHAYNR	-	-	3	20	0	8.7249182	8.637105266667	8.776950266667	730.349853837262	2.0756361824899333E-05	19
DLSQQIR	2	DLSQQIR	-	-	3	7	0	7.3616291	7.290552366667	7.432312866667	430.235241516922	0.00026741868041036613	19
DMPLLSC[+57.0215]LESLR	2	DMPLLSCLESLR	-	-	3	14	0	21.110527833333	21.0187649	21.156050383333	717.3599873684519	2.0756361824899333E-05	19
DMSPLSETEMALGK	2	DMSPLSETEMALGK	-	-	3	17	0	15.82329425	15.74602105	15.8981332	754.8521921212069	2.0756361824899333E-05	19
DMVC[+57.0215]NMLGLNK	2	DMVCNMLGLNK	-	-	3	14	0	15.307576316667	15.218265183333	15.34214	647.801251228257	0.0005644963733770729	19
DMYLVPK	2	DMYLVPK	-	-	3	9	0	11.317911416667	11.25301695	11.33398985	433.228039419832	0.0005886557625194467	19
DNAC[+57.0215]NDMGK	2	DNACNDMGK	-	-	3	10	0	3.1722203	3.026232733333	3.2747292	512.6947662424069	4.756921320521359E-05	19
DNFQDTLQVVTAHYR	3	DNFQDTLQVVTAHYR	-	-	3	20	0	15.448553383333	15.374722516667	15.485325516667	602.963830145242	2.0756361824899333E-05	19
DNFYQHNVEK	2	DNFYQHNVEK	-	-	3	17	0	6.472640133333	6.417216966667	6.5449017	647.296558673832	4.756921320521359E-05	19
DNTSVYHISGK	2	DNTSVYHISGK	-	-	3	17	0	6.487690316667	6.45096665	6.562238616667	610.798934187467	2.0756361824899333E-05	19
DPQGFINDWLQSQC[+57.0215]R	3	DPQGFINDWLQSQCR	-	-	3	12	0	19.017595616667	18.952647066667	19.12522035	621.9529368028187	5.990654578856983E-05	19
DPSASNGGGSPAR	2	DPSASNGGGSPAR	-	-	3	14	0	3.079542716667	3.01587285	3.14261675	586.7681653737669	2.0756361824899333E-05	19
DPSQPQQWVSSQVLLC[+57.0215]K	3	DPSQPQQWVSSQVLLCK	-	-	3	18	0	15.974777583333	15.93726075	16.048651416667	667.335046762992	3.0102347983142685E-05	19
DPTQHKEDEGEIQPENK	3	DPTQHKEDEGEIQPENK	-	-	3	14	0	4.888367816667	4.810095733333	4.888367816667	665.3081022285454	0.0017499428410629803	19
DQFNYKPILTK	3	DQFNYKPILTK	-	-	3	13	0	10.955799933333	10.921490616667	11.00641565	456.250360266482	0.0011267238409177678	19
DQINIETK	2	DQINIETK	-	-	3	9	0	7.252713933333	7.234617233333	7.341962933333	480.75346405610696	0.00036525510786439904	19
DQLESVLEVLHR	2	DQLESVLEVLHR	-	-	3	15	0	17.312318383333	17.229555066667	17.373844533333	719.388447683032	0.0022068095838587644	19
DRPC[+57.0215]ETC[+57.0215]GK	2	DRPCETCGK	-	-	3	11	0	2.299952483333	2.254239366667	2.3902269	561.7369654075569	2.1636591804059023E-05	19
DSDGDGRGDAC[+57.0215]K	2	DSDGDGRGDACK	-	-	3	15	0	2.17449065	2.127199933333	2.220842333333	626.7465728031069	2.1636591804059023E-05	19
DSLSVNEFK	2	DSLSVNEFK	-	-	3	10	0	10.777196233333	10.708741883333	10.846530283333	519.758746397957	2.0756361824899333E-05	19
DSVPSLQGEK	2	DSVPSLQGEK	-	-	3	10	0	7.738313	7.66644835	7.810001733333	530.269478258242	3.0102347983142685E-05	19
DTLLTLAGC[+57.0215]TPYEVR	2	DTLLTLAGCTPYEVR	-	-	3	16	0	16.688824866667	16.610391366667	16.7658936	854.932362197147	2.0756361824899333E-05	19
DTLQEANDILNNLK	2	DTLQEANDILNNLK	-	-	3	20	0	18.28544535	18.202034966667	18.369246733333	800.912483878647	2.0756361824899333E-05	19
DTSFSGLSLEEYK	2	DTSFSGLSLEEYK	-	-	3	13	0	14.7487637	14.694869183333	14.839251566667	738.348653816342	2.0756361824899333E-05	19
DTSVEDALER	2	DTSVEDALER	-	-	3	10	0	10.13047275	10.046036566667	10.1816126	567.767299706017	3.0102347983142685E-05	19
DVEGSTSPQIGDK	2	DVEGSTSPQIGDK	-	-	3	15	0	6.922060083333	6.8494898	6.993878216667	666.817520864647	2.0756361824899333E-05	19
DVHTLLDR	2	DVHTLLDR	-	-	3	12	0	9.149879	9.098473566667	9.235361216667	484.76162344134696	2.0756361824899333E-05	19
DVLLLEGVTLTQDSR	2	DVLLLEGVTLTQDSR	-	-	3	18	0	18.47567825	18.433270933333	18.518565966667	829.9516090389969	0.0006811504325813569	19
DVQNFPAATDEK	2	DVQNFPAATDEK	-	-	3	16	0	8.582931783333	8.4779548	8.653384816667	667.814781213017	2.0756361824899333E-05	19
DVYESLC[+57.0215]R	2	DVYESLCR	-	-	3	9	0	9.412316333333	9.412316333333	9.49818005	521.2371240424719	0.0007357108060010141	19
EAAAQQQAER	2	EAAAQQQAER	-	-	3	13	0	2.50605435	2.461326683333	2.550040133333	551.267801235772	2.0756361824899333E-05	19
EAC[+57.0215]PELDYFVVFSSVSC[+57.0215]GR	3	EACPELDYFVVFSSVSCGR	-	-	3	15	0	20.5156307	20.4006138	20.584157316667	741.3346066532121	2.0756361824899333E-05	19
EAEVLLLQQR	2	EAEVLLLQQR	-	-	3	12	0	12.411305666667	12.344009783333	12.47792615	599.843144728257	2.0756361824899333E-05	19
EAFAIVPVSPAEVR	2	EAFAIVPVSPAEVR	-	-	3	14	0	15.469407616667	15.35847765	15.543754333333	742.909015951027	2.0756361824899333E-05	19
EAFAIVSVPVSEIR	3	EAFAIVSVPVSEIR	-	-	3	13	0	17.014222883333	16.9942019	17.0933795	506.283841038902	0.0005886557625194467	19
EAFDEVDMAHR	3	EAFDEVDMAHR	-	-	3	14	0	9.2145362	9.1793037	9.283154916667	440.52767649939204	3.123926150385805E-05	19
EAHAQSIGMNR	3	EAHAQSIGMNR	-	-	3	9	0	4.72404935	4.644147733333	4.803756316667	405.1962611949853	7.142346975216056E-05	19
EALGC[+57.0215]HIEQATK	3	EALGCHIEQATK	-	-	3	12	0	6.790833583333	6.753733916667	6.8474109	452.8907262852486	0.005840725122388639	19
EANFTVSSMHGDMPQK	3	EANFTVSSMHGDMPQK	-	-	3	20	0	9.678746533333	9.609644816667	9.747241983333	593.5993947659487	2.0756361824899333E-05	19
EAQNDLEQVLR	2	EAQNDLEQVLR	-	-	3	12	0	12.1786376	12.11144925	12.245340716667	657.836047972177	2.0756361824899333E-05	19
EAQSLISAAIEPDK	2	EAQSLISAAIEPDK	-	-	3	17	0	13.321198883333	13.197391783333	13.389572816667	736.385570639642	2.0756361824899333E-05	19
EASFEYLQNEGER	2	EASFEYLQNEGER	-	-	3	15	0	11.129862716667	11.095454233333	11.228778783333	786.352259135722	0.00012182576208782284	19
EATTDFTVDSR	2	EATTDFTVDSR	-	-	3	12	0	8.495138816667	8.442357716667	8.617525066667	621.285856598372	2.0756361824899333E-05	19
EAYPDHTQFEK	3	EAYPDHTQFEK	-	-	3	11	0	6.610897566667	6.535026783333	6.683789716667	455.5420914030487	3.0102347983142685E-05	19
EC[+57.0215]LLSAPR	2	ECLLSAPR	-	-	3	8	0	9.084892283333	9.015574133333	9.15324975	473.244752113132	0.00020342775771754057	19
EDEISLEDLIER	2	EDEISLEDLIER	-	-	3	13	0	17.874262916667	17.83237725	17.957399616667	730.859385676627	2.0756361824899333E-05	19
EDELWASFLNDVGPK	2	EDELWASFLNDVGPK	-	-	3	16	0	20.6786227	20.609397666667	20.7930344	860.414859392282	0.00018976292285504643	19
EDEQQQALQDIASR	3	EDEQQQALQDIASR	-	-	3	16	0	11.283550766667	11.21713225	11.347425933333	544.2604237601354	0.00790873795714902	19
EDFLNIC[+57.0215]IEPDTISK	2	EDFLNICIEPDTISK	-	-	3	16	0	17.825068416667	17.784565083333	17.908726266667	897.434934672192	2.0756361824899333E-05	19
EDIPSEK	2	EDIPSEK	-	-	3	8	0	4.755855233333	4.67632175	4.835434766667	409.200533030672	0.00020342775771754057	19
EDISQGVHISVYR	3	EDISQGVHISVYR	-	-	3	15	0	11.1156697	11.0471703	11.148693966667	501.59144514172203	2.1636591804059023E-05	19
EDLEEWVTIGR	3	EDLEEWVTIGR	-	-	3	10	0	16.4772077	16.361891066667	16.516607166667	449.5577414671887	0.00018976292285504643	19
EDQMDGDGPRPR	2	EDQMDGDGPRPR	-	-	3	10	0	4.55144435	4.491013216667	4.611531333333	686.799139690547	9.498480243161094E-05	19
EEDQATLVEQVK	2	EEDQATLVEQVK	-	-	3	13	0	9.640194433333	9.553736183333	9.692087433333	694.848820992927	2.0756361824899333E-05	19
EEEDDVDLELR	2	EEEDDVDLELR	-	-	3	9	0	11.438852083333	11.3357405	11.538925216667	681.306985965772	0.000158052789631737	19
EEFAVPENSSVQQFK	2	EEFAVPENSSVQQFK	-	-	3	14	0	12.41503225	12.3480092	12.481751783333	869.917766220497	2.0756361824899333E-05	19
EEGEDSMAQEEK	2	EEGEDSMAQEEK	-	-	3	11	0	4.86714495	4.789766466667	4.944707983333	691.2748287114119	6.027848660812956E-05	19
EEIPEEELAEDVEEIDHAER	3	EEIPEEELAEDVEEIDHAER	-	-	3	20	0	17.2549879	17.192481833333	17.3179779	794.3590793560755	2.0756361824899333E-05	19
EELINFK	2	EELINFK	-	-	3	8	0	11.543933266667	11.460522616667	11.5950465	446.742368057827	2.0756361824899333E-05	19
EELVITPLPSGDVAATFQFR	3	EELVITPLPSGDVAATFQFR	-	-	3	20	0	19.93099795	19.862432933333	20.066838466667	730.719554574972	2.1636591804059023E-05	19
EEMSLSDLNSQDR	2	EEMSLSDLNSQDR	-	-	3	13	0	11.094774633333	11.0436818	11.145769366667	762.335751945502	0.000985683662532537	19
EGFQLLLNNK	2	EGFQLLLNNK	-	-	3	13	0	14.530744483333	14.458689166667	14.603702716667	588.324587835902	2.0756361824899333E-05	19
EGLQYLQSLNFER	2	EGLQYLQSLNFER	-	-	3	13	0	16.559409183333	16.518470866667	16.6194545	798.9044618851669	0.00036525510786439904	19
EGLSFLGGLR	2	EGLSFLGGLR	-	-	3	10	0	16.23041705	16.172918	16.289887733333	524.792923569627	2.0756361824899333E-05	19
EGLYQYK	2	EGLYQYK	-	-	3	8	0	7.520976083333	7.449301616667	7.5923021	450.726717993687	2.0756361824899333E-05	19
EGNVPNIIIAGPPGTGK	3	EGNVPNIIIAGPPGTGK	-	-	3	15	0	13.6747735	13.621682566667	13.762988516667	545.3017831982387	2.0756361824899333E-05	19
EGNYAIVANVESMDYDPLVVK	3	EGNYAIVANVESMDYDPLVVK	-	-	3	18	0	18.929796483333	18.90893205	19.035273683333	776.0472311104787	6.027848660812956E-05	19
EHLTSEAASGNHR	3	EHLTSEAASGNHR	-	-	3	20	0	3.003067266667	2.96064865	3.04631305	470.22364432859536	2.0756361824899333E-05	19
EHMDEVC[+57.0215]SSQLLTSVR	3	EHMDEVCSSQLLTSVR	-	-	3	15	0	11.89962535	11.832545733333	11.97031315	630.9609921836553	5.990654578856983E-05	19
EHNNLILLNK	2	EHNNLILLNK	-	-	3	15	0	9.793445733333	9.690695183333	9.827239083333	604.3433119048419	0.0017206388423188917	19
EHPDPGSKDPEEDYPK	3	EHPDPGSKDPEEDYPK	-	-	3	12	0	5.626653233333	5.549961116667	5.702406366667	613.9392387862587	0.00018976292285504643	19
EIFTLQK	2	EIFTLQK	-	-	3	7	0	10.881773916667	10.846353116667	10.949942716667	439.752735780117	0.00018976292285504643	19
EIHATIPETGLMHR	2	EIHATIPETGLMHR	-	-	3	9	0	10.423842716667	10.3397214	10.457243433333	802.914306834547	0.0013767118324759075	19
EISNLNQLIEEFKK	3	EISNLNQLIEEFKK	-	-	3	17	0	17.44918915	17.387613816667	17.510922983333	568.9770766631287	0.0001346112427309929	19
EKSDDILEEGEK	2	EKSDDILEEGEK	-	-	3	16	0	7.00295435	6.985276616667	7.0759799	696.330461061982	0.00018976292285504643	19
ELAQQIQK	2	ELAQQIQK	-	-	3	12	0	5.78842335	5.712874883333	5.866689116667	479.271823987052	2.0756361824899333E-05	19
ELC[+57.0215]GPWPSHQLLTNQLQR	3	ELCGPWPSHQLLTNQLQR	-	-	3	17	0	14.343667333333	14.28939695	14.431292266667	726.368861888582	2.1636591804059023E-05	19
ELDFVSHHVR	3	ELDFVSHHVR	-	-	3	12	0	8.070346716667	7.999186783333	8.140615766667	413.547399685602	2.0756361824899333E-05	19
ELEEAMAGER	2	ELEEAMAGER	-	-	3	9	0	7.612154033333	7.540284466667	7.684885933333	567.758420586457	2.0756361824899333E-05	19
ELEEELLLSSEDLR	2	ELEEELLLSSEDLR	-	-	3	18	0	17.18391665	17.18391665	17.264080366667	837.925256899397	0.0008103569475904085	19
ELGLAEHQLR	2	ELGLAEHQLR	-	-	3	15	0	8.694956716667	8.5915003	8.729727783333	583.319836808632	0.0004053734502910807	19
ELLDTVNNVFK	3	ELLDTVNNVFK	-	-	3	11	0	16.2283334	16.152541816667	16.30502525	431.2345987512854	0.0030551668750362234	19
ELLEPLFK	2	ELLEPLFK	-	-	3	10	0	15.803812283333	15.746930016667	15.89761395	494.789318250247	2.1636591804059023E-05	19
ELLEQQGIDIK	3	ELLEQQGIDIK	-	-	3	9	0	12.306871533333	12.306871533333	12.357756466667	429.2381203125187	0.005494372112217897	19
ELSEPMEFQYLPDTDDR	3	ELSEPMEFQYLPDTDDR	-	-	3	12	0	16.209846866667	16.1338384	16.2481223	695.6420936105287	0.00020342775771754057	19
ELSTTLNADEAVTR	2	ELSTTLNADEAVTR	-	-	3	14	0	10.644240283333	10.558626833333	10.729285766667	760.383559264002	2.0756361824899333E-05	19
ELTSTC[+57.0215]SPIISKPK	2	ELTSTCSPIISKPK	-	-	3	15	0	8.342537466667	8.306798966667	8.43035985	780.918723508647	0.0010650028745652809	19
EMEQQLQSSHQLTAR	3	EMEQQLQSSHQLTAR	-	-	3	18	0	7.771971916667	7.717831666667	7.825708633333	595.956458364052	0.004592198148464789	19
ENAAYFQFFSDVR	2	ENAAYFQFFSDVR	-	-	3	14	0	17.8031832	17.720484416667	17.886208416667	797.370254928672	2.0756361824899333E-05	19
ENAGVDPTLAIPMIQK	2	ENAGVDPTLAIPMIQK	-	-	3	20	0	16.16901535	16.131171883333	16.285729766667	848.950554951507	2.0756361824899333E-05	19
ENLELILTQSVENVGVR	3	ENLELILTQSVENVGVR	-	-	3	16	0	19.93997445	19.892119716667	20.07710075	638.3494616666487	2.0756361824899333E-05	19
EPEVLSTMAIIVNK	2	EPEVLSTMAIIVNK	-	-	3	16	0	17.740719283333	17.617196866667	17.822830466667	772.423641712502	2.0756361824899333E-05	19
EPGIAGLMK	2	EPGIAGLMK	-	-	3	7	0	11.7304605	11.664577916667	11.79571105	458.25204583062197	0.0005466648087209115	19
EPQVNQQQLQQLMDMGFTR	3	EPQVNQQQLQQLMDMGFTR	-	-	3	20	0	18.64745975	18.60475885	18.732525133333	764.3684217788021	2.0756361824899333E-05	19
EPSGPSELIPSSTFSAHNR	3	EPSGPSELIPSSTFSAHNR	-	-	3	18	0	12.257957133333	12.171534683333	12.257957133333	671.660587330702	0.00034699731655408534	19
EQSIFGDHRDEEEETHMK	3	EQSIFGDHRDEEEETHMK	-	-	3	9	0	7.726446766667	7.671892016667	7.797739533333	739.6552847425954	0.00020342775771754057	19
ERDFTSLENTVEER	2	ERDFTSLENTVEER	-	-	3	13	0	11.460239716667	11.376971166667	11.510691783333	862.907929812787	0.0032133206747973417	19
ERLEQEQLER	2	ERLEQEQLER	-	-	3	14	0	6.030734633333	5.955594716667	6.106392516667	665.341497490612	4.442996356742988E-05	19
ERNVEDLSGGELQR	3	ERNVEDLSGGELQR	-	-	3	16	0	8.40810695	8.372039566667	8.443451683333	534.6007803593853	0.00012182576208782284	19
ESEFDDEPK	2	ESEFDDEPK	-	-	3	10	0	6.301740516667	6.18916295	6.449935333333	548.227476054502	2.0756361824899333E-05	19
ESENLASGDQPR	2	ESENLASGDQPR	-	-	3	14	0	5.34067175	5.302785083333	5.416833816667	651.799662463457	2.0756361824899333E-05	19
ESESASELHK	2	ESESASELHK	-	-	3	14	0	3.255871933333	3.1941372	3.31776195	558.762017364167	0.00025962786672436173	19
ESGC[+57.0215]VLGLRPGAQESPVSWPEGSK	3	ESGCVLGLRPGAQESPVSWPEGSK	-	-	3	19	0	14.00048805	13.951457916667	14.068492816667	843.0797053189754	0.0005466648087209115	19
ESLEALLQR	2	ESLEALLQR	-	-	3	10	0	14.262324	14.188699616667	14.33486555	529.795663221257	2.0756361824899333E-05	19
ESNEEEQVWHFLGK	2	ESNEEEQVWHFLGK	-	-	3	20	0	15.360647733333	15.323274966667	15.43482935	866.4022833329419	2.0756361824899333E-05	19
ESTDDFGSWSVHTDK	2	ESTDDFGSWSVHTDK	-	-	3	20	0	10.76511505	10.714348783333	10.81751485	855.865730647637	0.00047537449560554974	19
ESTESSNTTIEDEDVK	2	ESTESSNTTIEDEDVK	-	-	3	18	0	7.037815533333	6.96695065	7.073952483333	892.389432490082	0.00020152656372018037	19
ESTTSEQSAR	2	ESTTSEQSAR	-	-	3	11	0	2.269573166667	2.223354433333	2.359779266667	548.249274128242	2.0756361824899333E-05	19
ESYSVYVYK	2	ESYSVYVYK	-	-	3	9	0	10.156770466667	10.05461525	10.25851365	569.276771975732	2.0756361824899333E-05	19
ETADAITK	2	ETADAITK	-	-	3	9	0	4.3842763	4.215528133333	4.46806375	424.721632613247	2.0756361824899333E-05	19
ETGITDEEQAISR	2	ETGITDEEQAISR	-	-	3	15	0	9.26476865	9.1959888	9.298941716667	724.846809617287	2.0756361824899333E-05	19
ETLPNVR	2	ETLPNVR	-	-	3	8	0	7.2783817	7.224757833333	7.36822575	414.732334688707	2.0756361824899333E-05	19
ETSSLQELEAQK	2	ETSSLQELEAQK	-	-	3	15	0	9.5365814	9.468723583333	9.6053431	681.840995960857	2.0756361824899333E-05	19
EVC[+57.0215]PSAIDPEDGEK	2	EVCPSAIDPEDGEK	-	-	3	13	0	8.998062966667	8.948721583333	9.085196033333	773.340502972772	2.0756361824899333E-05	19
EVEQFDVATHLQTAPELVDR	3	EVEQFDVATHLQTAPELVDR	-	-	3	20	0	14.849011483333	14.77658905	14.92459295	766.3851230832088	2.0756361824899333E-05	19
EVQDPAPAQDTGLR	3	EVQDPAPAQDTGLR	-	-	3	11	0	8.21081875	8.105284066667	8.27932735	499.5828382000487	0.00638650860124992	19
EVQTVSEHIQNC[+57.0215]LGSQTGGFAGIK	3	EVQTVSEHIQNCLGSQTGGFAGIK	-	-	3	20	0	13.969825133333	13.918119866667	14.022336266667	854.0868598924986	2.0756361824899333E-05	19
EVSDFIQDSGQIK	2	EVSDFIQDSGQIK	-	-	3	17	0	12.270820566667	12.188162583333	12.320652366667	733.362095543432	2.0756361824899333E-05	19
EVSDLIR	2	EVSDLIR	-	-	3	7	0	9.0168405	9.00031685	9.051654633333	416.232167512122	0.0010820881478414695	19
EVSLGC[+57.0215]MLNGQEVR	2	EVSLGCMLNGQEVR	-	-	3	16	0	14.0037691	13.951396666667	14.0546429	796.3819824036019	2.0756361824899333E-05	19
EYNALVAQGVR	2	EYNALVAQGVR	-	-	3	12	0	9.78520685	9.7337782	9.835760483333	610.325119150482	2.0756361824899333E-05	19
EYQDLLNVK	2	EYQDLLNVK	-	-	3	10	0	12.0580708	11.988415016667	12.127041	561.295496044672	2.0756361824899333E-05	19
FAAGHDAEGSHSHVHFDEK	3	FAAGHDAEGSHSHVHFDEK	-	-	3	20	0	5.354741633333	5.316394366667	5.3739502	693.3085480327721	0.0006308169596690796	19
FAELVYTGFWHSPEC[+57.0215]EFVR	3	FAELVYTGFWHSPECEFVR	-	-	3	19	0	18.043164266667	18.0003566	18.126434683333	792.036889328892	2.0756361824899333E-05	19
FAPSPTGFLHLGGLR	2	FAPSPTGFLHLGGLR	-	-	3	17	0	16.486273233333	16.448319483333	16.542280216667	785.430449886772	0.005471513326696291	19
FC[+57.0215]ADC[+57.0215]IITALR	2	FCADCIITALR	-	-	3	13	0	16.49663	16.419313866667	16.577360966667	670.3284902787619	2.0756361824899333E-05	19
FC[+57.0215]GVDFHAPYK	2	FCGVDFHAPYK	-	-	3	18	0	11.44701495	11.411780833333	11.56390905	670.8082478222669	0.000675807128741258	19
FDHLEEHLEK	3	FDHLEEHLEK	-	-	3	20	0	7.3534123	7.281636733333	7.389792666667	432.8788149900087	0.002979698212181073	19
FDNSDLSA	2	FDNSDLSA	-	-	3	6	0	9.34531855	9.243179316667	9.413359383333	434.687789794747	0.001760825573144344	19
FEDSPSYVK	2	FEDSPSYVK	-	-	3	9	0	7.675294616667	7.602665133333	7.747154116667	536.2532968795219	2.0756361824899333E-05	19
FFPASFPNR	2	FFPASFPNR	-	-	3	8	0	12.9412644	12.62877975	13.009675183333	541.774533853857	2.1636591804059023E-05	19
FGIQAQMVTTDFQK	2	FGIQAQMVTTDFQK	-	-	3	19	0	14.580069666667	14.507615016667	14.65114415	807.403240621092	2.0756361824899333E-05	19
FGNQADHFLGSLAFAK	3	FGNQADHFLGSLAFAK	-	-	3	20	0	15.6034404	15.56467525	15.680338816667	574.9581279398686	2.0756361824899333E-05	19
FIIQSEKPPHYLESR	3	FIIQSEKPPHYLESR	-	-	3	16	0	10.47936905	10.395964683333	10.5298557	615.328220848192	2.0756361824899333E-05	19
FIPGLQMLSDAAPGK	3	FIPGLQMLSDAAPGK	-	-	3	16	0	17.808701033333	17.728069483333	17.8902412	515.609559832382	0.005494372112217897	19
FLAAGTHLGGTNLDFQMEQYIYK	3	FLAAGTHLGGTNLDFQMEQYIYK	-	-	3	20	0	17.38306095	17.319434366667	17.485728133333	873.0966963002088	2.0756361824899333E-05	19
FLASVSTVLTSK	2	FLASVSTVLTSK	-	-	3	13	0	14.3884912	14.318610433333	14.459437833333	626.861003129447	2.0756361824899333E-05	19
FLDASGAK	2	FLDASGAK	-	-	3	9	0	6.502945633333	6.448080316667	6.5970608	404.713610619767	2.0756361824899333E-05	19
FLELVQLK	2	FLELVQLK	-	-	3	8	0	15.721864683333	15.683440316667	15.798525783333	495.305135490972	3.0102347983142685E-05	19
FLGNAPC[+57.0215]GHYTFK	2	FLGNAPCGHYTFK	-	-	3	20	0	10.357999133333	10.2906314	10.425058666667	756.358636157482	2.1636591804059023E-05	19
FLIC[+57.0215]TDVAAR	2	FLICTDVAAR	-	-	3	12	0	12.729123633333	12.660856683333	12.795875766667	583.305340994052	2.0756361824899333E-05	19
FLLDTNK	2	FLLDTNK	-	-	3	6	0	10.3073575	10.239036516667	10.376554783333	425.737085715977	0.0006811504325813569	19
FLLLPAC[+57.0215]VTATK	2	FLLLPACVTATK	-	-	3	12	0	16.799782433333	16.724079933333	16.876262983333	667.3810486245319	0.00020342775771754057	19
FLPEEEK	2	FLPEEEK	-	-	3	7	0	6.944498966667	6.90858325	7.087495933333	446.226550817102	0.0008356979049247872	19
FLPFLDMFQK	2	FLPFLDMFQK	-	-	3	10	0	21.973844733333	21.9508733	22.042913416667	643.336109807752	0.002494690354987695	19
FLPLLMTNHPAPNLFGTPR	3	FLPLLMTNHPAPNLFGTPR	-	-	3	18	0	18.625519683333	18.56085215	18.68893655	712.7189434444854	0.00018976292285504643	19
FLTEQMMER	2	FLTEQMMER	-	-	3	10	0	11.59751935	11.59751935	11.683410316667	592.775559253327	0.0008431294639828661	19
FLYEELGLDSTSVFEDLK	3	FLYEELGLDSTSVFEDLK	-	-	3	18	0	21.507593683333	21.462299783333	21.552948833333	702.3490158624221	0.0004053734502910807	19
FMADIASGMEYLSTK	2	FMADIASGMEYLSTK	-	-	3	18	0	17.475258433333	17.3953063	17.5778108	832.388941767922	0.005870051433600594	19
FNETIGLQHIK	2	FNETIGLQHIK	-	-	3	16	0	10.2456997	10.179870266667	10.2796941	650.356419278762	0.0005466648087209115	19
FNPETDYLTGTDGKK	3	FNPETDYLTGTDGKK	-	-	3	17	0	10.1233676	10.057480133333	10.1907732	562.6054199355987	2.1636591804059023E-05	19
FPEGPER	2	FPEGPER	-	-	3	7	0	6.532934466667	6.441941933333	6.605994066667	416.203410074062	0.0006398216755072135	19
FPESC[+57.0215]QDEVR	2	FPESCQDEVR	-	-	3	14	0	6.9912356	6.865218766667	7.080871216667	633.774601965177	0.00026741868041036613	19
FPFGISPAQSHR	3	FPFGISPAQSHR	-	-	3	18	0	11.792119783333	11.742761933333	11.85838475	448.56668276203203	0.004300075067724143	19
FPHPIEISEDVITGPTIK	3	FPHPIEISEDVITGPTIK	-	-	3	20	0	15.934453066667	15.896876416667	15.990614633333	665.0262074996887	0.00018976292285504643	19
FPSPILK	2	FPSPILK	-	-	3	8	0	11.59452885	11.4931311	11.59452885	401.24708930027197	0.00020342775771754057	19
FRELAEEAAR	2	FRELAEEAAR	-	-	3	16	0	6.830041983333	6.793153566667	6.884891133333	596.309469086342	3.0102347983142685E-05	19
FRPLSFEVPK	3	FRPLSFEVPK	-	-	3	14	0	12.97168305	12.918804266667	13.054584066667	407.23264100925866	6.027848660812956E-05	19
FSNTGEDWYVLVGVAK	2	FSNTGEDWYVLVGVAK	-	-	3	19	0	18.034631866667	17.970888466667	18.13946025	892.946326697147	2.0756361824899333E-05	19
FSPTHC[+57.0215]QIASGC[+57.0215]LSGR	3	FSPTHCQIASGCLSGR	-	-	3	15	0	8.867842466667	8.850723416667	8.935659616667	593.2751340350653	0.0006480548069208139	19
FSSWSLVK	2	FSSWSLVK	-	-	3	7	0	12.777106733333	12.693943633333	12.82945015	477.258185298552	0.0025006525271745995	19
FSTGTLSNTADAR	2	FSTGTLSNTADAR	-	-	3	15	0	8.618426783333	8.565328066667	8.671080583333	670.825680249887	2.0756361824899333E-05	19
FTITPPTAQVVGVLK	3	FTITPPTAQVVGVLK	-	-	3	17	0	17.036917683333	16.95659055	17.119797366667	524.3116196059487	2.0756361824899333E-05	19
FTLRDEGK	2	FTLRDEGK	-	-	3	13	0	5.876129483333	5.837433666667	5.933736866667	483.256173922912	2.0756361824899333E-05	19
FVLVHPDVK	2	FVLVHPDVK	-	-	3	17	0	10.152535233333	10.084865833333	10.219016533333	527.308209495772	0.0004959880081121594	19
FYEDDENGWQAFGDFSPTDVHK	3	FYEDDENGWQAFGDFSPTDVHK	-	-	3	20	0	16.479872966667	16.384540116667	16.5396789	868.7031804186721	2.0756361824899333E-05	19
GAC[+57.0215]ENC[+57.0215]GAMTHK	3	GACENCGAMTHK	-	-	3	15	0	2.980757816667	2.937646166667	3.0443563	445.84613496273863	0.004584802560323135	19
GAGSIAGASASPK	2	GAGSIAGASASPK	-	-	3	14	0	5.205365883333	5.146600733333	5.300793983333	537.282919985332	2.0756361824899333E-05	19
GAHHYTGLLK	2	GAHHYTGLLK	-	-	3	18	0	5.577421116667	5.4811662	5.59634755	548.7985402646469	0.0014372720576346096	19
GDHEEFNQC[+57.0215]QTQLK	3	GDHEEFNQCQTQLK	-	-	3	15	0	6.81403755	6.73988435	6.888426216667	578.5897755659054	0.007559092908850938	19
GDSHLNVQVSNFK	2	GDSHLNVQVSNFK	-	-	3	20	0	9.4260533	9.374878466667	9.5117333	722.862597073187	2.0756361824899333E-05	19
GDTPGHATPGHGGATSSAR	3	GDTPGHATPGHGGATSSAR	-	-	3	17	0	2.85106165	2.763123783333	2.937569416667	578.6031839056387	2.0756361824899333E-05	19
GDVEQKPESESALDMR	2	GDVEQKPESESALDMR	-	-	3	17	0	7.952481283333	7.91654885	8.024216216667	895.914897718777	5.990654578856983E-05	19
GEEDNSLSVR	2	GEEDNSLSVR	-	-	3	9	0	6.217906316667	6.198917233333	6.310978266667	553.259641850532	0.0008103569475904085	19
GEITPAAIQK	2	GEITPAAIQK	-	-	3	11	0	7.995609933333	7.941775433333	8.08408175	514.2927563930419	6.027848660812956E-05	19
GELDLSLENLDLSK	2	GELDLSLENLDLSK	-	-	3	15	0	17.607299033333	17.525906233333	17.647810683333	773.403960355412	6.027848660812956E-05	19
GEMGLGAVPGR	2	GEMGLGAVPGR	-	-	3	12	0	9.8736192	9.773593416667	9.8736192	522.268758523922	0.0010902665513741118	19
GEPLHIINSSNVTDEPLLK	3	GEPLHIINSSNVTDEPLLK	-	-	3	19	0	14.199975816667	14.165240866667	14.3103425	692.7039045108321	2.0756361824899333E-05	19
GEVTFEDVK	2	GEVTFEDVK	-	-	3	10	0	9.192930116667	9.14155705	9.278615183333	512.2532968795219	2.0756361824899333E-05	19
GFEVIYMSEPIDEYC[+57.0215]VQQLK	3	GFEVIYMSEPIDEYCVQQLK	-	-	3	20	0	18.46463755	18.37976925	18.5517112	816.7202381746188	2.0756361824899333E-05	19
GFVLYPVK	2	GFVLYPVK	-	-	3	9	0	13.201433633333	13.134392433333	13.25360835	461.773471224697	2.0756361824899333E-05	19
GGAEVQIFAPDVPQMHVIDHTK	3	GGAEVQIFAPDVPQMHVIDHTK	-	-	3	20	0	14.57988435	14.5074342	14.650895366667	797.0704815523687	2.0756361824899333E-05	19
GGAVVDEGPTGVK	2	GGAVVDEGPTGVK	-	-	3	12	0	7.0378681	6.96589395	7.11069455	593.309134733172	2.0756361824899333E-05	19
GGFDGEYQDDSLDLLR	2	GGFDGEYQDDSLDLLR	-	-	3	19	0	16.188414733333	16.112502483333	16.267021266667	900.4077626362019	2.0756361824899333E-05	19
GGSGGSYGGGGSGGGYGGGSGSR	2	GGSGGSYGGGGSGGGYGGGSGSR	-	-	3	20	0	4.606748133333	4.527076266667	4.64639535	896.367491767962	0.0010079015679525336	19
GGTLLSVTGEVEPR	2	GGTLLSVTGEVEPR	-	-	3	13	0	13.188663183333	13.087789966667	13.25790545	707.880455474377	2.0756361824899333E-05	19
GIC[+57.0215]EYHEK	2	GICEYHEK	-	-	3	10	0	3.916134883333	3.854483683333	3.97752215	518.231841700622	4.756921320521359E-05	19
GIC[+57.0215]VSLGHSVADLR	3	GICVSLGHSVADLR	-	-	3	16	0	12.476426783333	12.3758686	12.476426783333	495.2610420956853	0.0006308169596690796	19
GILDALLQTAR	2	GILDALLQTAR	-	-	3	14	0	20.258674733333	20.1929138	20.324904016667	585.845687418477	0.00027748956397944167	19
GILTVDELLAIR	2	GILTVDELLAIR	-	-	3	13	0	20.1428467	20.054184966667	20.2326372	656.895377262527	2.1636591804059023E-05	19
GISSDNESVASC[+57.0215]NSVK	2	GISSDNESVASCNSVK	-	-	3	17	0	6.76087745	6.723809716667	6.834536766667	827.372865730212	0.00026741868041036613	19
GIVEFSGK	2	GIVEFSGK	-	-	3	7	0	9.043821583333	8.976484216667	9.11458185	418.729260683907	3.0102347983142685E-05	19
GIVESSVTSAVSGK	2	GIVESSVTSAVSGK	-	-	3	15	0	11.189650533333	11.12240125	11.239562916667	660.853906373367	0.00018976292285504643	19
GIYFADMVSK	2	GIYFADMVSK	-	-	3	10	0	14.06815115	14.000489716667	14.137207116667	565.781167406677	2.0756361824899333E-05	19
GLAYVC[+57.0215]HQR	2	GLAYVCHQR	-	-	3	13	0	5.530659016667	5.453183233333	5.569642483333	552.2743752189419	2.0756361824899333E-05	19
GLFPFTHVK	2	GLFPFTHVK	-	-	3	10	0	12.778133133333	12.607188883333	12.8125319	523.295102121852	0.0011749141942586476	19
GLGTDEDAIISVLAYR	2	GLGTDEDAIISVLAYR	-	-	3	20	0	19.577525716667	19.488130533333	19.667472916667	846.943784006927	2.0756361824899333E-05	19
GLGTDEDSLIEIIC[+57.0215]SR	3	GLGTDEDSLIEIICSR	-	-	3	13	0	19.058279683333	18.972131183333	19.1455371	593.2927361467854	2.0756361824899333E-05	19
GLVVTDLK	2	GLVVTDLK	-	-	3	8	0	10.7615939	10.711124633333	10.828736983333	422.760560812187	6.027848660812956E-05	19
GLWIPEGEK	2	GLWIPEGEK	-	-	3	9	0	12.1516229	12.03101185	12.201466716667	514.774199500687	0.0006995630265732565	19
GMLDTHHK	2	GMLDTHHK	-	-	3	12	0	3.213286766667	3.171752833333	3.254437883333	469.729269225577	2.0756361824899333E-05	19
GMLSSSTSGAISDK	2	GMLSSSTSGAISDK	-	-	3	13	0	8.79299775	8.706631116667	8.827413583333	670.821749119007	0.0006811504325813569	19
GNETMLDFR	2	GNETMLDFR	-	-	3	8	0	11.90327455	11.854394716667	11.93744675	541.750398592977	0.0005644963733770729	19
GNFVPQGWVLPPLPSNDIWATAVK	3	GNFVPQGWVLPPLPSNDIWATAVK	-	-	3	20	0	22.326796933333	22.257069833333	22.350017933333	869.4637077570787	0.0010079015679525336	19
GNGIVEC[+57.0215]LGPK	2	GNGIVECLGPK	-	-	3	11	0	10.088608466667	9.95492175	10.088608466667	572.2949732717619	0.00018976292285504643	19
GNIIGYSQVDK	2	GNIIGYSQVDK	-	-	3	11	0	9.658996283333	9.590899683333	9.728188766667	597.311677423392	8.43644544431946E-05	19
GNNVLYISTQK	2	GNNVLYISTQK	-	-	3	12	0	9.878046966667	9.81034715	9.945160733333	618.8327770059669	2.0756361824899333E-05	19
GPLAMGLAQPR	2	GPLAMGLAQPR	-	-	3	12	0	11.567654566667	11.502245	11.636041366667	555.808050860857	0.0005886557625194467	19
GPPGPESQSR	2	GPPGPESQSR	-	-	3	9	0	3.4219596	3.316616233333	3.5268565	506.24633751520196	2.0756361824899333E-05	19
GPPHLQIRPPSQDLK	2	GPPHLQIRPPSQDLK	-	-	3	14	0	9.646894	9.612336566667	9.664073216667	841.970470499697	0.0038364429288126702	19
GPPPAPEGGSR	2	GPPPAPEGGSR	-	-	3	10	0	3.830629533333	3.76806435	3.9352587	511.256705237492	0.000158052789631737	19
GPTPEEAIQK	2	GPTPEEAIQK	-	-	3	10	0	6.598055616667	6.561568416667	6.709949083333	535.279845980532	6.027848660812956E-05	19
GPYDFDQIK	2	GPYDFDQIK	-	-	3	10	0	11.419627633333	11.384929133333	11.521031283333	541.761289088177	9.498480243161094E-05	19
GQGHQYELNSK	3	GQGHQYELNSK	-	-	3	10	0	4.102176166667	4.08143515	4.183142483333	420.8704309504487	0.002797458974764589	19
GQGVYLGMPGC[+57.0215]LPVYDALAGEFIR	3	GQGVYLGMPGCLPVYDALAGEFIR	-	-	3	20	0	22.850707966667	22.757878266667	22.99054695	861.7626602418821	2.0756361824899333E-05	19
GQIQAVASPDDPIRR	2	GQIQAVASPDDPIRR	-	-	3	13	0	8.945217283333	8.859089833333	8.995572816667	811.934084990977	0.002253918841910983	19
GQLEANLLQVLEK	2	GQLEANLLQVLEK	-	-	3	16	0	18.753598033333	18.582740833333	18.753598033333	727.914298292877	0.00018976292285504643	19
GQMGPTEQGPYAK	2	GQMGPTEQGPYAK	-	-	3	14	0	6.766938283333	6.674386066667	6.858961333333	682.319176643962	2.0756361824899333E-05	19
GQQASPFVLR	2	GQQASPFVLR	-	-	3	13	0	11.034310366667	11.034310366667	11.155470416667	551.803822606497	0.0006025848813531147	19
GQQELLYVVPFVAK	3	GQQELLYVVPFVAK	-	-	3	15	0	18.411979683333	18.349361333333	18.518024666667	530.967852896522	8.601854559843102E-05	19
GRDPALPTLLNPK	3	GRDPALPTLLNPK	-	-	3	11	0	11.998344533333	11.912589516667	12.0857621	464.60502601277864	2.0756361824899333E-05	19
GSGEGQGQILQR	3	GSGEGQGQILQR	-	-	3	9	0	6.3184014	6.262555283333	6.39221375	410.545947317452	0.0014073071718538567	19
GSGPLSPSIQSR	2	GSGPLSPSIQSR	-	-	3	12	0	8.166973916667	8.096048433333	8.238462833333	593.3147514281919	2.0756361824899333E-05	19
GSGVSNFAQLIVR	3	GSGVSNFAQLIVR	-	-	3	12	0	16.2045879	16.129798566667	16.260879083333	449.9174925939253	0.003677828767516891	19
GSLAALYDLAVLK	2	GSLAALYDLAVLK	-	-	3	13	0	19.383907383333	19.31737665	19.450850716667	667.389927744092	0.00018976292285504643	19
GSQTEFEQQER	2	GSQTEFEQQER	-	-	3	11	0	5.552461533333	5.493582916667	5.611338683333	669.799662463457	0.0004863168132985543	19
GSWYLPAGR	2	GSWYLPAGR	-	-	3	8	0	11.839296366667	11.78784355	11.926929666667	503.758883789717	0.0008055563742104074	19
GTEIGVLAK	2	GTEIGVLAK	-	-	3	9	0	8.99338105	8.909508116667	9.010021066667	444.263467640402	2.0756361824899333E-05	19
GVQQDEALQLPK	2	GVQQDEALQLPK	-	-	3	17	0	10.761854616667	10.727627466667	10.864847183333	663.356616240172	2.0756361824899333E-05	19
GVVPVVMDC[+57.0215]ESTVQEK	2	GVVPVVMDCESTVQEK	-	-	3	19	0	12.381873583333	12.33168915	12.465682966667	888.9289623808469	2.0756361824899333E-05	19
GYAQQDTQEFLR	3	GYAQQDTQEFLR	-	-	3	12	0	10.7607703	10.6941907	10.8458212	485.9002787105787	0.0010079015679525336	19
GYFSAVPK	2	GYFSAVPK	-	-	3	8	0	9.901421416667	9.851934516667	9.986436266667	434.731803374127	7.142346975216056E-05	19
GYGFAEPYNLYSSLK	2	GYGFAEPYNLYSSLK	-	-	3	18	0	16.729126916667	16.688738133333	16.7872879	854.914495254287	0.0012243056897996004	19
HASSGSFLPSANEHLK	3	HASSGSFLPSANEHLK	-	-	3	11	0	8.242963716667	8.171631116667	8.3152495	561.281270655772	2.0756361824899333E-05	19
HDSLHDPAAPSR	3	HDSLHDPAAPSR	-	-	3	15	0	4.3742672	4.332440466667	4.478516683333	434.87769697502864	0.00014642262895174708	19
HGGGTESLFFDK	2	HGGGTESLFFDK	-	-	3	20	0	10.747940766667	10.663279233333	10.831961166667	647.806759219537	0.0007123221702750968	19
HGGYKPSDEHK	3	HGGYKPSDEHK	-	-	3	14	0	2.1789104	2.131894183333	2.22534505	418.8669093892153	0.0003080678223159591	19
HGLVPFAFVR	2	HGLVPFAFVR	-	-	3	7	0	14.919287916667	14.81057245	14.9943325	571.8271007412969	2.1636591804059023E-05	19
HIAGLNANR	2	HIAGLNANR	-	-	3	7	0	4.83494145	4.77638255	4.911985016667	483.26740731295195	0.00042516531098604787	19
HIEPELAGR	2	HIEPELAGR	-	-	3	6	0	6.44938275	6.3379085	6.44938275	511.27489799185196	0.000158052789631737	19
HILTHTGEK	2	HILTHTGEK	-	-	3	13	0	2.859561983333	2.816301483333	2.9238171	518.2827230239219	0.0007357108060010141	19
HLAC[+57.0215]LPR	2	HLACLPR	-	-	3	9	0	6.036557816667	5.98042995	6.13098295	433.736897296237	2.0756361824899333E-05	19
HLATSDMLAAASK	3	HLATSDMLAAASK	-	-	3	12	0	9.56092995	9.508851766667	9.61184425	439.22733842115207	0.00029739953843591635	19
HLIDNC[+57.0215]AFR	2	HLIDNCAFR	-	-	3	9	0	8.529418816667	8.4767041	8.59909865	573.279657560792	2.0756361824899333E-05	19
HLLVSNVGGDGEEIER	2	HLLVSNVGGDGEEIER	-	-	3	20	0	10.1020055	10.034438766667	10.170142433333	862.434114775802	2.0756361824899333E-05	19
HLSLC[+57.0215]HGLSDLAR	3	HLSLCHGLSDLAR	-	-	3	18	0	10.6266393	10.57598015	10.67741985	493.58927019202866	2.0756361824899333E-05	19
HLSPYATLTVGDSSHK	2	HLSPYATLTVGDSSHK	-	-	3	17	0	8.975432466667	8.9076851	9.042574266667	856.933750637807	2.0756361824899333E-05	19
HLTDPSYGIPR	2	HLTDPSYGIPR	-	-	3	9	0	8.89181855	8.823744766667	8.959736383333	628.325119150482	0.00045404711015625864	19
HLVLLDTAQAAAAGHR	2	HLVLLDTAQAAAAGHR	-	-	3	20	0	11.682877433333	11.63111215	11.7164127	822.4524449219219	5.4326174350802216E-05	19
HMNSAGVLATLR	3	HMNSAGVLATLR	-	-	3	13	0	10.337174533333	10.285032816667	10.421683383333	423.89592311674534	2.0756361824899333E-05	19
HNEFDFISGTR	2	HNEFDFISGTR	-	-	3	14	0	12.066666	11.99824805	12.134910833333	661.809833224337	3.123926150385805E-05	19
HPFLLLGTTANR	2	HPFLLLGTTANR	-	-	3	13	0	12.492759916667	12.358652516667	12.492759916667	670.377686037922	0.0029244867608816663	19
HPQPQGLEVTGDRR	3	HPQPQGLEVTGDRR	-	-	3	7	0	5.67584705	5.6185901	5.732265983333	530.609610203172	0.00018976292285504643	19
HPSPELSR	2	HPSPELSR	-	-	3	7	0	3.996188233333	3.955366933333	4.07882525	461.740691035357	3.0102347983142685E-05	19
HPSTNSLLR	2	HPSTNSLLR	-	-	3	6	0	5.789063516667	5.713495183333	5.867131233333	512.7803475102869	2.0756361824899333E-05	19
HQEYLNSILQHAK	2	HQEYLNSILQHAK	-	-	3	20	0	10.775432066667	10.725123183333	10.8257864	790.9126212704069	6.027848660812956E-05	19
HQNTEVVLYLAR	3	HQNTEVVLYLAR	-	-	3	13	0	11.503266266667	11.486292683333	11.587745866667	481.596530522162	0.0010261185166886776	19
HQVAYNTLIGSC[+57.0215]VK	3	HQVAYNTLIGSCVK	-	-	3	15	0	10.168556233333	10.1170439	10.202045016667	530.6083303663453	0.0005886557625194467	19
HSFFSTIDWNK	3	HSFFSTIDWNK	-	-	3	11	0	13.963240066667	13.893459266667	14.032650783333	461.222693150492	2.0756361824899333E-05	19
HSLSLLDLEQK	3	HSLSLLDLEQK	-	-	3	11	0	13.099714083333	13.017341833333	13.148423883333	428.23823176357536	6.027848660812956E-05	19
HSQEELLQR	2	HSQEELLQR	-	-	3	14	0	5.799581733333	5.7609392	5.87759965	570.293819022202	2.0756361824899333E-05	19
HSVDGESLSSELQQLGLPK	3	HSVDGESLSSELQQLGLPK	-	-	3	20	0	16.43836905	16.381363633333	16.496888216667	675.3480092984986	2.0756361824899333E-05	19
HTPPTIGGSLPYR	2	HTPPTIGGSLPYR	-	-	3	8	0	9.694898866667	9.66073115	9.7629221	698.3726006574819	0.0007071707110096377	19
HVEFLVAENER	2	HVEFLVAENER	-	-	3	15	0	9.9638344	9.91249325	10.01511855	671.841133352617	0.0010902665513741118	19
HVGMAVAGLLADAR	2	HVGMAVAGLLADAR	-	-	3	19	0	13.846159333333	13.7782297	13.915198516667	690.874453398207	2.0756361824899333E-05	19
HVLALTGC[+57.0215]GPGR	3	HVLALTGCGPGR	-	-	3	14	0	8.143594233333	8.091392416667	8.23149925	413.2205182007987	6.027848660812956E-05	19
HVMSNTGNWMHIR	3	HVMSNTGNWMHIR	-	-	3	20	0	9.696330616667	9.644313933333	9.7478791	528.2503716553753	4.170402652376087E-05	19
HVVAVVLGDVGR	3	HVVAVVLGDVGR	-	-	3	12	0	11.766302666667	11.683629433333	11.799312183333	407.57517825264864	0.00045404711015625864	19
HVVDGISR	2	HVVDGISR	-	-	3	9	0	4.77103655	4.6913923	4.850750116667	441.74323372557694	0.00034699731655408534	19
HWQEITFNLPVK	2	HWQEITFNLPVK	-	-	3	20	0	15.2760235	15.202349	15.31188805	756.403900785762	3.0102347983142685E-05	19
HYAPLQAYLR	2	HYAPLQAYLR	-	-	3	7	0	11.42073525	11.31809105	11.453210316667	616.332747221142	0.00016423057973394647	19
IADQLEELNK	2	IADQLEELNK	-	-	3	14	0	10.113623316667	10.04627915	10.181827916667	586.811510246807	2.0756361824899333E-05	19
IAEGEHPK	2	IAEGEHPK	-	-	3	10	0	2.413832566667	2.36899495	2.459121966667	440.729791998487	3.0102347983142685E-05	19
IAEGFSDTALIMVDNTK	3	IAEGFSDTALIMVDNTK	-	-	3	16	0	16.622961616667	16.602713316667	16.683382466667	608.9731149921154	0.0014019536903039074	19
IAGLPWYRC[+57.0215]R	2	IAGLPWYRCR	-	-	3	7	0	10.9564196	10.856543883333	11.006765983333	646.3400494803019	0.00210602013560715	19
IAMENDDGRTEEEK	2	IAMENDDGRTEEEK	-	-	3	20	0	5.142626766667	5.084618933333	5.201326633333	818.859591179707	2.0756361824899333E-05	19
IANLQENLANK	2	IANLQENLANK	-	-	3	18	0	9.045637733333	8.978021866667	9.07960845	614.338226524402	0.0008103569475904085	19
IANPDQLLTQDVEK	2	IANPDQLLTQDVEK	-	-	3	19	0	13.63861495	13.551526983333	13.692312516667	792.417402082502	2.0756361824899333E-05	19
IAQLEEQLDNETK	2	IAQLEEQLDNETK	-	-	3	20	0	10.754571133333	10.70319515	10.841699833333	765.885934777637	2.0756361824899333E-05	19
IAVSNLHK	2	IAVSNLHK	-	-	3	10	0	5.451634	5.41374135	5.529135733333	441.263801993572	2.0756361824899333E-05	19
IDHVLLNADGIR	2	IDHVLLNADGIR	-	-	3	15	0	11.16778335	11.134608166667	11.201079316667	668.3726006574819	3.0102347983142685E-05	19
IDMNLTDLLGELQR	2	IDMNLTDLLGELQR	-	-	3	19	0	22.174690733333	22.12806515	22.267548816667	815.9270798552969	2.0756361824899333E-05	19
IDMNLTDLLGELQR	3	IDMNLTDLLGELQR	-	-	3	13	0	22.174690733333	22.12806515	22.267548816667	544.2871453924687	2.0756361824899333E-05	19
IDTEILPSLFMR	2	IDTEILPSLFMR	-	-	3	13	0	19.755893066667	19.686994133333	19.847631483333	717.8866951043769	3.0102347983142685E-05	19
IEELEEALR	2	IEELEEALR	-	-	3	10	0	11.763982133333	11.731760466667	11.831331466667	551.292953354452	2.0756361824899333E-05	19
IEEQSQSEK	2	IEEQSQSEK	-	-	3	9	0	2.4609617	2.3929779	2.527901283333	539.256567845732	2.0756361824899333E-05	19
IEFHMNC[+57.0215]WKK	3	IEFHMNCWKK	-	-	3	9	0	9.593658433333	9.5251988	9.645529983333	464.8898922526487	0.0011826993264157743	19
IEGEGSVLQAK	2	IEGEGSVLQAK	-	-	3	12	0	7.971904333333	7.900835083333	8.0428727	565.8062279049569	2.0756361824899333E-05	19
IEGFTNVK	2	IEGFTNVK	-	-	3	8	0	8.431163466667	8.431163466667	8.57077485	454.247817576262	0.00025962786672436173	19
IETKPC[+57.0215]GEELK	3	IETKPCGEELK	-	-	3	12	0	5.646514066667	5.60788305	5.722045433333	435.22359395780535	2.1636591804059023E-05	19
IEYVTVTPEGFR	2	IEYVTVTPEGFR	-	-	3	12	0	14.00644155	13.907301283333	14.040971966667	705.866816785877	0.0005466648087209115	19
IFSIIAEGEMHEAIK	2	IFSIIAEGEMHEAIK	-	-	3	20	0	14.548644333333	14.458238883333	14.674242633333	844.439823091222	0.0007071707110096377	19
IFVGGLPYHTTDASLR	2	IFVGGLPYHTTDASLR	-	-	3	20	0	13.205942883333	13.172360533333	13.290213833333	873.962311114457	0.004230125352170185	19
IGIPEFK	2	IGIPEFK	-	-	3	8	0	12.5996064	12.480563716667	12.653311533333	402.236721577982	9.498480243161094E-05	19
IGLDFC[+57.0215]K	2	IGLDFCK	-	-	3	8	0	11.526747266667	11.476354583333	11.611864433333	426.717838874127	2.0756361824899333E-05	19
IHAESLLLDSPAVAK	2	IHAESLLLDSPAVAK	-	-	3	20	0	12.618907966667	12.567800233333	12.636551733333	782.440680217302	0.00012182576208782284	19
IHALPESVSIFSLK	3	IHALPESVSIFSLK	-	-	3	16	0	16.021603516667	15.949794983333	16.039582533333	514.2959695418086	0.0005060784421585346	19
IHGQNVPFDAVVVDK	2	IHGQNVPFDAVVVDK	-	-	3	20	0	11.703057066667	11.63538415	11.736716016667	819.435929190032	3.0102347983142685E-05	19
IHQC[+57.0215]ISINMLADK	2	IHQCISINMLADK	-	-	3	20	0	12.120109933333	12.0828972	12.225250083333	771.891985987897	2.1636591804059023E-05	19
IIDDSEITK	2	IIDDSEITK	-	-	3	11	0	8.112702183333	8.077657916667	8.18391085	517.274229285512	2.0756361824899333E-05	19
IIMLTC[+57.0215]AFLAC[+57.0215]K	2	IIMLTCAFLACK	-	-	3	13	0	17.973711133333	17.9316247	18.015421133333	720.874219207107	0.0005933235486993723	19
IISLDLPVAEVYK	3	IISLDLPVAEVYK	-	-	3	13	0	18.094534133333	18.031379783333	18.20066155	487.2850705049387	0.004458427405879908	19
IIVEGGGAVAALQAMK	3	IIVEGGGAVAALQAMK	-	-	3	20	0	15.377981283333	15.32631055	15.434014516667	509.95695955409866	0.003158591036877791	19
IKFPLPHR	2	IKFPLPHR	-	-	3	8	0	9.158568016667	8.9184162	9.261471633333	504.311086539162	4.442996356742988E-05	19
ILC[+57.0215]DVPC[+57.0215]SGDGTMR	3	ILCDVPCSGDGTMR	-	-	3	11	0	10.025334683333	9.974566616667	10.108418916667	527.5670377029553	0.001760825573144344	19
ILETTTFFQR	2	ILETTTFFQR	-	-	3	11	0	13.914372533333	13.845403116667	13.9838523	628.337695209822	3.0102347983142685E-05	19
ILHVDNHIGISIAGLTADAR	3	ILHVDNHIGISIAGLTADAR	-	-	3	20	0	15.48126005	15.406041183333	15.555558583333	696.0516385857187	2.1636591804059023E-05	19
ILLEDQSK	2	ILLEDQSK	-	-	3	10	0	7.972122	7.91768105	8.00762465	473.266207292032	0.0005405931387918824	19
ILQEYITQEGHK	2	ILQEYITQEGHK	-	-	3	16	0	9.101993166667	9.066476683333	9.17042585	729.882998164597	2.0756361824899333E-05	19
ILSHNPETQQVDIEILSSLPALR	3	ILSHNPETQQVDIEILSSLPALR	-	-	3	20	0	19.228162616667	19.184261033333	19.31586675	858.4692985113953	2.1636591804059023E-05	19
ILTDDFADK	2	ILTDDFADK	-	-	3	11	0	10.5190869	10.4861509	10.585074566667	519.261121911592	0.00112391121101433	19
IMPSSLDDR	2	IMPSSLDDR	-	-	3	10	0	8.48633035	8.41686535	8.5552546	517.2527741066119	0.002322112613986915	19
IMSTPGGEEAIER	2	IMSTPGGEEAIER	-	-	3	14	0	8.887164883333	8.819147833333	8.9552858	695.337566359732	2.0756361824899333E-05	19
IMVHPHVTAVSEQPR	3	IMVHPHVTAVSEQPR	-	-	3	20	0	7.709478683333	7.6737456	7.817959433333	567.6348794673553	0.00031608522594240223	19
IMYLSEAYFR	3	IMYLSEAYFR	-	-	3	11	0	15.724093483333	15.669630333333	15.819997283333	431.5496414100087	0.003694035364231887	19
INQQENSLTLEK	2	INQQENSLTLEK	-	-	3	16	0	8.3130122	8.261114883333	8.365887883333	708.870087752087	0.0002499937501562461	19
IPPC[+57.0215]ISNWK	2	IPPCISNWK	-	-	3	9	0	11.445291466667	11.126478416667	11.562352016667	557.789326791917	0.00025962786672436173	19
IPPSEMFLSETDK	3	IPPSEMFLSETDK	-	-	3	11	0	13.668111516667	13.5337821	13.805162666667	498.577925350932	0.0010079015679525336	19
IPQDRPTSEELLK	3	IPQDRPTSEELLK	-	-	3	13	0	8.794317166667	8.708352516667	8.87955185	509.27886710951867	0.0007071707110096377	19
IPVPQQVAR	2	IPVPQQVAR	-	-	3	10	0	8.519682583333	8.4319874	8.606789366667	504.30345846850196	2.0756361824899333E-05	19
IPVVVQSVPVVYTAVR	2	IPVVVQSVPVVYTAVR	-	-	3	18	0	16.538139216667	16.44353305	16.597105433333	863.5167222009519	0.001704450116132223	19
IPYAAC[+57.0215]PAIC[+57.0215]VANTHLLYNPR	3	IPYAACPAICVANTHLLYNPR	-	-	3	20	0	15.498851666667	15.425723333333	15.535837633333	805.408440299812	0.002175990715772946	19
IQELENLPGSLAGDLR	2	IQELENLPGSLAGDLR	-	-	3	18	0	16.63015655	16.5503227	16.689114083333	862.962508075867	2.0756361824899333E-05	19
IQFHQYLGK	2	IQFHQYLGK	-	-	3	17	0	9.347053783333	9.313444783333	9.415152183333	567.308740810352	0.0007071707110096377	19
IQRPPEDSIQPYEK	2	IQRPPEDSIQPYEK	-	-	3	16	0	8.25232395	8.199139933333	8.342196466667	850.436126151442	2.0756361824899333E-05	19
ISALALLK	2	ISALALLK	-	-	3	10	0	14.44593585	14.375521483333	14.518146966667	414.781296256767	0.0003080678223159591	19
ISSMEGER	2	ISSMEGER	-	-	3	7	0	4.478306566667	4.35513185	4.517809733333	454.710742118047	0.00018976292285504643	19
ISWAGDLDKK	2	ISWAGDLDKK	-	-	3	15	0	9.3614229	9.275921966667	9.3958054	566.803488253327	0.0005466648087209115	19
ITC[+57.0215]LC[+57.0215]QVPQNAANR	2	ITCLCQVPQNAANR	-	-	3	17	0	9.077344333333	9.00747885	9.146526316667	822.900873649127	2.0756361824899333E-05	19
ITLSGTNSK	2	ITLSGTNSK	-	-	3	10	0	5.72809535	5.6528952	5.747301933333	460.756006746327	0.00031608522594240223	19
ITQC[+57.0215]SVEIQR	3	ITQCSVEIQR	-	-	3	9	0	7.487575833333	7.433890966667	7.558983166667	411.880050150492	0.0011423582732743888	19
ITQNNAMK	2	ITQNNAMK	-	-	3	10	0	3.233980133333	3.171607733333	3.295089566667	460.236927081062	2.0756361824899333E-05	19
IVLELFADIVPK	2	IVLELFADIVPK	-	-	3	17	0	21.962681566667	21.916979566667	22.191034133333	678.910496012087	0.0005933235486993723	19
IVQEFYDPMTPVNAR	2	IVQEFYDPMTPVNAR	-	-	3	17	0	14.381404066667	14.34620845	14.486206016667	890.4403544058019	0.00038492454346817013	19
IYIGDDNPLTLIVK	2	IYIGDDNPLTLIVK	-	-	3	17	0	19.746252666667	19.677570366667	19.81506635	787.445431244572	2.0756361824899333E-05	19
IYQIYEGTSQIQR	2	IYQIYEGTSQIQR	-	-	3	13	0	11.196929166667	11.130221533333	11.262410316667	799.912286917237	2.0756361824899333E-05	19
KADC[+57.0215]TITMADSDFLALMTGK	3	KADCTITMADSDFLALMTGK	-	-	3	20	0	19.429908	19.363201133333	19.519308883333	730.3477474144887	2.0756361824899333E-05	19
KADIDLTK	2	KADIDLTK	-	-	3	12	0	5.44214455	5.38489635	5.49963095	452.260924950182	2.0756361824899333E-05	19
KAVLFC[+57.0215]LSEDK	3	KAVLFCLSEDK	-	-	3	9	0	11.2471908	11.13131815	11.29783965	437.23220089947864	0.0005933235486993723	19
KDEAGENYSK	2	KDEAGENYSK	-	-	3	14	0	2.393918	2.349077283333	2.484332333333	570.762017364167	3.0102347983142685E-05	19
KEDGSEVGVGGAQVTGSNTR	3	KEDGSEVGVGGAQVTGSNTR	-	-	3	20	0	6.534072683333	6.4608347	6.609957666667	649.9837300466053	2.0756361824899333E-05	19
KEQDDLLVLLADQDQK	3	KEQDDLLVLLADQDQK	-	-	3	16	0	15.942872166667	15.88712205	15.999452866667	624.330067139162	2.0756361824899333E-05	19
KFESTDPR	2	KFESTDPR	-	-	3	7	0	3.584872866667	3.5424919	3.668775483333	490.245806200622	0.002100354059684347	19
KFGPVVAPK	2	KFGPVVAPK	-	-	3	13	0	7.069462983333	6.962571833333	7.069462983333	471.79219529363695	0.0014073071718538567	19
KFVADGIFK	2	KFVADGIFK	-	-	3	13	0	11.16325385	11.111045183333	11.195841683333	512.794934945267	0.001760825573144344	19
KGPLEWQDYIYK	3	KGPLEWQDYIYK	-	-	3	13	0	14.334262066667	14.298070816667	14.439277433333	513.932919755952	0.0006811504325813569	19
KPQDQLVIER	2	KPQDQLVIER	-	-	3	16	0	7.272543316667	7.219062233333	7.362225966667	613.348594246692	2.0756361824899333E-05	19
KPYPDDENLVEVK	3	KPYPDDENLVEVK	-	-	3	15	0	9.4618315	9.3418928	9.546718333333	515.9313559367454	2.0756361824899333E-05	19
KQEVDLQQLIR	2	KQEVDLQQLIR	-	-	3	19	0	12.462046833333	12.4123732	12.52627855	685.393533063472	0.0030097256423649976	19
KSDC[+57.0215]SLFMFGSHNK	3	KSDCSLFMFGSHNK	-	-	3	14	0	10.456417933333	10.405097816667	10.50675505	553.2535588634386	0.0008431294639828661	19
KTTPELEIVLQK	3	KTTPELEIVLQK	-	-	3	15	0	11.754630083333	11.655889933333	11.787229616667	466.944936807802	0.004050206192315245	19
LAEQIATLC[+57.0215]ATLK	3	LAEQIATLCATLK	-	-	3	15	0	14.751267716667	14.698261533333	14.78633955	477.9340434653787	0.0068202083818674035	19
LAGGQTSQPTTPLTSPQR	3	LAGGQTSQPTTPLTSPQR	-	-	3	12	0	8.775183733333	8.705632316667	8.826540533333	613.9901563441387	0.0006575297429469661	19
LALNQISQISMK	3	LALNQISQISMK	-	-	3	10	0	14.487125166667	14.452238633333	14.556618666667	449.2551169881987	0.008952757719469667	19
LALQEEPDHSK	3	LALQEEPDHSK	-	-	3	14	0	6.021045483333	5.964547216667	6.115147266667	422.88233655124196	0.00045404711015625864	19
LALSLFR	2	LALSLFR	-	-	3	8	0	15.315008516667	15.260613783333	15.4090157	410.25798833714197	0.00018976292285504643	19
LANIDEEMLQK	2	LANIDEEMLQK	-	-	3	14	0	11.700543866667	11.632756583333	11.765162066667	652.331752703302	2.0756361824899333E-05	19
LASTEQTELLASK	2	LASTEQTELLASK	-	-	3	19	0	9.758727183333	9.724749916667	9.859205716667	695.874838779357	0.0006025848813531147	19
LAVQNSSLHDIQHAPK	3	LAVQNSSLHDIQHAPK	-	-	3	19	0	8.0109754	7.9568795	8.099240983333	586.6479534539186	0.00014642262895174708	19
LAVTKPNNIK	2	LAVTKPNNIK	-	-	3	15	0	6.1325262	6.019699316667	6.208184316667	549.337498248412	2.0756361824899333E-05	19
LC[+57.0215]ESDVC[+57.0215]QSSSLTGHK	3	LCESDVCQSSSLTGHK	-	-	3	20	0	7.656769133333	7.603450716667	7.692193816667	603.269825752512	0.000868072300777407	19
LC[+57.0215]GDTSLNNMQR	2	LCGDTSLNNMQR	-	-	3	14	0	8.097861633333	8.027233783333	8.1688511	704.819018009047	2.0756361824899333E-05	19
LC[+57.0215]NHPALVLTPQHPEFK	3	LCNHPALVLTPQHPEFK	-	-	3	20	0	11.026079933333	10.992429466667	11.110549766667	667.6840103039153	0.0014798604446756415	19
LDEQQEFSAIILATAGLQR	3	LDEQQEFSAIILATAGLQR	-	-	3	20	0	21.709029616667	21.639011016667	21.825142966667	701.707537523122	2.0756361824899333E-05	19
LDGDLGQIER	2	LDGDLGQIER	-	-	3	14	0	9.9513547	9.916035333333	10.019278316667	558.288202327182	5.990654578856983E-05	19
LDQILLNGNNITMLVPGGEGPEV	3	LDQILLNGNNITMLVPGGEGPEV	-	-	3	16	0	21.8392448	21.723194683333	21.93159395	798.4175469209154	2.0756361824899333E-05	19
LEELTNR	2	LEELTNR	-	-	3	7	0	6.102712366667	6.027295083333	6.1781554	437.735074340337	2.0756361824899333E-05	19
LEFPSGETIVMHNPK	3	LEFPSGETIVMHNPK	-	-	3	17	0	12.95747655	12.8377869	12.990906866667	566.9555071859487	0.00025962786672436173	19
LEGFHTQISK	2	LEGFHTQISK	-	-	3	19	0	7.85605865	7.78383585	7.9280577	580.308937771762	2.0756361824899333E-05	19
LEGHELPADLPPHLVPPSK	3	LEGHELPADLPPHLVPPSK	-	-	3	20	0	12.1956008	12.0422773	12.229119783333	682.7054683300388	0.0002499937501562461	19
LEGIITR	2	LEGIITR	-	-	3	8	0	8.587864683333	8.518229216667	8.658407083333	401.245077924632	2.0756361824899333E-05	19
LELKPIDK	2	LELKPIDK	-	-	3	12	0	8.078474566667	8.007700883333	8.113778166667	478.294767768682	0.0006995630265732565	19
LENTEDIEEVEQHIQTIK	3	LENTEDIEEVEQHIQTIK	-	-	3	20	0	14.667810866667	14.578629466667	14.72180295	723.3620955434321	2.0756361824899333E-05	19
LENWITSLAESQLQTR	3	LENWITSLAESQLQTR	-	-	3	17	0	19.195792266667	19.1293488	19.262086416667	630.3302900412754	2.0756361824899333E-05	19
LEQEIATYR	2	LEQEIATYR	-	-	3	12	0	8.3372134	8.264956016667	8.371953433333	561.793120531037	2.0756361824899333E-05	19
LEQELLC[+57.0215]ASNR	2	LEQELLCASNR	-	-	3	15	0	9.963662866667	9.912339933333	10.014939933333	666.832451194467	0.0011671529804085036	19
LESEGSPETLTNLRK	2	LESEGSPETLTNLRK	-	-	3	20	0	9.086600116667	9.016381483333	9.155474166667	837.438865803072	2.0756361824899333E-05	19
LFATKPELLDYK	2	LFATKPELLDYK	-	-	3	20	0	12.84743705	12.813271733333	12.94858015	719.403035118012	0.008429607202613338	19
LFEGNALLR	2	LFEGNALLR	-	-	3	10	0	13.049997033333	12.98217975	13.119053033333	516.795466259847	0.0003567729312924387	19
LFELLEK	2	LFELLEK	-	-	3	9	0	14.663077516667	14.59219215	14.734819883333	446.262936325822	2.0756361824899333E-05	19
LFFTTASAHLK	3	LFFTTASAHLK	-	-	3	16	0	11.811412733333	11.811412733333	11.863221083333	412.5642792157787	0.0010490501842926	19
LFHSDLIEGLSK	3	LFHSDLIEGLSK	-	-	3	12	0	13.545808933333	13.47767425	13.615420083333	453.581998473002	2.0756361824899333E-05	19
LFPSASATEAIQR	2	LFPSASATEAIQR	-	-	3	13	0	11.45537265	11.385918033333	11.555585916667	695.869890790677	4.442996356742988E-05	19
LFQGVNK	2	LFQGVNK	-	-	3	9	0	6.927025683333	6.873236866667	6.98120285	403.231970550712	0.00036525510786439904	19
LFTMDLNVVEHK	3	LFTMDLNVVEHK	-	-	3	17	0	14.641305866667	14.588428216667	14.711938616667	482.5867551947187	4.756921320521359E-05	19
LFVLLPEQSPVSYSK	2	LFVLLPEQSPVSYSK	-	-	3	16	0	17.297911683333	17.214335033333	17.3824302	853.971813168997	2.0756361824899333E-05	19
LGNRPEMNYK	3	LGNRPEMNYK	-	-	3	8	0	5.994674183333	5.938021683333	6.03257075	407.8730070280253	0.008581299453917307	19
LGPPQIYELVALTSSDK	3	LGPPQIYELVALTSSDK	-	-	3	16	0	20.358802716667	20.336368066667	20.470702383333	610.9997698497353	0.0004353698969624577	19
LGQETEAR	2	LGQETEAR	-	-	3	10	0	3.374404466667	3.354254166667	3.4149624	452.23015613648204	0.001760825573144344	19
LGQHVVGMAPLSVGSLDDEPGGEAETK	3	LGQHVVGMAPLSVGSLDDEPGGEAETK	-	-	3	20	0	14.116683533333	14.081681983333	14.259152116667	898.4410798345688	2.0756361824899333E-05	19
LGTYMGHTGAVWC[+57.0215]VDADWDTK	3	LGTYMGHTGAVWCVDADWDTK	-	-	3	15	0	15.517411283333	15.425613166667	15.608898666667	795.0209106060288	0.00025962786672436173	19
LGVFSAC[+57.0215]K	2	LGVFSACK	-	-	3	9	0	9.46803875	9.434343233333	9.501634016667	441.231113424632	0.00037560609164788634	19
LGYEEHIPGQTR	3	LGYEEHIPGQTR	-	-	3	15	0	8.1245086	8.053992116667	8.196067416667	467.2370022975387	2.0756361824899333E-05	19
LHHPAQGSAAGTPYPSSASLR	3	LHHPAQGSAAGTPYPSSASLR	-	-	3	18	0	7.237882916667	7.202732533333	7.3269485	702.3556096762487	0.00012182576208782284	19
LHTLIPC[+57.0215]K	2	LHTLIPCK	-	-	3	10	0	7.773525383333	7.755670033333	7.809241133333	491.28113762185194	0.0010738811383140066	19
LHVGEESKK	2	LHVGEESKK	-	-	3	13	0	2.554351	2.487606083333	2.619546466667	513.782555847337	0.0011423582732743888	19
LIDEVIEDTR	2	LIDEVIEDTR	-	-	3	12	0	12.2194871	12.1526913	12.285457816667	601.816792588657	2.0756361824899333E-05	19
LIDFLESGK	2	LIDFLESGK	-	-	3	10	0	14.316473933333	14.26158185	14.404114533333	511.281857356172	2.0756361824899333E-05	19
LIEC[+57.0215]GWK	2	LIECGWK	-	-	3	7	0	9.1200596	9.0342703	9.1200596	453.231113424632	0.0003391574860243726	19
LIIVEGC[+57.0215]QR	2	LIIVEGCQR	-	-	3	12	0	9.423384	9.355091783333	9.4924773	544.300058652202	2.0756361824899333E-05	19
LISLLNEK	2	LISLLNEK	-	-	3	8	0	12.341879366667	12.308845083333	12.409280983333	465.286942736612	2.0756361824899333E-05	19
LISSDYYIWNSK	2	LISSDYYIWNSK	-	-	3	14	0	14.513725683333	14.444883566667	14.5312561	744.872099127727	0.0013290851160673645	19
LIVLVPPSKPTVNIPSSATIGNR	3	LIVLVPPSKPTVNIPSSATIGNR	-	-	3	16	0	15.433340666667	15.285818783333	15.433340666667	791.800319892982	2.0756361824899333E-05	19
LLAELPASVHALTGVDLSK	3	LLAELPASVHALTGVDLSK	-	-	3	20	0	17.315485533333	17.231666583333	17.400171283333	645.370085660172	2.0756361824899333E-05	19
LLEIITTTIEETETQNQGIK	3	LLEIITTTIEETETQNQGIK	-	-	3	19	0	19.942760866667	19.871837516667	20.011434433333	758.740683942372	2.0756361824899333E-05	19
LLENMNK	2	LLENMNK	-	-	3	8	0	6.818987816667	6.746203633333	6.8747073	431.22857073441196	0.0003080678223159591	19
LLHVAVSDVNDDVR	2	LLHVAVSDVNDDVR	-	-	3	19	0	10.833467766667	10.763579733333	10.9003985	776.409911403602	2.0756361824899333E-05	19
LLIEGLR	2	LLIEGLR	-	-	3	7	0	12.60493475	12.552947416667	12.692755516667	407.263270678992	0.0012722762761663295	19
LLIYETEAK	2	LLIYETEAK	-	-	3	10	0	10.614836516667	10.546308666667	10.6831547	540.302789762162	2.0756361824899333E-05	19
LLLHYSPQAC[+57.0215]K	3	LLLHYSPQACK	-	-	3	16	0	9.093218533333	9.040861183333	9.179623566667	443.9043071563053	0.000985683662532537	19
LLNYAGEVPR	2	LLNYAGEVPR	-	-	3	11	0	10.897080616667	10.846996116667	10.931615566667	566.311480461982	2.0756361824899333E-05	19
LLPIPDSLPISPDDGQHADIYK	3	LLPIPDSLPISPDDGQHADIYK	-	-	3	20	0	17.325109683333	17.28416635	17.3656971	802.0846735539121	0.0007123221702750968	19
LLQESYK	2	LLQESYK	-	-	3	9	0	6.611239433333	6.556182133333	6.686228083333	440.742368057827	0.0011267238409177678	19
LLQQQNDITGLSR	3	LLQQQNDITGLSR	-	-	3	15	0	10.712061033333	10.677555466667	10.780244833333	495.93884486343865	0.007260080774408616	19
LLSDLSVDSAR	2	LLSDLSVDSAR	-	-	3	12	0	11.470613616667	11.43748055	11.554091616667	588.316959765242	0.000675807128741258	19
LLVEEIK	2	LLVEEIK	-	-	3	10	0	10.853011583333	10.76654305	10.90355845	422.262936325822	0.0007357108060010141	19
LMDHVGTEPSIK	3	LMDHVGTEPSIK	-	-	3	18	0	8.627626483333	8.540190766667	8.713445166667	442.8955887635753	0.00041652594844084203	19
LMSMPVMTVDYSK	2	LMSMPVMTVDYSK	-	-	3	15	0	15.261654433333	15.20672525	15.315733133333	751.358598927792	9.498480243161094E-05	19
LMTFAWPC[+57.0215]LLSK	2	LMTFAWPCLLSK	-	-	3	13	0	20.350171666667	20.283883766667	20.43988335	733.880358675037	0.002407745336577453	19
LMVNLTQPALLC[+57.0215]FGNLPK	3	LMVNLTQPALLCFGNLPK	-	-	3	20	0	20.785010733333	20.740951566667	20.82931125	677.0372847623287	0.0017370449074604756	19
LNGQVLVFTLPLTDQVSVIK	3	LNGQVLVFTLPLTDQVSVIK	-	-	3	20	0	21.535961966667	21.4440529	21.6283461	728.7594616449254	2.0756361824899333E-05	19
LNHNDWIK	2	LNHNDWIK	-	-	3	14	0	7.091917083333	7.03684815	7.127949216667	520.2696156500019	2.0756361824899333E-05	19
LNQIMVGTGNGLAK	2	LNQIMVGTGNGLAK	-	-	3	15	0	11.068556783333	11.001602566667	11.13703775	708.387393595542	2.0756361824899333E-05	19
LNQLVEAK	2	LNQLVEAK	-	-	3	11	0	6.882959883333	6.791312483333	6.882959883333	457.768917158837	0.0005886557625194467	19
LPEEPITR	2	LPEEPITR	-	-	3	10	0	8.023789716667	7.953045883333	8.094514666667	477.76637446861696	2.0756361824899333E-05	19
LPEPSASLPNPPSKK	3	LPEPSASLPNPPSKK	-	-	3	15	0	9.528342783333	9.494312066667	9.58100725	521.2909956124253	0.00029739953843591635	19
LPGEAPVIQR	2	LPGEAPVIQR	-	-	3	13	0	9.133540133333	9.081228316667	9.253054566667	540.314023152202	2.0756361824899333E-05	19
LPLWQQAC[+57.0215]ADPSK	2	LPLWQQACADPSK	-	-	3	20	0	12.5584506	12.526990816667	12.5903201	757.3770258732519	0.0011267238409177678	19
LPNVPSSSLPAQPNR	2	LPNVPSSSLPAQPNR	-	-	3	15	0	10.892203366667	10.755349283333	10.892203366667	788.9257286443269	0.00034699731655408534	19
LPPVLANLMGSMGAGK	3	LPPVLANLMGSMGAGK	-	-	3	15	0	20.803842783333	20.670793066667	20.915413666667	519.2826783475787	3.123926150385805E-05	19
LPQMETEGMDEGKEPQK	3	LPQMETEGMDEGKEPQK	-	-	3	20	0	8.704602816667	8.60138975	8.739842633333	649.6326526362553	0.0006907059421025902	19
LPQTSDDEK	2	LPQTSDDEK	-	-	3	11	0	3.9971262	3.913922616667	4.122354166667	516.745835985447	2.0756361824899333E-05	19
LPTVPMLGLTQR	3	LPTVPMLGLTQR	-	-	3	10	0	16.62563015	16.493530416667	16.784397866667	442.59184057515864	0.005158192686072069	19
LPVDLAEELGHR	3	LPVDLAEELGHR	-	-	3	20	0	13.37176765	13.302521683333	13.438915683333	450.2454977881553	2.0756361824899333E-05	19
LPYTEGDAQQLQR	3	LPYTEGDAQQLQR	-	-	3	13	0	9.532504466667	9.498171166667	9.602552216667	506.923083348242	0.00252943302044555	19
LQAPVWEFK	2	LQAPVWEFK	-	-	3	11	0	14.557841283333	14.503617966667	14.647356966667	559.3056668055519	3.0102347983142685E-05	19
LQESPC[+57.0215]IFALTPR	2	LQESPCIFALTPR	-	-	3	15	0	15.40620415	15.330630116667	15.553451916667	766.400500969462	0.0014073071718538567	19
LQQEEEDR	2	LQQEEEDR	-	-	3	10	0	3.047659666667	3.0058399	3.172580566667	523.741084958177	7.142346975216056E-05	19
LQQTQNQVDEVVDIMR	3	LQQTQNQVDEVVDIMR	-	-	3	18	0	15.375615916667	15.283879583333	15.4313947	639.3229182600853	2.0756361824899333E-05	19
LQQTQSLHSLR	2	LQQTQSLHSLR	-	-	3	14	0	6.461022316667	6.424020433333	6.534332633333	655.862400111777	2.0756361824899333E-05	19
LQSLDGPGAHK	2	LQSLDGPGAHK	-	-	3	12	0	5.14732665	5.069557166667	5.206048216667	561.798737226057	2.0756361824899333E-05	19
LQWFEQQAK	2	LQWFEQQAK	-	-	3	10	0	11.806010983333	11.756290083333	11.8926738	589.303655429912	0.000868072300777407	19
LQYYVPENFWK	2	LQYYVPENFWK	-	-	3	13	0	16.588823783333	16.5273826	16.647439983333	743.871902166317	2.0756361824899333E-05	19
LSDQFHDILIR	3	LSDQFHDILIR	-	-	3	16	0	12.950628516667	12.884305183333	13.0180481	452.91385958163534	2.0756361824899333E-05	19
LSGLEQPQGALQTR	2	LSGLEQPQGALQTR	-	-	3	16	0	10.303824933333	10.235465066667	10.338979583333	749.404629061752	2.0756361824899333E-05	19
LSGMPDLSLSFMNPR	3	LSGMPDLSLSFMNPR	-	-	3	12	0	19.142748616667	19.036300883333	19.206614733333	555.6093426247154	0.00375785621687261	19
LSLDGQNIYNAC[+57.0215]C[+57.0215]TLR	3	LSLDGQNIYNACCTLR	-	-	3	14	0	13.949230616667	13.879251633333	14.01902865	633.3013487829054	2.0756361824899333E-05	19
LSNLHVQQQEQR	3	LSNLHVQQQEQR	-	-	3	14	0	5.542751666667	5.44687375	5.5620274	493.92693926264536	0.0012092010042829716	19
LSSETGGMGSS	2	LSSETGGMGSS	-	-	3	12	0	6.0656847	6.028384416667	6.141374433333	506.71622142130695	2.0756361824899333E-05	19
LSSQIQETAQKPDLDFLQEFK	3	LSSQIQETAQKPDLDFLQEFK	-	-	3	20	0	16.926497116667	16.885570116667	16.926497116667	822.4234663339554	0.00018976292285504643	19
LSTGC[+57.0215]TGTLVAEK	2	LSTGCTGTLVAEK	-	-	3	18	0	8.54824655	8.4779548	8.618217583333	668.8424845635869	2.0756361824899333E-05	19
LSYAEVC[+57.0215]QKPPK	2	LSYAEVCQKPPK	-	-	3	19	0	7.551592916667	7.49811235	7.623561016667	710.3686695266019	2.0756361824899333E-05	19
LTC[+57.0215]SIC[+57.0215]LK	2	LTCSICLK	-	-	3	9	0	9.224672766667	9.207478883333	9.2750585	497.756638222977	0.0017930395080949174	19
LTDC[+57.0215]VVMRDPASK	3	LTDCVVMRDPASK	-	-	3	13	0	8.435976083333	8.366240266667	8.505949516667	497.9146546323387	3.0102347983142685E-05	19
LTDFGFAK	2	LTDFGFAK	-	-	3	9	0	11.672184416667	11.569085016667	11.738319166667	449.73708571597695	2.0756361824899333E-05	19
LTFEEHINNIK	2	LTFEEHINNIK	-	-	3	20	0	10.398236966667	10.34849315	10.415397833333	679.359158930392	0.001241230933313719	19
LTIIPQDPILFSGSLR	2	LTIIPQDPILFSGSLR	-	-	3	13	0	19.794303816667	19.725174383333	19.910650233333	885.511636820512	2.0756361824899333E-05	19
LVAAGSYQR	2	LVAAGSYQR	-	-	3	10	0	5.895445716667	5.857104983333	5.971716366667	482.764166131567	2.0756361824899333E-05	19
LVAEDLSQDC[+57.0215]FWTK	2	LVAEDLSQDCFWTK	-	-	3	17	0	15.379018383333	15.304579366667	15.452755516667	856.403437582502	2.0756361824899333E-05	19
LVAIVDPHIK	2	LVAIVDPHIK	-	-	3	14	0	10.768786016667	10.699991916667	10.838785366667	552.842416452267	2.0756361824899333E-05	19
LVEVIPEGAMLR	3	LVEVIPEGAMLR	-	-	3	11	0	15.2287962	15.17319405	15.2840882	442.9198457693887	0.00025962786672436173	19
LVFDMLVLQK	2	LVFDMLVLQK	-	-	3	14	0	18.718611483333	18.675987516667	18.803898283333	603.351759871892	0.0005405931387918824	19
LVHSAVDVPTIQEK	2	LVHSAVDVPTIQEK	-	-	3	18	0	9.837978483333	9.787504416667	9.957691733333	768.425030153162	3.0102347983142685E-05	19
LVLSLEPLEHPLISSPSFFSK	3	LVLSLEPLEHPLISSPSFFSK	-	-	3	20	0	20.639662166667	20.550355783333	20.728764866667	780.7665047673921	5.990654578856983E-05	19
LVPELDTIVPLESTK	3	LVPELDTIVPLESTK	-	-	3	16	0	17.7210278	17.6183138	17.78310835	551.9818276903987	0.004182391478377363	19
LVPSQEETK	2	LVPSQEETK	-	-	3	9	0	4.836837416667	4.796945783333	4.9149515	515.774396462097	2.1636591804059023E-05	19
LVTPHGESEQIGVIPSK	2	LVTPHGESEQIGVIPSK	-	-	3	20	0	10.281018966667	10.212565083333	10.350170683333	895.985983172077	2.0756361824899333E-05	19
LWSPDEEVSPEVLAK	3	LWSPDEEVSPEVLAK	-	-	3	17	0	15.23617565	15.1439955	15.3261998	566.957682135642	0.0011336604222420459	19
LWVSSLEK	2	LWVSSLEK	-	-	3	9	0	12.16022855	12.124518383333	12.2632352	481.271292672472	0.0013767118324759075	19
LYRPGSVAYVSR	3	LYRPGSVAYVSR	-	-	3	18	0	8.422518666667	8.370554433333	8.474942216667	456.58585438740533	2.0756361824899333E-05	19
MADGVANVEHILK	3	MADGVANVEHILK	-	-	3	20	0	12.292012366667	12.242833816667	12.37540025	466.246621497582	2.0756361824899333E-05	19
MC[+57.0215]GTLPYVAPELLK	2	MCGTLPYVAPELLK	-	-	3	15	0	16.726403016667	16.6288219	16.78451715	796.414762592942	0.002037415935009885	19
MDANVLMHLR	3	MDANVLMHLR	-	-	3	15	0	12.726117966667	12.675280266667	12.77562895	400.5389709696987	3.0102347983142685E-05	19
MDDSYC[+57.0215]LSALR	3	MDDSYCLSALR	-	-	3	10	0	12.554308366667	12.5069291	12.602482683333	444.197050551242	0.0013601371018198635	19
MDLDEDTAEK	2	MDLDEDTAEK	-	-	3	12	0	7.389153466667	7.263382466667	7.389153466667	583.747718510997	3.0102347983142685E-05	19
MDNSQHPQPADSR	3	MDNSQHPQPADSR	-	-	3	11	0	3.176869333333	3.15648545	3.279426083333	494.8845228898287	0.00034699731655408534	19
MELLAHLLGEK	2	MELLAHLLGEK	-	-	3	20	0	16.566273466667	16.466327583333	16.62614675	627.349748496252	2.0756361824899333E-05	19
METSHNQC[+57.0215]QELK	3	METSHNQCQELK	-	-	3	12	0	4.023129416667	3.940753333333	4.064639116667	502.222147284102	0.0005886557625194467	19
MFTSMDPPPVELIR	2	MFTSMDPPPVELIR	-	-	3	15	0	17.007246316667	16.946645983333	17.109419816667	816.909844389087	2.0756361824899333E-05	19
MIIPSLEELDSLK	2	MIIPSLEELDSLK	-	-	3	13	0	19.464959783333	19.3784267	19.55345165	744.404917643562	2.1636591804059023E-05	19
MIVC[+57.0215]NQVMK	2	MIVCNQVMK	-	-	3	12	0	9.12925235	9.077388183333	9.16335105	561.7770478560569	0.0018232733426968742	19
MLEQLDMR	2	MLEQLDMR	-	-	3	10	0	11.266480266667	11.21685225	11.316677383333	518.251720019122	2.0756361824899333E-05	19
MLFWAC[+57.0215]STNKPEGYR	3	MLFWACSTNKPEGYR	-	-	3	16	0	13.000980133333	12.913891966667	13.0662148	620.6237632228186	0.0006117159149818559	19
MMSNQYVPVK	2	MMSNQYVPVK	-	-	3	13	0	9.520653133333	9.436654033333	9.573534266667	598.793752007687	0.00014642262895174708	19
MNGPTNC[+57.0215]STELR	3	MNGPTNCSTELR	-	-	3	8	0	6.787430233333	6.768848566667	6.8252002	460.53958779463204	0.0012884713794868046	19
MNSGEC[+57.0215]LGNVVSDER	2	MNSGECLGNVVSDER	-	-	3	19	0	10.152458683333	10.101202033333	10.2368968	833.861611097017	2.0756361824899333E-05	19
MSADDGIR	2	MSADDGIR	-	-	3	6	0	5.567917283333	5.48961625	5.645062116667	432.69763474412696	0.00045404711015625864	19
MSDGLFLQK	2	MSDGLFLQK	-	-	3	9	0	11.89185	11.822402333333	11.962299166667	519.7680600327569	2.0756361824899333E-05	19
MSPLSIVTALVDK	3	MSPLSIVTALVDK	-	-	3	13	0	22.467501416667	22.329333683333	22.560846933333	458.59513923427863	2.1636591804059023E-05	19
MTPFPATSAAPEPHPSTSTAQPVTPK	3	MTPFPATSAAPEPHPSTSTAQPVTPK	-	-	3	18	0	10.979442166667	10.9110905	11.01324715	883.4390106414854	3.0102347983142685E-05	19
MVEINFLC[+57.0215]VHK	2	MVEINFLCVHK	-	-	3	16	0	14.711646716667	14.641012916667	14.78201355	695.3545080651919	0.00020152656372018037	19
MVNHFIAEFK	3	MVNHFIAEFK	-	-	3	14	0	11.521329583333	11.487674833333	11.588752166667	412.546231299832	2.0756361824899333E-05	19
MVQSSPPISGEDNK	2	MVQSSPPISGEDNK	-	-	3	15	0	6.968601816667	6.878594766667	7.022475683333	744.8535805618669	0.0005318860244233379	19
NAAHGPDSFASAAR	2	NAAHGPDSFASAAR	-	-	3	12	0	6.170173916667	6.03795125	6.18910205	686.3236390894219	4.170402652376087E-05	19
NAGVILAPLQR	2	NAGVILAPLQR	-	-	3	10	0	12.81468565	12.74539555	12.882168216667	576.348397285282	2.1636591804059023E-05	19
NALHLVSSC[+57.0215]GK	2	NALHLVSSCGK	-	-	3	16	0	7.092835483333	7.019587216667	7.165387466667	593.3058723086319	2.0756361824899333E-05	19
NAPSRPPSLPTPR	3	NAPSRPPSLPTPR	-	-	3	6	0	7.8908621	7.854256866667	7.997241916667	463.92475861850534	0.0005405931387918824	19
NAQLDC[+57.0215]SK	2	NAQLDCSK	-	-	3	9	0	3.140560883333	3.07742165	3.202691316667	468.216191636482	2.0756361824899333E-05	19
NDGYVHIHPSSVNYQVR	3	NDGYVHIHPSSVNYQVR	-	-	3	20	0	9.399422883333	9.365613483333	9.451321266667	662.325650465062	0.0003567729312924387	19
NDVGGGGSESQELVPR	3	NDVGGGGSESQELVPR	-	-	3	9	0	8.829962116667	8.761606016667	8.898023766667	534.256902198902	0.0019985810939419633	19
NEALVPVNSSLQEAWGKPEEEQR	3	NEALVPVNSSLQEAWGKPEEEQR	-	-	3	17	0	13.999589683333	13.999589683333	14.105063233333	870.7646626602522	2.1636591804059023E-05	19
NEDLTELLNGMDEELDSPEELGK	3	NEDLTELLNGMDEELDSPEELGK	-	-	3	19	0	21.4706266	21.401613983333	21.516411483333	864.0619341803454	0.00026741868041036613	19
NEEMEVMEVEDEGR	2	NEEMEVMEVEDEGR	-	-	3	16	0	11.842892983333	11.77844555	11.908131966667	848.345459503122	0.0010079015679525336	19
NELFDAAK	2	NELFDAAK	-	-	3	10	0	9.101851983333	9.066606166667	9.206794316667	454.229624821902	9.498480243161094E-05	19
NENTC[+57.0215]PLPQEMK	2	NENTCPLPQEMK	-	-	3	14	0	8.574855983333	8.540377183333	8.628108283333	730.8290513781669	0.0002383491187354952	19
NEVDLVVHSLK	3	NEVDLVVHSLK	-	-	3	15	0	12.236752566667	12.1697835	12.302841533333	418.234710202342	2.0756361824899333E-05	19
NEVSFVIHNLPIIAK	3	NEVSFVIHNLPIIAK	-	-	3	17	0	17.643511516667	17.6022284	17.767477666667	565.326040204052	2.0756361824899333E-05	19
NEWASHTAALTNK	3	NEWASHTAALTNK	-	-	3	16	0	7.829491183333	7.794023083333	7.86583555	481.5722735163486	0.00103497061253169	19
NFATSLYSMIK	2	NFATSLYSMIK	-	-	3	11	0	18.230156583333	18.188686933333	18.313412833333	637.826106223457	2.0756361824899333E-05	19
NFDTIFLR	2	NFDTIFLR	-	-	3	9	0	15.75690705	15.7377373	15.8518279	513.2743666772719	0.00038492454346817013	19
NFEESPERK	2	NFEESPERK	-	-	3	11	0	4.018777883333	3.896646016667	4.1206688	568.272552263042	0.0019907387371792097	19
NFRPDDPTR	2	NFRPDDPTR	-	-	3	8	0	5.434189766667	5.35800605	5.511015683333	559.272886616212	3.0102347983142685E-05	19
NFVDSPIIVDITK	2	NFVDSPIIVDITK	-	-	3	15	0	17.565224783333	17.441933833333	17.647184666667	730.903399256007	2.0756361824899333E-05	19
NFYVEHPEVAR	3	NFYVEHPEVAR	-	-	3	15	0	8.818938533333	8.750148133333	8.886995933333	454.226326162782	2.0756361824899333E-05	19
NHNENWLSVSR	2	NHNENWLSVSR	-	-	3	15	0	9.226583883333	9.191085216667	9.26111215	678.326181779642	0.00029739953843591635	19
NIEEHASSDVER	3	NIEEHASSDVER	-	-	3	12	0	5.195112983333	5.1560911	5.234035083333	462.54790505947864	6.027848660812956E-05	19
NILSVVGTDALK	3	NILSVVGTDALK	-	-	3	13	0	15.609232	15.532116816667	15.6859841	410.5748438994787	0.000158052789631737	19
NITTVLQPC[+57.0215]SLFMEK	2	NITTVLQPCSLFMEK	-	-	3	18	0	18.120856266667	18.100289983333	18.246665016667	890.952240515647	0.00026741868041036613	19
NIVVMEEVVITPPYQVENC[+57.0215]K	3	NIVVMEEVVITPPYQVENCK	-	-	3	20	0	18.067553166667	18.047539	18.150125816667	787.7324781285821	0.00045404711015625864	19
NKPNMSDPEESR	2	NKPNMSDPEESR	-	-	3	13	0	4.419756816667	4.316423533333	4.521214	702.314622578102	2.1636591804059023E-05	19
NLADSPQHR	2	NLADSPQHR	-	-	3	11	0	3.254407066667	3.213020083333	3.295168083333	519.259779242292	0.0008431294639828661	19
NLELQLK	2	NLELQLK	-	-	3	8	0	11.02851795	11.011789416667	11.164184683333	429.258185298552	0.00036525510786439904	19
NLQEILHGAVR	2	NLQEILHGAVR	-	-	3	18	0	12.403234483333	12.3027681	12.436064116667	625.354210941712	2.0756361824899333E-05	19
NNEALDDLK	2	NNEALDDLK	-	-	3	10	0	8.258438183333	8.224530533333	8.310166266667	516.253828194102	0.0014225007202535293	19
NNNLAVTSK	2	NNNLAVTSK	-	-	3	11	0	4.855491366667	4.776723016667	4.914400533333	480.759080751127	2.1636591804059023E-05	19
NPLPPSVGVVDKK	3	NPLPPSVGVVDKK	-	-	3	19	0	8.618546566667	8.513538433333	8.793104883333	450.5977599881987	2.0756361824899333E-05	19
NPTFLDYVR	2	NPTFLDYVR	-	-	3	11	0	14.494607266667	14.42252125	14.5668047	562.7903808794069	2.0756361824899333E-05	19
NPVHNGHALLMQDTR	2	NPVHNGHALLMQDTR	-	-	3	20	0	7.174713416667	7.121227883333	7.227696216667	851.925737185997	2.1636591804059023E-05	19
NPVLQQVLEGR	2	NPVLQQVLEGR	-	-	3	15	0	13.879099533333	13.811620133333	13.949075916667	626.854043765127	2.0756361824899333E-05	19
NSEPEEVIPSR	2	NSEPEEVIPSR	-	-	3	10	0	8.329150133333	8.221567183333	8.433813283333	628.809498871167	2.0756361824899333E-05	19
NSIAMQEQMLAC[+57.0215]K	2	NSIAMQEQMLACK	-	-	3	13	0	11.077804633333	11.027213866667	11.129124033333	762.354379215102	0.00047537449560554974	19
NSQAQPSQC[+57.0215]R	2	NSQAQPSQCR	-	-	3	10	0	2.42179875	2.309700966667	2.42179875	588.264735772642	6.027848660812956E-05	19
NSSEQELR	2	NSSEQELR	-	-	3	7	0	3.442868616667	3.379297683333	3.50544635	481.730520274477	2.0756361824899333E-05	19
NSSNTSVGSPSNTIGR	2	NSSNTSVGSPSNTIGR	-	-	3	15	0	6.4639135	6.408096016667	6.518567083333	789.379339551312	2.0756361824899333E-05	19
NTLFNLSNFLDK	3	NTLFNLSNFLDK	-	-	3	11	0	19.763044966667	19.696846766667	19.8296571	475.917269691812	0.002521665307769251	19
NVEDGFGIAFR	2	NVEDGFGIAFR	-	-	3	12	0	14.89273965	14.8743834	14.949778933333	612.804019567907	0.002494690354987695	19
NVFIIGATNRPDIIDPAILR	3	NVFIIGATNRPDIIDPAILR	-	-	3	12	0	18.33586235	18.3151582	18.420895916667	736.7548220687121	0.00026741868041036613	19
NVNLWDLR	2	NVNLWDLR	-	-	3	9	0	14.97309955	14.91704905	15.0275039	515.277440682072	4.756921320521359E-05	19
NVVAC[+57.0215]ESIGR	2	NVVACESIGR	-	-	3	13	0	7.4597156	7.406491333333	7.548936966667	552.7769476939869	2.0756361824899333E-05	19
NYLPLLEPVKPEPK	3	NYLPLLEPVKPEPK	-	-	3	14	0	13.8312871	13.76306775	13.917321533333	546.315141167182	2.0756361824899333E-05	19
NYLTNLLK	2	NYLTNLLK	-	-	3	9	0	15.4281809	15.353611266667	15.501420933333	489.784567222977	2.0756361824899333E-05	19
NYQQLFDYMNSQSK	3	NYQQLFDYMNSQSK	-	-	3	15	0	15.39980125	15.381399566667	15.493601716667	589.2665213989453	0.00878079043021101	19
PAGLLFQQPDLDSALQIAR	3	PAGLLFQQPDLDSALQIAR	-	-	3	19	0	19.65295115	19.608040933333	19.744029516667	685.0407395488487	2.0756361824899333E-05	19
PETATPPSRPPPAEGFR	3	PETATPPSRPPPAEGFR	-	-	3	11	0	8.17227325	8.085202416667	8.2255496	602.9759586481487	0.001353401215336125	19
PETGRPR	2	PETGRPR	-	-	3	10	0	2.173893833333	2.12664385	2.266713216667	406.722301319587	2.0756361824899333E-05	19
PFLNSISK	2	PFLNSISK	-	-	3	10	0	10.075759716667	10.02647565	10.092061283333	453.258185298552	0.0023940039928264474	19
PFSVDFFR	2	PFSVDFFR	-	-	3	9	0	16.701106166667	16.620653583333	16.7777102	507.755809784917	2.1636591804059023E-05	19
PGFSIADK	2	PGFSIADK	-	-	3	11	0	8.764238016667	8.7117565	8.81552535	417.721435651837	3.942129538376631E-05	19
PGPELGGEFPVQDLK	2	PGPELGGEFPVQDLK	-	-	3	20	0	14.8219992	14.8219992	14.951730683333	791.9092129124369	0.00014642262895174708	19
PGVAQPEDTVQFR	3	PGVAQPEDTVQFR	-	-	3	15	0	10.480438416667	10.396260383333	10.530126583333	481.9124072134853	0.00045404711015625864	19
PGWLSSPTLGR	2	PGWLSSPTLGR	-	-	3	10	0	13.5567394	13.4888823	13.623874383333	585.816929980417	0.0025068559987886335	19
PHSVSLNDTETR	2	PHSVSLNDTETR	-	-	3	13	0	5.60176065	5.562017766667	5.678189983333	678.331129768322	2.0756361824899333E-05	19
PIIAVFEK	2	PIIAVFEK	-	-	3	10	0	13.621718433333	13.4701116	13.705952483333	458.778753566547	0.0014225007202535293	19
PLFPGNSEIDQINK	2	PLFPGNSEIDQINK	-	-	3	19	0	13.5604628	13.508529816667	13.6476005	786.4068373988019	2.0756361824899333E-05	19
PLLLPLQPR	2	PLLLPLQPR	-	-	3	8	0	15.5864152	15.531593466667	15.712693683333	523.839676800637	0.0006398216755072135	19
PLLTAPDHC[+57.0215]SDDA	2	PLLTAPDHCSDDA	-	-	3	14	0	9.298545983333	9.229693	9.366145583333	706.3115485733019	5.884949242312785E-05	19
PLSADLTK	2	PLSADLTK	-	-	3	10	0	7.770993033333	7.716502016667	7.807048116667	422.742368057827	0.0008055563742104074	19
PLVQATVPATPEQPVLDLK	3	PLVQATVPATPEQPVLDLK	-	-	3	20	0	15.937442633333	15.882796666667	15.99354665	672.717373930832	0.00016423057973394647	19
PNMVTPGHAC[+57.0215]TQK	3	PNMVTPGHACTQK	-	-	3	20	0	4.962753133333	4.884289633333	5.042957383333	480.895594458022	2.0756361824899333E-05	19
PNVSASTQASR	2	PNVSASTQASR	-	-	3	12	0	3.993118633333	3.95227685	4.074843333333	559.2834512999119	2.1636591804059023E-05	19
PSSGTVQELNFR	2	PSSGTVQELNFR	-	-	3	16	0	10.480142533333	10.446970783333	10.583058433333	667.838590662397	0.00014642262895174708	19
PSTPGLSVVSGISATSEDIPNK	3	PSTPGLSVVSGISATSEDIPNK	-	-	3	18	0	14.986607916667	14.89397035	15.0804826	719.3742240463388	0.00031608522594240223	19
PTPQLAAFSASK	2	PTPQLAAFSASK	-	-	3	13	0	11.008578033333	10.87270965	11.008578033333	609.329870177752	0.000158052789631737	19
PVELGFAESAPAWR	3	PVELGFAESAPAWR	-	-	3	15	0	15.7450864	15.671364366667	15.8032677	510.59641907110534	0.0007123221702750968	19
PVFLNSWIDLR	3	PVFLNSWIDLR	-	-	3	9	0	19.5691174	19.5244193	19.591725166667	453.91883351101865	0.0004461198724097165	19
PVHLTAFLGYK	2	PVHLTAFLGYK	-	-	3	17	0	13.777176883333	13.618849483333	13.8622904	623.353148312552	2.0756361824899333E-05	19
PVLASIEPELPMQLVSQDDESGQK	3	PVLASIEPELPMQLVSQDDESGQK	-	-	3	20	0	19.189444666667	19.101188933333	19.277727616667	870.770425945892	0.00026741868041036613	19
PVQVATPIVASSEAVAEK	2	PVQVATPIVASSEAVAEK	-	-	3	18	0	12.77532115	12.675025933333	12.80989695	898.4936410275619	2.0756361824899333E-05	19
PVTVEPMDQLDDEEGLPEK	3	PVTVEPMDQLDDEEGLPEK	-	-	3	17	0	14.061883383333	13.97631015	14.148202983333	714.3366701518488	2.0756361824899333E-05	19
PVVLSLETLR	2	PVVLSLETLR	-	-	3	9	0	15.36643665	15.2970255	15.40263005	563.845156103897	0.00020152656372018037	19
PYENISLC[+57.0215]QAK	2	PYENISLCQAK	-	-	3	13	0	9.656806166667	9.6051913	9.7259889	661.8240948478169	2.0756361824899333E-05	19
QAATQQNWDYR	2	QAATQQNWDYR	-	-	3	15	0	7.740314316667	7.6867858	7.776405683333	690.818189570987	0.00020152656372018037	19
QAAVGQGDFHLLDHR	3	QAAVGQGDFHLLDHR	-	-	3	17	0	10.588495766667	10.55299645	10.657052983333	555.2814935578854	0.0007802931531745091	19
QAGLLAVMAQMGC[+57.0215]YVPAEVC[+57.0215]R	3	QAGLLAVMAQMGCYVPAEVCR	-	-	3	20	0	21.4909038	21.399201933333	21.583263383333	775.3721215658053	2.0756361824899333E-05	19
QAQQVIQK	2	QAQQVIQK	-	-	3	12	0	3.81983775	3.77806555	3.903047833333	471.771991163637	8.43644544431946E-05	19
QATAFGLLK	2	QATAFGLLK	-	-	3	12	0	12.869643166667	12.835955433333	12.937972083333	474.77928488112696	0.00045404711015625864	19
QAVHC[+57.0215]IHAIFTNK	2	QAVHCIHAIFTNK	-	-	3	14	0	8.340587533333	8.288449183333	8.412177383333	769.8984598089969	4.756921320521359E-05	19
QAVPGRPGPFPSK	2	QAVPGRPGPFPSK	-	-	3	11	0	7.4714859	7.418360333333	7.5604661	669.3698610058519	4.756921320521359E-05	19
QC[+57.0215]IHQLC[+57.0215]FTSLR	3	QCIHQLCFTSLR	-	-	3	12	0	11.57032025	11.469968266667	11.604800033333	521.5903939014553	3.0102347983142685E-05	19
QDAQDRLDEMDQQK	2	QDAQDRLDEMDQQK	-	-	3	18	0	7.52812765	7.475082016667	7.6177121	860.383764767082	2.0756361824899333E-05	19
QEDEWDKPR	3	QEDEWDKPR	-	-	3	11	0	5.3094627	5.2905959	5.365738266667	401.51939821644197	0.001816720818921846	19
QEELTPLGVHLAR	3	QEELTPLGVHLAR	-	-	3	18	0	12.1510008	12.0827481	12.217757933333	488.27193543810864	4.442996356742988E-05	19
QEGGDNDLIER	2	QEGGDNDLIER	-	-	3	11	0	7.28437995	7.212639616667	7.355766333333	623.2889306031719	6.027848660812956E-05	19
QELATLK	2	QELATLK	-	-	3	7	0	6.762677616667	6.688685966667	6.799535316667	401.737085715977	2.0756361824899333E-05	19
QENEDSSDATTPVPR	2	QENEDSSDATTPVPR	-	-	3	14	0	6.300726666667	6.244076083333	6.393217666667	823.368637475852	8.43644544431946E-05	19
QEQVQDVMLGR	3	QEQVQDVMLGR	-	-	3	11	0	10.872349716667	10.854750366667	10.974858383333	434.88720472401536	0.004584802560323135	19
QFAALVASK	2	QFAALVASK	-	-	3	10	0	9.859094933333	9.791532666667	9.926491583333	467.771459849057	2.0756361824899333E-05	19
QFESLPATHIR	2	QFESLPATHIR	-	-	3	12	0	9.5616558	9.493937883333	9.63084245	649.846218733057	2.0756361824899333E-05	19
QGQDAIPPPDPGEQIFNLPK	3	QGQDAIPPPDPGEQIFNLPK	-	-	3	14	0	16.53176915	16.43765945	16.626445333333	721.0356541684088	0.00038492454346817013	19
QGTPGGGTR	2	QGTPGGGTR	-	-	3	9	0	2.28375435	2.191041833333	2.3514723	415.70939090707697	0.00031608522594240223	19
QHAAVLEEGVLDPK	2	QHAAVLEEGVLDPK	-	-	3	18	0	10.303931	10.252983416667	10.3731641	753.401555056952	2.0756361824899333E-05	19
QHLEETTQK	2	QHLEETTQK	-	-	3	10	0	2.571555633333	2.506321016667	2.65755825	557.280377295112	2.0756361824899333E-05	19
QHLENDPGSNEDTDIPK	3	QHLENDPGSNEDTDIPK	-	-	3	14	0	7.093740583333	7.02040845	7.166275883333	636.9571809455954	2.0756361824899333E-05	19
QIEEINEQIR	3	QIEEINEQIR	-	-	3	9	0	9.3109486	9.26015505	9.396937433333	424.5578529182454	0.0040889092425704515	19
QIFFGLAPGWVVNMADK	3	QIFFGLAPGWVVNMADK	-	-	3	17	0	22.144689433333	22.1217535	22.213321883333	631.6624351322887	6.027848660812956E-05	19
QILIAC[+57.0215]SPVSSVR	2	QILIACSPVSSVR	-	-	3	11	0	12.635532716667	12.54908405	12.689162916667	715.3952186276119	2.0756361824899333E-05	19
QIYHHVTGR	2	QIYHHVTGR	-	-	3	13	0	3.173111383333	3.131871433333	3.255737116667	555.7937892373769	2.0756361824899333E-05	19
QLESQLHR	2	QLESQLHR	-	-	3	11	0	5.06985085	4.992503566667	5.089349166667	505.77252247821696	0.00028873917228103947	19
QLPEPLISFR	2	QLPEPLISFR	-	-	3	9	0	16.2031724	16.1465517	16.37056725	600.342780590262	0.00014642262895174708	19
QLQLYEIHGAQK	2	QLQLYEIHGAQK	-	-	3	14	0	9.772815483333	9.772815483333	9.839641983333	714.385708031402	0.0025830258302583027	19
QLSSSVTGLTNIEEENC[+57.0215]QR	3	QLSSSVTGLTNIEEENCQR	-	-	3	17	0	12.549150433333	12.462930166667	12.63561085	722.3428181614487	2.0756361824899333E-05	19
QLYEFDIK	2	QLYEFDIK	-	-	3	10	0	13.1286311	13.09479735	13.196041816667	528.274032324102	5.990654578856983E-05	19
QNEDIEPTSSR	3	QNEDIEPTSSR	-	-	3	9	0	5.2682829	5.190993666667	5.343929133333	425.865234118952	0.006515758482552246	19
QNFEDLHC[+57.0215]K	2	QNFEDLHCK	-	-	3	12	0	6.048082566667	5.9923349	6.105102833333	595.766579971697	2.0756361824899333E-05	19
QNGTVVGTDIAELLLR	2	QNGTVVGTDIAELLLR	-	-	3	18	0	20.62069055	20.5751861	20.71307915	849.972875798157	2.0756361824899333E-05	19
QNQVEFEGLK	2	QNQVEFEGLK	-	-	3	10	0	10.224527233333	10.157109	10.224527233333	596.303852391322	0.0005466648087209115	19
QPAENVNQYLTDPK	2	QPAENVNQYLTDPK	-	-	3	15	0	10.72994135	10.678654383333	10.816462833333	808.899376504727	2.0756361824899333E-05	19
QPSGELEEK	2	QPSGELEEK	-	-	3	9	0	4.312189983333	4.26957045	4.396062983333	508.748378675667	0.0011496490788900323	19
QQAQVEVIR	2	QQAQVEVIR	-	-	3	10	0	7.398434333333	7.309959533333	7.487051216667	535.8012799162769	0.002100354059684347	19
QQQQQQQHQQPNR	2	QQQQQQQHQQPNR	-	-	3	13	0	2.167766166667	2.120317933333	2.2603992	838.404014668442	2.1636591804059023E-05	19
QREEITAIVK	2	QREEITAIVK	-	-	3	12	0	8.060920083333	8.007890033333	8.166973916667	593.843144728257	0.0012722762761663295	19
QSGYGGQTK	2	QSGYGGQTK	-	-	3	11	0	2.444235866667	2.376406533333	2.51093645	463.222331104412	2.1636591804059023E-05	19
QSMAFSILNTPK	2	QSMAFSILNTPK	-	-	3	13	0	14.7388315	14.649012233333	14.793337416667	668.850112634247	2.0756361824899333E-05	19
QSQADYETR	2	QSQADYETR	-	-	3	9	0	3.7928799	3.669851533333	3.7928799	549.2465344766119	0.002797458974764589	19
QTSDGNWLMVHR	3	QTSDGNWLMVHR	-	-	3	14	0	10.61754085	10.549174533333	10.686000966667	481.8981037608853	2.0756361824899333E-05	19
QVVEEPSPQLPADK	2	QVVEEPSPQLPADK	-	-	3	16	0	9.9054522	9.735977533333	9.9054522	768.898845190147	3.0102347983142685E-05	19
QYTEAVK	2	QYTEAVK	-	-	3	8	0	4.321176733333	4.236331833333	4.447098383333	419.71889296161703	2.0756361824899333E-05	19
RAEVLALPFK	2	RAEVLALPFK	-	-	3	10	0	13.19776645	13.114985116667	13.2482552	572.347865970702	0.00018976292285504643	19
RAQGGDGVLDATGEEANSNAENPK	3	RAQGGDGVLDATGEEANSNAENPK	-	-	3	20	0	7.770125033333	7.698267566667	7.841411166667	800.7055839649255	2.0756361824899333E-05	19
RDHPLPEVAHVK	3	RDHPLPEVAHVK	-	-	3	17	0	5.712636283333	5.61747025	5.768979933333	466.59312041198535	0.0005318860244233379	19
RDIVEELSALK	2	RDIVEELSALK	-	-	3	17	0	14.2689912	14.213166183333	14.358819966667	636.861534444027	4.442996356742988E-05	19
REPETPLAVPGLR	3	REPETPLAVPGLR	-	-	3	16	0	11.78752385	11.7388508	11.804543833333	478.94029723158866	0.00045404711015625864	19
REPVSLEEWTK	3	REPVSLEEWTK	-	-	3	15	0	10.907730966667	10.873820883333	10.976182433333	458.5735029823854	0.0012164777439867293	19
RGLDEDR	2	RGLDEDR	-	-	3	8	0	2.786075966667	2.698611	2.8737817	430.714673248927	2.0756361824899333E-05	19
RHATAEEVEEEER	2	RHATAEEVEEEER	-	-	3	12	0	4.4179238	4.376553283333	4.49892545	792.866065000807	0.000516273603040522	19
RLEEPEEPK	2	RLEEPEEPK	-	-	3	8	0	5.176918416667	5.098519266667	5.253351483333	563.790577840817	2.0756361824899333E-05	19
RLPENLYNDR	2	RLPENLYNDR	-	-	3	11	0	8.203986116667	7.93807345	8.221962483333	645.333475497132	2.0756361824899333E-05	19
RLPVMMDEALSYLEK	3	RLPVMMDEALSYLEK	-	-	3	16	0	19.600680316667	19.49232415	19.6646884	598.9758025207487	0.00018976292285504643	19
RNIYLMDTSGK	3	RNIYLMDTSGK	-	-	3	10	0	8.809079216667	8.774627666667	8.876999766667	433.2238168599187	0.002790271530901216	19
RNQNSQISTEK	2	RNQNSQISTEK	-	-	3	11	0	2.440869966667	2.395575933333	2.530448433333	652.831296944907	3.942129538376631E-05	19
RNTLEWC[+57.0215]LPVIDAK	2	RNTLEWCLPVIDAK	-	-	3	17	0	16.02342385	15.949262116667	16.061129733333	857.9508893046769	0.00027748956397944167	19
RPAAAAAAGSASPR	3	RPAAAAAAGSASPR	-	-	3	15	0	3.62039575	3.535502216667	3.70417605	418.56182028370534	3.0102347983142685E-05	19
RPIVAC[+57.0215]ELGR	2	RPIVACELGR	-	-	3	7	0	7.791542016667	7.7369709	7.863553783333	585.824232239577	0.00026741868041036613	19
RPLLLNSVLLR	3	RPLLLNSVLLR	-	-	3	11	0	14.972302483333	14.879772166667	15.0273848	431.950356541412	2.0756361824899333E-05	19
RPPAAPENTPLVPSGVK	2	RPPAAPENTPLVPSGVK	-	-	3	13	0	9.633125733333	9.56435085	9.684234066667	865.4834106970319	0.003268027794741446	19
RPSQAEEQALSMDFK	3	RPSQAEEQALSMDFK	-	-	3	20	0	10.7182865	10.650036833333	10.7182865	579.613921120662	0.001668323157745279	19
RPTPAEEPGELEDNYLEYLR	3	RPTPAEEPGELEDNYLEYLR	-	-	3	20	0	15.620843466667	15.566801733333	15.714797783333	797.7202828509621	3.0102347983142685E-05	19
RPVTC[+57.0215]EQGC[+57.0215]GLEMPK	3	RPVTCEQGCGLEMPK	-	-	3	18	0	8.375317133333	8.3399504	8.445058233333	587.9408750746253	0.005354264375916341	19
RSENEEFVEVGR	3	RSENEEFVEVGR	-	-	3	13	0	7.926751533333	7.873029566667	7.94460735	484.2355499293887	0.000158052789631737	19
RVESQLK	2	RVESQLK	-	-	3	9	0	2.8081318	2.720665233333	2.852183583333	430.253434271282	2.0756361824899333E-05	19
SAFEYGGQK	2	SAFEYGGQK	-	-	3	10	0	6.589027416667	6.531698733333	6.680818333333	493.732531650117	0.0007802931531745091	19
SAGYPGTLIPYR	2	SAGYPGTLIPYR	-	-	3	12	0	13.148591216667	13.033873766667	13.198640183333	647.843144728257	0.00036525510786439904	19
SAPGEDEEC[+57.0215]GR	2	SAPGEDEECGR	-	-	3	9	0	3.544687133333	3.4176649	3.629015766667	603.7382164564569	6.027848660812956E-05	19
SC[+57.0215]GSSTPDEFPTDIPGTK	3	SCGSSTPDEFPTDIPGTK	-	-	3	11	0	12.285987133333	12.220068633333	12.35313835	632.615767411632	2.0756361824899333E-05	19
SDHLIQTDTVNLHR	2	SDHLIQTDTVNLHR	-	-	3	14	0	8.709544133333	8.6391389	8.778888583333	824.923717268687	2.0756361824899333E-05	19
SDVHTEAVQAALAK	2	SDVHTEAVQAALAK	-	-	3	20	0	8.698610033333	8.627873283333	8.733286433333	720.378079960742	2.0756361824899333E-05	19
SDVQIHVPTFTFR	3	SDVQIHVPTFTFR	-	-	3	20	0	15.368299	15.276382816667	15.4421413	516.2719354381087	2.0756361824899333E-05	19
SDYLNTFEFMDK	2	SDYLNTFEFMDK	-	-	3	12	0	16.853939183333	16.773867216667	16.935363566667	755.3319496647119	2.0756361824899333E-05	19
SEDEPPAASASAAPPPQR	2	SEDEPPAASASAAPPPQR	-	-	3	17	0	6.798960666667	6.633410983333	6.854137133333	889.421204363292	3.0102347983142685E-05	19
SEDEVGSLIEYEFR	2	SEDEVGSLIEYEFR	-	-	3	15	0	17.433670016667	17.371840933333	17.577290616667	836.888674429267	2.0756361824899333E-05	19
SEDSIAGSGVEHSTPDTEPGK	3	SEDSIAGSGVEHSTPDTEPGK	-	-	3	18	0	7.38418465	7.330192233333	7.420041883333	700.6503051187655	0.0019127939833934705	19
SEFEQNLSEK	2	SEFEQNLSEK	-	-	3	11	0	7.630830833333	7.5766702	7.72114655	605.782949770157	2.0756361824899333E-05	19
SEIEVISEPPEEK	2	SEIEVISEPPEEK	-	-	3	14	0	10.728858933333	10.677555466667	10.815357166667	743.369586222332	2.0756361824899333E-05	19
SEPPTLAQPSR	2	SEPPTLAQPSR	-	-	3	10	0	6.838960983333	6.783768533333	6.929610916667	591.809301909757	0.00026741868041036613	19
SEQSDLSYMAVQVK	2	SEQSDLSYMAVQVK	-	-	3	16	0	12.599072433333	12.5354675	12.61604615	792.882337999927	0.0008103569475904085	19
SEYFPTLSSR	2	SEYFPTLSSR	-	-	3	11	0	12.067190533333	12.014286683333	12.135908483333	593.790577840817	0.00042516531098604787	19
SFDVNKPGC[+57.0215]EVDDLK	3	SFDVNKPGCEVDDLK	-	-	3	17	0	10.2721408	10.237688216667	10.3411674	574.938293302602	2.0756361824899333E-05	19
SFEDIHHYR	3	SFEDIHHYR	-	-	3	12	0	6.189983883333	6.152094166667	6.265093083333	401.8562332544587	2.0756361824899333E-05	19
SFSRPDHLNSHVR	2	SFSRPDHLNSHVR	-	-	3	5	0	5.405028166667	5.366886166667	5.50081865	776.392387355582	0.0008103569475904085	19
SGEGIREPISVK	3	SGEGIREPISVK	-	-	3	13	0	8.010038533333	7.9563785	8.098533683333	424.569981421152	0.0005405931387918824	19
SGKPILEGAALDEALK	3	SGKPILEGAALDEALK	-	-	3	20	0	12.895363516667	12.87896405	12.947956733333	537.9699220896053	0.00409691954173379	19
SGLEELVLSEMNSPSR	3	SGLEELVLSEMNSPSR	-	-	3	13	0	18.172022633333	18.107659266667	18.234595383333	583.289214585552	0.0016196926143796665	19
SGLLVLTTPLASLAPR	2	SGLLVLTTPLASLAPR	-	-	3	14	0	20.5396511	20.448078533333	20.630878783333	804.987797586307	2.0756361824899333E-05	19
SGLVSSSSSPVVVQHSVASQASAK	3	SGLVSSSSSPVVVQHSVASQASAK	-	-	3	20	0	9.930432583333	9.881160516667	9.947083816667	767.0677940237355	0.0020222971221156337	19
SGSALELSVENVK	2	SGSALELSVENVK	-	-	3	14	0	12.092164733333	12.0585872	12.16188715	666.853906373367	0.0005933235486993723	19
SHILEDDENSVDISMLK	3	SHILEDDENSVDISMLK	-	-	3	18	0	13.846129433333	13.794351016667	13.931359733333	648.9788171974886	6.027848660812956E-05	19
SHSLSQHTATSSK	2	SHSLSQHTATSSK	-	-	3	14	0	2.261394866667	2.215181616667	2.35192075	685.836579286757	2.0756361824899333E-05	19
SHTEEDC[+57.0215]TEELFDFLHAR	3	SHTEEDCTEELFDFLHAR	-	-	3	20	0	16.568354166667	16.487774666667	16.647554116667	745.9918968784987	2.0756361824899333E-05	19
SIATDVLLGLLK	2	SIATDVLLGLLK	-	-	3	14	0	22.32770755	22.2582151	22.419813166667	621.887020915877	2.1636591804059023E-05	19
SIDPDSIQSALLASGLGSK	3	SIDPDSIQSALLASGLGSK	-	-	3	20	0	18.5469733	18.52543825	18.6322398	620.330067139162	0.001345613572513115	19
SIIGMGTGAGAYILTR	2	SIIGMGTGAGAYILTR	-	-	3	19	0	16.666960533333	16.5699382	16.708275	790.926882893887	0.0003567729312924387	19
SINDMMSSMSDQTVR	2	SINDMMSSMSDQTVR	-	-	3	16	0	13.484189966667	13.450175916667	13.552111616667	851.3656721747919	0.00029739953843591635	19
SIQGVGHMMSTMVLSR	2	SIQGVGHMMSTMVLSR	-	-	3	20	0	14.8053826	14.751060166667	14.860077966667	867.428409823112	0.0011496490788900323	19
SLAC[+57.0215]QPISFSGFGAEDDDLGGLGLGP	3	SLACQPISFSGFGAEDDDLGGLGLGP	-	-	3	18	0	22.298528683333	22.228809583333	22.413821266667	860.7356042563788	4.170402652376087E-05	19
SLFEQVDR	2	SLFEQVDR	-	-	3	9	0	10.502348616667	10.502348616667	10.62319205	497.253631232692	2.0756361824899333E-05	19
SLSLGGHVGFDSLPDQLVSK	3	SLSLGGHVGFDSLPDQLVSK	-	-	3	20	0	16.263318633333	16.166417533333	16.323218383333	686.0284995948854	2.0756361824899333E-05	19
SLVALLVETQMK	2	SLVALLVETQMK	-	-	3	14	0	18.47258045	18.387676	18.55977525	666.383788276162	2.0756361824899333E-05	19
SMVDELFAEIVR	3	SMVDELFAEIVR	-	-	3	11	0	22.607929366667	22.5151549	22.7009862	470.24287703423533	0.0013208956583526154	19
SNEDVNSSELDEEYLIELEK	3	SNEDVNSSELDEEYLIELEK	-	-	3	18	0	16.618187116667	16.599210933333	16.7187379	785.695580040922	0.00012182576208782284	19
SNILLLGPTGSGK	2	SNILLLGPTGSGK	-	-	3	14	0	13.187580433333	13.1045037	13.23867355	628.8640771342469	2.0756361824899333E-05	19
SNLHAMIK	2	SNLHAMIK	-	-	3	15	0	5.75931485	5.7218097	5.837042666667	457.249837493572	0.00018976292285504643	19
SPAQAELSYLNK	2	SPAQAELSYLNK	-	-	3	16	0	10.856684	10.823075933333	10.924614516667	660.843341689667	0.0007439147771231328	19
SPGEPGGAAPER	2	SPGEPGGAAPER	-	-	3	11	0	4.439251483333	4.313215516667	4.5013879	562.7701767494069	2.0756361824899333E-05	19
SPPPPGGGNLGMNSR	2	SPPPPGGGNLGMNSR	-	-	3	10	0	7.525054966667	7.363969483333	7.560632066667	719.348799749772	0.0004053734502910807	19
SPQRPSDWSK	2	SPQRPSDWSK	-	-	3	11	0	4.923479	4.846235366667	4.923479	594.293819022202	0.0005644963733770729	19
SQDAQLVLLNMPGPPK	3	SQDAQLVLLNMPGPPK	-	-	3	18	0	16.21244045	16.042099566667	16.21244045	569.9747902623786	0.008841817343320135	19
SQENILQGFSTSHK	2	SQENILQGFSTSHK	-	-	3	17	0	11.034387	10.98289535	11.119951733333	788.391718649242	2.1636591804059023E-05	19
SQGSQAELHPLPQLK	3	SQGSQAELHPLPQLK	-	-	3	17	0	10.108727833333	10.0593471	10.2072954	544.961649501102	0.0015524071232290069	19
SQIYGSR	2	SQIYGSR	-	-	3	7	0	4.436704266667	4.352984	4.601061383333	405.708859592497	3.942129538376631E-05	19
SQLIMQAEAEAASVR	2	SQLIMQAEAEAASVR	-	-	3	17	0	14.365399833333	14.312222583333	14.453213616667	802.4090542775219	2.0756361824899333E-05	19
SQNTELASTASLLR	3	SQNTELASTASLLR	-	-	3	14	0	12.977156983333	12.90705905	13.0273858	497.5984882641887	0.008513654500131407	19
SQPDPVDTPTSSKPQSK	2	SQPDPVDTPTSSKPQSK	-	-	3	11	0	5.270250316667	5.213263	5.3651331	899.944512282917	2.0756361824899333E-05	19
SQSADAPGPTER	3	SQSADAPGPTER	-	-	3	10	0	4.091244166667	4.0298391	4.19310605	405.85819099648535	0.008375636540407865	19
SQTEAVTFLANHDDSR	3	SQTEAVTFLANHDDSR	-	-	3	20	0	10.333039816667	10.281018966667	10.4178508	597.6149780553753	2.0756361824899333E-05	19
SQVKLMDLEDC[+57.0215]ALWEGK	3	SQVKLMDLEDCALWEGK	-	-	3	19	0	15.788579133333	15.73194655	15.788579133333	674.6605426543587	0.0007071707110096377	19
SQVPPVLDVR	2	SQVPPVLDVR	-	-	3	10	0	11.814297183333	11.764060833333	11.919353066667	555.319305494052	3.0102347983142685E-05	19
SSALLGAQC[+57.0215]QGVR	2	SSALLGAQCQGVR	-	-	3	12	0	8.600703683333	8.53095555	8.636214816667	673.845892921557	5.736795808314529E-05	19
SSAVVVDAIPVFLEK	2	SSAVVVDAIPVFLEK	-	-	3	17	0	18.690146983333	18.605424316667	18.775967033333	787.445431244572	2.0756361824899333E-05	19
SSC[+57.0215]ELEVLLR	2	SSCELEVLLR	-	-	3	10	0	14.728816166667	14.638937233333	14.7835627	603.313362987532	2.0756361824899333E-05	19
SSENGVDYVIMGMPHR	3	SSENGVDYVIMGMPHR	-	-	3	13	0	13.444654266667	13.393004733333	13.531474216667	597.943272926432	0.00018976292285504643	19
SSGPTSLFAVTVAPPGAR	3	SSGPTSLFAVTVAPPGAR	-	-	3	11	0	16.022433916667	15.927987533333	16.121741683333	572.308937771762	2.0756361824899333E-05	19
SSPLLNYNTGVYR	2	SSPLLNYNTGVYR	-	-	3	13	0	12.350664583333	12.300153033333	12.43630455	742.380622650962	4.170402652376087E-05	19
SSRPPVPISNATK	3	SSRPPVPISNATK	-	-	3	14	0	6.554786566667	6.48237665	6.591409716667	451.9210141551587	0.00011178336384087638	19
SSSHDSGTDITSVTLGDTTAVK	3	SSSHDSGTDITSVTLGDTTAVK	-	-	3	19	0	11.2034908	11.187325083333	11.269151933333	727.0168764658555	0.0005318860244233379	19
SSSISEEK	2	SSSISEEK	-	-	3	6	0	2.875958933333	2.7898683	2.919019866667	433.708722200737	0.00036525510786439904	19
SSTPTTIFPIR	2	SSTPTTIFPIR	-	-	3	9	0	13.6275532	13.57504065	13.71606135	610.337695209822	2.0756361824899333E-05	19
SSTPVPSK	2	SSTPVPSK	-	-	3	8	0	3.6420987	3.578244616667	3.7047452	401.718892961617	0.00029739953843591635	19
SSTVHILSQLLR	2	SSTVHILSQLLR	-	-	3	14	0	15.182534633333	15.0717992	15.219626916667	677.396075753692	0.002728797576627473	19
SSYNLVPR	2	SSYNLVPR	-	-	3	10	0	8.85016605	8.798480116667	8.934804483333	468.250891581062	3.0102347983142685E-05	19
STEEEEER	2	STEEEEER	-	-	3	7	0	2.422465183333	2.354911566667	2.422465183333	504.709450476727	0.00036525510786439904	19
STELDSNWNWFQLR	2	STELDSNWNWFQLR	-	-	3	14	0	19.476970683333	19.389737633333	19.5632813	898.423550092102	0.00012182576208782284	19
STFVNILK	2	STFVNILK	-	-	3	9	0	12.947244166667	12.8809838	13.014743816667	461.273835362692	2.0756361824899333E-05	19
STHGLAILGPENPK	3	STHGLAILGPENPK	-	-	3	14	0	9.86264835	9.81181645	9.913111133333	478.59641907110534	2.0756361824899333E-05	19
STHTLDLSR	2	STHTLDLSR	-	-	3	11	0	6.012251666667	5.974335783333	6.087789583333	515.2698126114119	0.0002499937501562461	19
STLMDTLFNTK	2	STLMDTLFNTK	-	-	3	9	0	17.210589933333	17.1275147	17.293895433333	635.821020843017	2.0756361824899333E-05	19
STLPGSTTSNK	2	STLPGSTTSNK	-	-	3	7	0	4.618772633333	4.579261516667	4.737700583333	546.780210118527	0.0007802931531745091	19
STSEAQFFLRPLR	3	STSEAQFFLRPLR	-	-	3	7	0	13.915113783333	13.86268665	13.9674493	517.947451805112	0.00026741868041036613	19
STSYGYSR	2	STSYGYSR	-	-	3	7	0	4.785846866667	4.6473894	4.785846866667	460.709056553907	0.00037560609164788634	19
STTTGHLIYK	2	STTTGHLIYK	-	-	3	14	0	5.8582691	5.780080566667	5.934849633333	560.8034882533269	2.0756361824899333E-05	19
SVAHGQAPEMPLVK	3	SVAHGQAPEMPLVK	-	-	3	18	0	9.19611305	9.127723766667	9.247414116667	488.59402121929867	2.0756361824899333E-05	19
SVDWTHFGGSPPSDEIR	3	SVDWTHFGGSPPSDEIR	-	-	3	20	0	13.24060075	13.156632483333	13.324944616667	629.627106558282	0.000675807128741258	19
SVMEELK	2	SVMEELK	-	-	3	7	0	8.607282983333	8.5370039	8.6755468	418.215129007322	0.0005886557625194467	19
SVTVSSNSEPSTALTK	2	SVTVSSNSEPSTALTK	-	-	3	17	0	8.613240166667	8.613240166667	8.715976883333	804.4097740118419	0.0006995630265732565	19
SYEDDDDMDLQPNK	2	SYEDDDDMDLQPNK	-	-	3	15	0	9.4114313	9.360489333333	9.497645283333	842.835781730327	2.0756361824899333E-05	19
SYLYFTQFK	2	SYLYFTQFK	-	-	3	8	0	15.107273566667	15.031064966667	15.1818702	598.802956938747	2.0756361824899333E-05	19
SYMAPER	2	SYMAPER	-	-	3	7	0	5.394458416667	5.3563935	5.4699385	427.197270606132	6.027848660812956E-05	19
SYQLEGVNWLAQR	2	SYQLEGVNWLAQR	-	-	3	15	0	15.7655049	15.688766816667	15.84263655	782.399346719902	2.0756361824899333E-05	19
SYSSGGEDGYVR	2	SYSSGGEDGYVR	-	-	3	12	0	6.266100516667	6.1908806	6.34021565	638.7756560526669	2.0756361824899333E-05	19
TADDPSLSLIK	2	TADDPSLSLIK	-	-	3	13	0	11.9886553	11.91976235	12.0582898	580.313885760442	2.0756361824899333E-05	19
TAGDGWFGMK	2	TAGDGWFGMK	-	-	3	10	0	13.128721216667	13.06018355	13.196120716667	535.242209422912	2.1636591804059023E-05	19
TAIYC[+57.0215]LTQNEWR	2	TAIYCLTQNEWR	-	-	3	14	0	13.80548	13.787550783333	13.856679133333	777.872107669397	0.0014294576152331633	19
TASEGDGGAAAGAAAAGAR	2	TASEGDGGAAAGAAAAGAR	-	-	3	20	0	5.708404983333	5.631772283333	5.74578045	766.358407145322	2.0756361824899333E-05	19
TATITEPR	2	TATITEPR	-	-	3	9	0	5.508877766667	5.43273035	5.585538533333	444.742899372407	7.142346975216056E-05	19
TDSFVPR	2	TDSFVPR	-	-	3	7	0	7.4489705	7.395848016667	7.5384505	411.211235106132	2.0756361824899333E-05	19
TEC[+57.0215]HC[+57.0215]GADNC[+57.0215]SGFLGVRPK	3	TECHCGADNCSGFLGVRPK	-	-	3	15	0	8.1423896	8.072209566667	8.21429215	722.3155521733421	0.0005644963733770729	19
TEGDLQGDHQK	2	TEGDLQGDHQK	-	-	3	19	0	2.76117525	2.675231416667	2.847079366667	614.283648261322	0.001976318846107172	19
TFEELKK	2	TFEELKK	-	-	3	9	0	5.470450783333	5.432801533333	5.547273983333	447.750193089897	0.0025830258302583027	19
TFNNTSNLR	2	TFNNTSNLR	-	-	3	12	0	6.046964866667	6.009850783333	6.122490416667	533.767437097777	3.0102347983142685E-05	19
TFQAFELKPLR	3	TFQAFELKPLR	-	-	3	13	0	13.601018116667	13.601018116667	13.703013916667	450.590716865732	0.002760173448965977	19
TGGPAYGPSSDVSTASETESEK	3	TGGPAYGPSSDVSTASETESEK	-	-	3	13	0	8.3634148	8.345505883333	8.416065566667	719.653715228942	0.001353401215336125	19
TGGVDFHMK	2	TGGVDFHMK	-	-	3	16	0	7.584063283333	7.4947071	7.60220655	496.236927081062	0.0005933235486993723	19
TGIVDISILTTGMSATSR	3	TGIVDISILTTGMSATSR	-	-	3	16	0	18.945384816667	18.902149466667	19.0741803	608.324147726122	2.0756361824899333E-05	19
THQPSDEVGTSIEHPR	3	THQPSDEVGTSIEHPR	-	-	3	19	0	6.237504416667	6.16152225	6.31170285	597.2869728611453	2.0756361824899333E-05	19
TIFVLTK	2	TIFVLTK	-	-	3	9	0	12.081576616667	12.011404983333	12.149773266667	411.260196674192	2.0756361824899333E-05	19
TIILFTK	2	TIILFTK	-	-	3	8	0	12.93021015	12.88039415	12.98045995	418.268021706262	2.0756361824899333E-05	19
TILSLMTR	2	TILSLMTR	-	-	3	9	0	14.169660816667	14.08315145	14.2233661	467.77314541319697	2.0756361824899333E-05	19
TIQVPQQK	2	TIQVPQQK	-	-	3	11	0	6.14747325	6.14747325	6.279387116667	471.274366677272	0.000675807128741258	19
TIVITSHPGQIVK	2	TIVITSHPGQIVK	-	-	3	20	0	9.4517068	9.382845816667	9.519769233333	696.914101331467	2.0756361824899333E-05	19
TKPADMVIEAYGHGQR	3	TKPADMVIEAYGHGQR	-	-	3	20	0	9.6733457	9.6217104	9.7418284	591.6297940869154	2.0756361824899333E-05	19
TLAAEMQELR	2	TLAAEMQELR	-	-	3	13	0	12.135631566667	12.0318365	12.135631566667	581.300255613612	2.0756361824899333E-05	19
TLFEDSFQQIMSFSPQDLR	3	TLFEDSFQQIMSFSPQDLR	-	-	3	20	0	22.468872283333	22.422888533333	22.608873033333	763.7000542908754	0.00016423057973394647	19
TLFHNPFYIGK	3	TLFHNPFYIGK	-	-	3	17	0	14.834712333333	14.658382366667	14.944325066667	446.23979558278205	0.002175990715772946	19
TLFIFPGLLPEAPSKPGLPK	3	TLFIFPGLLPEAPSKPGLPK	-	-	3	20	0	19.5523763	19.485399066667	19.664543333333	708.0818760848388	3.0102347983142685E-05	19
TLFITGLPR	2	TLFITGLPR	-	-	3	9	0	15.01930655	14.965069283333	15.114496716667	509.30820949577196	2.0756361824899333E-05	19
TLHWDTDPSVLQLHSDSDLGR	3	TLHWDTDPSVLQLHSDSDLGR	-	-	3	20	0	14.293698483333	14.275440883333	14.330024583333	798.0557769718854	0.0010983749683161066	19
TLLYNFIR	2	TLLYNFIR	-	-	3	9	0	15.903438516667	15.751316433333	15.903438516667	520.300384463702	0.00031608522594240223	19
TLMMDANQR	2	TLMMDANQR	-	-	3	10	0	7.80093885	7.74723045	7.87364955	540.252251333702	0.0005886557625194467	19
TLPGMHHPIQMK	3	TLPGMHHPIQMK	-	-	3	11	0	8.052014916667	7.963448866667	8.052014916667	463.90917532907866	0.002537239449872718	19
TLQEDLVK	2	TLQEDLVK	-	-	3	10	0	9.120304433333	9.05213775	9.17110125	473.266207292032	0.0004959880081121594	19
TLQIFNIEMK	2	TLQIFNIEMK	-	-	3	12	0	17.00366825	16.92284765	17.0847382	618.836473945747	2.0756361824899333E-05	19
TLSTSDDVEDRENEK	2	TLSTSDDVEDRENEK	-	-	3	20	0	5.596276983333	5.55666865	5.67267095	869.392309533472	2.0756361824899333E-05	19
TLVSTVGSMVFNEGEAQR	3	TLVSTVGSMVFNEGEAQR	-	-	3	15	0	17.593650783333	17.532397366667	17.655544466667	642.3192852477954	2.0756361824899333E-05	19
TMEDQDLKPNR	3	TMEDQDLKPNR	-	-	3	12	0	5.533080333333	5.474575616667	5.5924298	449.5504811370554	0.00210602013560715	19
TMTC[+57.0215]EYALC[+57.0215]SFFVPGDR	3	TMTCEYALCSFFVPGDR	-	-	3	12	0	18.4628179	18.400076116667	18.505322566667	685.2987280289854	0.0007357108060010141	19
TNGDSQQPSSSGLASSK	2	TNGDSQQPSSSGLASSK	-	-	3	18	0	4.838699916667	4.778292333333	4.975390366667	825.881912026357	2.0756361824899333E-05	19
TNQNSVDTTLK	2	TNQNSVDTTLK	-	-	3	15	0	5.94480465	5.868663383333	6.02053695	610.809498871167	0.0007123221702750968	19
TPDGTENGDFLALDLGGTNFR	3	TPDGTENGDFLALDLGGTNFR	-	-	3	17	0	18.420895916667	18.378289516667	18.48493545	737.3501899426387	0.00026741868041036613	19
TPLTSADEHVHSK	2	TPLTSADEHVHSK	-	-	3	20	0	4.968075466667	4.8893658	5.0475551	711.354604864532	2.1636591804059023E-05	19
TPNEEIDR	2	TPNEEIDR	-	-	3	12	0	4.832286716667	4.771688383333	4.9286381	487.232895788112	3.0102347983142685E-05	19
TPSKPPAQLSPSVPK	3	TPSKPPAQLSPSVPK	-	-	3	17	0	7.9358853	7.918227533333	8.024318583333	511.95935740590534	0.00012182576208782284	19
TPYVTTTVSAHSAK	3	TPYVTTTVSAHSAK	-	-	3	20	0	6.848564266667	6.77351415	6.921775016667	488.25606247185533	0.00038492454346817013	19
TPYYSVAQVGIPDLR	2	TPYYSVAQVGIPDLR	-	-	3	20	0	16.15916915	16.1012088	16.21669655	839.943587045517	0.0007802931531745091	19
TQFPSLDIEVDGGVGPDTVHK	3	TQFPSLDIEVDGGVGPDTVHK	-	-	3	20	0	15.5058737	15.4147071	15.581626983333	737.7024521426821	2.0756361824899333E-05	19
TQQMNNDLEK	2	TQQMNNDLEK	-	-	3	12	0	5.22919595	5.170766416667	5.324130366667	610.782426997247	0.0004959880081121594	19
TRTELFDLK	2	TRTELFDLK	-	-	3	11	0	10.473651916667	10.456647683333	10.52382525	561.811313285397	0.0007976680519173576	19
TSASFSENFYGLK	3	TSASFSENFYGLK	-	-	3	11	0	13.6955515	13.6784568	13.73040465	484.23314638313536	0.0015115873455989553	19
TSGETTHTHREPAGDGK	3	TSGETTHTHREPAGDGK	-	-	3	9	0	2.171399733333	2.124043966667	2.26412595	594.2784773705287	3.123926150385805E-05	19
TSGGEGIWK	2	TSGGEGIWK	-	-	3	8	0	7.9058576	7.816643566667	7.9058576	467.735074340337	0.0020484395710326547	19
TSPQEGER	2	TSPQEGER	-	-	3	7	0	2.312658533333	2.267428616667	2.402620116667	452.211963382122	2.0756361824899333E-05	19
TSVGPVIQKMWDQEK	2	TSVGPVIQKMWDQEK	-	-	3	18	0	13.418444333333	13.347893583333	13.488491633333	873.448179437872	0.0004959880081121594	19
TTSNNTYEVEK	2	TTSNNTYEVEK	-	-	3	14	0	5.031415616667	4.970895066667	5.0508367	643.298963972292	2.0756361824899333E-05	19
TTTIAVEVK	2	TTTIAVEVK	-	-	3	11	0	8.625070416667	8.5901778	8.693643	481.281857356172	7.07989663350915E-05	19
TVDSQGPTPVC[+57.0215]TPTFLER	3	TVDSQGPTPVCTPTFLER	-	-	3	17	0	13.8046577	13.8046577	13.90855255	668.994690163742	4.170402652376087E-05	19
TVEFLQEYIVNR	2	TVEFLQEYIVNR	-	-	3	14	0	16.34373105	16.26426525	16.420563183333	755.898648228737	2.0756361824899333E-05	19
TVGTPIASVPGSTNTGTVPGSEK	3	TVGTPIASVPGSTNTGTVPGSEK	-	-	3	15	0	11.219453716667	11.10265155	11.2690604	719.7059737039153	2.0756361824899333E-05	19
TVLGSSENALGVC[+57.0215]SDTAAPLAAVDLK	3	TVLGSSENALGVCSDTAAPLAAVDLK	-	-	3	20	0	17.397158066667	17.274235933333	17.48133745	853.7705373969487	0.0006575297429469661	19
TVQYQNELHK	2	TVQYQNELHK	-	-	3	13	0	6.027114733333	5.989442083333	6.102584816667	630.322576460262	2.1636591804059023E-05	19
TVSFEEHIK	2	TVSFEEHIK	-	-	3	14	0	7.7473977	7.675518433333	7.801092183333	545.282388670752	3.0102347983142685E-05	19
TVSGVNGPLVILDHVK	3	TVSGVNGPLVILDHVK	-	-	3	20	0	15.355094783333	15.2998489	15.466215916667	549.9857950558586	0.00018976292285504643	19
TWYPEVPK	2	TWYPEVPK	-	-	3	10	0	11.68978975	11.5872201	11.787960166667	510.263467640402	3.0102347983142685E-05	19
TYDLLFK	2	TYDLLFK	-	-	3	9	0	13.808547283333	13.7572044	13.8931924	450.247286261682	2.0756361824899333E-05	19
TYHLTSAGEK	2	TYHLTSAGEK	-	-	3	15	0	4.993365933333	4.8934902	4.993365933333	553.777470466897	0.0027680276135766753	19
TYLTNHPAK	2	TYLTNHPAK	-	-	3	13	0	4.313203316667	4.250984216667	4.354517166667	522.777273505487	0.0011826993264157743	19
TYSEFC[+57.0215]SR	2	TYSEFCSR	-	-	3	8	0	6.6356584	6.5229778	6.746017066667	525.2214739783319	0.00031608522594240223	19
TYYVNHESR	2	TYYVNHESR	-	-	3	14	0	4.029656466667	3.988232483333	4.113320466667	584.7727194396269	2.0756361824899333E-05	19
VAC[+57.0215]C[+57.0215]PLER	2	VACCPLER	-	-	3	9	0	6.207540933333	6.1318668	6.282156766667	502.736237131567	2.0756361824899333E-05	19
VADFGLVRPLGGAR	3	VADFGLVRPLGGAR	-	-	3	8	0	12.796279833333	12.7268644	12.829426816667	476.60877047612536	2.1636591804059023E-05	19
VAEELALEQAK	2	VAEELALEQAK	-	-	3	14	0	9.681994966667	9.612896233333	9.750710583333	600.8271603109471	2.0756361824899333E-05	19
VAKPVVEMDGDEMTR	2	VAKPVVEMDGDEMTR	-	-	3	16	0	9.331142566667	9.264194616667	9.3647028	838.9027476330069	4.756921320521359E-05	19
VALSHHLVAR	2	VALSHHLVAR	-	-	3	19	0	5.833354933333	5.777720416667	5.889905216667	551.827632055877	8.43644544431946E-05	19
VAQAQAQHELEIK	3	VAQAQAQHELEIK	-	-	3	16	0	7.149680583333	7.095438	7.185499583333	488.93169028991537	0.004592198148464789	19
VASWELR	2	VASWELR	-	-	3	8	0	9.697067816667	9.64497355	9.748197716667	430.73487737892697	0.0016731734523145567	19
VATHSSNIR	2	VATHSSNIR	-	-	3	13	0	2.575850866667	2.531667966667	2.661894066667	492.76469744614695	4.756921320521359E-05	19
VATLNSEEESDPPTYK	2	VATLNSEEESDPPTYK	-	-	3	18	0	8.7197759	8.666671933333	8.805807866667	890.417796005322	2.0756361824899333E-05	19
VAYGGTGDAATR	2	VAYGGTGDAATR	-	-	3	15	0	5.1474039	5.069637216667	5.206123833333	569.778001781477	2.0756361824899333E-05	19
VC[+57.0215]GHTYEEDAIVR	2	VCGHTYEEDAIVR	-	-	3	20	0	7.717775683333	7.663773483333	7.736157516667	774.859197256887	0.00034699731655408534	19
VDAQFGGIDQR	2	VDAQFGGIDQR	-	-	3	15	0	9.45042765	9.38148725	9.51832885	603.299101364052	2.0756361824899333E-05	19
VDGTLLVGEDAPR	2	VDGTLLVGEDAPR	-	-	3	17	0	11.54704725	11.513598366667	11.650727416667	671.354073549952	0.00012182576208782284	19
VDIDVPDVNLEAPEGK	2	VDIDVPDVNLEAPEGK	-	-	3	17	0	15.304579366667	15.23192985	15.379018383333	855.433249108052	2.0756361824899333E-05	19
VDLQSLPTR	2	VDLQSLPTR	-	-	3	12	0	10.31742365	10.249297633333	10.386398466667	514.7903808794069	2.0756361824899333E-05	19
VEAENISPK	2	VEAENISPK	-	-	3	9	0	5.7699324	5.732425366667	5.80683005	493.76128908817697	0.0014073071718538567	19
VEEESITK	2	VEEESITK	-	-	3	8	0	4.918585966667	4.87979295	5.018989466667	467.740022329017	2.0756361824899333E-05	19
VEELEGER	2	VEELEGER	-	-	3	10	0	5.42346465	5.3852688	5.500037466667	480.735271301747	2.0756361824899333E-05	19
VEFWNQMK	2	VEFWNQMK	-	-	3	9	0	12.58754465	12.539977283333	12.689318216667	541.260402177272	0.0007123221702750968	19
VEHIEWFR	2	VEHIEWFR	-	-	3	13	0	11.4621438	11.392385316667	11.528968116667	558.2852657141419	2.0756361824899333E-05	19
VEILSEGNEVQFIQLAK	3	VEILSEGNEVQFIQLAK	-	-	3	18	0	17.522895183333	17.42004175	17.522895183333	639.682440790262	0.0006811504325813569	19
VESTDVSDLLHQYR	2	VESTDVSDLLHQYR	-	-	3	20	0	13.174315183333	13.107322716667	13.24158765	831.410108365012	2.0756361824899333E-05	19
VETFSSLK	2	VETFSSLK	-	-	3	8	0	8.785301183333	8.716612166667	8.853253133333	455.747650399677	2.1636591804059023E-05	19
VEYYPVSGGK	2	VEYYPVSGGK	-	-	3	11	0	8.113102033333	8.024865216667	8.2024035	549.776939152317	0.0007285792704226758	19
VFFEQSK	2	VFFEQSK	-	-	3	8	0	8.75111615	8.716460683333	8.819261083333	442.729260683907	0.00019725280636947244	19
VFGLPLPLLVER	2	VFGLPLPLLVER	-	-	3	10	0	22.00904655	21.963310083333	22.1017715	676.918655397327	0.00025962786672436173	19
VFLKPAEENSGNASR	3	VFLKPAEENSGNASR	-	-	3	19	0	6.738157183333	6.68316795	6.79357925	540.2776376434821	0.003039463331814982	19
VFNELLVLLPDTAK	3	VFNELLVLLPDTAK	-	-	3	16	0	20.7068968	20.5728177	20.7961572	524.6396248001787	2.1636591804059023E-05	19
VFYELQHSDKPVGTK	3	VFYELQHSDKPVGTK	-	-	3	16	0	8.316323083333	8.2086979	8.351796616667	583.305304759472	3.0102347983142685E-05	19
VGDQILLAIK	2	VGDQILLAIK	-	-	3	15	0	14.575066733333	14.520786733333	14.664492666667	535.334424243612	2.0756361824899333E-05	19
VGEIEFEGLMR	2	VGEIEFEGLMR	-	-	3	13	0	15.56109615	15.486135816667	15.638288333333	640.321188019602	2.0756361824899333E-05	19
VGQETFYDVYR	2	VGQETFYDVYR	-	-	3	12	0	12.2208281	12.18806315	12.28674995	688.827691625527	0.0006480548069208139	19
VGTEC[+57.0215]GNQK	2	VGTECGNQK	-	-	3	12	0	2.29123925	2.245151033333	2.380776066667	496.726923496767	2.0756361824899333E-05	19
VHEHYLVHKPEK	2	VHEHYLVHKPEK	-	-	3	15	0	3.653830083333	3.59077955	3.695109433333	758.406974790562	0.0008055563742104074	19
VHQLYETIQR	2	VHQLYETIQR	-	-	3	11	0	7.775933083333	7.739891116667	7.847582083333	643.846218733057	2.0756361824899333E-05	19
VISNEFNSR	2	VISNEFNSR	-	-	3	11	0	7.173461033333	7.118723633333	7.2264148	533.269812611412	2.0756361824899333E-05	19
VKPLQDQNELFGK	2	VKPLQDQNELFGK	-	-	3	17	0	10.152438883333	10.118122416667	10.321219083333	758.411922779242	3.785226261899805E-05	19
VLC[+57.0215]GGDIYVPEDPK	2	VLCGGDIYVPEDPK	-	-	3	17	0	12.008260666667	11.939945883333	12.078657716667	781.3819738619319	2.0756361824899333E-05	19
VLDIMPLTLHAC[+57.0215]MHQK	3	VLDIMPLTLHACMHQK	-	-	3	20	0	14.38873585	14.311988933333	14.4605697	636.3281818662953	0.00018976292285504643	19
VLEGHVFDVNC[+57.0215]C[+57.0215]R	2	VLEGHVFDVNCCR	-	-	3	20	0	10.253620783333	10.202178083333	10.30459525	802.869042206267	2.0756361824899333E-05	19
VLIKPEIQNNQK	2	VLIKPEIQNNQK	-	-	3	17	0	7.793757116667	7.7392141	7.84771525	712.417008159682	0.001568627450980392	19
VLPANSMAESR	2	VLPANSMAESR	-	-	3	11	0	7.165235	7.147187366667	7.289625516667	587.797880099977	2.0756361824899333E-05	19
VLPDPEVISDLVFLK	3	VLPDPEVISDLVFLK	-	-	3	16	0	22.4941802	22.379013166667	22.564277216667	561.990434632072	0.0007071707110096377	19
VLQEALC[+57.0215]VISGVPGLK	2	VLQEALCVISGVPGLK	-	-	3	20	0	18.327440983333	18.265218366667	18.433594266667	841.979115428157	2.0756361824899333E-05	19
VLVPLLR	2	VLVPLLR	-	-	3	9	0	14.34995195	14.277475933333	14.419443616667	405.284006123572	2.0756361824899333E-05	19
VLWIPAC[+57.0215]PL	2	VLWIPACPL	-	-	3	9	0	20.792586683333	20.792586683333	20.971655583333	534.799163199627	0.0013290851160673645	19
VLYAYGYYTGEPSK	2	VLYAYGYYTGEPSK	-	-	3	18	0	12.044318616667	11.958031683333	12.164204016667	805.890488843497	2.0756361824899333E-05	19
VMIWDDLK	2	VMIWDDLK	-	-	3	9	0	15.244057883333	15.170338	15.262493783333	510.265153204542	0.00018976292285504643	19
VMPAPPPK	2	VMPAPPPK	-	-	3	9	0	5.777909866667	5.664196333333	5.932662866667	418.738574318707	2.0756361824899333E-05	19
VMVLDFVTPTPLGTR	3	VMVLDFVTPTPLGTR	-	-	3	15	0	19.04599755	18.98159135	19.1551435	549.3042478247587	2.0756361824899333E-05	19
VNAVPRPIPEK	2	VNAVPRPIPEK	-	-	3	13	0	6.975079216667	6.921130333333	7.0658471	610.361504659202	2.0756361824899333E-05	19
VNDFLAEIFKK	3	VNDFLAEIFKK	-	-	3	18	0	17.378240166667	17.2762725	17.4413975	441.915089047672	2.1636591804059023E-05	19
VNIVDLQQVINVDLIHIENR	3	VNIVDLQQVINVDLIHIENR	-	-	3	20	0	21.629538083333	21.53718635	21.676114416667	782.104290983512	0.00018976292285504643	19
VNVEDAGGETLGR	2	VNVEDAGGETLGR	-	-	3	17	0	8.944988916667	8.8773174	8.978595066667	658.825680249887	6.027848660812956E-05	19
VPFLEFK	2	VPFLEFK	-	-	3	8	0	14.880038466667	14.861690566667	14.9725702	440.252371642122	0.0006995630265732565	19
VPFSEEIR	2	VPFSEEIR	-	-	3	9	0	10.109129733333	10.09260055	10.193422733333	488.758549436547	0.000868072300777407	19
VPGIFISR	2	VPGIFISR	-	-	3	9	0	12.090633033333	12.02068695	12.142236266667	444.768720197427	0.0007071707110096377	19
VPITYLELLN	2	VPITYLELLN	-	-	3	8	0	20.39702535	20.281718916667	20.466184566667	587.8395394088769	2.0756361824899333E-05	19
VPLQTLHMTSENQEK	3	VPLQTLHMTSENQEK	-	-	3	16	0	9.147565883333	9.0961936	9.1813392	585.629571184802	0.000158052789631737	19
VPVFSHEVVPDHLR	3	VPVFSHEVVPDHLR	-	-	3	18	0	11.007571466667	10.939768683333	11.040816116667	544.2948515268287	2.0756361824899333E-05	19
VQAAHQWR	2	VQAAHQWR	-	-	3	15	0	4.10066615	4.017523683333	4.1430367	498.26212497110197	0.000516273603040522	19
VQAWYMDDAPGDPR	2	VQAWYMDDAPGDPR	-	-	3	14	0	12.55933685	12.489435766667	12.6280047	810.859197256887	2.0756361824899333E-05	19
VQTDAFVSNELDDPDDLQC[+57.0215]K	3	VQTDAFVSNELDDPDDLQCK	-	-	3	18	0	14.062553133333	14.029366983333	14.13181815	770.3461168205687	2.0756361824899333E-05	19
VRELISDNQYR	2	VRELISDNQYR	-	-	3	14	0	7.731053216667	7.676491366667	7.80263775	696.865139763407	0.005323156948056683	19
VTEGQQER	2	VTEGQQER	-	-	3	9	0	2.31300705	2.267783683333	2.403017966667	473.733062964697	2.0756361824899333E-05	19
VTHELQAMK	2	VTHELQAMK	-	-	3	16	0	5.166321316667	5.1269383	5.243209483333	528.778959069627	2.0756361824899333E-05	19
VTMINAIPVASLDPIK	3	VTMINAIPVASLDPIK	-	-	3	14	0	18.766077166667	18.680482566667	18.85199775	561.3234194501321	2.0756361824899333E-05	19
VTPPAVTGSPEFER	2	VTPPAVTGSPEFER	-	-	3	11	0	10.84961515	10.745851033333	10.917142516667	743.880455474377	2.0756361824899333E-05	19
VTSLETATEK	2	VTSLETATEK	-	-	3	11	0	6.084731	6.0661009	6.160519	539.784961145797	3.0102347983142685E-05	19
VTSVQIHGTSEER	3	VTSVQIHGTSEER	-	-	3	14	0	5.553687	5.534010066667	5.612458516667	481.5793166388153	0.0010079015679525336	19
VVAC[+57.0215]TSAFLLWDPTK	3	VVACTSAFLLWDPTK	-	-	3	12	0	18.638721316667	18.5307796	18.76639615	569.9640026765653	3.0102347983142685E-05	19
VVALLGFGYR	2	VVALLGFGYR	-	-	3	11	0	16.360068883333	16.321836766667	16.418607016667	547.821484046277	0.0008277903839973511	19
VVAQVLTLLDGASGDR	3	VVAQVLTLLDGASGDR	-	-	3	15	0	18.3420683	18.280108316667	18.4058142	538.6334214047587	3.0102347983142685E-05	19
VVHFLGR	2	VVHFLGR	-	-	3	9	0	8.173283116667	8.1377591	8.244719016667	414.247954968022	8.43644544431946E-05	19
VVLPC[+57.0215]SVQEYQVGQLYSVAEASK	3	VVLPCSVQEYQVGQLYSVAEASK	-	-	3	20	0	17.25582065	17.172695783333	17.339479833333	852.1001064103854	2.0756361824899333E-05	19
VVNGAAASQPPSK	2	VVNGAAASQPPSK	-	-	3	14	0	4.418790516667	4.335829416667	4.502365333333	613.3304014923319	2.0756361824899333E-05	19
VVNSETPVVVDFHAQWC[+57.0215]GPC[+57.0215]K	3	VVNSETPVVVDFHAQWCGPCK	-	-	3	20	0	14.37383995	14.321186283333	14.461970866667	810.384071842942	2.0756361824899333E-05	19
VWDDGIIDPADTR	3	VWDDGIIDPADTR	-	-	3	14	0	14.023908883333	13.974157866667	14.141886283333	491.57205061423537	0.00729938704378831	19
VWNNSSTVNAVPVAPPVC[+57.0215]DVAR	3	VWNNSSTVNAVPVAPPVCDVAR	-	-	3	18	0	14.365109033333	14.31184745	14.452943183333	784.730347855232	2.0756361824899333E-05	19
VYWSTTDAR	2	VYWSTTDAR	-	-	3	10	0	8.781938716667	8.764609766667	8.85011945	549.764363092977	0.00019067291650115198	19
WDAC[+57.0215]ANMK	2	WDACANMK	-	-	3	8	0	7.53172655	7.496072066667	7.56662295	498.20731251692195	0.0008188491270483413	19
WDGEGSMYVPEDLLPVYK	3	WDGEGSMYVPEDLLPVYK	-	-	3	11	0	19.2797665	19.192079	19.366994266667	699.999441191012	2.1636591804059023E-05	19
WDLVC[+57.0215]DYQSLK	3	WDLVCDYQSLK	-	-	3	10	0	15.807127166667	15.711269916667	15.844020566667	476.2272269700953	0.0014225007202535293	19
WEDRGPSGQGQGQFLIQQVTLK	3	WEDRGPSGQGQGQFLIQQVTLK	-	-	3	20	0	14.687446716667	14.616159966667	14.723491983333	824.7591833569921	2.0756361824899333E-05	19
WFHFNDSTVTLTDEETVVK	3	WFHFNDSTVTLTDEETVVK	-	-	3	18	0	16.205236533333	16.090014583333	16.205236533333	756.698819130392	0.0021830895834221635	19
WIDIHNPATNEVIGR	2	WIDIHNPATNEVIGR	-	-	3	20	0	13.41696725	13.366351516667	13.5012721	867.949735055117	2.0756361824899333E-05	19
WLAPDGLIFPDR	2	WLAPDGLIFPDR	-	-	3	13	0	18.2419801	18.15789695	18.32495765	700.372069342902	2.0756361824899333E-05	19
WLLLC[+57.0215]NPGLAELIAEK	3	WLLLCNPGLAELIAEK	-	-	3	16	0	22.178405116667	22.110061983333	22.2244321	614.0060903906586	0.0014073071718538567	19
WLLVESK	2	WLLVESK	-	-	3	7	0	12.7696052	12.71740045	12.82050645	437.755278470337	3.0102347983142685E-05	19
WNENVQYLSEDR	2	WNENVQYLSEDR	-	-	3	14	0	11.456692733333	11.422645866667	11.523943766667	776.854969002527	2.0756361824899333E-05	19
WQPTASEPVK	2	WQPTASEPVK	-	-	3	7	0	8.211737033333	8.1756911	8.2834594	571.795663221257	2.0756361824899333E-05	19
WSNAGELMELIR	2	WSNAGELMELIR	-	-	3	13	0	18.158019883333	18.11508945	18.242124366667	709.858468980897	2.0756361824899333E-05	19
WTDLALQYLHENVPPIGN	3	WTDLALQYLHENVPPIGN	-	-	3	12	0	19.040787316667	18.93293265	19.083726083333	694.0214564724188	0.0012243056897996004	19
WTSPQVIK	2	WTSPQVIK	-	-	3	9	0	9.671717816667	9.671717816667	9.842429933333	479.771459849057	3.0102347983142685E-05	19
WVWDQEEER	2	WVWDQEEER	-	-	3	10	0	12.581108766667	12.5178884	12.682352383333	638.783284123327	3.123926150385805E-05	19
YASETLQAQSEEAR	2	YASETLQAQSEEAR	-	-	3	19	0	7.204518683333	7.1508174	7.293014416667	791.870816028077	2.0756361824899333E-05	19
YDNEAIGLWLPLTK	3	YDNEAIGLWLPLTK	-	-	3	14	0	19.84236815	19.7980911	19.932703666667	544.9592459548487	0.005840725122388639	19
YEAELSELEQSER	2	YEAELSELEQSER	-	-	3	15	0	11.72006485	11.669478066667	11.785340216667	791.865199333057	2.1636591804059023E-05	19
YEDEINK	2	YEDEINK	-	-	3	8	0	4.904336166667	4.84568615	5.004813516667	455.711264890957	2.1636591804059023E-05	19
YEELFPAFSDSR	2	YEELFPAFSDSR	-	-	3	14	0	15.9446112	15.870221033333	16.060052766667	730.838256309227	3.0102347983142685E-05	19
YFFDFLDEQAEK	2	YFFDFLDEQAEK	-	-	3	13	0	19.220866633333	19.132429716667	19.308762833333	776.353739196782	2.0756361824899333E-05	19
YFGDTDMYHR	3	YFGDTDMYHR	-	-	3	14	0	8.951871183333	8.866480766667	8.951871183333	435.51700036463535	0.00027748956397944167	19
YFLQTTTPLDYEK	2	YFLQTTTPLDYEK	-	-	3	14	0	14.716909283333	14.664671816667	14.76994615	809.903596217417	9.498480243161094E-05	19
YGEVMPVYR	2	YGEVMPVYR	-	-	3	11	0	10.378557583333	10.326829816667	10.4622921	557.273509551192	3.0102347983142685E-05	19
YGEYEWVHK	2	YGEYEWVHK	-	-	3	17	0	8.8350315	8.783579516667	8.868715533333	605.780013157117	4.442996356742988E-05	19
YGGQPVPNFPSK	2	YGGQPVPNFPSK	-	-	3	15	0	10.0147792	9.912274883333	10.149328066667	645.827494664117	2.0756361824899333E-05	19
YGREVELK	2	YGREVELK	-	-	3	9	0	4.687687	4.60822735	4.746734433333	497.271823987052	0.00112391121101433	19
YGTDLLLYR	2	YGTDLLLYR	-	-	3	11	0	13.9593089	13.872018083333	14.030122983333	557.300581425112	2.1636591804059023E-05	19
YIPLIQGIDPSLQAENR	3	YIPLIQGIDPSLQAENR	-	-	3	20	0	17.94019835	17.877655366667	17.982335933333	643.0143018988954	0.0011336604222420459	19
YLAVESPFLK	2	YLAVESPFLK	-	-	3	10	0	15.05029845	14.9755826	15.125812283333	583.826432034957	2.0756361824899333E-05	19
YLHVLWQQDAEPR	3	YLHVLWQQDAEPR	-	-	3	13	0	12.280699366667	12.214621833333	12.314252	552.282723023922	0.0007357108060010141	19
YMPGLLR	2	YMPGLLR	-	-	3	7	0	11.3337307	11.269341533333	11.349828766667	425.236198805072	0.00031608522594240223	19
YNNGSTELHSSSVGLAK	3	YNNGSTELHSSSVGLAK	-	-	3	19	0	7.576276283333	7.504872533333	7.62966475	588.6234735459919	2.1636591804059023E-05	19
YNVLGAETVLNQMR	2	YNVLGAETVLNQMR	-	-	3	16	0	16.235157566667	16.177206766667	16.3349574	804.414139657962	2.0756361824899333E-05	19
YQTIHSTGFLASR	2	YQTIHSTGFLASR	-	-	3	18	0	9.658159483333	9.606364	9.710475116667	740.880789827547	0.00012182576208782284	19
YRADTLGELDLER	3	YRADTLGELDLER	-	-	3	13	0	12.143685716667	12.0881072	12.1951967	517.5984882641886	0.00038492454346817013	19
YRDHVTATQLIQK	3	YRDHVTATQLIQK	-	-	3	20	0	7.450524783333	7.415127783333	7.557850666667	524.9546063786354	5.884949242312785E-05	19
YSEVDDSLPSGGEKPSK	2	YSEVDDSLPSGGEKPSK	-	-	3	20	0	7.55569135	7.502106716667	7.627647916667	897.9232455237569	2.0756361824899333E-05	19
YSPHLLANSK	2	YSPHLLANSK	-	-	3	14	0	7.049391983333	7.013542433333	7.121512533333	565.3036554299119	0.00018976292285504643	19
YSPLHNVK	2	YSPLHNVK	-	-	3	9	0	5.42360785	5.366633016667	5.499478066667	479.26125930335195	3.123926150385805E-05	19
YTIHSQLEHLQSK	3	YTIHSQLEHLQSK	-	-	3	18	0	8.082187216667	8.011326833333	8.152671966667	528.6107282181521	2.0756361824899333E-05	19
YVGEVFNIVSQQSTAR	2	YVGEVFNIVSQQSTAR	-	-	3	20	0	15.03599945	14.9983427	15.092908316667	899.4601325622319	0.00018976292285504643	19
YVTGAC[+57.0215]C[+57.0215]LFLAGK	3	YVTGACCLFLAGK	-	-	3	13	0	14.166577766667	14.166577766667	14.2703913	487.2405906334853	0.004945469900846983	19
YWIDIQLR	2	YWIDIQLR	-	-	3	7	0	16.885195583333	16.810860116667	16.922680966667	553.8032912919169	0.00018976292285504643	19
YYFEGIK	2	YYFEGIK	-	-	3	7	0	11.418515766667	11.280694283333	11.418515766667	460.231636197542	5.990654578856983E-05	19
YYNEEC[+57.0215]R	2	YYNEECR	-	-	3	8	0	4.222024583333	4.119927433333	4.28498445	517.2058239141919	0.00026741868041036613	19
