peptideModSeq	precursorCharge	fileName	retentionTime	startTime	endTime	score	bestSpectrum
AAAGELQEDSGLC[+57.0215]VLAR	2	Ast-2024-12-05_HeLa_3mzDIA_6mIIT_400-900_49.mzML	13.611326116667	13.54425085	13.661741166667	4.735633272559373E-05	0
AAAGELQEDSGLC[+57.0215]VLAR	2	Ast-2024-12-05_HeLa_3mzDIA_6mIIT_400-900_55.mzML	13.564434733333	13.497145516667	13.70144395	2.157357668327832E-05	0
AAAGELQEDSGLC[+57.0215]VLAR	2	Ast-2024-12-05_HeLa_3mzDIA_6mIIT_400-900_60.mzML	13.54414955	13.425088783333	13.631429866667	2.0708650003106297E-05	1
AADEEAFEDNSEEYIRR	3	Ast-2024-12-05_HeLa_3mzDIA_6mIIT_400-900_49.mzML	10.587239266667	10.537836433333	10.672309533333	3.127345509131849E-05	0
AADEEAFEDNSEEYIRR	3	Ast-2024-12-05_HeLa_3mzDIA_6mIIT_400-900_55.mzML	10.56760355	10.500276733333	10.637608133333	2.157357668327832E-05	0
AADEEAFEDNSEEYIRR	3	Ast-2024-12-05_HeLa_3mzDIA_6mIIT_400-900_60.mzML	10.5220415	10.455494633333	10.591609	2.0708650003106297E-05	1
AAEIYGVTHTR	2	Ast-2024-12-05_HeLa_3mzDIA_6mIIT_400-900_49.mzML	6.846434183333	6.791413516667	6.903244966667	0.0003601097713923831	0
AAEIYGVTHTR	2	Ast-2024-12-05_HeLa_3mzDIA_6mIIT_400-900_55.mzML	6.76832335	6.713362266667	6.824669316667	7.154099298898269E-05	0
AAEIYGVTHTR	2	Ast-2024-12-05_HeLa_3mzDIA_6mIIT_400-900_60.mzML	6.719389083333	6.66414355	6.793363933333	2.0708650003106297E-05	1
AAEMLSQLDLFSR	3	Ast-2024-12-05_HeLa_3mzDIA_6mIIT_400-900_49.mzML	18.2677361	18.18546555	18.348686083333	0.0020722630443255163	1
AAEMLSQLDLFSR	3	Ast-2024-12-05_HeLa_3mzDIA_6mIIT_400-900_55.mzML		18.1180998	18.285243516667	1	0
AAEMLSQLDLFSR	3	Ast-2024-12-05_HeLa_3mzDIA_6mIIT_400-900_60.mzML		18.04225255	18.210979316667	1	0
AAFQYGIK	2	Ast-2024-12-05_HeLa_3mzDIA_6mIIT_400-900_49.mzML	9.54516475	9.476518466667	9.614553166667	3.127345509131849E-05	0
AAFQYGIK	2	Ast-2024-12-05_HeLa_3mzDIA_6mIIT_400-900_55.mzML	9.496757983333	9.427938466667	9.53213545	2.157357668327832E-05	1
AAFQYGIK	2	Ast-2024-12-05_HeLa_3mzDIA_6mIIT_400-900_60.mzML	9.430780783333	9.362506716667	9.499694516667	9.054690329590728E-05	0
AAGFKDPLLASGTDGVGTK	3	Ast-2024-12-05_HeLa_3mzDIA_6mIIT_400-900_49.mzML	12.0319687	11.962861733333	12.09950745	3.127345509131849E-05	0
AAGFKDPLLASGTDGVGTK	3	Ast-2024-12-05_HeLa_3mzDIA_6mIIT_400-900_55.mzML	11.96971425	11.8821529	12.021187716667	2.157357668327832E-05	0
AAGFKDPLLASGTDGVGTK	3	Ast-2024-12-05_HeLa_3mzDIA_6mIIT_400-900_60.mzML	11.911190766667	11.82345525	11.996973633333	2.0708650003106297E-05	1
AAIIADSSTFR	2	Ast-2024-12-05_HeLa_3mzDIA_6mIIT_400-900_49.mzML	10.602107783333	10.536411166667	10.636456016667	3.127345509131849E-05	0
AAIIADSSTFR	2	Ast-2024-12-05_HeLa_3mzDIA_6mIIT_400-900_55.mzML	10.548841833333	10.482171866667	10.618969933333	2.157357668327832E-05	0
AAIIADSSTFR	2	Ast-2024-12-05_HeLa_3mzDIA_6mIIT_400-900_60.mzML	10.486791233333	10.420561433333	10.555679	2.0708650003106297E-05	1
AAIWESQHEGPEGAR	2	Ast-2024-12-05_HeLa_3mzDIA_6mIIT_400-900_49.mzML	8.2461653	8.176416283333	8.2979961	0.00038372440060827426	0
AAIWESQHEGPEGAR	2	Ast-2024-12-05_HeLa_3mzDIA_6mIIT_400-900_55.mzML	8.18902685	8.11962075	8.223323866667	9.531616371504279E-05	1
AAIWESQHEGPEGAR	2	Ast-2024-12-05_HeLa_3mzDIA_6mIIT_400-900_60.mzML	8.122120083333	8.086784633333	8.175217433333	0.0029826108161848846	0
AAPPPPPPPPPLESSPR	3	Ast-2024-12-05_HeLa_3mzDIA_6mIIT_400-900_49.mzML	10.3741788	10.208082633333	10.573681233333	0.00017347056782699203	1
AAPPPPPPPPPLESSPR	3	Ast-2024-12-05_HeLa_3mzDIA_6mIIT_400-900_55.mzML	10.351795283333	10.182453983333	10.486568166667	0.0017230111104509535	0
AAPPPPPPPPPLESSPR	3	Ast-2024-12-05_HeLa_3mzDIA_6mIIT_400-900_60.mzML	10.2716236	10.15285855	10.458348483333	0.001369848904635857	0
AAPPTAGSMAIEK	3	Ast-2024-12-05_HeLa_3mzDIA_6mIIT_400-900_49.mzML	8.337738416667	8.285781633333	8.3915249	0.005671971009925949	1
AAPPTAGSMAIEK	3	Ast-2024-12-05_HeLa_3mzDIA_6mIIT_400-900_55.mzML		8.24613715	8.352979283333	0.044499996235194905	0
AAPPTAGSMAIEK	3	Ast-2024-12-05_HeLa_3mzDIA_6mIIT_400-900_60.mzML		8.2123712	8.30207045	0.03275054830530884	0
AASNIIFSNGNLDPWAGGGIR	3	Ast-2024-12-05_HeLa_3mzDIA_6mIIT_400-900_49.mzML	18.277479	18.195348783333	18.3183513	3.127345509131849E-05	0
AASNIIFSNGNLDPWAGGGIR	3	Ast-2024-12-05_HeLa_3mzDIA_6mIIT_400-900_55.mzML	18.212012166667	18.128029566667	18.253943133333	9.531616371504279E-05	0
AASNIIFSNGNLDPWAGGGIR	3	Ast-2024-12-05_HeLa_3mzDIA_6mIIT_400-900_60.mzML	18.135971466667	18.052493216667	18.220992066667	2.0708650003106297E-05	1
AASVVQPQPLVVVK	2	Ast-2024-12-05_HeLa_3mzDIA_6mIIT_400-900_49.mzML	12.565966666667	12.437367433333	12.565966666667	0.00029813368314352153	0
AASVVQPQPLVVVK	2	Ast-2024-12-05_HeLa_3mzDIA_6mIIT_400-900_55.mzML	12.452831683333	12.4194915	12.502316216667	9.531616371504279E-05	0
AASVVQPQPLVVVK	2	Ast-2024-12-05_HeLa_3mzDIA_6mIIT_400-900_60.mzML	12.404424066667	12.354091233333	12.454087933333	2.0708650003106297E-05	1
AATENIPVVR	2	Ast-2024-12-05_HeLa_3mzDIA_6mIIT_400-900_49.mzML	9.061555466667	8.976690333333	9.112378916667	3.127345509131849E-05	0
AATENIPVVR	2	Ast-2024-12-05_HeLa_3mzDIA_6mIIT_400-900_55.mzML	9.00773515	8.94046035	9.07659395	2.157357668327832E-05	0
AATENIPVVR	2	Ast-2024-12-05_HeLa_3mzDIA_6mIIT_400-900_60.mzML	8.944641383333	8.876157433333	9.0110134	2.0708650003106297E-05	1
AAVENLPTFLVELSR	3	Ast-2024-12-05_HeLa_3mzDIA_6mIIT_400-900_49.mzML	20.921904733333	20.81039785	20.989528816667	3.127345509131849E-05	0
AAVENLPTFLVELSR	3	Ast-2024-12-05_HeLa_3mzDIA_6mIIT_400-900_55.mzML	20.830450583333	20.7186803	20.944203133333	2.157357668327832E-05	0
AAVENLPTFLVELSR	3	Ast-2024-12-05_HeLa_3mzDIA_6mIIT_400-900_60.mzML	20.723938916667	20.631533483333	20.8380035	2.0708650003106297E-05	1
AC[+57.0215]NAIEDAQSTR	2	Ast-2024-12-05_HeLa_3mzDIA_6mIIT_400-900_49.mzML	6.3812418	6.344225933333	6.455108016667	3.127345509131849E-05	0
AC[+57.0215]NAIEDAQSTR	2	Ast-2024-12-05_HeLa_3mzDIA_6mIIT_400-900_55.mzML	6.356622466667	6.30086455	6.43146205	2.157357668327832E-05	0
AC[+57.0215]NAIEDAQSTR	2	Ast-2024-12-05_HeLa_3mzDIA_6mIIT_400-900_60.mzML	6.312811916667	6.257114183333	6.36823195	2.0708650003106297E-05	1
AC[+57.0215]TDESLAVEER	2	Ast-2024-12-05_HeLa_3mzDIA_6mIIT_400-900_49.mzML	7.856101816667	7.747878183333	7.8917491	7.30887297178775E-05	0
AC[+57.0215]TDESLAVEER	2	Ast-2024-12-05_HeLa_3mzDIA_6mIIT_400-900_55.mzML	7.815111816667	7.743374333333	7.88544235	0.0002032692470568307	0
AC[+57.0215]TDESLAVEER	2	Ast-2024-12-05_HeLa_3mzDIA_6mIIT_400-900_60.mzML	7.758470833333	7.704456083333	7.776405683333	5.721696673787E-05	1
ADEGLASLSEDGR	3	Ast-2024-12-05_HeLa_3mzDIA_6mIIT_400-900_49.mzML		9.928910416667	10.065124316667	0.05814485719890438	0
ADEGLASLSEDGR	3	Ast-2024-12-05_HeLa_3mzDIA_6mIIT_400-900_55.mzML	9.93408735	9.883834833333	10.020690433333	0.005839506610427817	1
ADEGLASLSEDGR	3	Ast-2024-12-05_HeLa_3mzDIA_6mIIT_400-900_60.mzML		9.8195794	9.9560741	0.0192442096708655	0
ADNAFMLLTQAR	3	Ast-2024-12-05_HeLa_3mzDIA_6mIIT_400-900_49.mzML	16.228181666667	16.190179816667	16.283772683333	0.0017708298085924723	1
ADNAFMLLTQAR	3	Ast-2024-12-05_HeLa_3mzDIA_6mIIT_400-900_55.mzML		16.10583345	16.257384266667	0.03098652894876023	0
ADNAFMLLTQAR	3	Ast-2024-12-05_HeLa_3mzDIA_6mIIT_400-900_60.mzML		16.029395166667	16.184841916667	0.018107009322905612	0
AEDLPLRK	2	Ast-2024-12-05_HeLa_3mzDIA_6mIIT_400-900_49.mzML	6.0023672	6.0023672	6.19029985	0.00019287023047992542	0
AEDLPLRK	2	Ast-2024-12-05_HeLa_3mzDIA_6mIIT_400-900_55.mzML	5.996472516667	5.9776925	6.14747325	2.157357668327832E-05	0
AEDLPLRK	2	Ast-2024-12-05_HeLa_3mzDIA_6mIIT_400-900_60.mzML	5.971620766667	5.91449455	6.121923116667	2.0708650003106297E-05	1
AEEEAQSLFVTEC[+57.0215]IK	2	Ast-2024-12-05_HeLa_3mzDIA_6mIIT_400-900_49.mzML	14.000713483333	13.984289133333	14.0688214	0.0008357401831254225	1
AEEEAQSLFVTEC[+57.0215]IK	2	Ast-2024-12-05_HeLa_3mzDIA_6mIIT_400-900_55.mzML	13.94645365	13.87630575	13.9639882	0.006872391942712895	0
AEEEAQSLFVTEC[+57.0215]IK	2	Ast-2024-12-05_HeLa_3mzDIA_6mIIT_400-900_60.mzML		13.789356783333	13.8574684	0.08201122065682365	0
AEFWLDLQPQAK	3	Ast-2024-12-05_HeLa_3mzDIA_6mIIT_400-900_49.mzML		16.83281545	17.003292283333	0.013286465750718244	0
AEFWLDLQPQAK	3	Ast-2024-12-05_HeLa_3mzDIA_6mIIT_400-900_55.mzML		16.781681333333	16.93704195	0.014287246240523976	0
AEFWLDLQPQAK	3	Ast-2024-12-05_HeLa_3mzDIA_6mIIT_400-900_60.mzML	16.773508466667	16.696597883333	16.87379815	0.0017591366394560512	1
AEGILLLVK	2	Ast-2024-12-05_HeLa_3mzDIA_6mIIT_400-900_49.mzML	15.675331366667	15.657267966667	15.7693599	0.0034553297932101708	0
AEGILLLVK	2	Ast-2024-12-05_HeLa_3mzDIA_6mIIT_400-900_55.mzML	15.661101083333	15.624026283333	15.698898383333	9.531616371504279E-05	1
AEGILLLVK	2	Ast-2024-12-05_HeLa_3mzDIA_6mIIT_400-900_60.mzML	15.519824383333	15.501153533333	15.634626016667	0.0021667020337960844	0
AEIQELDQSLELMER	3	Ast-2024-12-05_HeLa_3mzDIA_6mIIT_400-900_49.mzML		17.371627216667	17.512088766667	0.029784160020305164	0
AEIQELDQSLELMER	3	Ast-2024-12-05_HeLa_3mzDIA_6mIIT_400-900_55.mzML	17.41366905	17.310131783333	17.455861016667	0.0005941535292719639	1
AEIQELDQSLELMER	3	Ast-2024-12-05_HeLa_3mzDIA_6mIIT_400-900_60.mzML	17.271948533333	17.251431433333	17.356251116667	0.0010381932993783053	0
AENSHNAGQVDTR	3	Ast-2024-12-05_HeLa_3mzDIA_6mIIT_400-900_49.mzML	2.61306025	2.5698308	2.698450766667	5.449690275935984E-05	0
AENSHNAGQVDTR	3	Ast-2024-12-05_HeLa_3mzDIA_6mIIT_400-900_55.mzML	2.570981716667	2.505498416667	2.635865083333	2.157357668327832E-05	0
AENSHNAGQVDTR	3	Ast-2024-12-05_HeLa_3mzDIA_6mIIT_400-900_60.mzML	2.55354825	2.487293883333	2.6174642	2.0708650003106297E-05	1
AESVQGGETR	2	Ast-2024-12-05_HeLa_3mzDIA_6mIIT_400-900_49.mzML	2.962969283333	2.89881165	3.026368416667	0.0003594122890249863	0
AESVQGGETR	2	Ast-2024-12-05_HeLa_3mzDIA_6mIIT_400-900_55.mzML	2.966824633333	2.9236934	3.008831833333	0.000696675310601076	0
AESVQGGETR	2	Ast-2024-12-05_HeLa_3mzDIA_6mIIT_400-900_60.mzML	2.9295601	2.885773966667	2.9719946	5.721696673787E-05	1
AEVLWLMGAK	2	Ast-2024-12-05_HeLa_3mzDIA_6mIIT_400-900_49.mzML	16.614081716667	16.5199336	16.6730767	3.127345509131849E-05	0
AEVLWLMGAK	2	Ast-2024-12-05_HeLa_3mzDIA_6mIIT_400-900_55.mzML	16.523607866667	16.447876983333	16.601637933333	2.157357668327832E-05	0
AEVLWLMGAK	2	Ast-2024-12-05_HeLa_3mzDIA_6mIIT_400-900_60.mzML	16.4359806	16.359774033333	16.51412095	2.0708650003106297E-05	1
AFLLDSALAVK	2	Ast-2024-12-05_HeLa_3mzDIA_6mIIT_400-900_49.mzML	16.673478633333	16.633667383333	16.753350283333	0.0007580653178903415	0
AFLLDSALAVK	2	Ast-2024-12-05_HeLa_3mzDIA_6mIIT_400-900_55.mzML	16.682719333333	16.542983033333	16.722413616667	0.0010035245741139612	0
AFLLDSALAVK	2	Ast-2024-12-05_HeLa_3mzDIA_6mIIT_400-900_60.mzML	16.55519355	16.47528385	16.615445516667	0.00047490467984640227	1
AFPEHFTYEPNEADAAQGYR	3	Ast-2024-12-05_HeLa_3mzDIA_6mIIT_400-900_49.mzML	12.19765965	12.008629816667	12.3473004	3.127345509131849E-05	0
AFPEHFTYEPNEADAAQGYR	3	Ast-2024-12-05_HeLa_3mzDIA_6mIIT_400-900_55.mzML	12.156227083333	12.049104433333	12.292432833333	2.157357668327832E-05	0
AFPEHFTYEPNEADAAQGYR	3	Ast-2024-12-05_HeLa_3mzDIA_6mIIT_400-900_60.mzML	12.078481316667	11.886820183333	12.196817666667	2.0708650003106297E-05	1
AFSAFVGQMHQQGILK	3	Ast-2024-12-05_HeLa_3mzDIA_6mIIT_400-900_49.mzML	14.000907016667	13.951988966667	14.052411233333	0.005363040574818558	0
AFSAFVGQMHQQGILK	3	Ast-2024-12-05_HeLa_3mzDIA_6mIIT_400-900_55.mzML	13.911810683333	13.842615966667	13.981826366667	0.000251853484235546	1
AFSAFVGQMHQQGILK	3	Ast-2024-12-05_HeLa_3mzDIA_6mIIT_400-900_60.mzML	13.823854066667	13.7895916	13.874428333333	0.002568444283784555	0
AFSWASVTSK	2	Ast-2024-12-05_HeLa_3mzDIA_6mIIT_400-900_49.mzML	12.63824225	12.604085966667	12.707268383333	6.014193496652099E-05	0
AFSWASVTSK	2	Ast-2024-12-05_HeLa_3mzDIA_6mIIT_400-900_55.mzML	12.5935698	12.525252916667	12.64687655	2.157357668327832E-05	1
AFSWASVTSK	2	Ast-2024-12-05_HeLa_3mzDIA_6mIIT_400-900_60.mzML	12.511459033333	12.460311483333	12.56428215	3.924492759310859E-05	0
AFTASSTLSEYK	3	Ast-2024-12-05_HeLa_3mzDIA_6mIIT_400-900_49.mzML		10.753623	10.8378596	1	0
AFTASSTLSEYK	3	Ast-2024-12-05_HeLa_3mzDIA_6mIIT_400-900_55.mzML	10.735067816667	10.701858533333	10.768349233333	0.002374745957409207	1
AFTASSTLSEYK	3	Ast-2024-12-05_HeLa_3mzDIA_6mIIT_400-900_60.mzML		10.639373283333	10.690310066667	0.1374306075798613	0
AFTDVPSIQIYSSR	3	Ast-2024-12-05_HeLa_3mzDIA_6mIIT_400-900_49.mzML	15.139598933333	15.0848996	15.229122583333	0.0033199259401136437	1
AFTDVPSIQIYSSR	3	Ast-2024-12-05_HeLa_3mzDIA_6mIIT_400-900_55.mzML		15.02480745	15.170651833333	0.017302811401796174	0
AFTDVPSIQIYSSR	3	Ast-2024-12-05_HeLa_3mzDIA_6mIIT_400-900_60.mzML	15.04400165	14.969651933333	15.1195053	0.007848897851331619	0
AFVSGLLIGQC[+57.0215]SSQK	3	Ast-2024-12-05_HeLa_3mzDIA_6mIIT_400-900_49.mzML	14.73530865	14.628921133333	14.769719966667	0.005515690734869178	0
AFVSGLLIGQC[+57.0215]SSQK	3	Ast-2024-12-05_HeLa_3mzDIA_6mIIT_400-900_55.mzML	14.639624833333	14.5846454	14.725741783333	0.001186498891560246	1
AFVSGLLIGQC[+57.0215]SSQK	3	Ast-2024-12-05_HeLa_3mzDIA_6mIIT_400-900_60.mzML	14.56159345	14.5074342	14.650895366667	0.004141070645019745	0
AGC[+57.0215]DEIWEK	2	Ast-2024-12-05_HeLa_3mzDIA_6mIIT_400-900_49.mzML	9.1128464	9.044678816667	9.163853916667	7.30887297178775E-05	0
AGC[+57.0215]DEIWEK	2	Ast-2024-12-05_HeLa_3mzDIA_6mIIT_400-900_55.mzML	9.042274866667	9.025281333333	9.129096383333	0.0004558955584720591	0
AGC[+57.0215]DEIWEK	2	Ast-2024-12-05_HeLa_3mzDIA_6mIIT_400-900_60.mzML	8.994921783333	8.9450944	9.08154975	5.721696673787E-05	1
AGEGTYALDSESC[+57.0215]MEK	2	Ast-2024-12-05_HeLa_3mzDIA_6mIIT_400-900_49.mzML	9.570059833333	9.500455866667	9.63872935	3.127345509131849E-05	0
AGEGTYALDSESC[+57.0215]MEK	2	Ast-2024-12-05_HeLa_3mzDIA_6mIIT_400-900_55.mzML	9.539627633333	9.469493483333	9.607864166667	2.157357668327832E-05	0
AGEGTYALDSESC[+57.0215]MEK	2	Ast-2024-12-05_HeLa_3mzDIA_6mIIT_400-900_60.mzML	9.490045116667	9.438352433333	9.574615733333	2.0708650003106297E-05	1
AGLLALMLHQTIQHDPLTTDLR	3	Ast-2024-12-05_HeLa_3mzDIA_6mIIT_400-900_49.mzML		19.90089495	20.010468833333	0.0741450911999075	0
AGLLALMLHQTIQHDPLTTDLR	3	Ast-2024-12-05_HeLa_3mzDIA_6mIIT_400-900_55.mzML	19.864096966667	19.82050665	19.910193066667	0.0002592649077321946	1
AGLLALMLHQTIQHDPLTTDLR	3	Ast-2024-12-05_HeLa_3mzDIA_6mIIT_400-900_60.mzML		19.735173183333	19.849949083333	0.013731979920123136	0
AGLVVEDALFETLPSDVREQMK	3	Ast-2024-12-05_HeLa_3mzDIA_6mIIT_400-900_49.mzML	19.529064783333	19.464176633333	19.550962916667	0.0007926874581981223	1
AGLVVEDALFETLPSDVREQMK	3	Ast-2024-12-05_HeLa_3mzDIA_6mIIT_400-900_55.mzML		19.466213333333	19.5323517	0.032703886152162014	0
AGLVVEDALFETLPSDVREQMK	3	Ast-2024-12-05_HeLa_3mzDIA_6mIIT_400-900_60.mzML		19.331427216667	19.442728233333	0.041642263090078485	0
AGTAFYIDQC[+57.0215]AVR	3	Ast-2024-12-05_HeLa_3mzDIA_6mIIT_400-900_49.mzML	12.059631566667	12.059631566667	12.145126416667	0.0039645082121955826	1
AGTAFYIDQC[+57.0215]AVR	3	Ast-2024-12-05_HeLa_3mzDIA_6mIIT_400-900_55.mzML	12.014962716667	11.9981792	12.119565033333	0.006476865828828196	0
AGTAFYIDQC[+57.0215]AVR	3	Ast-2024-12-05_HeLa_3mzDIA_6mIIT_400-900_60.mzML		11.956496416667	12.025401116667	0.013983339707031575	0
AGVNTVTTLVENKK	3	Ast-2024-12-05_HeLa_3mzDIA_6mIIT_400-900_49.mzML	9.9218483	9.855947516667	9.9904873	3.127345509131849E-05	0
AGVNTVTTLVENKK	3	Ast-2024-12-05_HeLa_3mzDIA_6mIIT_400-900_55.mzML	9.876496733333	9.826496783333	9.92693145	2.157357668327832E-05	0
AGVNTVTTLVENKK	3	Ast-2024-12-05_HeLa_3mzDIA_6mIIT_400-900_60.mzML	9.795522833333	9.727130633333	9.862941266667	2.0708650003106297E-05	1
AHLEQVDK	2	Ast-2024-12-05_HeLa_3mzDIA_6mIIT_400-900_49.mzML	3.489314366667	3.405131633333	3.531784566667	0.0001048327916972429	1
AHLEQVDK	2	Ast-2024-12-05_HeLa_3mzDIA_6mIIT_400-900_55.mzML	3.390232016667	3.390232016667	3.515561166667	0.004580393808571128	0
AHLEQVDK	2	Ast-2024-12-05_HeLa_3mzDIA_6mIIT_400-900_60.mzML	3.358021116667	3.337335216667	3.44271355	0.004280312685869658	0
AHSTGEQPPQLSLATR	2	Ast-2024-12-05_HeLa_3mzDIA_6mIIT_400-900_49.mzML	9.109401883333	9.040964016667	9.212323016667	0.00038372440060827426	1
AHSTGEQPPQLSLATR	2	Ast-2024-12-05_HeLa_3mzDIA_6mIIT_400-900_55.mzML	9.137481966667	8.99951295	9.137481966667	0.004550913343025093	0
AHSTGEQPPQLSLATR	2	Ast-2024-12-05_HeLa_3mzDIA_6mIIT_400-900_60.mzML	9.025029883333	8.958288333333	9.060043433333	0.001467670161678545	0
AIEINPDSAQPYK	2	Ast-2024-12-05_HeLa_3mzDIA_6mIIT_400-900_49.mzML	10.57960065	10.513418033333	10.647302816667	3.127345509131849E-05	0
AIEINPDSAQPYK	2	Ast-2024-12-05_HeLa_3mzDIA_6mIIT_400-900_55.mzML	10.525944333333	10.458859883333	10.629815316667	2.157357668327832E-05	0
AIEINPDSAQPYK	2	Ast-2024-12-05_HeLa_3mzDIA_6mIIT_400-900_60.mzML	10.480901833333	10.414382516667	10.583914916667	2.0708650003106297E-05	1
AILVLLSK	2	Ast-2024-12-05_HeLa_3mzDIA_6mIIT_400-900_49.mzML	14.72881455	14.657716533333	14.79919435	6.014193496652099E-05	0
AILVLLSK	2	Ast-2024-12-05_HeLa_3mzDIA_6mIIT_400-900_55.mzML	14.633086133333	14.577946216667	14.701861483333	2.157357668327832E-05	0
AILVLLSK	2	Ast-2024-12-05_HeLa_3mzDIA_6mIIT_400-900_60.mzML	14.5729561	14.482604016667	14.6092852	2.0708650003106297E-05	1
AIPSFLNSFNR	2	Ast-2024-12-05_HeLa_3mzDIA_6mIIT_400-900_49.mzML	16.250940433333	16.2131957	16.3245722	3.127345509131849E-05	0
AIPSFLNSFNR	2	Ast-2024-12-05_HeLa_3mzDIA_6mIIT_400-900_55.mzML	16.190333183333	16.114091466667	16.266280716667	2.157357668327832E-05	0
AIPSFLNSFNR	2	Ast-2024-12-05_HeLa_3mzDIA_6mIIT_400-900_60.mzML	16.11775465	16.0583612	16.174901883333	2.0708650003106297E-05	1
AKPAEAPAAAAPK	2	Ast-2024-12-05_HeLa_3mzDIA_6mIIT_400-900_49.mzML	4.254855116667	4.1722024	4.337021633333	3.127345509131849E-05	0
AKPAEAPAAAAPK	2	Ast-2024-12-05_HeLa_3mzDIA_6mIIT_400-900_55.mzML	4.179455666667	4.096418983333	4.303979933333	2.157357668327832E-05	0
AKPAEAPAAAAPK	2	Ast-2024-12-05_HeLa_3mzDIA_6mIIT_400-900_60.mzML	4.197489916667	4.09212915	4.260758733333	2.0708650003106297E-05	1
ALDDISESIK	2	Ast-2024-12-05_HeLa_3mzDIA_6mIIT_400-900_49.mzML	11.0015467	10.9348153	11.068714083333	3.127345509131849E-05	0
ALDDISESIK	2	Ast-2024-12-05_HeLa_3mzDIA_6mIIT_400-900_55.mzML	10.9629477	10.896726466667	11.030436416667	2.157357668327832E-05	0
ALDDISESIK	2	Ast-2024-12-05_HeLa_3mzDIA_6mIIT_400-900_60.mzML	10.92284395	10.85504995	10.990592966667	2.0708650003106297E-05	1
ALDELFEAIEQK	3	Ast-2024-12-05_HeLa_3mzDIA_6mIIT_400-900_49.mzML	18.802713083333	18.719471883333	18.8866684	6.014193496652099E-05	0
ALDELFEAIEQK	3	Ast-2024-12-05_HeLa_3mzDIA_6mIIT_400-900_55.mzML	18.723991666667	18.66068095	18.830673683333	2.157357668327832E-05	0
ALDELFEAIEQK	3	Ast-2024-12-05_HeLa_3mzDIA_6mIIT_400-900_60.mzML	18.6571544	18.592675066667	18.763435483333	2.0708650003106297E-05	1
ALGIHQTGQK	2	Ast-2024-12-05_HeLa_3mzDIA_6mIIT_400-900_49.mzML	4.315135383333	4.274349716667	4.438509116667	3.127345509131849E-05	0
ALGIHQTGQK	2	Ast-2024-12-05_HeLa_3mzDIA_6mIIT_400-900_55.mzML	4.260930566667	4.177802183333	4.343924116667	2.157357668327832E-05	1
ALGIHQTGQK	2	Ast-2024-12-05_HeLa_3mzDIA_6mIIT_400-900_60.mzML	4.237889983333	4.132716016667	4.301873716667	0.0002631425062861821	0
ALKEITTFEGC[+57.0215]K	2	Ast-2024-12-05_HeLa_3mzDIA_6mIIT_400-900_49.mzML	9.712460033333	9.694898866667	9.729653633333	0.0005246660298925107	1
ALKEITTFEGC[+57.0215]K	2	Ast-2024-12-05_HeLa_3mzDIA_6mIIT_400-900_55.mzML		9.6301726	9.6822067	0.07200239460826913	0
ALKEITTFEGC[+57.0215]K	2	Ast-2024-12-05_HeLa_3mzDIA_6mIIT_400-900_60.mzML		9.56262385	9.614493716667	0.1445935825796417	0
ALLESMVDAAENLC[+57.0215]PNVMK	3	Ast-2024-12-05_HeLa_3mzDIA_6mIIT_400-900_49.mzML	21.575699216667	21.484890966667	21.621125733333	0.00019287023047992542	1
ALLESMVDAAENLC[+57.0215]PNVMK	3	Ast-2024-12-05_HeLa_3mzDIA_6mIIT_400-900_55.mzML	21.489500983333	21.420551	21.558172966667	0.0004666099415365191	0
ALLESMVDAAENLC[+57.0215]PNVMK	3	Ast-2024-12-05_HeLa_3mzDIA_6mIIT_400-900_60.mzML	21.3393923	21.2930868	21.5004899	0.002555628993170302	0
ALWEDEGVR	2	Ast-2024-12-05_HeLa_3mzDIA_6mIIT_400-900_49.mzML	10.813207066667	10.7464223	10.883109433333	3.127345509131849E-05	0
ALWEDEGVR	2	Ast-2024-12-05_HeLa_3mzDIA_6mIIT_400-900_55.mzML	10.7446966	10.6947471	10.829346533333	2.157357668327832E-05	0
ALWEDEGVR	2	Ast-2024-12-05_HeLa_3mzDIA_6mIIT_400-900_60.mzML	10.717527816667	10.632138266667	10.768481383333	2.0708650003106297E-05	1
AMASINER	2	Ast-2024-12-05_HeLa_3mzDIA_6mIIT_400-900_49.mzML	5.604531033333	5.585606483333	5.624119416667	0.007981292257638148	0
AMASINER	2	Ast-2024-12-05_HeLa_3mzDIA_6mIIT_400-900_55.mzML	5.579921633333	5.52191815	5.656055683333	0.0006862707014204509	0
AMASINER	2	Ast-2024-12-05_HeLa_3mzDIA_6mIIT_400-900_60.mzML	5.548866883333	5.509438333333	5.587931483333	0.000487012987012987	1
AMAYETLEQYGK	3	Ast-2024-12-05_HeLa_3mzDIA_6mIIT_400-900_49.mzML		12.016084783333	12.083777266667	0.012269837064511856	0
AMAYETLEQYGK	3	Ast-2024-12-05_HeLa_3mzDIA_6mIIT_400-900_55.mzML	12.005972016667	11.971334266667	12.039383566667	0.003547994691831318	1
AMAYETLEQYGK	3	Ast-2024-12-05_HeLa_3mzDIA_6mIIT_400-900_60.mzML		11.876969016667	12.015801566667	0.024363798711652528	0
AMKPPGGESSNLFGSPEEATPSSR	3	Ast-2024-12-05_HeLa_3mzDIA_6mIIT_400-900_49.mzML	11.022356633333	10.9390452	11.055270883333	0.008397140104457178	0
AMKPPGGESSNLFGSPEEATPSSR	3	Ast-2024-12-05_HeLa_3mzDIA_6mIIT_400-900_55.mzML	10.966952116667	10.900897466667	11.0177751	0.0014862809303189698	1
AMKPPGGESSNLFGSPEEATPSSR	3	Ast-2024-12-05_HeLa_3mzDIA_6mIIT_400-900_60.mzML	10.92723445	10.790566366667	10.97829405	0.0022499443083092005	0
AMLLTSYLPPPLLR	3	Ast-2024-12-05_HeLa_3mzDIA_6mIIT_400-900_49.mzML	20.876501266667	20.743340533333	20.921076633333	0.0025199456956351935	1
AMLLTSYLPPPLLR	3	Ast-2024-12-05_HeLa_3mzDIA_6mIIT_400-900_55.mzML	20.69552675	20.583746016667	20.740128766667	0.009641358454664378	0
AMLLTSYLPPPLLR	3	Ast-2024-12-05_HeLa_3mzDIA_6mIIT_400-900_60.mzML		20.676758966667	20.745810583333	0.04864295636847058	0
AMVFMDVR	2	Ast-2024-12-05_HeLa_3mzDIA_6mIIT_400-900_49.mzML	13.196319183333	13.130078166667	13.28028755	0.00019287023047992542	0
AMVFMDVR	2	Ast-2024-12-05_HeLa_3mzDIA_6mIIT_400-900_55.mzML	13.128251383333	13.094387116667	13.195625966667	0.0007603309974275468	0
AMVFMDVR	2	Ast-2024-12-05_HeLa_3mzDIA_6mIIT_400-900_60.mzML	13.058065683333	12.973381733333	13.093428316667	0.00014914490255866366	1
ANLHALIQMK	2	Ast-2024-12-05_HeLa_3mzDIA_6mIIT_400-900_49.mzML	10.78063235	10.747045283333	10.8138212	0.0009055018291136948	1
ANLHALIQMK	2	Ast-2024-12-05_HeLa_3mzDIA_6mIIT_400-900_55.mzML		10.778759733333	10.829948266667	0.030506848376264183	0
ANLHALIQMK	2	Ast-2024-12-05_HeLa_3mzDIA_6mIIT_400-900_60.mzML		10.58178655	10.6665844	0.01268991974155772	0
ANTLATSDVSR	2	Ast-2024-12-05_HeLa_3mzDIA_6mIIT_400-900_49.mzML	6.200761333333	6.12572055	6.200761333333	0.007116346124352014	0
ANTLATSDVSR	2	Ast-2024-12-05_HeLa_3mzDIA_6mIIT_400-900_55.mzML		6.082885616667	6.158155183333	1	0
ANTLATSDVSR	2	Ast-2024-12-05_HeLa_3mzDIA_6mIIT_400-900_60.mzML	6.132721916667	6.019872866667	6.132721916667	0.0007671260899583195	1
ANVIANINNC[+57.0215]LSFR	3	Ast-2024-12-05_HeLa_3mzDIA_6mIIT_400-900_49.mzML	15.662863866667	15.609019066667	15.77534245	0.00301124627036952	0
ANVIANINNC[+57.0215]LSFR	3	Ast-2024-12-05_HeLa_3mzDIA_6mIIT_400-900_55.mzML	15.611602616667	15.575648816667	15.72390855	0.0005278530457120738	1
ANVIANINNC[+57.0215]LSFR	3	Ast-2024-12-05_HeLa_3mzDIA_6mIIT_400-900_60.mzML		15.470187833333	15.62125435	0.020742428649924045	0
APEPDLMSPTRK	2	Ast-2024-12-05_HeLa_3mzDIA_6mIIT_400-900_49.mzML	7.882755466667	7.8648485	7.970769466667	0.002236791361357501	0
APEPDLMSPTRK	2	Ast-2024-12-05_HeLa_3mzDIA_6mIIT_400-900_55.mzML	7.858685883333	7.805691416667	7.929758233333	0.0005941535292719639	1
APEPDLMSPTRK	2	Ast-2024-12-05_HeLa_3mzDIA_6mIIT_400-900_60.mzML		7.713167866667	7.785227183333	0.0171310485279877	0
APGETALIDR	2	Ast-2024-12-05_HeLa_3mzDIA_6mIIT_400-900_49.mzML	8.555404916667	8.555404916667	8.694396233333	0.0025207801379909817	0
APGETALIDR	2	Ast-2024-12-05_HeLa_3mzDIA_6mIIT_400-900_55.mzML	8.568618683333	8.5162342	8.6554796	0.00022830305599947815	1
APGETALIDR	2	Ast-2024-12-05_HeLa_3mzDIA_6mIIT_400-900_60.mzML		8.449593666667	8.58945295	0.04100921730979534	0
AQAALAVNISAAR	2	Ast-2024-12-05_HeLa_3mzDIA_6mIIT_400-900_49.mzML	11.095733883333	11.0436006	11.1308604	3.127345509131849E-05	0
AQAALAVNISAAR	2	Ast-2024-12-05_HeLa_3mzDIA_6mIIT_400-900_55.mzML	11.074456583333	10.98851565	11.0915591	2.157357668327832E-05	0
AQAALAVNISAAR	2	Ast-2024-12-05_HeLa_3mzDIA_6mIIT_400-900_60.mzML	10.98345275	10.898012366667	11.033659383333	2.0708650003106297E-05	1
AQAEAQQPTFDALRDELR	3	Ast-2024-12-05_HeLa_3mzDIA_6mIIT_400-900_49.mzML	13.64232045	13.574968716667	13.709636866667	3.127345509131849E-05	0
AQAEAQQPTFDALRDELR	3	Ast-2024-12-05_HeLa_3mzDIA_6mIIT_400-900_55.mzML	13.5967556	13.528322266667	13.664788	2.157357668327832E-05	0
AQAEAQQPTFDALRDELR	3	Ast-2024-12-05_HeLa_3mzDIA_6mIIT_400-900_60.mzML	13.5241503	13.473095	13.576314266667	2.0708650003106297E-05	1
AQDSAAYAIQELLSIYDC[+57.0215]R	3	Ast-2024-12-05_HeLa_3mzDIA_6mIIT_400-900_49.mzML	22.944890883333	22.89863465	22.991073133333	0.00020721094073767094	1
AQDSAAYAIQELLSIYDC[+57.0215]R	3	Ast-2024-12-05_HeLa_3mzDIA_6mIIT_400-900_55.mzML	22.863721866667	22.817318016667	22.956673316667	0.0038840117052407557	0
AQDSAAYAIQELLSIYDC[+57.0215]R	3	Ast-2024-12-05_HeLa_3mzDIA_6mIIT_400-900_60.mzML		22.720155283333	22.95254975	0.02450253917442251	0
AQEAGLQQEQR	2	Ast-2024-12-05_HeLa_3mzDIA_6mIIT_400-900_49.mzML	4.55144345	4.511036383333	4.610619183333	0.00019287023047992542	0
AQEAGLQQEQR	2	Ast-2024-12-05_HeLa_3mzDIA_6mIIT_400-900_55.mzML	4.5601421	4.499917133333	4.620087283333	2.157357668327832E-05	1
AQEAGLQQEQR	2	Ast-2024-12-05_HeLa_3mzDIA_6mIIT_400-900_60.mzML	4.54315995	4.461712483333	4.6047925	0.00010414677752512541	0
AQEEADYIEWLK	2	Ast-2024-12-05_HeLa_3mzDIA_6mIIT_400-900_49.mzML	16.103628083333	16.01219505	16.158226483333	3.127345509131849E-05	0
AQEEADYIEWLK	2	Ast-2024-12-05_HeLa_3mzDIA_6mIIT_400-900_55.mzML	16.021769166667	15.947615583333	16.097206516667	2.157357668327832E-05	0
AQEEADYIEWLK	2	Ast-2024-12-05_HeLa_3mzDIA_6mIIT_400-900_60.mzML	15.963186716667	15.8890488	16.040481016667	2.0708650003106297E-05	1
AQEGLC[+57.0215]LIGDHLLLR	2	Ast-2024-12-05_HeLa_3mzDIA_6mIIT_400-900_49.mzML	16.714905416667	16.61434795	16.7532171	0.005826447002917591	0
AQEGLC[+57.0215]LIGDHLLLR	2	Ast-2024-12-05_HeLa_3mzDIA_6mIIT_400-900_55.mzML		16.523875716667	16.682594083333	0.06079930432262039	0
AQEGLC[+57.0215]LIGDHLLLR	2	Ast-2024-12-05_HeLa_3mzDIA_6mIIT_400-900_60.mzML	16.514390066667	16.436238116667	16.555060366667	0.00036667196303946615	1
AQEGLC[+57.0215]LIGDHLLLR	3	Ast-2024-12-05_HeLa_3mzDIA_6mIIT_400-900_49.mzML	16.714905416667	16.61434795	16.7532171	0.0007580653178903415	0
AQEGLC[+57.0215]LIGDHLLLR	3	Ast-2024-12-05_HeLa_3mzDIA_6mIIT_400-900_55.mzML	16.6019042	16.523875716667	16.682594083333	0.0002032692470568307	0
AQEGLC[+57.0215]LIGDHLLLR	3	Ast-2024-12-05_HeLa_3mzDIA_6mIIT_400-900_60.mzML	16.514390066667	16.436238116667	16.555060366667	2.0708650003106297E-05	1
AQQEHQSLLEK	2	Ast-2024-12-05_HeLa_3mzDIA_6mIIT_400-900_49.mzML	5.0918647	5.072227466667	5.130309566667	0.0015812524884818839	0
AQQEHQSLLEK	2	Ast-2024-12-05_HeLa_3mzDIA_6mIIT_400-900_55.mzML	5.0846667	5.027015833333	5.12348985	2.157357668327832E-05	1
AQQEHQSLLEK	2	Ast-2024-12-05_HeLa_3mzDIA_6mIIT_400-900_60.mzML	5.031899366667	4.993196233333	5.090846116667	0.0003125488357555868	0
AQQMHTGPVLDVC[+57.0215]WSDDGSK	3	Ast-2024-12-05_HeLa_3mzDIA_6mIIT_400-900_49.mzML	12.77124575	12.632595283333	12.906959883333	3.127345509131849E-05	0
AQQMHTGPVLDVC[+57.0215]WSDDGSK	3	Ast-2024-12-05_HeLa_3mzDIA_6mIIT_400-900_55.mzML	12.713807916667	12.641050933333	12.817038233333	2.157357668327832E-05	0
AQQMHTGPVLDVC[+57.0215]WSDDGSK	3	Ast-2024-12-05_HeLa_3mzDIA_6mIIT_400-900_60.mzML	12.663631533333	12.540753016667	12.781313616667	2.0708650003106297E-05	1
AQTAHIVLEDGTK	2	Ast-2024-12-05_HeLa_3mzDIA_6mIIT_400-900_49.mzML	7.436568316667	7.365448283333	7.508090266667	3.127345509131849E-05	0
AQTAHIVLEDGTK	2	Ast-2024-12-05_HeLa_3mzDIA_6mIIT_400-900_55.mzML	7.3752845	7.303866683333	7.447750583333	2.157357668327832E-05	0
AQTAHIVLEDGTK	2	Ast-2024-12-05_HeLa_3mzDIA_6mIIT_400-900_60.mzML	7.300182516667	7.229190783333	7.372813233333	2.0708650003106297E-05	1
AQVARPGGDTIFGK	3	Ast-2024-12-05_HeLa_3mzDIA_6mIIT_400-900_49.mzML	8.954176183333	8.886704433333	9.02081605	3.127345509131849E-05	0
AQVARPGGDTIFGK	3	Ast-2024-12-05_HeLa_3mzDIA_6mIIT_400-900_55.mzML	8.90050225	8.83135875	8.968309083333	2.157357668327832E-05	0
AQVARPGGDTIFGK	3	Ast-2024-12-05_HeLa_3mzDIA_6mIIT_400-900_60.mzML	8.83654315	8.768037883333	8.904433683333	2.0708650003106297E-05	1
ASLLQNESTNEQLQIHYK	3	Ast-2024-12-05_HeLa_3mzDIA_6mIIT_400-900_49.mzML	11.914040016667	11.8805922	11.9813241	0.0019416609011984735	0
ASLLQNESTNEQLQIHYK	3	Ast-2024-12-05_HeLa_3mzDIA_6mIIT_400-900_55.mzML	11.86735155	11.800584683333	11.934685233333	0.000251853484235546	0
ASLLQNESTNEQLQIHYK	3	Ast-2024-12-05_HeLa_3mzDIA_6mIIT_400-900_60.mzML	11.824888633333	11.774129916667	11.877102466667	2.0708650003106297E-05	1
ASQEDANEIK	2	Ast-2024-12-05_HeLa_3mzDIA_6mIIT_400-900_49.mzML	4.15065065	4.028594333333	4.17120645	0.00020721094073767094	1
ASQEDANEIK	2	Ast-2024-12-05_HeLa_3mzDIA_6mIIT_400-900_55.mzML	4.074644433333	3.992881166667	4.15786095	0.000696675310601076	0
ASQEDANEIK	2	Ast-2024-12-05_HeLa_3mzDIA_6mIIT_400-900_60.mzML	4.02883515	3.987417316667	4.1547523	0.0037207407169127502	0
ASSISEEVAVGSIAATLK	2	Ast-2024-12-05_HeLa_3mzDIA_6mIIT_400-900_49.mzML	16.459308533333	16.365490516667	16.515633066667	0.0002567006417516044	0
ASSISEEVAVGSIAATLK	2	Ast-2024-12-05_HeLa_3mzDIA_6mIIT_400-900_55.mzML	16.404809466667	16.327129033333	16.4621508	0.00016493485073396007	0
ASSISEEVAVGSIAATLK	2	Ast-2024-12-05_HeLa_3mzDIA_6mIIT_400-900_60.mzML	16.316275466667	16.256554116667	16.374790583333	5.721696673787E-05	1
ASTGPPLIK	2	Ast-2024-12-05_HeLa_3mzDIA_6mIIT_400-900_49.mzML	7.931770483333	7.89681515	8.0036947	0.0022876248295279574	1
ASTGPPLIK	2	Ast-2024-12-05_HeLa_3mzDIA_6mIIT_400-900_55.mzML	7.908682866667	7.820358933333	7.963016433333	0.0024576252507218584	0
ASTGPPLIK	2	Ast-2024-12-05_HeLa_3mzDIA_6mIIT_400-900_60.mzML	7.8352048	7.74598185	7.926163683333	0.002346248768772757	0
ASVPPTDK	2	Ast-2024-12-05_HeLa_3mzDIA_6mIIT_400-900_49.mzML	3.2733347	3.191155533333	3.313646683333	7.30887297178775E-05	0
ASVPPTDK	2	Ast-2024-12-05_HeLa_3mzDIA_6mIIT_400-900_55.mzML	3.2367964	3.174998	3.317876766667	2.157357668327832E-05	1
ASVPPTDK	2	Ast-2024-12-05_HeLa_3mzDIA_6mIIT_400-900_60.mzML	3.202082683333	3.139923916667	3.304699383333	0.00010414677752512541	0
ATAGAYIASQTVK	2	Ast-2024-12-05_HeLa_3mzDIA_6mIIT_400-900_49.mzML	8.687131616667	8.618806433333	8.757120166667	3.127345509131849E-05	0
ATAGAYIASQTVK	2	Ast-2024-12-05_HeLa_3mzDIA_6mIIT_400-900_55.mzML	8.630715066667	8.561412833333	8.701291	2.157357668327832E-05	0
ATAGAYIASQTVK	2	Ast-2024-12-05_HeLa_3mzDIA_6mIIT_400-900_60.mzML	8.599880333333	8.512827166667	8.65278945	2.0708650003106297E-05	1
ATDLSIQPPSADLEVQAGQVDVK	3	Ast-2024-12-05_HeLa_3mzDIA_6mIIT_400-900_49.mzML	15.5725855	15.498711083333	15.626887	8.922516863556873E-05	1
ATDLSIQPPSADLEVQAGQVDVK	3	Ast-2024-12-05_HeLa_3mzDIA_6mIIT_400-900_55.mzML	15.575555916667	15.445732833333	15.593603366667	0.0021515685269001806	0
ATDLSIQPPSADLEVQAGQVDVK	3	Ast-2024-12-05_HeLa_3mzDIA_6mIIT_400-900_60.mzML	15.4883404	15.397370583333	15.5254644	0.0004630575417092271	0
AVDEDPENQTLR	2	Ast-2024-12-05_HeLa_3mzDIA_6mIIT_400-900_49.mzML	7.454413333333	7.383235633333	7.47201545	0.0002567006417516044	0
AVDEDPENQTLR	2	Ast-2024-12-05_HeLa_3mzDIA_6mIIT_400-900_55.mzML	7.393325	7.321324466667	7.465612183333	2.157357668327832E-05	1
AVDEDPENQTLR	2	Ast-2024-12-05_HeLa_3mzDIA_6mIIT_400-900_60.mzML	7.408920433333	7.300182516667	7.408920433333	7.46742336556771E-05	0
AVDQVC[+57.0215]TFLFK	2	Ast-2024-12-05_HeLa_3mzDIA_6mIIT_400-900_49.mzML	15.93886175	15.829583216667	15.9751983	7.30887297178775E-05	1
AVDQVC[+57.0215]TFLFK	2	Ast-2024-12-05_HeLa_3mzDIA_6mIIT_400-900_55.mzML	15.854728666667	15.778576033333	15.9094564	0.00018126778690158972	0
AVDQVC[+57.0215]TFLFK	2	Ast-2024-12-05_HeLa_3mzDIA_6mIIT_400-900_60.mzML	15.792120233333	15.677247766667	15.831067833333	0.0002631425062861821	0
AVEVQGPSLESGDHGK	2	Ast-2024-12-05_HeLa_3mzDIA_6mIIT_400-900_49.mzML	7.750182066667	7.642621316667	7.822121783333	3.127345509131849E-05	0
AVEVQGPSLESGDHGK	2	Ast-2024-12-05_HeLa_3mzDIA_6mIIT_400-900_55.mzML	7.7091803	7.600922933333	7.78142125	2.157357668327832E-05	0
AVEVQGPSLESGDHGK	2	Ast-2024-12-05_HeLa_3mzDIA_6mIIT_400-900_60.mzML	7.6710995	7.5800576	7.724800583333	2.0708650003106297E-05	1
AVGQWAGAK	2	Ast-2024-12-05_HeLa_3mzDIA_6mIIT_400-900_49.mzML	6.597095533333	6.5060511	6.615408316667	0.0015491160925824676	0
AVGQWAGAK	2	Ast-2024-12-05_HeLa_3mzDIA_6mIIT_400-900_55.mzML	6.574390783333	6.464607933333	6.574390783333	0.0012346418939166916	1
AVGQWAGAK	2	Ast-2024-12-05_HeLa_3mzDIA_6mIIT_400-900_60.mzML		6.346468183333	6.550255283333	0.01394614595692481	0
AVIEHNLLSASK	3	Ast-2024-12-05_HeLa_3mzDIA_6mIIT_400-900_49.mzML	8.994665816667	8.927775666667	9.028042533333	6.601967386281111E-05	0
AVIEHNLLSASK	3	Ast-2024-12-05_HeLa_3mzDIA_6mIIT_400-900_55.mzML	8.9247917	8.8905808	8.9923842	2.157357668327832E-05	0
AVIEHNLLSASK	3	Ast-2024-12-05_HeLa_3mzDIA_6mIIT_400-900_60.mzML	8.85797445	8.789648033333	8.892064383333	2.0708650003106297E-05	1
AVITC[+57.0215]YDTETR	2	Ast-2024-12-05_HeLa_3mzDIA_6mIIT_400-900_49.mzML	8.356331783333	8.33841635	8.410216816667	0.00029813368314352153	1
AVITC[+57.0215]YDTETR	2	Ast-2024-12-05_HeLa_3mzDIA_6mIIT_400-900_55.mzML	8.3355422	8.264484816667	8.371206816667	0.005000052411450854	0
AVITC[+57.0215]YDTETR	2	Ast-2024-12-05_HeLa_3mzDIA_6mIIT_400-900_60.mzML		8.230766833333	8.356137083333	0.018996658179503502	0
AVLDEFTAPAEK	2	Ast-2024-12-05_HeLa_3mzDIA_6mIIT_400-900_49.mzML	12.631398083333	12.5494919	12.631398083333	0.001868594190574229	0
AVLDEFTAPAEK	2	Ast-2024-12-05_HeLa_3mzDIA_6mIIT_400-900_55.mzML	12.552426166667	12.46857995	12.604054583333	0.0002032692470568307	1
AVLDEFTAPAEK	2	Ast-2024-12-05_HeLa_3mzDIA_6mIIT_400-900_60.mzML	12.521917283333	12.453258466667	12.521917283333	0.0013857797676153929	0
AVLQEEQANLWFSK	2	Ast-2024-12-05_HeLa_3mzDIA_6mIIT_400-900_49.mzML	15.480143783333	15.407394983333	15.554526933333	3.127345509131849E-05	0
AVLQEEQANLWFSK	2	Ast-2024-12-05_HeLa_3mzDIA_6mIIT_400-900_55.mzML	15.42710875	15.3521661	15.502110766667	2.157357668327832E-05	0
AVLQEEQANLWFSK	2	Ast-2024-12-05_HeLa_3mzDIA_6mIIT_400-900_60.mzML	15.359938433333	15.286497533333	15.433977866667	2.0708650003106297E-05	1
AVSSAIAQLLGEVAQGNENYAGIAAR	3	Ast-2024-12-05_HeLa_3mzDIA_6mIIT_400-900_49.mzML	22.10416245	22.01250365	22.195262	3.127345509131849E-05	0
AVSSAIAQLLGEVAQGNENYAGIAAR	3	Ast-2024-12-05_HeLa_3mzDIA_6mIIT_400-900_55.mzML	22.021765766667	21.929823016667	22.11309765	2.157357668327832E-05	0
AVSSAIAQLLGEVAQGNENYAGIAAR	3	Ast-2024-12-05_HeLa_3mzDIA_6mIIT_400-900_60.mzML	21.944484133333	21.875131116667	22.013390733333	2.0708650003106297E-05	1
AVVHMDER	2	Ast-2024-12-05_HeLa_3mzDIA_6mIIT_400-900_49.mzML	4.786169466667	4.7268129	4.8637243	0.0023355519249114573	0
AVVHMDER	2	Ast-2024-12-05_HeLa_3mzDIA_6mIIT_400-900_55.mzML	4.73660845	4.67718535	4.79631365	0.00169009581016113	0
AVVHMDER	2	Ast-2024-12-05_HeLa_3mzDIA_6mIIT_400-900_60.mzML	4.721683166667	4.6820871	4.8220259	0.0003647535808981355	1
AYIFSDC[+57.0215]HSR	2	Ast-2024-12-05_HeLa_3mzDIA_6mIIT_400-900_49.mzML	7.789095216667	7.752802566667	7.842987466667	0.001189408219012388	1
AYIFSDC[+57.0215]HSR	2	Ast-2024-12-05_HeLa_3mzDIA_6mIIT_400-900_55.mzML		7.7058997	7.77825195	0.012012644889357217	0
AYIFSDC[+57.0215]HSR	2	Ast-2024-12-05_HeLa_3mzDIA_6mIIT_400-900_60.mzML	7.673697233333	7.655205933333	7.745444866667	0.002013207418717966	0
AYPEVLAQGR	2	Ast-2024-12-05_HeLa_3mzDIA_6mIIT_400-900_49.mzML	9.777380883333	9.6926803	9.828237533333	0.00836917708164259	0
AYPEVLAQGR	2	Ast-2024-12-05_HeLa_3mzDIA_6mIIT_400-900_55.mzML	9.713966433333	9.627935833333	9.7654336	0.0006862707014204509	0
AYPEVLAQGR	2	Ast-2024-12-05_HeLa_3mzDIA_6mIIT_400-900_60.mzML	9.629680366667	9.57727755	9.716061383333	0.00010414677752512541	1
C[+57.0215]C[+57.0215]LTYC[+57.0215]FNKPEDK	3	Ast-2024-12-05_HeLa_3mzDIA_6mIIT_400-900_49.mzML	9.483372316667	9.4160741	9.5526596	3.127345509131849E-05	0
C[+57.0215]C[+57.0215]LTYC[+57.0215]FNKPEDK	3	Ast-2024-12-05_HeLa_3mzDIA_6mIIT_400-900_55.mzML	9.435164483333	9.367021583333	9.50461245	2.157357668327832E-05	0
C[+57.0215]C[+57.0215]LTYC[+57.0215]FNKPEDK	3	Ast-2024-12-05_HeLa_3mzDIA_6mIIT_400-900_60.mzML	9.36948395	9.318831716667	9.455620383333	2.0708650003106297E-05	1
C[+57.0215]DEILMEEIK	2	Ast-2024-12-05_HeLa_3mzDIA_6mIIT_400-900_49.mzML	13.497685783333	13.429992433333	13.5826499	7.30887297178775E-05	1
C[+57.0215]DEILMEEIK	2	Ast-2024-12-05_HeLa_3mzDIA_6mIIT_400-900_55.mzML	13.449048133333	13.362091266667	13.484882183333	0.0007292826162054274	0
C[+57.0215]DEILMEEIK	2	Ast-2024-12-05_HeLa_3mzDIA_6mIIT_400-900_60.mzML	13.396579333333	13.310756666667	13.4470315	0.0005497747264535507	0
C[+57.0215]EAVVADVLDK	2	Ast-2024-12-05_HeLa_3mzDIA_6mIIT_400-900_49.mzML	12.36168535	12.294097983333	12.427920466667	4.735633272559373E-05	0
C[+57.0215]EAVVADVLDK	2	Ast-2024-12-05_HeLa_3mzDIA_6mIIT_400-900_55.mzML	12.306548916667	12.240416116667	12.374730383333	2.157357668327832E-05	0
C[+57.0215]EAVVADVLDK	2	Ast-2024-12-05_HeLa_3mzDIA_6mIIT_400-900_60.mzML	12.244779633333	12.178091883333	12.311005966667	2.0708650003106297E-05	1
C[+57.0215]EVFDDEEESK	2	Ast-2024-12-05_HeLa_3mzDIA_6mIIT_400-900_49.mzML	7.757205466667	7.666896483333	7.793483583333	0.00019287023047992542	0
C[+57.0215]EVFDDEEESK	2	Ast-2024-12-05_HeLa_3mzDIA_6mIIT_400-900_55.mzML	7.71621895	7.64396155	7.75261605	5.984082340973012E-05	1
C[+57.0215]EVFDDEEESK	2	Ast-2024-12-05_HeLa_3mzDIA_6mIIT_400-900_60.mzML	7.69604925	7.60547025	7.767775566667	0.001342967840079865	0
C[+57.0215]FNTLTNSFQPSLLGR	3	Ast-2024-12-05_HeLa_3mzDIA_6mIIT_400-900_49.mzML	16.895579316667	16.858981933333	16.971982983333	6.014193496652099E-05	0
C[+57.0215]FNTLTNSFQPSLLGR	3	Ast-2024-12-05_HeLa_3mzDIA_6mIIT_400-900_55.mzML	16.8268823	16.7326711	16.885494066667	2.157357668327832E-05	0
C[+57.0215]FNTLTNSFQPSLLGR	3	Ast-2024-12-05_HeLa_3mzDIA_6mIIT_400-900_60.mzML	16.762087133333	16.684684316667	16.84165095	2.0708650003106297E-05	1
C[+57.0215]HTTHSMALIHNR	2	Ast-2024-12-05_HeLa_3mzDIA_6mIIT_400-900_49.mzML	4.72309345	4.664159766667	4.76263315	4.735633272559373E-05	0
C[+57.0215]HTTHSMALIHNR	2	Ast-2024-12-05_HeLa_3mzDIA_6mIIT_400-900_55.mzML	4.69299285	4.613735983333	4.733002383333	2.157357668327832E-05	1
C[+57.0215]HTTHSMALIHNR	2	Ast-2024-12-05_HeLa_3mzDIA_6mIIT_400-900_60.mzML	4.658346666667	4.598380383333	4.698112516667	0.00021560353589798872	0
C[+57.0215]IFYDTEHLK	2	Ast-2024-12-05_HeLa_3mzDIA_6mIIT_400-900_49.mzML	10.537683	10.4536477	10.570629	0.0003594122890249863	0
C[+57.0215]IFYDTEHLK	2	Ast-2024-12-05_HeLa_3mzDIA_6mIIT_400-900_55.mzML	10.4666543	10.398135916667	10.533435133333	0.0002882937561641757	0
C[+57.0215]IFYDTEHLK	2	Ast-2024-12-05_HeLa_3mzDIA_6mIIT_400-900_60.mzML	10.4051622	10.319562116667	10.4553472	0.00014914490255866366	1
C[+57.0215]ITDPQTGLC[+57.0215]LLPLK	3	Ast-2024-12-05_HeLa_3mzDIA_6mIIT_400-900_49.mzML	17.699514683333	17.619340066667	17.77991	3.127345509131849E-05	0
C[+57.0215]ITDPQTGLC[+57.0215]LLPLK	3	Ast-2024-12-05_HeLa_3mzDIA_6mIIT_400-900_55.mzML	17.625521083333	17.585054616667	17.7063681	2.157357668327832E-05	0
C[+57.0215]ITDPQTGLC[+57.0215]LLPLK	3	Ast-2024-12-05_HeLa_3mzDIA_6mIIT_400-900_60.mzML	17.56760855	17.48553675	17.64968275	2.0708650003106297E-05	1
C[+57.0215]LDALAALR	2	Ast-2024-12-05_HeLa_3mzDIA_6mIIT_400-900_49.mzML	13.995490933333	13.896151966667	14.029225633333	3.127345509131849E-05	0
C[+57.0215]LDALAALR	2	Ast-2024-12-05_HeLa_3mzDIA_6mIIT_400-900_55.mzML	13.92375025	13.836976716667	13.97606095	2.157357668327832E-05	0
C[+57.0215]LDALAALR	2	Ast-2024-12-05_HeLa_3mzDIA_6mIIT_400-900_60.mzML	13.8184092	13.7671707	13.868978516667	2.0708650003106297E-05	1
C[+57.0215]LELFSELAEDKENYK	3	Ast-2024-12-05_HeLa_3mzDIA_6mIIT_400-900_49.mzML	15.847789783333	15.69696345	15.847789783333	0.004345822774205709	0
C[+57.0215]LELFSELAEDKENYK	3	Ast-2024-12-05_HeLa_3mzDIA_6mIIT_400-900_55.mzML		15.627715	15.740894716667	0.12324846575684527	0
C[+57.0215]LELFSELAEDKENYK	3	Ast-2024-12-05_HeLa_3mzDIA_6mIIT_400-900_60.mzML	15.696183816667	15.542186616667	15.696183816667	0.0028772098722212496	1
C[+57.0215]LIELEPVLR	2	Ast-2024-12-05_HeLa_3mzDIA_6mIIT_400-900_49.mzML	16.576923183333	16.502140583333	16.653836033333	4.735633272559373E-05	0
C[+57.0215]LIELEPVLR	2	Ast-2024-12-05_HeLa_3mzDIA_6mIIT_400-900_55.mzML	16.486382216667	16.42989805	16.582355416667	2.157357668327832E-05	0
C[+57.0215]LIELEPVLR	2	Ast-2024-12-05_HeLa_3mzDIA_6mIIT_400-900_60.mzML	16.399737816667	16.3609128	16.495503616667	2.0708650003106297E-05	1
C[+57.0215]LLDTFK	2	Ast-2024-12-05_HeLa_3mzDIA_6mIIT_400-900_49.mzML	12.919320666667	12.835435166667	12.972239266667	0.00043002996337809346	0
C[+57.0215]LLDTFK	2	Ast-2024-12-05_HeLa_3mzDIA_6mIIT_400-900_55.mzML	12.82881435	12.778275733333	12.91356895	0.0002592649077321946	1
C[+57.0215]LLDTFK	2	Ast-2024-12-05_HeLa_3mzDIA_6mIIT_400-900_60.mzML	12.845944066667	12.710280516667	12.845944066667	0.0005992170230898293	0
C[+57.0215]LPEWLR	2	Ast-2024-12-05_HeLa_3mzDIA_6mIIT_400-900_49.mzML	13.843784733333	13.826330133333	13.912659616667	0.0006214316231017206	0
C[+57.0215]LPEWLR	2	Ast-2024-12-05_HeLa_3mzDIA_6mIIT_400-900_55.mzML	13.83671035	13.74816985	13.870644816667	0.001698160516058444	0
C[+57.0215]LPEWLR	2	Ast-2024-12-05_HeLa_3mzDIA_6mIIT_400-900_60.mzML	13.696617666667	13.642812016667	13.783751916667	0.00030086821971976276	1
C[+57.0215]LTGLAVGLR	2	Ast-2024-12-05_HeLa_3mzDIA_6mIIT_400-900_49.mzML	13.12258195	13.106386083333	13.2054846	0.008058861190435057	0
C[+57.0215]LTGLAVGLR	2	Ast-2024-12-05_HeLa_3mzDIA_6mIIT_400-900_55.mzML	13.068777666667	13.035130116667	13.13724385	0.006005787961455081	0
C[+57.0215]LTGLAVGLR	2	Ast-2024-12-05_HeLa_3mzDIA_6mIIT_400-900_60.mzML	12.9826008	12.948791816667	13.050391566667	0.0005992170230898293	1
C[+57.0215]LYFADTFLR	2	Ast-2024-12-05_HeLa_3mzDIA_6mIIT_400-900_49.mzML	17.665706366667	17.584829066667	17.74576755	0.0002567006417516044	0
C[+57.0215]LYFADTFLR	2	Ast-2024-12-05_HeLa_3mzDIA_6mIIT_400-900_55.mzML	17.591349766667	17.52954745	17.651930866667	0.0004558955584720591	0
C[+57.0215]LYFADTFLR	2	Ast-2024-12-05_HeLa_3mzDIA_6mIIT_400-900_60.mzML	17.471387533333	17.450783166667	17.573975083333	0.00022717979008587396	1
C[+57.0215]QC[+57.0215]EEGFQLDPHTK	2	Ast-2024-12-05_HeLa_3mzDIA_6mIIT_400-900_49.mzML	8.8300979	8.744178483333	8.864313966667	0.0003594122890249863	0
C[+57.0215]QC[+57.0215]EEGFQLDPHTK	2	Ast-2024-12-05_HeLa_3mzDIA_6mIIT_400-900_55.mzML	8.757907816667	8.68749655	8.82599525	4.178767681410752E-05	1
C[+57.0215]QC[+57.0215]EEGFQLDPHTK	2	Ast-2024-12-05_HeLa_3mzDIA_6mIIT_400-900_60.mzML	8.72289705	8.669907433333	8.757811	0.0007611021641774581	0
C[+57.0215]QGGNNAGHTVVVDGK	2	Ast-2024-12-05_HeLa_3mzDIA_6mIIT_400-900_49.mzML	4.624535433333	4.54540625	4.70402395	3.127345509131849E-05	0
C[+57.0215]QGGNNAGHTVVVDGK	2	Ast-2024-12-05_HeLa_3mzDIA_6mIIT_400-900_55.mzML	4.614135116667	4.534126283333	4.653945683333	2.157357668327832E-05	0
C[+57.0215]QGGNNAGHTVVVDGK	2	Ast-2024-12-05_HeLa_3mzDIA_6mIIT_400-900_60.mzML	4.5784439	4.516961083333	4.638878266667	2.0708650003106297E-05	1
C[+57.0215]QSSC[+57.0215]GQVK	2	Ast-2024-12-05_HeLa_3mzDIA_6mIIT_400-900_49.mzML	2.2972267	2.250812866667	2.363972516667	8.922516863556873E-05	1
C[+57.0215]QSSC[+57.0215]GQVK	2	Ast-2024-12-05_HeLa_3mzDIA_6mIIT_400-900_55.mzML	2.27607285	2.229882716667	2.344136283333	0.00040377821039728893	0
C[+57.0215]QSSC[+57.0215]GQVK	2	Ast-2024-12-05_HeLa_3mzDIA_6mIIT_400-900_60.mzML	2.280453433333	2.234096066667	2.325273666667	0.0002631425062861821	0
C[+57.0215]QTAMPQYGC[+57.0215]VWC[+57.0215]EGERPR	3	Ast-2024-12-05_HeLa_3mzDIA_6mIIT_400-900_49.mzML	11.7331687	11.6483262	11.750078433333	0.0071924071065886126	0
C[+57.0215]QTAMPQYGC[+57.0215]VWC[+57.0215]EGERPR	3	Ast-2024-12-05_HeLa_3mzDIA_6mIIT_400-900_55.mzML	11.669607783333	11.56617535	11.702694266667	0.000251853484235546	1
C[+57.0215]QTAMPQYGC[+57.0215]VWC[+57.0215]EGERPR	3	Ast-2024-12-05_HeLa_3mzDIA_6mIIT_400-900_60.mzML	11.626365683333	11.507007033333	11.64388885	0.0007027406886858749	0
C[+57.0215]REDQWYPLEPR	3	Ast-2024-12-05_HeLa_3mzDIA_6mIIT_400-900_49.mzML		11.7945735	11.924684116667	0.014317054403169561	0
C[+57.0215]REDQWYPLEPR	3	Ast-2024-12-05_HeLa_3mzDIA_6mIIT_400-900_55.mzML	11.7985388	11.733014833333	11.8481752	0.0022344008804206453	0
C[+57.0215]REDQWYPLEPR	3	Ast-2024-12-05_HeLa_3mzDIA_6mIIT_400-900_60.mzML	11.723705383333	11.690459516667	11.805631233333	0.0008226702611028844	1
C[+57.0215]SYIAESDAAVK	2	Ast-2024-12-05_HeLa_3mzDIA_6mIIT_400-900_49.mzML		8.42777785	8.5144039	0.11400251398524233	0
C[+57.0215]SYIAESDAAVK	2	Ast-2024-12-05_HeLa_3mzDIA_6mIIT_400-900_55.mzML	8.474942666667	8.4408624	8.509491716667	0.0006168059948293285	1
C[+57.0215]SYIAESDAAVK	2	Ast-2024-12-05_HeLa_3mzDIA_6mIIT_400-900_60.mzML		8.3731722	8.460030383333	0.14605813908836066	0
C[+57.0215]TPEGWSEHR	2	Ast-2024-12-05_HeLa_3mzDIA_6mIIT_400-900_49.mzML	5.597711966667	5.559822766667	5.6365694	3.127345509131849E-05	0
C[+57.0215]TPEGWSEHR	2	Ast-2024-12-05_HeLa_3mzDIA_6mIIT_400-900_55.mzML	5.573047733333	5.534677733333	5.649587233333	2.157357668327832E-05	1
C[+57.0215]TPEGWSEHR	2	Ast-2024-12-05_HeLa_3mzDIA_6mIIT_400-900_60.mzML	5.5223145	5.444895233333	5.60111	0.00014914490255866366	0
C[+57.0215]VETIVSAIK	2	Ast-2024-12-05_HeLa_3mzDIA_6mIIT_400-900_49.mzML	12.2114938	12.1604634	12.276683866667	0.005829129138423763	0
C[+57.0215]VETIVSAIK	2	Ast-2024-12-05_HeLa_3mzDIA_6mIIT_400-900_55.mzML	12.170054033333	12.116948866667	12.204717116667	0.008195213668226687	0
C[+57.0215]VETIVSAIK	2	Ast-2024-12-05_HeLa_3mzDIA_6mIIT_400-900_60.mzML	12.092874866667	12.0407003	12.144156483333	0.00200369219685713	1
C[+57.0215]VLFETFGR	2	Ast-2024-12-05_HeLa_3mzDIA_6mIIT_400-900_49.mzML	14.828126233333	14.774849166667	14.917898566667	4.735633272559373E-05	0
C[+57.0215]VLFETFGR	2	Ast-2024-12-05_HeLa_3mzDIA_6mIIT_400-900_55.mzML	14.748849266667	14.6782942	14.81901875	2.157357668327832E-05	0
C[+57.0215]VLFETFGR	2	Ast-2024-12-05_HeLa_3mzDIA_6mIIT_400-900_60.mzML	14.656273666667	14.620809566667	14.764407183333	2.0708650003106297E-05	1
C[+57.0215]VTC[+57.0215]NYC[+57.0215]SQLC[+57.0215]K	2	Ast-2024-12-05_HeLa_3mzDIA_6mIIT_400-900_49.mzML	8.3062732	8.2713326	8.37702815	4.735633272559373E-05	0
C[+57.0215]VTC[+57.0215]NYC[+57.0215]SQLC[+57.0215]K	2	Ast-2024-12-05_HeLa_3mzDIA_6mIIT_400-900_55.mzML	8.284948616667	8.214395716667	8.320475966667	2.157357668327832E-05	0
C[+57.0215]VTC[+57.0215]NYC[+57.0215]SQLC[+57.0215]K	2	Ast-2024-12-05_HeLa_3mzDIA_6mIIT_400-900_60.mzML	8.251231433333	8.198167866667	8.305403333333	2.0708650003106297E-05	1
C[+57.0215]YLDINALQELYQK	2	Ast-2024-12-05_HeLa_3mzDIA_6mIIT_400-900_49.mzML	18.629160283333	18.503623416667	18.69191605	0.0046521816228395	0
C[+57.0215]YLDINALQELYQK	2	Ast-2024-12-05_HeLa_3mzDIA_6mIIT_400-900_55.mzML		18.509178866667	18.6160907	1	0
C[+57.0215]YLDINALQELYQK	2	Ast-2024-12-05_HeLa_3mzDIA_6mIIT_400-900_60.mzML	18.498473516667	18.4133436	18.520542983333	0.00019084272968717696	1
DAGVVC[+57.0215]TNETR	2	Ast-2024-12-05_HeLa_3mzDIA_6mIIT_400-900_49.mzML	5.7690664	5.674188916667	5.825239733333	6.014193496652099E-05	1
DAGVVC[+57.0215]TNETR	2	Ast-2024-12-05_HeLa_3mzDIA_6mIIT_400-900_55.mzML	5.724597933333	5.649114133333	5.7625713	0.0002032692470568307	0
DAGVVC[+57.0215]TNETR	2	Ast-2024-12-05_HeLa_3mzDIA_6mIIT_400-900_60.mzML	5.695922166667	5.619616533333	5.771203383333	0.00022717979008587396	0
DAGYGGISLAVEGPSK	2	Ast-2024-12-05_HeLa_3mzDIA_6mIIT_400-900_49.mzML	13.693600366667	13.592424183333	13.796133066667	3.127345509131849E-05	0
DAGYGGISLAVEGPSK	2	Ast-2024-12-05_HeLa_3mzDIA_6mIIT_400-900_55.mzML	13.66558775	13.5802901	13.75239325	2.157357668327832E-05	0
DAGYGGISLAVEGPSK	2	Ast-2024-12-05_HeLa_3mzDIA_6mIIT_400-900_60.mzML	13.594140133333	13.507862666667	13.718212266667	2.0708650003106297E-05	1
DAMEQC[+57.0215]HNYNAR	3	Ast-2024-12-05_HeLa_3mzDIA_6mIIT_400-900_49.mzML	4.916977516667	4.820397716667	4.955920616667	0.0013373787376741587	0
DAMEQC[+57.0215]HNYNAR	3	Ast-2024-12-05_HeLa_3mzDIA_6mIIT_400-900_55.mzML	4.8702624	4.811836683333	4.9293473	0.0006196924489327519	0
DAMEQC[+57.0215]HNYNAR	3	Ast-2024-12-05_HeLa_3mzDIA_6mIIT_400-900_60.mzML	4.8560202	4.77649925	4.894798883333	0.000292438556116416	1
DATNVAAAFEEAVR	2	Ast-2024-12-05_HeLa_3mzDIA_6mIIT_400-900_49.mzML	16.897474566667	16.823056783333	16.974228116667	3.127345509131849E-05	0
DATNVAAAFEEAVR	2	Ast-2024-12-05_HeLa_3mzDIA_6mIIT_400-900_55.mzML	16.847779433333	16.77254795	16.907982883333	2.157357668327832E-05	0
DATNVAAAFEEAVR	2	Ast-2024-12-05_HeLa_3mzDIA_6mIIT_400-900_60.mzML	16.803034433333	16.706224266667	16.86379125	2.0708650003106297E-05	1
DAVGQPPR	2	Ast-2024-12-05_HeLa_3mzDIA_6mIIT_400-900_49.mzML	4.537431316667	4.436837116667	4.6366111	0.0004194806829145518	0
DAVGQPPR	2	Ast-2024-12-05_HeLa_3mzDIA_6mIIT_400-900_55.mzML	4.5060136	4.445020566667	4.566366933333	5.984082340973012E-05	1
DAVGQPPR	2	Ast-2024-12-05_HeLa_3mzDIA_6mIIT_400-900_60.mzML	4.508958516667	4.404892883333	4.611080466667	0.00020280494844074196	0
DC[+57.0215]IFTIDPSTAR	2	Ast-2024-12-05_HeLa_3mzDIA_6mIIT_400-900_49.mzML	14.379834183333	14.304140316667	14.47015505	3.127345509131849E-05	0
DC[+57.0215]IFTIDPSTAR	2	Ast-2024-12-05_HeLa_3mzDIA_6mIIT_400-900_55.mzML	14.351834016667	14.262092083333	14.439700916667	2.157357668327832E-05	0
DC[+57.0215]IFTIDPSTAR	2	Ast-2024-12-05_HeLa_3mzDIA_6mIIT_400-900_60.mzML	14.3285108	14.236786116667	14.416049833333	2.0708650003106297E-05	1
DC[+57.0215]LTESNLIK	2	Ast-2024-12-05_HeLa_3mzDIA_6mIIT_400-900_49.mzML	11.2053587	11.1214059	11.288823716667	3.127345509131849E-05	0
DC[+57.0215]LTESNLIK	2	Ast-2024-12-05_HeLa_3mzDIA_6mIIT_400-900_55.mzML	11.150003916667	11.11708755	11.249517683333	2.157357668327832E-05	0
DC[+57.0215]LTESNLIK	2	Ast-2024-12-05_HeLa_3mzDIA_6mIIT_400-900_60.mzML	11.126992816667	11.092650983333	11.22591125	2.0708650003106297E-05	1
DC[+57.0215]PQDFVARPK	3	Ast-2024-12-05_HeLa_3mzDIA_6mIIT_400-900_49.mzML	7.88257285	7.810567133333	7.917342283333	0.00030296244582899746	1
DC[+57.0215]PQDFVARPK	3	Ast-2024-12-05_HeLa_3mzDIA_6mIIT_400-900_55.mzML	7.858503683333	7.78762375	7.929494333333	0.005623376161155995	0
DC[+57.0215]PQDFVARPK	3	Ast-2024-12-05_HeLa_3mzDIA_6mIIT_400-900_60.mzML	7.820780816667	7.69535255	7.838401966667	0.0032231920780273317	0
DC[+57.0215]QIAHGAAQFLR	2	Ast-2024-12-05_HeLa_3mzDIA_6mIIT_400-900_49.mzML	11.965079366667	11.914682533333	12.051434666667	3.127345509131849E-05	0
DC[+57.0215]QIAHGAAQFLR	2	Ast-2024-12-05_HeLa_3mzDIA_6mIIT_400-900_55.mzML	11.901238533333	11.850794766667	11.989547233333	2.157357668327832E-05	0
DC[+57.0215]QIAHGAAQFLR	2	Ast-2024-12-05_HeLa_3mzDIA_6mIIT_400-900_60.mzML	11.860120633333	11.791251883333	11.930661366667	2.0708650003106297E-05	1
DDEPVC[+57.0215]GRPLGIR	3	Ast-2024-12-05_HeLa_3mzDIA_6mIIT_400-900_49.mzML	9.451643583333	9.3843162	9.519239666667	4.735633272559373E-05	0
DDEPVC[+57.0215]GRPLGIR	3	Ast-2024-12-05_HeLa_3mzDIA_6mIIT_400-900_55.mzML	9.420213883333	9.317563416667	9.45424155	5.984082340973012E-05	0
DDEPVC[+57.0215]GRPLGIR	3	Ast-2024-12-05_HeLa_3mzDIA_6mIIT_400-900_60.mzML	9.354531583333	9.2866175	9.42283585	2.0708650003106297E-05	1
DDVIVTASNFSSER	2	Ast-2024-12-05_HeLa_3mzDIA_6mIIT_400-900_49.mzML	12.590622966667	12.511484216667	12.641385416667	3.127345509131849E-05	0
DDVIVTASNFSSER	2	Ast-2024-12-05_HeLa_3mzDIA_6mIIT_400-900_55.mzML	12.52854535	12.461993133333	12.596755416667	2.157357668327832E-05	0
DDVIVTASNFSSER	2	Ast-2024-12-05_HeLa_3mzDIA_6mIIT_400-900_60.mzML	12.497488583333	12.42995155	12.567498466667	2.0708650003106297E-05	1
DEEISNLHQR	2	Ast-2024-12-05_HeLa_3mzDIA_6mIIT_400-900_49.mzML	5.8501611	5.812648283333	5.90656065	0.0035220536840863087	0
DEEISNLHQR	2	Ast-2024-12-05_HeLa_3mzDIA_6mIIT_400-900_55.mzML	5.808819516667	5.771914633333	5.88487095	0.008282778765038707	0
DEEISNLHQR	2	Ast-2024-12-05_HeLa_3mzDIA_6mIIT_400-900_60.mzML	5.781096983333	5.7242009	5.878491183333	0.0005756281709749535	1
DEGNEAVEAVLLESIHR	3	Ast-2024-12-05_HeLa_3mzDIA_6mIIT_400-900_49.mzML	17.53357525	17.43208875	17.59435175	3.127345509131849E-05	0
DEGNEAVEAVLLESIHR	3	Ast-2024-12-05_HeLa_3mzDIA_6mIIT_400-900_55.mzML	17.456462633333	17.372018816667	17.53912395	2.157357668327832E-05	0
DEGNEAVEAVLLESIHR	3	Ast-2024-12-05_HeLa_3mzDIA_6mIIT_400-900_60.mzML	17.378240216667	17.2935411	17.460785783333	2.0708650003106297E-05	1
DEPIHILNVAIK	2	Ast-2024-12-05_HeLa_3mzDIA_6mIIT_400-900_49.mzML	15.210378316667	15.1378991	15.2989249	3.127345509131849E-05	0
DEPIHILNVAIK	2	Ast-2024-12-05_HeLa_3mzDIA_6mIIT_400-900_55.mzML	15.150177583333	15.0762505	15.223938033333	2.157357668327832E-05	0
DEPIHILNVAIK	2	Ast-2024-12-05_HeLa_3mzDIA_6mIIT_400-900_60.mzML	15.061180116667	14.985995966667	15.136018066667	2.0708650003106297E-05	1
DETYKPHLER	3	Ast-2024-12-05_HeLa_3mzDIA_6mIIT_400-900_49.mzML	5.7888675	5.731354666667	5.863335783333	6.014193496652099E-05	1
DETYKPHLER	3	Ast-2024-12-05_HeLa_3mzDIA_6mIIT_400-900_55.mzML	5.7255406	5.66852915	5.781516383333	0.0003467361851314387	0
DETYKPHLER	3	Ast-2024-12-05_HeLa_3mzDIA_6mIIT_400-900_60.mzML	5.72135625	5.66457645	5.7588601	0.00010414677752512541	0
DEVPYLR	2	Ast-2024-12-05_HeLa_3mzDIA_6mIIT_400-900_49.mzML	10.476745366667	10.408816933333	10.54289385	3.127345509131849E-05	0
DEVPYLR	2	Ast-2024-12-05_HeLa_3mzDIA_6mIIT_400-900_55.mzML	10.438165666667	10.370577583333	10.505424533333	2.157357668327832E-05	0
DEVPYLR	2	Ast-2024-12-05_HeLa_3mzDIA_6mIIT_400-900_60.mzML	10.393754066667	10.32522345	10.493445116667	2.0708650003106297E-05	1
DFIHTASISFLTPLR	2	Ast-2024-12-05_HeLa_3mzDIA_6mIIT_400-900_49.mzML	19.42675695	19.33959385	19.513134316667	4.311738708634257E-05	0
DFIHTASISFLTPLR	2	Ast-2024-12-05_HeLa_3mzDIA_6mIIT_400-900_55.mzML	19.337653166667	19.271920783333	19.4236817	2.157357668327832E-05	0
DFIHTASISFLTPLR	2	Ast-2024-12-05_HeLa_3mzDIA_6mIIT_400-900_60.mzML	19.222621	19.200462866667	19.332456533333	2.0708650003106297E-05	1
DFMATNPEHLEILK	2	Ast-2024-12-05_HeLa_3mzDIA_6mIIT_400-900_49.mzML	15.0061039	14.912958283333	15.023873566667	0.0003594122890249863	1
DFMATNPEHLEILK	2	Ast-2024-12-05_HeLa_3mzDIA_6mIIT_400-900_55.mzML	14.925336733333	14.761658033333	14.979768783333	0.0008278872568081183	0
DFMATNPEHLEILK	2	Ast-2024-12-05_HeLa_3mzDIA_6mIIT_400-900_60.mzML		14.7368757	14.88244235	0.0192442096708655	0
DFPPAAAQVAHQK	2	Ast-2024-12-05_HeLa_3mzDIA_6mIIT_400-900_49.mzML	8.3653913	8.15629225	8.47167675	4.735633272559373E-05	0
DFPPAAAQVAHQK	2	Ast-2024-12-05_HeLa_3mzDIA_6mIIT_400-900_55.mzML	8.291567516667	8.116771	8.43252555	2.157357668327832E-05	1
DFPPAAAQVAHQK	2	Ast-2024-12-05_HeLa_3mzDIA_6mIIT_400-900_60.mzML	8.276028566667	8.1864892	8.3298881	7.46742336556771E-05	0
DGDGTITTK	2	Ast-2024-12-05_HeLa_3mzDIA_6mIIT_400-900_49.mzML	3.853429533333	3.750775716667	3.996427366667	3.127345509131849E-05	0
DGDGTITTK	2	Ast-2024-12-05_HeLa_3mzDIA_6mIIT_400-900_55.mzML	3.837949516667	3.715234183333	4.001494483333	2.157357668327832E-05	0
DGDGTITTK	2	Ast-2024-12-05_HeLa_3mzDIA_6mIIT_400-900_60.mzML	3.829868316667	3.705305966667	3.99608815	2.0708650003106297E-05	1
DGIDDESYEAIFKPVMSK	3	Ast-2024-12-05_HeLa_3mzDIA_6mIIT_400-900_49.mzML	16.860075383333	16.784718033333	16.934150833333	3.127345509131849E-05	0
DGIDDESYEAIFKPVMSK	3	Ast-2024-12-05_HeLa_3mzDIA_6mIIT_400-900_55.mzML	16.809392083333	16.733714716667	16.88666	2.157357668327832E-05	0
DGIDDESYEAIFKPVMSK	3	Ast-2024-12-05_HeLa_3mzDIA_6mIIT_400-900_60.mzML	16.76317205	16.685801916667	16.842867883333	2.0708650003106297E-05	1
DGLALGMGQGLKAWPR	3	Ast-2024-12-05_HeLa_3mzDIA_6mIIT_400-900_49.mzML	15.65040555	15.46697505	15.722533333333	0.0007400160545855911	1
DGLALGMGQGLKAWPR	3	Ast-2024-12-05_HeLa_3mzDIA_6mIIT_400-900_55.mzML	15.617186	15.41345165	15.729581983333	0.0011796711365770277	0
DGLALGMGQGLKAWPR	3	Ast-2024-12-05_HeLa_3mzDIA_6mIIT_400-900_60.mzML	15.55022935	15.3836149	15.665737983333	0.005190293204190136	0
DGLVVFGK	2	Ast-2024-12-05_HeLa_3mzDIA_6mIIT_400-900_49.mzML	12.95478075	12.937123783333	13.0548534	0.003175719598878907	0
DGLVVFGK	2	Ast-2024-12-05_HeLa_3mzDIA_6mIIT_400-900_55.mzML	12.965092483333	12.8966301	13.033079066667	0.0002882937561641757	0
DGLVVFGK	2	Ast-2024-12-05_HeLa_3mzDIA_6mIIT_400-900_60.mzML	12.89698585	12.82853535	12.997534966667	0.00020280494844074196	1
DGTFDPDNLEK	2	Ast-2024-12-05_HeLa_3mzDIA_6mIIT_400-900_49.mzML	11.112561116667	11.06090265	11.231014516667	0.0003594122890249863	0
DGTFDPDNLEK	2	Ast-2024-12-05_HeLa_3mzDIA_6mIIT_400-900_55.mzML	11.108981983333	11.023097716667	11.175287833333	0.0002032692470568307	1
DGTFDPDNLEK	2	Ast-2024-12-05_HeLa_3mzDIA_6mIIT_400-900_60.mzML	11.10137715	11.000472333333	11.169353066667	0.000436746782404564	0
DHLVTAYNHLFETK	3	Ast-2024-12-05_HeLa_3mzDIA_6mIIT_400-900_49.mzML	12.264114266667	12.215371266667	12.314910683333	3.127345509131849E-05	0
DHLVTAYNHLFETK	3	Ast-2024-12-05_HeLa_3mzDIA_6mIIT_400-900_55.mzML	12.209153683333	12.157475416667	12.260517166667	2.157357668327832E-05	0
DHLVTAYNHLFETK	3	Ast-2024-12-05_HeLa_3mzDIA_6mIIT_400-900_60.mzML	12.131264866667	12.079809616667	12.18159625	2.0708650003106297E-05	1
DHQLDTR	2	Ast-2024-12-05_HeLa_3mzDIA_6mIIT_400-900_49.mzML	2.886883383333	2.8437278	2.951055866667	0.0004420988643585422	0
DHQLDTR	2	Ast-2024-12-05_HeLa_3mzDIA_6mIIT_400-900_55.mzML	2.86912205	2.80393885	2.97632675	0.0002032692470568307	1
DHQLDTR	2	Ast-2024-12-05_HeLa_3mzDIA_6mIIT_400-900_60.mzML	2.83050435	2.80846475	2.917203966667	0.004401688551367175	0
DHSPDLYSLELAGLDEIGK	3	Ast-2024-12-05_HeLa_3mzDIA_6mIIT_400-900_49.mzML	18.969635266667	18.886408483333	19.054937283333	3.127345509131849E-05	0
DHSPDLYSLELAGLDEIGK	3	Ast-2024-12-05_HeLa_3mzDIA_6mIIT_400-900_55.mzML	18.921907033333	18.83569385	19.008074883333	2.157357668327832E-05	0
DHSPDLYSLELAGLDEIGK	3	Ast-2024-12-05_HeLa_3mzDIA_6mIIT_400-900_60.mzML	18.8489455	18.76321725	18.93601155	2.0708650003106297E-05	1
DHTFLYEK	2	Ast-2024-12-05_HeLa_3mzDIA_6mIIT_400-900_49.mzML	8.162677333333	8.127820233333	8.233244316667	4.735633272559373E-05	0
DHTFLYEK	2	Ast-2024-12-05_HeLa_3mzDIA_6mIIT_400-900_55.mzML	8.0703388	8.0703388	8.175563166667	0.00041956281554620084	0
DHTFLYEK	2	Ast-2024-12-05_HeLa_3mzDIA_6mIIT_400-900_60.mzML	8.033503316667	7.980230133333	8.08642385	2.0708650003106297E-05	1
DHVYLQLHHLPPEQLATR	3	Ast-2024-12-05_HeLa_3mzDIA_6mIIT_400-900_49.mzML	11.420794783333	11.321973366667	11.5045382	6.014193496652099E-05	0
DHVYLQLHHLPPEQLATR	3	Ast-2024-12-05_HeLa_3mzDIA_6mIIT_400-900_55.mzML	11.319648116667	11.251313716667	11.405127933333	2.157357668327832E-05	0
DHVYLQLHHLPPEQLATR	3	Ast-2024-12-05_HeLa_3mzDIA_6mIIT_400-900_60.mzML	11.294093233333	11.179097133333	11.361595266667	2.0708650003106297E-05	1
DIDFLAEK	2	Ast-2024-12-05_HeLa_3mzDIA_6mIIT_400-900_49.mzML	13.5630439	13.5630439	13.64713975	0.0025207801379909817	0
DIDFLAEK	2	Ast-2024-12-05_HeLa_3mzDIA_6mIIT_400-900_55.mzML	13.566532966667	13.51631345	13.635755933333	0.0011609907120743034	1
DIDFLAEK	2	Ast-2024-12-05_HeLa_3mzDIA_6mIIT_400-900_60.mzML	13.461129766667	13.443997933333	13.5814421	0.0032671253624129127	0
DIGTNLPTLLWK	2	Ast-2024-12-05_HeLa_3mzDIA_6mIIT_400-900_49.mzML	19.320986783333	19.257441233333	19.38572955	0.003612777824727457	0
DIGTNLPTLLWK	2	Ast-2024-12-05_HeLa_3mzDIA_6mIIT_400-900_55.mzML	19.25756855	19.148131016667	19.323481433333	0.0006292936179138917	0
DIGTNLPTLLWK	2	Ast-2024-12-05_HeLa_3mzDIA_6mIIT_400-900_60.mzML	19.185988716667	19.1194892	19.252465483333	2.0708650003106297E-05	1
DILVATDVAGR	2	Ast-2024-12-05_HeLa_3mzDIA_6mIIT_400-900_49.mzML	12.235346016667	12.099003366667	12.268158033333	4.735633272559373E-05	0
DILVATDVAGR	2	Ast-2024-12-05_HeLa_3mzDIA_6mIIT_400-900_55.mzML	12.195695366667	12.054314016667	12.231239133333	2.157357668327832E-05	0
DILVATDVAGR	2	Ast-2024-12-05_HeLa_3mzDIA_6mIIT_400-900_60.mzML	12.152134583333	12.031605	12.202048283333	2.0708650003106297E-05	1
DKLDPDMALC[+57.0215]R	3	Ast-2024-12-05_HeLa_3mzDIA_6mIIT_400-900_49.mzML		10.0652002	10.162979283333	0.023575918093054513	0
DKLDPDMALC[+57.0215]R	3	Ast-2024-12-05_HeLa_3mzDIA_6mIIT_400-900_55.mzML	10.103298416667	10.054508983333	10.13741585	0.005654690459043504	1
DKLDPDMALC[+57.0215]R	3	Ast-2024-12-05_HeLa_3mzDIA_6mIIT_400-900_60.mzML		10.023050616667	10.158039316667	0.0369820322419299	0
DKPLELWDVR	2	Ast-2024-12-05_HeLa_3mzDIA_6mIIT_400-900_49.mzML	13.80368075	13.7344945	13.872415833333	4.735633272559373E-05	1
DKPLELWDVR	2	Ast-2024-12-05_HeLa_3mzDIA_6mIIT_400-900_55.mzML	13.764617733333	13.6768792	13.817754866667	0.0003467361851314387	0
DKPLELWDVR	2	Ast-2024-12-05_HeLa_3mzDIA_6mIIT_400-900_60.mzML	13.676872166667	13.6053868	13.712225166667	0.0006664859247209797	0
DLAEDLYDGQVLQK	3	Ast-2024-12-05_HeLa_3mzDIA_6mIIT_400-900_49.mzML	15.940956866667	15.8497201	15.977289933333	0.0015952553387226214	0
DLAEDLYDGQVLQK	3	Ast-2024-12-05_HeLa_3mzDIA_6mIIT_400-900_55.mzML	15.9304149	15.837789283333	15.986181216667	0.0012473712424229929	1
DLAEDLYDGQVLQK	3	Ast-2024-12-05_HeLa_3mzDIA_6mIIT_400-900_60.mzML	15.871367133333	15.814176716667	15.963914833333	0.0015144784136343443	0
DLC[+57.0215]QAHGLPLDGEER	2	Ast-2024-12-05_HeLa_3mzDIA_6mIIT_400-900_49.mzML	10.692882016667	10.6238822	10.760108616667	3.127345509131849E-05	0
DLC[+57.0215]QAHGLPLDGEER	2	Ast-2024-12-05_HeLa_3mzDIA_6mIIT_400-900_55.mzML	10.64062945	10.60638425	10.708438433333	2.157357668327832E-05	0
DLC[+57.0215]QAHGLPLDGEER	2	Ast-2024-12-05_HeLa_3mzDIA_6mIIT_400-900_60.mzML	10.5945223	10.525301916667	10.662862533333	2.0708650003106297E-05	1
DLDDNLFGQHLAK	2	Ast-2024-12-05_HeLa_3mzDIA_6mIIT_400-900_49.mzML	13.617432433333	13.55050395	13.684988066667	4.735633272559373E-05	0
DLDDNLFGQHLAK	2	Ast-2024-12-05_HeLa_3mzDIA_6mIIT_400-900_55.mzML	13.576327816667	13.50839555	13.6449035	0.0001491869312248247	0
DLDDNLFGQHLAK	2	Ast-2024-12-05_HeLa_3mzDIA_6mIIT_400-900_60.mzML	13.482677133333	13.431380216667	13.56818335	2.0708650003106297E-05	1
DLEALMFDR	2	Ast-2024-12-05_HeLa_3mzDIA_6mIIT_400-900_49.mzML	17.48021845	17.400510166667	17.5623605	0.0001048327916972429	0
DLEALMFDR	2	Ast-2024-12-05_HeLa_3mzDIA_6mIIT_400-900_55.mzML	17.42334055	17.339732016667	17.50714125	0.0003029843963035904	0
DLEALMFDR	2	Ast-2024-12-05_HeLa_3mzDIA_6mIIT_400-900_60.mzML	17.344269916667	17.30262495	17.469482483333	5.721696673787E-05	1
DLEGAGDAAAWQAEHVR	2	Ast-2024-12-05_HeLa_3mzDIA_6mIIT_400-900_49.mzML	11.909066016667	11.875799883333	11.943044266667	0.00019287023047992542	1
DLEGAGDAAAWQAEHVR	2	Ast-2024-12-05_HeLa_3mzDIA_6mIIT_400-900_55.mzML		11.812123766667	11.912476283333	0.010214391076804946	0
DLEGAGDAAAWQAEHVR	2	Ast-2024-12-05_HeLa_3mzDIA_6mIIT_400-900_60.mzML	11.802706683333	11.769277016667	11.8543937	0.007693971510675772	0
DLGYLQQWLK	2	Ast-2024-12-05_HeLa_3mzDIA_6mIIT_400-900_49.mzML	19.438895733333	19.3737355	19.525357383333	7.30887297178775E-05	1
DLGYLQQWLK	2	Ast-2024-12-05_HeLa_3mzDIA_6mIIT_400-900_55.mzML	19.37619565	19.3113031	19.484455983333	0.0003439355195669403	0
DLGYLQQWLK	2	Ast-2024-12-05_HeLa_3mzDIA_6mIIT_400-900_60.mzML	19.2841369	19.240257116667	19.416772283333	0.00022717979008587396	0
DLLFQALGR	2	Ast-2024-12-05_HeLa_3mzDIA_6mIIT_400-900_49.mzML	17.26797715	17.168238683333	17.369926283333	4.735633272559373E-05	0
DLLFQALGR	2	Ast-2024-12-05_HeLa_3mzDIA_6mIIT_400-900_55.mzML	17.184518433333	17.14367585	17.308397716667	2.157357668327832E-05	0
DLLFQALGR	2	Ast-2024-12-05_HeLa_3mzDIA_6mIIT_400-900_60.mzML	17.124803933333	17.041516016667	17.20783135	2.0708650003106297E-05	1
DLSLENGAHAYNR	2	Ast-2024-12-05_HeLa_3mzDIA_6mIIT_400-900_49.mzML	8.810593933333	8.75891825	8.861566083333	3.127345509131849E-05	0
DLSLENGAHAYNR	2	Ast-2024-12-05_HeLa_3mzDIA_6mIIT_400-900_55.mzML	8.755269616667	8.684724716667	8.82330795	2.157357668327832E-05	0
DLSLENGAHAYNR	2	Ast-2024-12-05_HeLa_3mzDIA_6mIIT_400-900_60.mzML	8.7249182	8.637105266667	8.776950266667	2.0708650003106297E-05	1
DLSQQIR	2	Ast-2024-12-05_HeLa_3mzDIA_6mIIT_400-900_49.mzML	7.3616291	7.290552366667	7.432312866667	0.00019287023047992542	1
DLSQQIR	2	Ast-2024-12-05_HeLa_3mzDIA_6mIIT_400-900_55.mzML	7.335059666667	7.264584833333	7.352942716667	0.0021318867756049647	0
DLSQQIR	2	Ast-2024-12-05_HeLa_3mzDIA_6mIIT_400-900_60.mzML	7.296107583333	7.225097666667	7.3320507	0.0032167923056927476	0
DMPLLSC[+57.0215]LESLR	2	Ast-2024-12-05_HeLa_3mzDIA_6mIIT_400-900_49.mzML	21.25772585	21.0775818	21.348677866667	0.0005539216332775016	0
DMPLLSC[+57.0215]LESLR	2	Ast-2024-12-05_HeLa_3mzDIA_6mIIT_400-900_55.mzML	21.1928587	21.1242933	21.283961933333	2.157357668327832E-05	0
DMPLLSC[+57.0215]LESLR	2	Ast-2024-12-05_HeLa_3mzDIA_6mIIT_400-900_60.mzML	21.110527833333	21.0187649	21.156050383333	2.0708650003106297E-05	1
DMSPLSETEMALGK	2	Ast-2024-12-05_HeLa_3mzDIA_6mIIT_400-900_49.mzML	15.913070516667	15.840113983333	15.98559695	3.127345509131849E-05	0
DMSPLSETEMALGK	2	Ast-2024-12-05_HeLa_3mzDIA_6mIIT_400-900_55.mzML	15.846662466667	15.789754083333	15.938595066667	2.157357668327832E-05	0
DMSPLSETEMALGK	2	Ast-2024-12-05_HeLa_3mzDIA_6mIIT_400-900_60.mzML	15.82329425	15.74602105	15.8981332	2.0708650003106297E-05	1
DMVC[+57.0215]NMLGLNK	2	Ast-2024-12-05_HeLa_3mzDIA_6mIIT_400-900_49.mzML	15.307576316667	15.218265183333	15.34214	0.00038372440060827426	1
DMVC[+57.0215]NMLGLNK	2	Ast-2024-12-05_HeLa_3mzDIA_6mIIT_400-900_55.mzML		15.177464916667	15.269121683333	0.015124643803678537	0
DMVC[+57.0215]NMLGLNK	2	Ast-2024-12-05_HeLa_3mzDIA_6mIIT_400-900_60.mzML		15.0886259	15.255921266667	0.07013265987401666	0
DMYLVPK	2	Ast-2024-12-05_HeLa_3mzDIA_6mIIT_400-900_49.mzML	11.317911416667	11.25301695	11.33398985	0.0004194806829145518	1
DMYLVPK	2	Ast-2024-12-05_HeLa_3mzDIA_6mIIT_400-900_55.mzML	11.280175283333	11.147641483333	11.297773216667	0.003690942257021858	0
DMYLVPK	2	Ast-2024-12-05_HeLa_3mzDIA_6mIIT_400-900_60.mzML	11.191263433333	11.1069638	11.240600333333	0.0017393307608132235	0
DNAC[+57.0215]NDMGK	2	Ast-2024-12-05_HeLa_3mzDIA_6mIIT_400-900_49.mzML	3.1722203	3.026232733333	3.2747292	4.735633272559373E-05	1
DNAC[+57.0215]NDMGK	2	Ast-2024-12-05_HeLa_3mzDIA_6mIIT_400-900_55.mzML	3.155706166667	3.051404033333	3.25830275	5.984082340973012E-05	0
DNAC[+57.0215]NDMGK	2	Ast-2024-12-05_HeLa_3mzDIA_6mIIT_400-900_60.mzML	3.141320766667	3.014367033333	3.22435405	0.00021560353589798872	0
DNFQDTLQVVTAHYR	3	Ast-2024-12-05_HeLa_3mzDIA_6mIIT_400-900_49.mzML	15.569706866667	15.49563185	15.6419805	3.127345509131849E-05	0
DNFQDTLQVVTAHYR	3	Ast-2024-12-05_HeLa_3mzDIA_6mIIT_400-900_55.mzML	15.4983582	15.423188316667	15.572627666667	2.157357668327832E-05	0
DNFQDTLQVVTAHYR	3	Ast-2024-12-05_HeLa_3mzDIA_6mIIT_400-900_60.mzML	15.448553383333	15.374722516667	15.485325516667	2.0708650003106297E-05	1
DNFYQHNVEK	2	Ast-2024-12-05_HeLa_3mzDIA_6mIIT_400-900_49.mzML	6.472640133333	6.417216966667	6.5449017	4.735633272559373E-05	1
DNFYQHNVEK	2	Ast-2024-12-05_HeLa_3mzDIA_6mIIT_400-900_55.mzML	6.449241766667	6.374928916667	6.485686216667	0.0002592649077321946	0
DNFYQHNVEK	2	Ast-2024-12-05_HeLa_3mzDIA_6mIIT_400-900_60.mzML	6.3860416	6.349126833333	6.460742233333	7.46742336556771E-05	0
DNTSVYHISGK	2	Ast-2024-12-05_HeLa_3mzDIA_6mIIT_400-900_49.mzML	6.572000783333	6.5175451	6.626787883333	3.127345509131849E-05	0
DNTSVYHISGK	2	Ast-2024-12-05_HeLa_3mzDIA_6mIIT_400-900_55.mzML	6.54934065	6.476127266667	6.585972883333	2.157357668327832E-05	0
DNTSVYHISGK	2	Ast-2024-12-05_HeLa_3mzDIA_6mIIT_400-900_60.mzML	6.487690316667	6.45096665	6.562238616667	2.0708650003106297E-05	1
DPQGFINDWLQSQC[+57.0215]R	3	Ast-2024-12-05_HeLa_3mzDIA_6mIIT_400-900_49.mzML	19.04292745	18.99998765	19.17085235	0.0003594122890249863	0
DPQGFINDWLQSQC[+57.0215]R	3	Ast-2024-12-05_HeLa_3mzDIA_6mIIT_400-900_55.mzML	19.017595616667	18.952647066667	19.12522035	5.984082340973012E-05	1
DPQGFINDWLQSQC[+57.0215]R	3	Ast-2024-12-05_HeLa_3mzDIA_6mIIT_400-900_60.mzML	18.988292466667	18.923922716667	19.052910883333	7.46742336556771E-05	0
DPSASNGGGSPAR	2	Ast-2024-12-05_HeLa_3mzDIA_6mIIT_400-900_49.mzML	3.0908165	3.048586683333	3.152870116667	3.127345509131849E-05	0
DPSASNGGGSPAR	2	Ast-2024-12-05_HeLa_3mzDIA_6mIIT_400-900_55.mzML	3.073823633333	3.010130033333	3.1361457	2.157357668327832E-05	0
DPSASNGGGSPAR	2	Ast-2024-12-05_HeLa_3mzDIA_6mIIT_400-900_60.mzML	3.079542716667	3.01587285	3.14261675	2.0708650003106297E-05	1
DPSQPQQWVSSQVLLC[+57.0215]K	3	Ast-2024-12-05_HeLa_3mzDIA_6mIIT_400-900_49.mzML	16.055800883333	15.94820775	16.093123133333	0.00019287023047992542	0
DPSQPQQWVSSQVLLC[+57.0215]K	3	Ast-2024-12-05_HeLa_3mzDIA_6mIIT_400-900_55.mzML	15.974777583333	15.93726075	16.048651416667	2.157357668327832E-05	1
DPSQPQQWVSSQVLLC[+57.0215]K	3	Ast-2024-12-05_HeLa_3mzDIA_6mIIT_400-900_60.mzML	15.915381833333	15.859923883333	16.08861875	0.00010414677752512541	0
DPTQHKEDEGEIQPENK	3	Ast-2024-12-05_HeLa_3mzDIA_6mIIT_400-900_49.mzML		4.838192633333	4.9153095	0.02506366307541626	0
DPTQHKEDEGEIQPENK	3	Ast-2024-12-05_HeLa_3mzDIA_6mIIT_400-900_55.mzML	4.888367816667	4.810095733333	4.888367816667	0.0014286216143424243	1
DPTQHKEDEGEIQPENK	3	Ast-2024-12-05_HeLa_3mzDIA_6mIIT_400-900_60.mzML		4.774907866667	4.89311405	0.01244545013738484	0
DQFNYKPILTK	3	Ast-2024-12-05_HeLa_3mzDIA_6mIIT_400-900_49.mzML	11.07081335	11.020261116667	11.122979016667	0.004474312809725837	0
DQFNYKPILTK	3	Ast-2024-12-05_HeLa_3mzDIA_6mIIT_400-900_55.mzML		10.9647948	11.067027166667	0.0114499337814957	0
DQFNYKPILTK	3	Ast-2024-12-05_HeLa_3mzDIA_6mIIT_400-900_60.mzML	10.955799933333	10.921490616667	11.00641565	0.0007671260899583195	1
DQINIETK	2	Ast-2024-12-05_HeLa_3mzDIA_6mIIT_400-900_49.mzML	7.35366445	7.300398833333	7.4066627	0.0020139754317251204	0
DQINIETK	2	Ast-2024-12-05_HeLa_3mzDIA_6mIIT_400-900_55.mzML	7.291833266667	7.274241083333	7.362730533333	0.0006168059948293285	0
DQINIETK	2	Ast-2024-12-05_HeLa_3mzDIA_6mIIT_400-900_60.mzML	7.252713933333	7.234617233333	7.341962933333	0.00020280494844074196	1
DQLESVLEVLHR	2	Ast-2024-12-05_HeLa_3mzDIA_6mIIT_400-900_49.mzML	17.308045383333	17.24734345	17.388843916667	0.005098254046794373	0
DQLESVLEVLHR	2	Ast-2024-12-05_HeLa_3mzDIA_6mIIT_400-900_55.mzML	17.312318383333	17.229555066667	17.373844533333	0.00169009581016113	1
DQLESVLEVLHR	2	Ast-2024-12-05_HeLa_3mzDIA_6mIIT_400-900_60.mzML		17.1650263	17.227816766667	1	0
DRPC[+57.0215]ETC[+57.0215]GK	2	Ast-2024-12-05_HeLa_3mzDIA_6mIIT_400-900_49.mzML	2.320859066667	2.2520265	2.41015145	0.0001048327916972429	0
DRPC[+57.0215]ETC[+57.0215]GK	2	Ast-2024-12-05_HeLa_3mzDIA_6mIIT_400-900_55.mzML	2.299952483333	2.254239366667	2.3902269	2.157357668327832E-05	1
DRPC[+57.0215]ETC[+57.0215]GK	2	Ast-2024-12-05_HeLa_3mzDIA_6mIIT_400-900_60.mzML	2.281652283333	2.212192283333	2.348944283333	0.00010414677752512541	0
DSDGDGRGDAC[+57.0215]K	2	Ast-2024-12-05_HeLa_3mzDIA_6mIIT_400-900_49.mzML	2.1721985	2.124853883333	2.264933066667	4.735633272559373E-05	0
DSDGDGRGDAC[+57.0215]K	2	Ast-2024-12-05_HeLa_3mzDIA_6mIIT_400-900_55.mzML	2.17449065	2.127199933333	2.220842333333	2.157357668327832E-05	1
DSDGDGRGDAC[+57.0215]K	2	Ast-2024-12-05_HeLa_3mzDIA_6mIIT_400-900_60.mzML	2.174159933333	2.1269099	2.22066135	0.00013454121445869585	0
DSLSVNEFK	2	Ast-2024-12-05_HeLa_3mzDIA_6mIIT_400-900_49.mzML	10.874130416667	10.82188405	10.926159066667	3.127345509131849E-05	0
DSLSVNEFK	2	Ast-2024-12-05_HeLa_3mzDIA_6mIIT_400-900_55.mzML	10.820898433333	10.786619566667	10.88824975	2.157357668327832E-05	0
DSLSVNEFK	2	Ast-2024-12-05_HeLa_3mzDIA_6mIIT_400-900_60.mzML	10.777196233333	10.708741883333	10.846530283333	2.0708650003106297E-05	1
DSVPSLQGEK	2	Ast-2024-12-05_HeLa_3mzDIA_6mIIT_400-900_49.mzML	7.8176987	7.727448533333	7.871996966667	8.922516863556873E-05	0
DSVPSLQGEK	2	Ast-2024-12-05_HeLa_3mzDIA_6mIIT_400-900_55.mzML	7.759067933333	7.722809516667	7.830768783333	0.00022830305599947815	0
DSVPSLQGEK	2	Ast-2024-12-05_HeLa_3mzDIA_6mIIT_400-900_60.mzML	7.738313	7.66644835	7.810001733333	2.0708650003106297E-05	1
DTLLTLAGC[+57.0215]TPYEVR	2	Ast-2024-12-05_HeLa_3mzDIA_6mIIT_400-900_49.mzML	16.824978983333	16.729126916667	16.880703983333	3.127345509131849E-05	0
DTLLTLAGC[+57.0215]TPYEVR	2	Ast-2024-12-05_HeLa_3mzDIA_6mIIT_400-900_55.mzML	16.774318966667	16.677646333333	16.8304285	2.157357668327832E-05	0
DTLLTLAGC[+57.0215]TPYEVR	2	Ast-2024-12-05_HeLa_3mzDIA_6mIIT_400-900_60.mzML	16.688824866667	16.610391366667	16.7658936	2.0708650003106297E-05	1
DTLQEANDILNNLK	2	Ast-2024-12-05_HeLa_3mzDIA_6mIIT_400-900_49.mzML	18.34001935	18.3199052	18.440606183333	6.014193496652099E-05	0
DTLQEANDILNNLK	2	Ast-2024-12-05_HeLa_3mzDIA_6mIIT_400-900_55.mzML	18.3390173	18.2557136	18.422727366667	2.157357668327832E-05	0
DTLQEANDILNNLK	2	Ast-2024-12-05_HeLa_3mzDIA_6mIIT_400-900_60.mzML	18.28544535	18.202034966667	18.369246733333	2.0708650003106297E-05	1
DTSFSGLSLEEYK	2	Ast-2024-12-05_HeLa_3mzDIA_6mIIT_400-900_49.mzML	14.84809615	14.79534465	14.9404495	4.735633272559373E-05	0
DTSFSGLSLEEYK	2	Ast-2024-12-05_HeLa_3mzDIA_6mIIT_400-900_55.mzML	14.804164516667	14.751564083333	14.894449316667	2.157357668327832E-05	0
DTSFSGLSLEEYK	2	Ast-2024-12-05_HeLa_3mzDIA_6mIIT_400-900_60.mzML	14.7487637	14.694869183333	14.839251566667	2.0708650003106297E-05	1
DTSVEDALER	2	Ast-2024-12-05_HeLa_3mzDIA_6mIIT_400-900_49.mzML	10.21966465	10.121103633333	10.253252583333	0.00019287023047992542	0
DTSVEDALER	2	Ast-2024-12-05_HeLa_3mzDIA_6mIIT_400-900_55.mzML	10.194435583333	10.110182566667	10.211019066667	0.000251853484235546	0
DTSVEDALER	2	Ast-2024-12-05_HeLa_3mzDIA_6mIIT_400-900_60.mzML	10.13047275	10.046036566667	10.1816126	2.0708650003106297E-05	1
DVEGSTSPQIGDK	2	Ast-2024-12-05_HeLa_3mzDIA_6mIIT_400-900_49.mzML	6.971338166667	6.89760985	7.042393833333	3.127345509131849E-05	0
DVEGSTSPQIGDK	2	Ast-2024-12-05_HeLa_3mzDIA_6mIIT_400-900_55.mzML	6.9296743	6.8747058	7.018506116667	2.157357668327832E-05	0
DVEGSTSPQIGDK	2	Ast-2024-12-05_HeLa_3mzDIA_6mIIT_400-900_60.mzML	6.922060083333	6.8494898	6.993878216667	2.0708650003106297E-05	1
DVHTLLDR	2	Ast-2024-12-05_HeLa_3mzDIA_6mIIT_400-900_49.mzML	9.283885733333	9.232915583333	9.367605016667	4.735633272559373E-05	0
DVHTLLDR	2	Ast-2024-12-05_HeLa_3mzDIA_6mIIT_400-900_55.mzML	9.216460066667	9.180325616667	9.283396633333	0.00019756811609820932	0
DVHTLLDR	2	Ast-2024-12-05_HeLa_3mzDIA_6mIIT_400-900_60.mzML	9.149879	9.098473566667	9.235361216667	2.0708650003106297E-05	1
DVLLLEGVTLTQDSR	2	Ast-2024-12-05_HeLa_3mzDIA_6mIIT_400-900_49.mzML	18.554388816667	18.5127053	18.617569966667	0.00746969264051594	0
DVLLLEGVTLTQDSR	2	Ast-2024-12-05_HeLa_3mzDIA_6mIIT_400-900_55.mzML	18.47567825	18.433270933333	18.518565966667	0.0004666099415365191	1
DVLLLEGVTLTQDSR	2	Ast-2024-12-05_HeLa_3mzDIA_6mIIT_400-900_60.mzML		18.337454116667	18.464848866667	0.029513871814793324	0
DVQNFPAATDEK	2	Ast-2024-12-05_HeLa_3mzDIA_6mIIT_400-900_49.mzML	8.653171983333	8.548789883333	8.7223507	3.127345509131849E-05	0
DVQNFPAATDEK	2	Ast-2024-12-05_HeLa_3mzDIA_6mIIT_400-900_55.mzML	8.596296366667	8.527167366667	8.701955366667	0.0005239329903139568	0
DVQNFPAATDEK	2	Ast-2024-12-05_HeLa_3mzDIA_6mIIT_400-900_60.mzML	8.582931783333	8.4779548	8.653384816667	2.0708650003106297E-05	1
DVYESLC[+57.0215]R	2	Ast-2024-12-05_HeLa_3mzDIA_6mIIT_400-900_49.mzML	9.443869133333	9.443869133333	9.528342783333	0.001487703557900278	0
DVYESLC[+57.0215]R	2	Ast-2024-12-05_HeLa_3mzDIA_6mIIT_400-900_55.mzML	9.412316333333	9.412316333333	9.49818005	0.0005618729096989966	1
DVYESLC[+57.0215]R	2	Ast-2024-12-05_HeLa_3mzDIA_6mIIT_400-900_60.mzML	9.3806062	9.3806062	9.48394575	0.003114656248304303	0
EAAAQQQAER	2	Ast-2024-12-05_HeLa_3mzDIA_6mIIT_400-900_49.mzML	2.588023466667	2.499636916667	2.631060883333	0.003061901805023232	0
EAAAQQQAER	2	Ast-2024-12-05_HeLa_3mzDIA_6mIIT_400-900_55.mzML	2.61058695	2.434928216667	2.61058695	0.0033347317692365617	0
EAAAQQQAER	2	Ast-2024-12-05_HeLa_3mzDIA_6mIIT_400-900_60.mzML	2.50605435	2.461326683333	2.550040133333	2.0708650003106297E-05	1
EAC[+57.0215]PELDYFVVFSSVSC[+57.0215]GR	3	Ast-2024-12-05_HeLa_3mzDIA_6mIIT_400-900_49.mzML	20.60933795	20.5641198	20.6976683	3.127345509131849E-05	0
EAC[+57.0215]PELDYFVVFSSVSC[+57.0215]GR	3	Ast-2024-12-05_HeLa_3mzDIA_6mIIT_400-900_55.mzML	20.56065955	20.471004216667	20.649986766667	2.157357668327832E-05	0
EAC[+57.0215]PELDYFVVFSSVSC[+57.0215]GR	3	Ast-2024-12-05_HeLa_3mzDIA_6mIIT_400-900_60.mzML	20.5156307	20.4006138	20.584157316667	2.0708650003106297E-05	1
EAEVLLLQQR	2	Ast-2024-12-05_HeLa_3mzDIA_6mIIT_400-900_49.mzML	12.52513375	12.460873966667	12.588478566667	3.127345509131849E-05	0
EAEVLLLQQR	2	Ast-2024-12-05_HeLa_3mzDIA_6mIIT_400-900_55.mzML	12.475889333333	12.409416916667	12.543518033333	2.157357668327832E-05	0
EAEVLLLQQR	2	Ast-2024-12-05_HeLa_3mzDIA_6mIIT_400-900_60.mzML	12.411305666667	12.344009783333	12.47792615	2.0708650003106297E-05	1
EAFAIVPVSPAEVR	2	Ast-2024-12-05_HeLa_3mzDIA_6mIIT_400-900_49.mzML	15.608203816667	15.497982533333	15.680209316667	3.127345509131849E-05	0
EAFAIVPVSPAEVR	2	Ast-2024-12-05_HeLa_3mzDIA_6mIIT_400-900_55.mzML	15.53822275	15.444930216667	15.628965266667	2.157357668327832E-05	0
EAFAIVPVSPAEVR	2	Ast-2024-12-05_HeLa_3mzDIA_6mIIT_400-900_60.mzML	15.469407616667	15.35847765	15.543754333333	2.0708650003106297E-05	1
EAFAIVSVPVSEIR	3	Ast-2024-12-05_HeLa_3mzDIA_6mIIT_400-900_49.mzML	17.138770466667	17.038957316667	17.177726683333	0.0032272151157217567	0
EAFAIVSVPVSEIR	3	Ast-2024-12-05_HeLa_3mzDIA_6mIIT_400-900_55.mzML	17.014222883333	16.9942019	17.0933795	0.00041956281554620084	1
EAFAIVSVPVSEIR	3	Ast-2024-12-05_HeLa_3mzDIA_6mIIT_400-900_60.mzML	17.011659	16.849357983333	17.011659	0.0028772098722212496	0
EAFDEVDMAHR	3	Ast-2024-12-05_HeLa_3mzDIA_6mIIT_400-900_49.mzML	9.2145362	9.1793037	9.283154916667	3.127345509131849E-05	1
EAFDEVDMAHR	3	Ast-2024-12-05_HeLa_3mzDIA_6mIIT_400-900_55.mzML	9.17952	9.11056295	9.248755633333	5.984082340973012E-05	0
EAFDEVDMAHR	3	Ast-2024-12-05_HeLa_3mzDIA_6mIIT_400-900_60.mzML	9.115113066667	9.062169916667	9.166312816667	0.00010414677752512541	0
EAHAQSIGMNR	3	Ast-2024-12-05_HeLa_3mzDIA_6mIIT_400-900_49.mzML	4.748648666667	4.689540166667	4.807742533333	9.455817691834901E-05	0
EAHAQSIGMNR	3	Ast-2024-12-05_HeLa_3mzDIA_6mIIT_400-900_55.mzML	4.738808633333	4.659407216667	4.818716783333	0.00019105004041443163	0
EAHAQSIGMNR	3	Ast-2024-12-05_HeLa_3mzDIA_6mIIT_400-900_60.mzML	4.72404935	4.644147733333	4.803756316667	3.554291807357384E-05	1
EALGC[+57.0215]HIEQATK	3	Ast-2024-12-05_HeLa_3mzDIA_6mIIT_400-900_49.mzML	6.831941883333	6.813373433333	6.9073984	0.007578875171467764	0
EALGC[+57.0215]HIEQATK	3	Ast-2024-12-05_HeLa_3mzDIA_6mIIT_400-900_55.mzML	6.790833583333	6.753733916667	6.8474109	0.003959219128606044	1
EALGC[+57.0215]HIEQATK	3	Ast-2024-12-05_HeLa_3mzDIA_6mIIT_400-900_60.mzML		6.655926283333	6.785093233333	0.01587039861494703	0
EANFTVSSMHGDMPQK	3	Ast-2024-12-05_HeLa_3mzDIA_6mIIT_400-900_49.mzML	9.774918733333	9.707520866667	9.84254885	3.127345509131849E-05	0
EANFTVSSMHGDMPQK	3	Ast-2024-12-05_HeLa_3mzDIA_6mIIT_400-900_55.mzML	9.728674633333	9.659519616667	9.796252466667	2.157357668327832E-05	0
EANFTVSSMHGDMPQK	3	Ast-2024-12-05_HeLa_3mzDIA_6mIIT_400-900_60.mzML	9.678746533333	9.609644816667	9.747241983333	2.0708650003106297E-05	1
EAQNDLEQVLR	2	Ast-2024-12-05_HeLa_3mzDIA_6mIIT_400-900_49.mzML	12.27780925	12.212568683333	12.345557566667	3.127345509131849E-05	0
EAQNDLEQVLR	2	Ast-2024-12-05_HeLa_3mzDIA_6mIIT_400-900_55.mzML	12.240942433333	12.188337666667	12.324482916667	2.157357668327832E-05	0
EAQNDLEQVLR	2	Ast-2024-12-05_HeLa_3mzDIA_6mIIT_400-900_60.mzML	12.1786376	12.11144925	12.245340716667	2.0708650003106297E-05	1
EAQSLISAAIEPDK	2	Ast-2024-12-05_HeLa_3mzDIA_6mIIT_400-900_49.mzML	13.386680716667	13.2839293	13.525450266667	3.127345509131849E-05	0
EAQSLISAAIEPDK	2	Ast-2024-12-05_HeLa_3mzDIA_6mIIT_400-900_55.mzML	13.354532916667	13.24942775	13.459741733333	2.157357668327832E-05	0
EAQSLISAAIEPDK	2	Ast-2024-12-05_HeLa_3mzDIA_6mIIT_400-900_60.mzML	13.321198883333	13.197391783333	13.389572816667	2.0708650003106297E-05	1
EASFEYLQNEGER	2	Ast-2024-12-05_HeLa_3mzDIA_6mIIT_400-900_49.mzML	11.225217266667	11.158942633333	11.29140625	0.00015336900582802222	0
EASFEYLQNEGER	2	Ast-2024-12-05_HeLa_3mzDIA_6mIIT_400-900_55.mzML	11.186333083333	11.1198619	11.252377816667	0.00019756811609820932	0
EASFEYLQNEGER	2	Ast-2024-12-05_HeLa_3mzDIA_6mIIT_400-900_60.mzML	11.129862716667	11.095454233333	11.228778783333	5.721696673787E-05	1
EATTDFTVDSR	2	Ast-2024-12-05_HeLa_3mzDIA_6mIIT_400-900_49.mzML	8.601116433333	8.513953583333	8.721666216667	3.127345509131849E-05	0
EATTDFTVDSR	2	Ast-2024-12-05_HeLa_3mzDIA_6mIIT_400-900_55.mzML	8.543784983333	8.474327766667	8.647915266667	2.157357668327832E-05	0
EATTDFTVDSR	2	Ast-2024-12-05_HeLa_3mzDIA_6mIIT_400-900_60.mzML	8.495138816667	8.442357716667	8.617525066667	2.0708650003106297E-05	1
EAYPDHTQFEK	3	Ast-2024-12-05_HeLa_3mzDIA_6mIIT_400-900_49.mzML	6.675152966667	6.619079333333	6.73178485	0.00017347056782699203	0
EAYPDHTQFEK	3	Ast-2024-12-05_HeLa_3mzDIA_6mIIT_400-900_55.mzML	6.633672383333	6.5965588	6.7083355	0.001253776745524428	0
EAYPDHTQFEK	3	Ast-2024-12-05_HeLa_3mzDIA_6mIIT_400-900_60.mzML	6.610897566667	6.535026783333	6.683789716667	2.0708650003106297E-05	1
EC[+57.0215]LLSAPR	2	Ast-2024-12-05_HeLa_3mzDIA_6mIIT_400-900_49.mzML	9.137316683333	9.05213775	9.154206266667	0.00043002996337809346	0
EC[+57.0215]LLSAPR	2	Ast-2024-12-05_HeLa_3mzDIA_6mIIT_400-900_55.mzML	9.084892283333	9.015574133333	9.15324975	0.0002032692470568307	1
EC[+57.0215]LLSAPR	2	Ast-2024-12-05_HeLa_3mzDIA_6mIIT_400-900_60.mzML	9.035985166667	8.968911183333	9.106727766667	0.0008660073296852252	0
EDEISLEDLIER	2	Ast-2024-12-05_HeLa_3mzDIA_6mIIT_400-900_49.mzML	18.00089725	17.920259683333	18.082705216667	3.127345509131849E-05	0
EDEISLEDLIER	2	Ast-2024-12-05_HeLa_3mzDIA_6mIIT_400-900_55.mzML	17.9529175	17.869320116667	18.03623705	2.157357668327832E-05	0
EDEISLEDLIER	2	Ast-2024-12-05_HeLa_3mzDIA_6mIIT_400-900_60.mzML	17.874262916667	17.83237725	17.957399616667	2.0708650003106297E-05	1
EDELWASFLNDVGPK	2	Ast-2024-12-05_HeLa_3mzDIA_6mIIT_400-900_49.mzML	20.8111885	20.722725716667	20.900384316667	0.00019287023047992542	0
EDELWASFLNDVGPK	2	Ast-2024-12-05_HeLa_3mzDIA_6mIIT_400-900_55.mzML	20.7641937	20.69719585	20.808766516667	0.0012246074052730154	0
EDELWASFLNDVGPK	2	Ast-2024-12-05_HeLa_3mzDIA_6mIIT_400-900_60.mzML	20.6786227	20.609397666667	20.7930344	0.00010414677752512541	1
EDEQQQALQDIASR	3	Ast-2024-12-05_HeLa_3mzDIA_6mIIT_400-900_49.mzML	11.283550766667	11.21713225	11.347425933333	0.004941026458399745	1
EDEQQQALQDIASR	3	Ast-2024-12-05_HeLa_3mzDIA_6mIIT_400-900_55.mzML	11.244438283333	11.178221733333	11.31204655	0.005890063949265735	0
EDEQQQALQDIASR	3	Ast-2024-12-05_HeLa_3mzDIA_6mIIT_400-900_60.mzML	11.20480975	11.138554333333	11.270381066667	0.0052157207749070865	0
EDFLNIC[+57.0215]IEPDTISK	2	Ast-2024-12-05_HeLa_3mzDIA_6mIIT_400-900_49.mzML	17.932956483333	17.85201385	18.013893133333	3.127345509131849E-05	0
EDFLNIC[+57.0215]IEPDTISK	2	Ast-2024-12-05_HeLa_3mzDIA_6mIIT_400-900_55.mzML	17.903545266667	17.80060445	17.966703716667	2.157357668327832E-05	0
EDFLNIC[+57.0215]IEPDTISK	2	Ast-2024-12-05_HeLa_3mzDIA_6mIIT_400-900_60.mzML	17.825068416667	17.784565083333	17.908726266667	2.0708650003106297E-05	1
EDIPSEK	2	Ast-2024-12-05_HeLa_3mzDIA_6mIIT_400-900_49.mzML	4.765291316667	4.70641565	4.824293916667	0.0003594122890249863	0
EDIPSEK	2	Ast-2024-12-05_HeLa_3mzDIA_6mIIT_400-900_55.mzML	4.755855233333	4.67632175	4.835434766667	0.0002032692470568307	1
EDIPSEK	2	Ast-2024-12-05_HeLa_3mzDIA_6mIIT_400-900_60.mzML	4.70094605	4.661240716667	4.800731283333	0.0009086948403560092	0
EDISQGVHISVYR	3	Ast-2024-12-05_HeLa_3mzDIA_6mIIT_400-900_49.mzML	11.166747783333	11.080732216667	11.216378816667	0.0004414536950867397	0
EDISQGVHISVYR	3	Ast-2024-12-05_HeLa_3mzDIA_6mIIT_400-900_55.mzML	11.1156697	11.0471703	11.148693966667	2.157357668327832E-05	1
EDISQGVHISVYR	3	Ast-2024-12-05_HeLa_3mzDIA_6mIIT_400-900_60.mzML	11.03571665	11.002422166667	11.137890983333	0.00018255606577635477	0
EDLEEWVTIGR	3	Ast-2024-12-05_HeLa_3mzDIA_6mIIT_400-900_49.mzML	16.559389733333	16.503133283333	16.6551371	0.0025915158045309726	0
EDLEEWVTIGR	3	Ast-2024-12-05_HeLa_3mzDIA_6mIIT_400-900_55.mzML	16.52602035	16.430825683333	16.583612633333	0.0007049503177871274	0
EDLEEWVTIGR	3	Ast-2024-12-05_HeLa_3mzDIA_6mIIT_400-900_60.mzML	16.4772077	16.361891066667	16.516607166667	9.40453612125582E-05	1
EDQMDGDGPRPR	2	Ast-2024-12-05_HeLa_3mzDIA_6mIIT_400-900_49.mzML	4.582344466667	4.502464783333	4.602189066667	0.00013713658804168953	0
EDQMDGDGPRPR	2	Ast-2024-12-05_HeLa_3mzDIA_6mIIT_400-900_55.mzML	4.55144435	4.491013216667	4.611531333333	9.531616371504279E-05	1
EDQMDGDGPRPR	2	Ast-2024-12-05_HeLa_3mzDIA_6mIIT_400-900_60.mzML	4.5300085	4.42684585	4.59171445	0.0006391964387626983	0
EEDQATLVEQVK	2	Ast-2024-12-05_HeLa_3mzDIA_6mIIT_400-900_49.mzML	9.737619216667	9.651583383333	9.787587716667	3.127345509131849E-05	0
EEDQATLVEQVK	2	Ast-2024-12-05_HeLa_3mzDIA_6mIIT_400-900_55.mzML	9.65542095	9.604060433333	9.741945133333	2.157357668327832E-05	0
EEDQATLVEQVK	2	Ast-2024-12-05_HeLa_3mzDIA_6mIIT_400-900_60.mzML	9.640194433333	9.553736183333	9.692087433333	2.0708650003106297E-05	1
EEEDDVDLELR	2	Ast-2024-12-05_HeLa_3mzDIA_6mIIT_400-900_49.mzML	11.528420183333	11.461864533333	11.628466616667	0.00019287023047992542	0
EEEDDVDLELR	2	Ast-2024-12-05_HeLa_3mzDIA_6mIIT_400-900_55.mzML	11.497450116667	11.429842783333	11.632873616667	0.000251853484235546	0
EEEDDVDLELR	2	Ast-2024-12-05_HeLa_3mzDIA_6mIIT_400-900_60.mzML	11.438852083333	11.3357405	11.538925216667	9.054690329590728E-05	1
EEFAVPENSSVQQFK	2	Ast-2024-12-05_HeLa_3mzDIA_6mIIT_400-900_49.mzML	12.49695825	12.431543666667	12.560242383333	3.127345509131849E-05	0
EEFAVPENSSVQQFK	2	Ast-2024-12-05_HeLa_3mzDIA_6mIIT_400-900_55.mzML	12.463479733333	12.396625416667	12.530267333333	2.157357668327832E-05	0
EEFAVPENSSVQQFK	2	Ast-2024-12-05_HeLa_3mzDIA_6mIIT_400-900_60.mzML	12.41503225	12.3480092	12.481751783333	2.0708650003106297E-05	1
EEGEDSMAQEEK	2	Ast-2024-12-05_HeLa_3mzDIA_6mIIT_400-900_49.mzML	4.86714495	4.789766466667	4.944707983333	6.014193496652099E-05	1
EEGEDSMAQEEK	2	Ast-2024-12-05_HeLa_3mzDIA_6mIIT_400-900_55.mzML	4.8203411	4.800173283333	4.937948366667	0.0005010562808081902	0
EEGEDSMAQEEK	2	Ast-2024-12-05_HeLa_3mzDIA_6mIIT_400-900_60.mzML	4.845012666667	4.805439433333	4.942107616667	0.00016325730984604835	0
EEIPEEELAEDVEEIDHAER	3	Ast-2024-12-05_HeLa_3mzDIA_6mIIT_400-900_49.mzML	17.394848183333	17.31432685	17.474775183333	3.127345509131849E-05	0
EEIPEEELAEDVEEIDHAER	3	Ast-2024-12-05_HeLa_3mzDIA_6mIIT_400-900_55.mzML	17.334162583333	17.251941383333	17.417682983333	2.157357668327832E-05	0
EEIPEEELAEDVEEIDHAER	3	Ast-2024-12-05_HeLa_3mzDIA_6mIIT_400-900_60.mzML	17.2549879	17.192481833333	17.3179779	2.0708650003106297E-05	1
EELINFK	2	Ast-2024-12-05_HeLa_3mzDIA_6mIIT_400-900_49.mzML	11.7197475	11.582825216667	11.7197475	6.014193496652099E-05	0
EELINFK	2	Ast-2024-12-05_HeLa_3mzDIA_6mIIT_400-900_55.mzML	11.6039489	11.536229983333	11.6730398	2.157357668327832E-05	0
EELINFK	2	Ast-2024-12-05_HeLa_3mzDIA_6mIIT_400-900_60.mzML	11.543933266667	11.460522616667	11.5950465	2.0708650003106297E-05	1
EELVITPLPSGDVAATFQFR	3	Ast-2024-12-05_HeLa_3mzDIA_6mIIT_400-900_49.mzML	20.074570933333	19.942599866667	20.163043116667	4.735633272559373E-05	0
EELVITPLPSGDVAATFQFR	3	Ast-2024-12-05_HeLa_3mzDIA_6mIIT_400-900_55.mzML	19.93099795	19.862432933333	20.066838466667	2.157357668327832E-05	1
EELVITPLPSGDVAATFQFR	3	Ast-2024-12-05_HeLa_3mzDIA_6mIIT_400-900_60.mzML	19.87090185	19.825119866667	19.96475395	7.46742336556771E-05	0
EEMSLSDLNSQDR	2	Ast-2024-12-05_HeLa_3mzDIA_6mIIT_400-900_49.mzML	11.158279766667	11.106016016667	11.20758665	0.00458318108263298	0
EEMSLSDLNSQDR	2	Ast-2024-12-05_HeLa_3mzDIA_6mIIT_400-900_55.mzML	11.119187033333	11.033495816667	11.185561916667	0.007969554052809805	0
EEMSLSDLNSQDR	2	Ast-2024-12-05_HeLa_3mzDIA_6mIIT_400-900_60.mzML	11.094774633333	11.0436818	11.145769366667	0.000646992803855549	1
EGFQLLLNNK	2	Ast-2024-12-05_HeLa_3mzDIA_6mIIT_400-900_49.mzML	14.652053283333	14.599154833333	14.775248383333	0.00013713658804168953	0
EGFQLLLNNK	2	Ast-2024-12-05_HeLa_3mzDIA_6mIIT_400-900_55.mzML	14.644698666667	14.53589535	14.713688683333	2.157357668327832E-05	0
EGFQLLLNNK	2	Ast-2024-12-05_HeLa_3mzDIA_6mIIT_400-900_60.mzML	14.530744483333	14.458689166667	14.603702716667	2.0708650003106297E-05	1
EGLQYLQSLNFER	2	Ast-2024-12-05_HeLa_3mzDIA_6mIIT_400-900_49.mzML	16.65724845	16.65724845	16.757706083333	0.0005539216332775016	0
EGLQYLQSLNFER	2	Ast-2024-12-05_HeLa_3mzDIA_6mIIT_400-900_55.mzML	16.70688365	16.646834	16.70688365	0.0016605208309475275	0
EGLQYLQSLNFER	2	Ast-2024-12-05_HeLa_3mzDIA_6mIIT_400-900_60.mzML	16.559409183333	16.518470866667	16.6194545	0.00020280494844074196	1
EGLSFLGGLR	2	Ast-2024-12-05_HeLa_3mzDIA_6mIIT_400-900_49.mzML	16.397007033333	16.304070616667	16.453407583333	4.735633272559373E-05	0
EGLSFLGGLR	2	Ast-2024-12-05_HeLa_3mzDIA_6mIIT_400-900_55.mzML	16.283210783333	16.225800383333	16.379514016667	2.157357668327832E-05	0
EGLSFLGGLR	2	Ast-2024-12-05_HeLa_3mzDIA_6mIIT_400-900_60.mzML	16.23041705	16.172918	16.289887733333	2.0708650003106297E-05	1
EGLYQYK	2	Ast-2024-12-05_HeLa_3mzDIA_6mIIT_400-900_49.mzML	7.601313083333	7.53089995	7.6720045	3.127345509131849E-05	0
EGLYQYK	2	Ast-2024-12-05_HeLa_3mzDIA_6mIIT_400-900_55.mzML	7.559641516667	7.4885643	7.6310125	2.157357668327832E-05	0
EGLYQYK	2	Ast-2024-12-05_HeLa_3mzDIA_6mIIT_400-900_60.mzML	7.520976083333	7.449301616667	7.5923021	2.0708650003106297E-05	1
EGNVPNIIIAGPPGTGK	3	Ast-2024-12-05_HeLa_3mzDIA_6mIIT_400-900_49.mzML	13.787983466667	13.719900533333	13.8572359	4.311738708634257E-05	0
EGNVPNIIIAGPPGTGK	3	Ast-2024-12-05_HeLa_3mzDIA_6mIIT_400-900_55.mzML	13.744228416667	13.674754566667	13.815519566667	2.157357668327832E-05	0
EGNVPNIIIAGPPGTGK	3	Ast-2024-12-05_HeLa_3mzDIA_6mIIT_400-900_60.mzML	13.6747735	13.621682566667	13.762988516667	2.0708650003106297E-05	1
EGNYAIVANVESMDYDPLVVK	3	Ast-2024-12-05_HeLa_3mzDIA_6mIIT_400-900_49.mzML	18.929796483333	18.90893205	19.035273683333	6.014193496652099E-05	1
EGNYAIVANVESMDYDPLVVK	3	Ast-2024-12-05_HeLa_3mzDIA_6mIIT_400-900_55.mzML	18.945085816667	18.83746175	18.945085816667	0.0008826673960068625	0
EGNYAIVANVESMDYDPLVVK	3	Ast-2024-12-05_HeLa_3mzDIA_6mIIT_400-900_60.mzML	18.8076686	18.786313883333	18.8946739	0.00010414677752512541	0
EHLTSEAASGNHR	3	Ast-2024-12-05_HeLa_3mzDIA_6mIIT_400-900_49.mzML	3.051246666667	3.0093335	3.0935953	0.00020739429803943256	0
EHLTSEAASGNHR	3	Ast-2024-12-05_HeLa_3mzDIA_6mIIT_400-900_55.mzML	3.034047633333	2.949125583333	3.076487666667	2.157357668327832E-05	0
EHLTSEAASGNHR	3	Ast-2024-12-05_HeLa_3mzDIA_6mIIT_400-900_60.mzML	3.003067266667	2.96064865	3.04631305	2.0708650003106297E-05	1
EHMDEVC[+57.0215]SSQLLTSVR	3	Ast-2024-12-05_HeLa_3mzDIA_6mIIT_400-900_49.mzML	11.9633277	11.91304865	11.98024975	0.0002455381121188404	0
EHMDEVC[+57.0215]SSQLLTSVR	3	Ast-2024-12-05_HeLa_3mzDIA_6mIIT_400-900_55.mzML	11.89962535	11.832545733333	11.97031315	5.984082340973012E-05	1
EHMDEVC[+57.0215]SSQLLTSVR	3	Ast-2024-12-05_HeLa_3mzDIA_6mIIT_400-900_60.mzML	11.841121733333	11.77322745	11.911697633333	9.054690329590728E-05	0
EHNNLILLNK	2	Ast-2024-12-05_HeLa_3mzDIA_6mIIT_400-900_49.mzML	9.93643505	9.886955233333	9.988585566667	0.002812651543725416	0
EHNNLILLNK	2	Ast-2024-12-05_HeLa_3mzDIA_6mIIT_400-900_55.mzML		9.821547816667	9.905791466667	0.026928343222272933	0
EHNNLILLNK	2	Ast-2024-12-05_HeLa_3mzDIA_6mIIT_400-900_60.mzML	9.793445733333	9.690695183333	9.827239083333	0.0011929866843405435	1
EHPDPGSKDPEEDYPK	3	Ast-2024-12-05_HeLa_3mzDIA_6mIIT_400-900_49.mzML	5.626653233333	5.549961116667	5.702406366667	0.00015336900582802222	1
EHPDPGSKDPEEDYPK	3	Ast-2024-12-05_HeLa_3mzDIA_6mIIT_400-900_55.mzML	5.562911733333	5.505072266667	5.677325383333	0.004580393808571128	0
EHPDPGSKDPEEDYPK	3	Ast-2024-12-05_HeLa_3mzDIA_6mIIT_400-900_60.mzML	5.590996733333	5.4732563	5.610246383333	0.0018669034446645266	0
EIFTLQK	2	Ast-2024-12-05_HeLa_3mzDIA_6mIIT_400-900_49.mzML	10.881773916667	10.846353116667	10.949942716667	0.00015336900582802222	1
EIFTLQK	2	Ast-2024-12-05_HeLa_3mzDIA_6mIIT_400-900_55.mzML	10.810968266667	10.79411755	10.878839016667	0.0030749242096145516	0
EIFTLQK	2	Ast-2024-12-05_HeLa_3mzDIA_6mIIT_400-900_60.mzML	10.7330672	10.716344366667	10.837102	0.007294518778736375	0
EIHATIPETGLMHR	2	Ast-2024-12-05_HeLa_3mzDIA_6mIIT_400-900_49.mzML	10.5230474	10.455982566667	10.556149683333	0.0009369031746603726	0
EIHATIPETGLMHR	2	Ast-2024-12-05_HeLa_3mzDIA_6mIIT_400-900_55.mzML	10.456122866667	10.421843816667	10.506440183333	0.0013330077131285996	0
EIHATIPETGLMHR	2	Ast-2024-12-05_HeLa_3mzDIA_6mIIT_400-900_60.mzML	10.423842716667	10.3397214	10.457243433333	0.0009276323112886668	1
EISNLNQLIEEFKK	3	Ast-2024-12-05_HeLa_3mzDIA_6mIIT_400-900_49.mzML	17.603227883333	17.5217932	17.6840627	0.00023090066653325738	0
EISNLNQLIEEFKK	3	Ast-2024-12-05_HeLa_3mzDIA_6mIIT_400-900_55.mzML	17.52800055	17.465573416667	17.589754816667	0.00018126778690158972	0
EISNLNQLIEEFKK	3	Ast-2024-12-05_HeLa_3mzDIA_6mIIT_400-900_60.mzML	17.44918915	17.387613816667	17.510922983333	0.00010414677752512541	1
EKSDDILEEGEK	2	Ast-2024-12-05_HeLa_3mzDIA_6mIIT_400-900_49.mzML	7.111075033333	7.039353283333	7.165540266667	0.008104349903174346	0
EKSDDILEEGEK	2	Ast-2024-12-05_HeLa_3mzDIA_6mIIT_400-900_55.mzML	7.081828183333	7.0099053	7.11781775	0.0004666099415365191	0
EKSDDILEEGEK	2	Ast-2024-12-05_HeLa_3mzDIA_6mIIT_400-900_60.mzML	7.00295435	6.985276616667	7.0759799	0.00010414677752512541	1
ELAQQIQK	2	Ast-2024-12-05_HeLa_3mzDIA_6mIIT_400-900_49.mzML	5.86046475	5.786139283333	5.936084116667	3.127345509131849E-05	0
ELAQQIQK	2	Ast-2024-12-05_HeLa_3mzDIA_6mIIT_400-900_55.mzML	5.81605735	5.779013883333	5.891953	2.157357668327832E-05	0
ELAQQIQK	2	Ast-2024-12-05_HeLa_3mzDIA_6mIIT_400-900_60.mzML	5.78842335	5.712874883333	5.866689116667	2.0708650003106297E-05	1
ELC[+57.0215]GPWPSHQLLTNQLQR	3	Ast-2024-12-05_HeLa_3mzDIA_6mIIT_400-900_49.mzML	14.40911555	14.351756466667	14.496394033333	3.127345509131849E-05	0
ELC[+57.0215]GPWPSHQLLTNQLQR	3	Ast-2024-12-05_HeLa_3mzDIA_6mIIT_400-900_55.mzML	14.343667333333	14.28939695	14.431292266667	2.157357668327832E-05	1
ELC[+57.0215]GPWPSHQLLTNQLQR	3	Ast-2024-12-05_HeLa_3mzDIA_6mIIT_400-900_60.mzML	14.265376533333	14.209264966667	14.3200617	3.924492759310859E-05	0
ELDFVSHHVR	3	Ast-2024-12-05_HeLa_3mzDIA_6mIIT_400-900_49.mzML	8.1993689	8.164102133333	8.26800305	0.00017347056782699203	0
ELDFVSHHVR	3	Ast-2024-12-05_HeLa_3mzDIA_6mIIT_400-900_55.mzML	8.1422442	8.071759166667	8.210952483333	2.157357668327832E-05	0
ELDFVSHHVR	3	Ast-2024-12-05_HeLa_3mzDIA_6mIIT_400-900_60.mzML	8.070346716667	7.999186783333	8.140615766667	2.0708650003106297E-05	1
ELEEAMAGER	2	Ast-2024-12-05_HeLa_3mzDIA_6mIIT_400-900_49.mzML	7.691716933333	7.620867583333	7.763876666667	3.127345509131849E-05	0
ELEEAMAGER	2	Ast-2024-12-05_HeLa_3mzDIA_6mIIT_400-900_55.mzML	7.65073955	7.614413983333	7.723076616667	2.157357668327832E-05	0
ELEEAMAGER	2	Ast-2024-12-05_HeLa_3mzDIA_6mIIT_400-900_60.mzML	7.612154033333	7.540284466667	7.684885933333	2.0708650003106297E-05	1
ELEEELLLSSEDLR	2	Ast-2024-12-05_HeLa_3mzDIA_6mIIT_400-900_49.mzML	17.18391665	17.18391665	17.264080366667	0.0006008594903144063	1
ELEEELLLSSEDLR	2	Ast-2024-12-05_HeLa_3mzDIA_6mIIT_400-900_55.mzML	17.11951905	17.11951905	17.20066815	0.006005787961455081	0
ELEEELLLSSEDLR	2	Ast-2024-12-05_HeLa_3mzDIA_6mIIT_400-900_60.mzML	17.058034766667	17.058034766667	17.120705383333	0.0032671253624129127	0
ELGLAEHQLR	2	Ast-2024-12-05_HeLa_3mzDIA_6mIIT_400-900_49.mzML	8.694956716667	8.5915003	8.729727783333	0.0002567006417516044	1
ELGLAEHQLR	2	Ast-2024-12-05_HeLa_3mzDIA_6mIIT_400-900_55.mzML	8.620791666667	8.58629425	8.656041483333	0.00644834606123862	0
ELGLAEHQLR	2	Ast-2024-12-05_HeLa_3mzDIA_6mIIT_400-900_60.mzML	8.537922916667	8.503033933333	8.590022816667	0.0007027406886858749	0
ELLDTVNNVFK	3	Ast-2024-12-05_HeLa_3mzDIA_6mIIT_400-900_49.mzML		16.21352215	16.36211175	1	0
ELLDTVNNVFK	3	Ast-2024-12-05_HeLa_3mzDIA_6mIIT_400-900_55.mzML	16.2283334	16.152541816667	16.30502525	0.0022123042591666348	1
ELLDTVNNVFK	3	Ast-2024-12-05_HeLa_3mzDIA_6mIIT_400-900_60.mzML	16.175174483333	16.098169283333	16.25275725	0.008795833189610568	0
ELLEPLFK	2	Ast-2024-12-05_HeLa_3mzDIA_6mIIT_400-900_49.mzML	15.90882555	15.8169233	15.96291395	4.735633272559373E-05	0
ELLEPLFK	2	Ast-2024-12-05_HeLa_3mzDIA_6mIIT_400-900_55.mzML	15.803812283333	15.746930016667	15.89761395	2.157357668327832E-05	1
ELLEPLFK	2	Ast-2024-12-05_HeLa_3mzDIA_6mIIT_400-900_60.mzML	15.741243283333	15.664291666667	15.8183928	3.924492759310859E-05	0
ELLEQQGIDIK	3	Ast-2024-12-05_HeLa_3mzDIA_6mIIT_400-900_49.mzML	12.361936583333	12.32838535	12.394904033333	0.008673954372623574	0
ELLEQQGIDIK	3	Ast-2024-12-05_HeLa_3mzDIA_6mIIT_400-900_55.mzML	12.306871533333	12.306871533333	12.357756466667	0.003827663568517925	1
ELLEQQGIDIK	3	Ast-2024-12-05_HeLa_3mzDIA_6mIIT_400-900_60.mzML	12.228295666667	12.211316683333	12.294418833333	0.008075708684639672	0
ELSEPMEFQYLPDTDDR	3	Ast-2024-12-05_HeLa_3mzDIA_6mIIT_400-900_49.mzML	16.251732966667	16.1951191	16.306805116667	0.0006008594903144063	0
ELSEPMEFQYLPDTDDR	3	Ast-2024-12-05_HeLa_3mzDIA_6mIIT_400-900_55.mzML	16.209846866667	16.1338384	16.2481223	0.0002032692470568307	1
ELSEPMEFQYLPDTDDR	3	Ast-2024-12-05_HeLa_3mzDIA_6mIIT_400-900_60.mzML	16.156744533333	16.07895795	16.233363516667	0.0005497747264535507	0
ELSTTLNADEAVTR	2	Ast-2024-12-05_HeLa_3mzDIA_6mIIT_400-900_49.mzML	10.724892	10.6738073	10.808139783333	6.014193496652099E-05	0
ELSTTLNADEAVTR	2	Ast-2024-12-05_HeLa_3mzDIA_6mIIT_400-900_55.mzML	10.6897335	10.621935033333	10.790355233333	2.157357668327832E-05	0
ELSTTLNADEAVTR	2	Ast-2024-12-05_HeLa_3mzDIA_6mIIT_400-900_60.mzML	10.644240283333	10.558626833333	10.729285766667	2.0708650003106297E-05	1
ELTSTC[+57.0215]SPIISKPK	2	Ast-2024-12-05_HeLa_3mzDIA_6mIIT_400-900_49.mzML	8.39911525	8.363171433333	8.469359933333	0.00138055699018712	0
ELTSTC[+57.0215]SPIISKPK	2	Ast-2024-12-05_HeLa_3mzDIA_6mIIT_400-900_55.mzML	8.342537466667	8.306798966667	8.43035985	0.0007049503177871274	1
ELTSTC[+57.0215]SPIISKPK	2	Ast-2024-12-05_HeLa_3mzDIA_6mIIT_400-900_60.mzML	8.327753916667	8.255404616667	8.362793316667	0.0013944999282242685	0
ENAAYFQFFSDVR	2	Ast-2024-12-05_HeLa_3mzDIA_6mIIT_400-900_49.mzML	17.9513079	17.870560366667	18.032837933333	3.127345509131849E-05	0
ENAAYFQFFSDVR	2	Ast-2024-12-05_HeLa_3mzDIA_6mIIT_400-900_55.mzML	17.8808718	17.798768616667	17.965074766667	2.157357668327832E-05	0
ENAAYFQFFSDVR	2	Ast-2024-12-05_HeLa_3mzDIA_6mIIT_400-900_60.mzML	17.8031832	17.720484416667	17.886208416667	2.0708650003106297E-05	1
ENAGVDPTLAIPMIQK	2	Ast-2024-12-05_HeLa_3mzDIA_6mIIT_400-900_49.mzML	16.300283066667	16.207224516667	16.39293505	3.127345509131849E-05	0
ENAGVDPTLAIPMIQK	2	Ast-2024-12-05_HeLa_3mzDIA_6mIIT_400-900_55.mzML	16.2601238	16.184171133333	16.336298183333	2.157357668327832E-05	0
ENAGVDPTLAIPMIQK	2	Ast-2024-12-05_HeLa_3mzDIA_6mIIT_400-900_60.mzML	16.16901535	16.131171883333	16.285729766667	2.0708650003106297E-05	1
ENLELILTQSVENVGVR	3	Ast-2024-12-05_HeLa_3mzDIA_6mIIT_400-900_49.mzML	20.094707483333	20.028475733333	20.205131783333	3.127345509131849E-05	0
ENLELILTQSVENVGVR	3	Ast-2024-12-05_HeLa_3mzDIA_6mIIT_400-900_55.mzML	20.020273816667	19.95167965	20.131536216667	2.157357668327832E-05	0
ENLELILTQSVENVGVR	3	Ast-2024-12-05_HeLa_3mzDIA_6mIIT_400-900_60.mzML	19.93997445	19.892119716667	20.07710075	2.0708650003106297E-05	1
EPEVLSTMAIIVNK	2	Ast-2024-12-05_HeLa_3mzDIA_6mIIT_400-900_49.mzML	17.9105089	17.7683181	17.970913583333	3.127345509131849E-05	0
EPEVLSTMAIIVNK	2	Ast-2024-12-05_HeLa_3mzDIA_6mIIT_400-900_55.mzML	17.8394709	17.694377716667	17.900856066667	2.157357668327832E-05	0
EPEVLSTMAIIVNK	2	Ast-2024-12-05_HeLa_3mzDIA_6mIIT_400-900_60.mzML	17.740719283333	17.617196866667	17.822830466667	2.0708650003106297E-05	1
EPGIAGLMK	2	Ast-2024-12-05_HeLa_3mzDIA_6mIIT_400-900_49.mzML	11.853371	11.7890596	11.91902195	0.0007580653178903415	0
EPGIAGLMK	2	Ast-2024-12-05_HeLa_3mzDIA_6mIIT_400-900_55.mzML	11.80547855	11.7236803	11.872109516667	0.0010035245741139612	0
EPGIAGLMK	2	Ast-2024-12-05_HeLa_3mzDIA_6mIIT_400-900_60.mzML	11.7304605	11.664577916667	11.79571105	0.0002631425062861821	1
EPQVNQQQLQQLMDMGFTR	3	Ast-2024-12-05_HeLa_3mzDIA_6mIIT_400-900_49.mzML	18.773357333333	18.68974535	18.85636205	6.014193496652099E-05	0
EPQVNQQQLQQLMDMGFTR	3	Ast-2024-12-05_HeLa_3mzDIA_6mIIT_400-900_55.mzML	18.698821983333	18.677821433333	18.80496805	0.00022830305599947815	0
EPQVNQQQLQQLMDMGFTR	3	Ast-2024-12-05_HeLa_3mzDIA_6mIIT_400-900_60.mzML	18.64745975	18.60475885	18.732525133333	2.0708650003106297E-05	1
EPSGPSELIPSSTFSAHNR	3	Ast-2024-12-05_HeLa_3mzDIA_6mIIT_400-900_49.mzML	12.312150583333	12.261602783333	12.312150583333	0.003584305184026052	0
EPSGPSELIPSSTFSAHNR	3	Ast-2024-12-05_HeLa_3mzDIA_6mIIT_400-900_55.mzML	12.257957133333	12.171534683333	12.257957133333	0.0002592649077321946	1
EPSGPSELIPSSTFSAHNR	3	Ast-2024-12-05_HeLa_3mzDIA_6mIIT_400-900_60.mzML	12.1621429	12.145541216667	12.2783814	0.0028684351700806886	0
EQSIFGDHRDEEEETHMK	3	Ast-2024-12-05_HeLa_3mzDIA_6mIIT_400-900_49.mzML	7.839073716667	7.749120933333	7.839073716667	0.002476651828576416	0
EQSIFGDHRDEEEETHMK	3	Ast-2024-12-05_HeLa_3mzDIA_6mIIT_400-900_55.mzML	7.726446766667	7.671892016667	7.797739533333	0.0002032692470568307	1
EQSIFGDHRDEEEETHMK	3	Ast-2024-12-05_HeLa_3mzDIA_6mIIT_400-900_60.mzML	7.723654716667	7.651433883333	7.7596517	0.003206517029205304	0
ERDFTSLENTVEER	2	Ast-2024-12-05_HeLa_3mzDIA_6mIIT_400-900_49.mzML	11.460239716667	11.376971166667	11.510691783333	0.0033199259401136437	1
ERDFTSLENTVEER	2	Ast-2024-12-05_HeLa_3mzDIA_6mIIT_400-900_55.mzML	11.411373516667	11.360044116667	11.444273833333	0.004953515919451524	0
ERDFTSLENTVEER	2	Ast-2024-12-05_HeLa_3mzDIA_6mIIT_400-900_60.mzML		11.283428466667	11.384139933333	1	0
ERLEQEQLER	2	Ast-2024-12-05_HeLa_3mzDIA_6mIIT_400-900_49.mzML	6.099397616667	6.062156816667	6.155856183333	7.30887297178775E-05	0
ERLEQEQLER	2	Ast-2024-12-05_HeLa_3mzDIA_6mIIT_400-900_55.mzML	6.075341833333	6.018400333333	6.1696009	0.0005941535292719639	0
ERLEQEQLER	2	Ast-2024-12-05_HeLa_3mzDIA_6mIIT_400-900_60.mzML	6.030734633333	5.955594716667	6.106392516667	3.924492759310859E-05	1
ERNVEDLSGGELQR	3	Ast-2024-12-05_HeLa_3mzDIA_6mIIT_400-900_49.mzML	8.40810695	8.372039566667	8.443451683333	7.30887297178775E-05	1
ERNVEDLSGGELQR	3	Ast-2024-12-05_HeLa_3mzDIA_6mIIT_400-900_55.mzML	8.35152695	8.315424316667	8.404295466667	0.00041956281554620084	0
ERNVEDLSGGELQR	3	Ast-2024-12-05_HeLa_3mzDIA_6mIIT_400-900_60.mzML	8.305536616667	8.287581316667	8.341259066667	0.009704836172104795	0
ESEFDDEPK	2	Ast-2024-12-05_HeLa_3mzDIA_6mIIT_400-900_49.mzML	6.424961766667	6.2578815	6.552582883333	3.127345509131849E-05	0
ESEFDDEPK	2	Ast-2024-12-05_HeLa_3mzDIA_6mIIT_400-900_55.mzML	6.327126266667	6.214563616667	6.511593516667	2.157357668327832E-05	0
ESEFDDEPK	2	Ast-2024-12-05_HeLa_3mzDIA_6mIIT_400-900_60.mzML	6.301740516667	6.18916295	6.449935333333	2.0708650003106297E-05	1
ESENLASGDQPR	2	Ast-2024-12-05_HeLa_3mzDIA_6mIIT_400-900_49.mzML	5.397825933333	5.322213366667	5.473407466667	3.127345509131849E-05	0
ESENLASGDQPR	2	Ast-2024-12-05_HeLa_3mzDIA_6mIIT_400-900_55.mzML	5.372739783333	5.2963962	5.4483363	2.157357668327832E-05	0
ESENLASGDQPR	2	Ast-2024-12-05_HeLa_3mzDIA_6mIIT_400-900_60.mzML	5.34067175	5.302785083333	5.416833816667	2.0708650003106297E-05	1
ESESASELHK	2	Ast-2024-12-05_HeLa_3mzDIA_6mIIT_400-900_49.mzML	3.305879016667	3.244799016667	3.366045483333	0.0005246660298925107	0
ESESASELHK	2	Ast-2024-12-05_HeLa_3mzDIA_6mIIT_400-900_55.mzML	3.2290105	3.2083878	3.30986485	0.004747799415978656	0
ESESASELHK	2	Ast-2024-12-05_HeLa_3mzDIA_6mIIT_400-900_60.mzML	3.255871933333	3.1941372	3.31776195	0.00014914490255866366	1
ESGC[+57.0215]VLGLRPGAQESPVSWPEGSK	3	Ast-2024-12-05_HeLa_3mzDIA_6mIIT_400-900_49.mzML	14.00048805	13.951457916667	14.068492816667	0.0003594122890249863	1
ESGC[+57.0215]VLGLRPGAQESPVSWPEGSK	3	Ast-2024-12-05_HeLa_3mzDIA_6mIIT_400-900_55.mzML	13.928930216667	13.911259666667	14.087215466667	0.00041956281554620084	0
ESGC[+57.0215]VLGLRPGAQESPVSWPEGSK	3	Ast-2024-12-05_HeLa_3mzDIA_6mIIT_400-900_60.mzML	13.8739864	13.82335905	13.926421133333	0.001956681558559068	0
ESLEALLQR	2	Ast-2024-12-05_HeLa_3mzDIA_6mIIT_400-900_49.mzML	14.386804866667	14.310380033333	14.458867166667	3.127345509131849E-05	0
ESLEALLQR	2	Ast-2024-12-05_HeLa_3mzDIA_6mIIT_400-900_55.mzML	14.340993283333	14.268298183333	14.411010416667	2.157357668327832E-05	0
ESLEALLQR	2	Ast-2024-12-05_HeLa_3mzDIA_6mIIT_400-900_60.mzML	14.262324	14.188699616667	14.33486555	2.0708650003106297E-05	1
ESNEEEQVWHFLGK	2	Ast-2024-12-05_HeLa_3mzDIA_6mIIT_400-900_49.mzML	15.480911766667	15.427046283333	15.536988033333	3.127345509131849E-05	0
ESNEEEQVWHFLGK	2	Ast-2024-12-05_HeLa_3mzDIA_6mIIT_400-900_55.mzML	15.427803433333	15.37216145	15.521556166667	2.157357668327832E-05	0
ESNEEEQVWHFLGK	2	Ast-2024-12-05_HeLa_3mzDIA_6mIIT_400-900_60.mzML	15.360647733333	15.323274966667	15.43482935	2.0708650003106297E-05	1
ESTDDFGSWSVHTDK	2	Ast-2024-12-05_HeLa_3mzDIA_6mIIT_400-900_49.mzML	10.861431066667	10.79338475	10.897264833333	0.0004656896315573209	0
ESTDDFGSWSVHTDK	2	Ast-2024-12-05_HeLa_3mzDIA_6mIIT_400-900_55.mzML	10.792100216667	10.758173233333	10.85990445	0.000696675310601076	0
ESTDDFGSWSVHTDK	2	Ast-2024-12-05_HeLa_3mzDIA_6mIIT_400-900_60.mzML	10.76511505	10.714348783333	10.81751485	0.00022717979008587396	1
ESTESSNTTIEDEDVK	2	Ast-2024-12-05_HeLa_3mzDIA_6mIIT_400-900_49.mzML	7.037815533333	6.96695065	7.073952483333	0.00018626703920074508	1
ESTESSNTTIEDEDVK	2	Ast-2024-12-05_HeLa_3mzDIA_6mIIT_400-900_55.mzML	7.014250833333	6.960968766667	7.086263833333	0.0005239329903139568	0
ESTESSNTTIEDEDVK	2	Ast-2024-12-05_HeLa_3mzDIA_6mIIT_400-900_60.mzML	6.971706	6.917622116667	7.06228625	0.00019084272968717696	0
ESTTSEQSAR	2	Ast-2024-12-05_HeLa_3mzDIA_6mIIT_400-900_49.mzML	2.28644295	2.193697566667	2.331585066667	3.127345509131849E-05	0
ESTTSEQSAR	2	Ast-2024-12-05_HeLa_3mzDIA_6mIIT_400-900_55.mzML	2.265318366667	2.219076033333	2.355882033333	2.157357668327832E-05	0
ESTTSEQSAR	2	Ast-2024-12-05_HeLa_3mzDIA_6mIIT_400-900_60.mzML	2.269573166667	2.223354433333	2.359779266667	2.0708650003106297E-05	1
ESYSVYVYK	2	Ast-2024-12-05_HeLa_3mzDIA_6mIIT_400-900_49.mzML	10.228001366667	10.14544855	10.345071016667	4.735633272559373E-05	0
ESYSVYVYK	2	Ast-2024-12-05_HeLa_3mzDIA_6mIIT_400-900_55.mzML	10.219782816667	10.101960416667	10.305195616667	2.157357668327832E-05	0
ESYSVYVYK	2	Ast-2024-12-05_HeLa_3mzDIA_6mIIT_400-900_60.mzML	10.156770466667	10.05461525	10.25851365	2.0708650003106297E-05	1
ETADAITK	2	Ast-2024-12-05_HeLa_3mzDIA_6mIIT_400-900_49.mzML	4.437009066667	4.2727019	4.437009066667	4.735633272559373E-05	0
ETADAITK	2	Ast-2024-12-05_HeLa_3mzDIA_6mIIT_400-900_55.mzML	4.40452845	4.238744316667	4.445202383333	2.157357668327832E-05	0
ETADAITK	2	Ast-2024-12-05_HeLa_3mzDIA_6mIIT_400-900_60.mzML	4.3842763	4.215528133333	4.46806375	2.0708650003106297E-05	1
ETGITDEEQAISR	2	Ast-2024-12-05_HeLa_3mzDIA_6mIIT_400-900_49.mzML	9.31194235	9.278630516667	9.379302316667	0.0002567006417516044	0
ETGITDEEQAISR	2	Ast-2024-12-05_HeLa_3mzDIA_6mIIT_400-900_55.mzML	9.278361533333	9.244399083333	9.3464315	2.157357668327832E-05	0
ETGITDEEQAISR	2	Ast-2024-12-05_HeLa_3mzDIA_6mIIT_400-900_60.mzML	9.26476865	9.1959888	9.298941716667	2.0708650003106297E-05	1
ETLPNVR	2	Ast-2024-12-05_HeLa_3mzDIA_6mIIT_400-900_49.mzML	7.3788002	7.30822665	7.449782216667	4.735633272559373E-05	0
ETLPNVR	2	Ast-2024-12-05_HeLa_3mzDIA_6mIIT_400-900_55.mzML	7.3347046	7.264261233333	7.443233866667	2.157357668327832E-05	0
ETLPNVR	2	Ast-2024-12-05_HeLa_3mzDIA_6mIIT_400-900_60.mzML	7.2783817	7.224757833333	7.36822575	2.0708650003106297E-05	1
ETSSLQELEAQK	2	Ast-2024-12-05_HeLa_3mzDIA_6mIIT_400-900_49.mzML	9.6687696	9.548693066667	9.685803666667	0.0001048327916972429	0
ETSSLQELEAQK	2	Ast-2024-12-05_HeLa_3mzDIA_6mIIT_400-900_55.mzML	9.569792766667	9.500417233333	9.6381182	2.157357668327832E-05	0
ETSSLQELEAQK	2	Ast-2024-12-05_HeLa_3mzDIA_6mIIT_400-900_60.mzML	9.5365814	9.468723583333	9.6053431	2.0708650003106297E-05	1
EVC[+57.0215]PSAIDPEDGEK	2	Ast-2024-12-05_HeLa_3mzDIA_6mIIT_400-900_49.mzML	9.048435916667	8.9971167	9.167184783333	6.014193496652099E-05	0
EVC[+57.0215]PSAIDPEDGEK	2	Ast-2024-12-05_HeLa_3mzDIA_6mIIT_400-900_55.mzML	9.0288899	8.977833733333	9.115392766667	2.157357668327832E-05	0
EVC[+57.0215]PSAIDPEDGEK	2	Ast-2024-12-05_HeLa_3mzDIA_6mIIT_400-900_60.mzML	8.998062966667	8.948721583333	9.085196033333	2.0708650003106297E-05	1
EVEQFDVATHLQTAPELVDR	3	Ast-2024-12-05_HeLa_3mzDIA_6mIIT_400-900_49.mzML	14.968047116667	14.892513983333	15.040680583333	3.127345509131849E-05	0
EVEQFDVATHLQTAPELVDR	3	Ast-2024-12-05_HeLa_3mzDIA_6mIIT_400-900_55.mzML	14.903813133333	14.867273783333	14.978496616667	2.157357668327832E-05	0
EVEQFDVATHLQTAPELVDR	3	Ast-2024-12-05_HeLa_3mzDIA_6mIIT_400-900_60.mzML	14.849011483333	14.77658905	14.92459295	2.0708650003106297E-05	1
EVQDPAPAQDTGLR	3	Ast-2024-12-05_HeLa_3mzDIA_6mIIT_400-900_49.mzML	8.21081875	8.105284066667	8.27932735	0.003564464196635073	1
EVQDPAPAQDTGLR	3	Ast-2024-12-05_HeLa_3mzDIA_6mIIT_400-900_55.mzML	8.17064565	8.083110233333	8.25740245	0.006803255781457416	0
EVQDPAPAQDTGLR	3	Ast-2024-12-05_HeLa_3mzDIA_6mIIT_400-900_60.mzML		8.081618133333	8.259361233333	0.02001863328877547	0
EVQTVSEHIQNC[+57.0215]LGSQTGGFAGIK	3	Ast-2024-12-05_HeLa_3mzDIA_6mIIT_400-900_49.mzML	14.077070016667	14.008713816667	14.143541783333	4.735633272559373E-05	0
EVQTVSEHIQNC[+57.0215]LGSQTGGFAGIK	3	Ast-2024-12-05_HeLa_3mzDIA_6mIIT_400-900_55.mzML	14.008141583333	13.95484445	14.096690483333	2.157357668327832E-05	0
EVQTVSEHIQNC[+57.0215]LGSQTGGFAGIK	3	Ast-2024-12-05_HeLa_3mzDIA_6mIIT_400-900_60.mzML	13.969825133333	13.918119866667	14.022336266667	2.0708650003106297E-05	1
EVSDFIQDSGQIK	2	Ast-2024-12-05_HeLa_3mzDIA_6mIIT_400-900_49.mzML	12.321352916667	12.254005966667	12.38785355	3.127345509131849E-05	0
EVSDFIQDSGQIK	2	Ast-2024-12-05_HeLa_3mzDIA_6mIIT_400-900_55.mzML	12.2838298	12.215676466667	12.317026166667	2.157357668327832E-05	0
EVSDFIQDSGQIK	2	Ast-2024-12-05_HeLa_3mzDIA_6mIIT_400-900_60.mzML	12.270820566667	12.188162583333	12.320652366667	2.0708650003106297E-05	1
EVSDLIR	2	Ast-2024-12-05_HeLa_3mzDIA_6mIIT_400-900_49.mzML	9.0168405	9.00031685	9.051654633333	0.0007510608734837958	1
EVSDLIR	2	Ast-2024-12-05_HeLa_3mzDIA_6mIIT_400-900_55.mzML	8.96424285	8.930425433333	8.997805633333	0.0007817721008233825	0
EVSDLIR	2	Ast-2024-12-05_HeLa_3mzDIA_6mIIT_400-900_60.mzML	8.832756033333	8.746620483333	8.832756033333	0.0018669034446645266	0
EVSLGC[+57.0215]MLNGQEVR	2	Ast-2024-12-05_HeLa_3mzDIA_6mIIT_400-900_49.mzML	14.108905066667	14.05936965	14.19381845	3.127345509131849E-05	0
EVSLGC[+57.0215]MLNGQEVR	2	Ast-2024-12-05_HeLa_3mzDIA_6mIIT_400-900_55.mzML	14.077105533333	14.024733033333	14.148076483333	2.157357668327832E-05	0
EVSLGC[+57.0215]MLNGQEVR	2	Ast-2024-12-05_HeLa_3mzDIA_6mIIT_400-900_60.mzML	14.0037691	13.951396666667	14.0546429	2.0708650003106297E-05	1
EYNALVAQGVR	2	Ast-2024-12-05_HeLa_3mzDIA_6mIIT_400-900_49.mzML	9.895441583333	9.829180616667	9.96293985	3.127345509131849E-05	0
EYNALVAQGVR	2	Ast-2024-12-05_HeLa_3mzDIA_6mIIT_400-900_55.mzML	9.833188683333	9.78312425	9.91672015	2.157357668327832E-05	0
EYNALVAQGVR	2	Ast-2024-12-05_HeLa_3mzDIA_6mIIT_400-900_60.mzML	9.78520685	9.7337782	9.835760483333	2.0708650003106297E-05	1
EYQDLLNVK	2	Ast-2024-12-05_HeLa_3mzDIA_6mIIT_400-900_49.mzML	12.142758566667	12.090714866667	12.227404266667	3.127345509131849E-05	0
EYQDLLNVK	2	Ast-2024-12-05_HeLa_3mzDIA_6mIIT_400-900_55.mzML	12.116948866667	12.046227533333	12.1871949	2.157357668327832E-05	0
EYQDLLNVK	2	Ast-2024-12-05_HeLa_3mzDIA_6mIIT_400-900_60.mzML	12.0580708	11.988415016667	12.127041	2.0708650003106297E-05	1
FAAGHDAEGSHSHVHFDEK	3	Ast-2024-12-05_HeLa_3mzDIA_6mIIT_400-900_49.mzML	5.417872366667	5.342084816667	5.417872366667	0.003642468009628785	0
FAAGHDAEGSHSHVHFDEK	3	Ast-2024-12-05_HeLa_3mzDIA_6mIIT_400-900_55.mzML	5.354741633333	5.316394366667	5.3739502	0.0004558955584720591	1
FAAGHDAEGSHSHVHFDEK	3	Ast-2024-12-05_HeLa_3mzDIA_6mIIT_400-900_60.mzML		5.28439145	5.360434716667	1	0
FAELVYTGFWHSPEC[+57.0215]EFVR	3	Ast-2024-12-05_HeLa_3mzDIA_6mIIT_400-900_49.mzML	18.24799665	18.145328633333	18.309200283333	3.127345509131849E-05	0
FAELVYTGFWHSPEC[+57.0215]EFVR	3	Ast-2024-12-05_HeLa_3mzDIA_6mIIT_400-900_55.mzML	18.139532366667	18.057172616667	18.223675416667	2.157357668327832E-05	0
FAELVYTGFWHSPEC[+57.0215]EFVR	3	Ast-2024-12-05_HeLa_3mzDIA_6mIIT_400-900_60.mzML	18.043164266667	18.0003566	18.126434683333	2.0708650003106297E-05	1
FAPSPTGFLHLGGLR	2	Ast-2024-12-05_HeLa_3mzDIA_6mIIT_400-900_49.mzML	16.486273233333	16.448319483333	16.542280216667	0.00436502951890466	1
FAPSPTGFLHLGGLR	2	Ast-2024-12-05_HeLa_3mzDIA_6mIIT_400-900_55.mzML		16.379514016667	16.456655633333	0.013350470583357518	0
FAPSPTGFLHLGGLR	2	Ast-2024-12-05_HeLa_3mzDIA_6mIIT_400-900_60.mzML	16.329935083333	16.270312616667	16.368812216667	0.005786512359670409	0
FC[+57.0215]ADC[+57.0215]IITALR	2	Ast-2024-12-05_HeLa_3mzDIA_6mIIT_400-900_49.mzML	16.635495466667	16.597399633333	16.716891716667	3.127345509131849E-05	0
FC[+57.0215]ADC[+57.0215]IITALR	2	Ast-2024-12-05_HeLa_3mzDIA_6mIIT_400-900_55.mzML	16.563873816667	16.507139933333	16.624268916667	2.157357668327832E-05	0
FC[+57.0215]ADC[+57.0215]IITALR	2	Ast-2024-12-05_HeLa_3mzDIA_6mIIT_400-900_60.mzML	16.49663	16.419313866667	16.577360966667	2.0708650003106297E-05	1
FC[+57.0215]GVDFHAPYK	2	Ast-2024-12-05_HeLa_3mzDIA_6mIIT_400-900_49.mzML		11.470178416667	11.536433883333	1	0
FC[+57.0215]GVDFHAPYK	2	Ast-2024-12-05_HeLa_3mzDIA_6mIIT_400-900_55.mzML	11.522963233333	11.386772283333	11.6071954	0.008155673200744026	0
FC[+57.0215]GVDFHAPYK	2	Ast-2024-12-05_HeLa_3mzDIA_6mIIT_400-900_60.mzML	11.44701495	11.411780833333	11.56390905	0.0003647535808981355	1
FDHLEEHLEK	3	Ast-2024-12-05_HeLa_3mzDIA_6mIIT_400-900_49.mzML	7.417609133333	7.382128483333	7.4887744	0.0018964064056394146	0
FDHLEEHLEK	3	Ast-2024-12-05_HeLa_3mzDIA_6mIIT_400-900_55.mzML	7.409737233333	7.338175066667	7.446510116667	0.00712359746020701	0
FDHLEEHLEK	3	Ast-2024-12-05_HeLa_3mzDIA_6mIIT_400-900_60.mzML	7.3534123	7.281636733333	7.389792666667	0.0017233865536230735	1
FEDSPSYVK	2	Ast-2024-12-05_HeLa_3mzDIA_6mIIT_400-900_49.mzML	7.75441195	7.6822631	7.826399883333	3.127345509131849E-05	0
FEDSPSYVK	2	Ast-2024-12-05_HeLa_3mzDIA_6mIIT_400-900_55.mzML	7.71345795	7.641211033333	7.7856679	2.157357668327832E-05	0
FEDSPSYVK	2	Ast-2024-12-05_HeLa_3mzDIA_6mIIT_400-900_60.mzML	7.675294616667	7.602665133333	7.747154116667	2.0708650003106297E-05	1
FFPASFPNR	2	Ast-2024-12-05_HeLa_3mzDIA_6mIIT_400-900_49.mzML	12.96602155	12.689389283333	13.098343183333	4.735633272559373E-05	0
FFPASFPNR	2	Ast-2024-12-05_HeLa_3mzDIA_6mIIT_400-900_55.mzML	12.9412644	12.62877975	13.009675183333	2.157357668327832E-05	1
FFPASFPNR	2	Ast-2024-12-05_HeLa_3mzDIA_6mIIT_400-900_60.mzML	12.839633566667	12.528732116667	12.991130616667	3.924492759310859E-05	0
FGIQAQMVTTDFQK	2	Ast-2024-12-05_HeLa_3mzDIA_6mIIT_400-900_49.mzML	14.68227455	14.629095983333	14.769949633333	3.127345509131849E-05	0
FGIQAQMVTTDFQK	2	Ast-2024-12-05_HeLa_3mzDIA_6mIIT_400-900_55.mzML	14.639784433333	14.5665884	14.7083124	2.157357668327832E-05	0
FGIQAQMVTTDFQK	2	Ast-2024-12-05_HeLa_3mzDIA_6mIIT_400-900_60.mzML	14.580069666667	14.507615016667	14.65114415	2.0708650003106297E-05	1
FGNQADHFLGSLAFAK	3	Ast-2024-12-05_HeLa_3mzDIA_6mIIT_400-900_49.mzML	15.7954382	15.7562915	15.8696126	3.127345509131849E-05	0
FGNQADHFLGSLAFAK	3	Ast-2024-12-05_HeLa_3mzDIA_6mIIT_400-900_55.mzML	15.68668	15.649385133333	15.800826083333	2.157357668327832E-05	0
FGNQADHFLGSLAFAK	3	Ast-2024-12-05_HeLa_3mzDIA_6mIIT_400-900_60.mzML	15.6034404	15.56467525	15.680338816667	2.0708650003106297E-05	1
FIIQSEKPPHYLESR	3	Ast-2024-12-05_HeLa_3mzDIA_6mIIT_400-900_49.mzML	10.64556015	10.578091	10.7141821	6.014193496652099E-05	0
FIIQSEKPPHYLESR	3	Ast-2024-12-05_HeLa_3mzDIA_6mIIT_400-900_55.mzML	10.52445065	10.457353866667	10.628229783333	0.0002032692470568307	0
FIIQSEKPPHYLESR	3	Ast-2024-12-05_HeLa_3mzDIA_6mIIT_400-900_60.mzML	10.47936905	10.395964683333	10.5298557	2.0708650003106297E-05	1
FIPGLQMLSDAAPGK	3	Ast-2024-12-05_HeLa_3mzDIA_6mIIT_400-900_49.mzML	17.808701033333	17.728069483333	17.8902412	0.0031987424372589518	1
FIPGLQMLSDAAPGK	3	Ast-2024-12-05_HeLa_3mzDIA_6mIIT_400-900_55.mzML		17.654338933333	17.819066533333	0.014449509145311122	0
FIPGLQMLSDAAPGK	3	Ast-2024-12-05_HeLa_3mzDIA_6mIIT_400-900_60.mzML	17.658162383333	17.576325316667	17.740792783333	0.006560144921163942	0
FLAAGTHLGGTNLDFQMEQYIYK	3	Ast-2024-12-05_HeLa_3mzDIA_6mIIT_400-900_49.mzML	17.558202616667	17.4562796	17.6996585	3.127345509131849E-05	0
FLAAGTHLGGTNLDFQMEQYIYK	3	Ast-2024-12-05_HeLa_3mzDIA_6mIIT_400-900_55.mzML	17.481868233333	17.397687916667	17.605679433333	2.157357668327832E-05	0
FLAAGTHLGGTNLDFQMEQYIYK	3	Ast-2024-12-05_HeLa_3mzDIA_6mIIT_400-900_60.mzML	17.38306095	17.319434366667	17.485728133333	2.0708650003106297E-05	1
FLASVSTVLTSK	2	Ast-2024-12-05_HeLa_3mzDIA_6mIIT_400-900_49.mzML	14.529505783333	14.460287716667	14.582288166667	4.735633272559373E-05	0
FLASVSTVLTSK	2	Ast-2024-12-05_HeLa_3mzDIA_6mIIT_400-900_55.mzML	14.46467315	14.395163066667	14.572843383333	2.157357668327832E-05	0
FLASVSTVLTSK	2	Ast-2024-12-05_HeLa_3mzDIA_6mIIT_400-900_60.mzML	14.3884912	14.318610433333	14.459437833333	2.0708650003106297E-05	1
FLDASGAK	2	Ast-2024-12-05_HeLa_3mzDIA_6mIIT_400-900_49.mzML	6.587531466667	6.5145977	6.661425516667	4.735633272559373E-05	0
FLDASGAK	2	Ast-2024-12-05_HeLa_3mzDIA_6mIIT_400-900_55.mzML	6.546485016667	6.47313515	6.620004616667	2.157357668327832E-05	0
FLDASGAK	2	Ast-2024-12-05_HeLa_3mzDIA_6mIIT_400-900_60.mzML	6.502945633333	6.448080316667	6.5970608	2.0708650003106297E-05	1
FLELVQLK	2	Ast-2024-12-05_HeLa_3mzDIA_6mIIT_400-900_49.mzML	15.89057235	15.8169233	15.96291395	6.014193496652099E-05	0
FLELVQLK	2	Ast-2024-12-05_HeLa_3mzDIA_6mIIT_400-900_55.mzML	15.803812283333	15.746930016667	15.89761395	0.00011334655709832814	0
FLELVQLK	2	Ast-2024-12-05_HeLa_3mzDIA_6mIIT_400-900_60.mzML	15.721864683333	15.683440316667	15.798525783333	2.0708650003106297E-05	1
FLGNAPC[+57.0215]GHYTFK	2	Ast-2024-12-05_HeLa_3mzDIA_6mIIT_400-900_49.mzML	10.412799766667	10.330979266667	10.49722765	4.735633272559373E-05	0
FLGNAPC[+57.0215]GHYTFK	2	Ast-2024-12-05_HeLa_3mzDIA_6mIIT_400-900_55.mzML	10.357999133333	10.2906314	10.425058666667	2.157357668327832E-05	1
FLGNAPC[+57.0215]GHYTFK	2	Ast-2024-12-05_HeLa_3mzDIA_6mIIT_400-900_60.mzML	10.2778822	10.22648075	10.364163966667	0.00021560353589798872	0
FLIC[+57.0215]TDVAAR	2	Ast-2024-12-05_HeLa_3mzDIA_6mIIT_400-900_49.mzML	12.837964116667	12.785816066667	12.921721683333	3.127345509131849E-05	0
FLIC[+57.0215]TDVAAR	2	Ast-2024-12-05_HeLa_3mzDIA_6mIIT_400-900_55.mzML	12.814760433333	12.7285462	12.865762583333	2.157357668327832E-05	0
FLIC[+57.0215]TDVAAR	2	Ast-2024-12-05_HeLa_3mzDIA_6mIIT_400-900_60.mzML	12.729123633333	12.660856683333	12.795875766667	2.0708650003106297E-05	1
FLLDTNK	2	Ast-2024-12-05_HeLa_3mzDIA_6mIIT_400-900_49.mzML	10.42465065	10.359336633333	10.492647033333	0.0006008594903144063	0
FLLDTNK	2	Ast-2024-12-05_HeLa_3mzDIA_6mIIT_400-900_55.mzML	10.370119666667	10.30292815	10.437536366667	0.0004894496410702633	0
FLLDTNK	2	Ast-2024-12-05_HeLa_3mzDIA_6mIIT_400-900_60.mzML	10.3073575	10.239036516667	10.376554783333	0.0004122917926447144	1
FLLLPAC[+57.0215]VTATK	2	Ast-2024-12-05_HeLa_3mzDIA_6mIIT_400-900_49.mzML	16.869159383333	16.775165766667	16.9057621	0.0018291793381288504	0
FLLLPAC[+57.0215]VTATK	2	Ast-2024-12-05_HeLa_3mzDIA_6mIIT_400-900_55.mzML	16.799782433333	16.724079933333	16.876262983333	0.0002032692470568307	1
FLLLPAC[+57.0215]VTATK	2	Ast-2024-12-05_HeLa_3mzDIA_6mIIT_400-900_60.mzML	16.734069716667	16.655759866667	16.792030166667	0.0003647535808981355	0
FLPEEEK	2	Ast-2024-12-05_HeLa_3mzDIA_6mIIT_400-900_49.mzML	6.985812333333	6.949869283333	7.165316116667	0.0007580653178903415	0
FLPEEEK	2	Ast-2024-12-05_HeLa_3mzDIA_6mIIT_400-900_55.mzML	6.944498966667	6.90858325	7.087495933333	0.0006631989596879063	1
FLPEEEK	2	Ast-2024-12-05_HeLa_3mzDIA_6mIIT_400-900_60.mzML	6.88281855	6.88281855	7.026696266667	0.005726909144209226	0
FLPLLMTNHPAPNLFGTPR	3	Ast-2024-12-05_HeLa_3mzDIA_6mIIT_400-900_49.mzML	18.730743716667	18.689105116667	18.98097725	0.0016540723033523286	0
FLPLLMTNHPAPNLFGTPR	3	Ast-2024-12-05_HeLa_3mzDIA_6mIIT_400-900_55.mzML	18.698122466667	18.655831983333	18.761324516667	0.006713693459563146	0
FLPLLMTNHPAPNLFGTPR	3	Ast-2024-12-05_HeLa_3mzDIA_6mIIT_400-900_60.mzML	18.625519683333	18.56085215	18.68893655	0.00010414677752512541	1
FLTEQMMER	2	Ast-2024-12-05_HeLa_3mzDIA_6mIIT_400-900_49.mzML	11.62718625	11.62718625	11.765288983333	0.006756133318296921	0
FLTEQMMER	2	Ast-2024-12-05_HeLa_3mzDIA_6mIIT_400-900_55.mzML	11.59751935	11.59751935	11.683410316667	0.0006394696317176937	1
FLTEQMMER	2	Ast-2024-12-05_HeLa_3mzDIA_6mIIT_400-900_60.mzML	11.521035433333	11.521035433333	11.623194633333	0.0009188665656741252	0
FLYEELGLDSTSVFEDLK	3	Ast-2024-12-05_HeLa_3mzDIA_6mIIT_400-900_49.mzML	21.507593683333	21.462299783333	21.552948833333	0.0002567006417516044	1
FLYEELGLDSTSVFEDLK	3	Ast-2024-12-05_HeLa_3mzDIA_6mIIT_400-900_55.mzML	21.397704066667	21.260915066667	21.489500983333	0.001460843549499223	0
FLYEELGLDSTSVFEDLK	3	Ast-2024-12-05_HeLa_3mzDIA_6mIIT_400-900_60.mzML	21.31618155	21.31618155	21.454708016667	0.001956681558559068	0
FMADIASGMEYLSTK	2	Ast-2024-12-05_HeLa_3mzDIA_6mIIT_400-900_49.mzML	17.475258433333	17.3953063	17.5778108	0.003963664655045524	1
FMADIASGMEYLSTK	2	Ast-2024-12-05_HeLa_3mzDIA_6mIIT_400-900_55.mzML		17.3809369	17.569076966667	0.020332464355830197	0
FMADIASGMEYLSTK	2	Ast-2024-12-05_HeLa_3mzDIA_6mIIT_400-900_60.mzML		17.30262495	17.469482483333	0.01074237808758517	0
FNETIGLQHIK	2	Ast-2024-12-05_HeLa_3mzDIA_6mIIT_400-900_49.mzML	10.2456997	10.179870266667	10.2796941	0.0003594122890249863	1
FNETIGLQHIK	2	Ast-2024-12-05_HeLa_3mzDIA_6mIIT_400-900_55.mzML	10.1370815	10.10299595	10.2378514	0.00283883879528818	0
FNETIGLQHIK	2	Ast-2024-12-05_HeLa_3mzDIA_6mIIT_400-900_60.mzML	10.072787116667	10.038839333333	10.106338833333	0.006431135855143348	0
FNPETDYLTGTDGKK	3	Ast-2024-12-05_HeLa_3mzDIA_6mIIT_400-900_49.mzML	10.166196416667	10.101361433333	10.23234805	0.00017347056782699203	0
FNPETDYLTGTDGKK	3	Ast-2024-12-05_HeLa_3mzDIA_6mIIT_400-900_55.mzML	10.1233676	10.057480133333	10.1907732	2.157357668327832E-05	1
FNPETDYLTGTDGKK	3	Ast-2024-12-05_HeLa_3mzDIA_6mIIT_400-900_60.mzML	10.07620465	10.009762533333	10.1440954	0.0005737436185658751	0
FPEGPER	2	Ast-2024-12-05_HeLa_3mzDIA_6mIIT_400-900_49.mzML	6.532934466667	6.441941933333	6.605994066667	0.0004656896315573209	1
FPEGPER	2	Ast-2024-12-05_HeLa_3mzDIA_6mIIT_400-900_55.mzML	6.546703683333	6.546703683333	6.601960766667	0.002018005089857282	0
FPEGPER	2	Ast-2024-12-05_HeLa_3mzDIA_6mIIT_400-900_60.mzML	6.429943033333	6.33690675	6.485232066667	0.003949742199259156	0
FPESC[+57.0215]QDEVR	2	Ast-2024-12-05_HeLa_3mzDIA_6mIIT_400-900_49.mzML	6.979441016667	6.925084883333	7.03270035	0.0006008594903144063	0
FPESC[+57.0215]QDEVR	2	Ast-2024-12-05_HeLa_3mzDIA_6mIIT_400-900_55.mzML	6.9912356	6.865218766667	7.080871216667	0.00022830305599947815	1
FPESC[+57.0215]QDEVR	2	Ast-2024-12-05_HeLa_3mzDIA_6mIIT_400-900_60.mzML	6.984441716667	6.87653365	7.020298466667	0.0004014452027298274	0
FPFGISPAQSHR	3	Ast-2024-12-05_HeLa_3mzDIA_6mIIT_400-900_49.mzML	11.81342	11.74472235	11.828975733333	0.004455181501584413	0
FPFGISPAQSHR	3	Ast-2024-12-05_HeLa_3mzDIA_6mIIT_400-900_55.mzML	11.792119783333	11.742761933333	11.85838475	0.0028852999587814293	1
FPFGISPAQSHR	3	Ast-2024-12-05_HeLa_3mzDIA_6mIIT_400-900_60.mzML	11.667439533333	11.615776366667	11.733380833333	0.007832603101745602	0
FPHPIEISEDVITGPTIK	3	Ast-2024-12-05_HeLa_3mzDIA_6mIIT_400-900_49.mzML	16.11148905	16.020014433333	16.166381333333	0.00035244360902255637	0
FPHPIEISEDVITGPTIK	3	Ast-2024-12-05_HeLa_3mzDIA_6mIIT_400-900_55.mzML	15.993346116667	15.93726075	16.086087966667	0.0002592649077321946	0
FPHPIEISEDVITGPTIK	3	Ast-2024-12-05_HeLa_3mzDIA_6mIIT_400-900_60.mzML	15.934453066667	15.896876416667	15.990614633333	0.00010414677752512541	1
FPSPILK	2	Ast-2024-12-05_HeLa_3mzDIA_6mIIT_400-900_49.mzML	11.65916575	11.540399966667	11.65916575	0.0005246660298925107	0
FPSPILK	2	Ast-2024-12-05_HeLa_3mzDIA_6mIIT_400-900_55.mzML	11.59452885	11.4931311	11.59452885	0.0002032692470568307	1
FPSPILK	2	Ast-2024-12-05_HeLa_3mzDIA_6mIIT_400-900_60.mzML	11.517976183333	11.416228966667	11.517976183333	0.0002631425062861821	0
FRELAEEAAR	2	Ast-2024-12-05_HeLa_3mzDIA_6mIIT_400-900_49.mzML	6.933310383333	6.896571083333	6.987789333333	6.014193496652099E-05	0
FRELAEEAAR	2	Ast-2024-12-05_HeLa_3mzDIA_6mIIT_400-900_55.mzML	6.892088466667	6.85525375	6.964329833333	0.0002032692470568307	0
FRELAEEAAR	2	Ast-2024-12-05_HeLa_3mzDIA_6mIIT_400-900_60.mzML	6.830041983333	6.793153566667	6.884891133333	2.0708650003106297E-05	1
FRPLSFEVPK	3	Ast-2024-12-05_HeLa_3mzDIA_6mIIT_400-900_49.mzML	12.97168305	12.918804266667	13.054584066667	6.014193496652099E-05	1
FRPLSFEVPK	3	Ast-2024-12-05_HeLa_3mzDIA_6mIIT_400-900_55.mzML	12.913015333333	12.846206166667	12.9816715	0.0003439355195669403	0
FRPLSFEVPK	3	Ast-2024-12-05_HeLa_3mzDIA_6mIIT_400-900_60.mzML	12.81034655	12.743165883333	12.845367566667	0.00010414677752512541	0
FSNTGEDWYVLVGVAK	2	Ast-2024-12-05_HeLa_3mzDIA_6mIIT_400-900_49.mzML	18.178339166667	18.096172833333	18.260314966667	3.127345509131849E-05	0
FSNTGEDWYVLVGVAK	2	Ast-2024-12-05_HeLa_3mzDIA_6mIIT_400-900_55.mzML	18.110931166667	18.06939935	18.19434855	2.157357668327832E-05	0
FSNTGEDWYVLVGVAK	2	Ast-2024-12-05_HeLa_3mzDIA_6mIIT_400-900_60.mzML	18.034631866667	17.970888466667	18.13946025	2.0708650003106297E-05	1
FSPTHC[+57.0215]QIASGC[+57.0215]LSGR	3	Ast-2024-12-05_HeLa_3mzDIA_6mIIT_400-900_49.mzML	8.867842466667	8.850723416667	8.935659616667	0.0004550092380663486	1
FSPTHC[+57.0215]QIASGC[+57.0215]LSGR	3	Ast-2024-12-05_HeLa_3mzDIA_6mIIT_400-900_55.mzML	8.812542866667	8.795409483333	8.898732066667	0.0010035245741139612	0
FSPTHC[+57.0215]QIASGC[+57.0215]LSGR	3	Ast-2024-12-05_HeLa_3mzDIA_6mIIT_400-900_60.mzML	8.80021015	8.731173216667	8.817627883333	0.0007671260899583195	0
FSSWSLVK	2	Ast-2024-12-05_HeLa_3mzDIA_6mIIT_400-900_49.mzML	12.938067783333	12.869718016667	12.938067783333	0.006567470497691123	0
FSSWSLVK	2	Ast-2024-12-05_HeLa_3mzDIA_6mIIT_400-900_55.mzML	12.864012633333	12.796279833333	12.9484798	0.005299466917529006	0
FSSWSLVK	2	Ast-2024-12-05_HeLa_3mzDIA_6mIIT_400-900_60.mzML	12.777106733333	12.693943633333	12.82945015	0.0018669034446645266	1
FSTGTLSNTADAR	2	Ast-2024-12-05_HeLa_3mzDIA_6mIIT_400-900_49.mzML	8.70509335	8.619498516667	8.757911383333	3.127345509131849E-05	0
FSTGTLSNTADAR	2	Ast-2024-12-05_HeLa_3mzDIA_6mIIT_400-900_55.mzML	8.648730666667	8.613754233333	8.719605	2.157357668327832E-05	0
FSTGTLSNTADAR	2	Ast-2024-12-05_HeLa_3mzDIA_6mIIT_400-900_60.mzML	8.618426783333	8.565328066667	8.671080583333	2.0708650003106297E-05	1
FTITPPTAQVVGVLK	3	Ast-2024-12-05_HeLa_3mzDIA_6mIIT_400-900_49.mzML	17.20334785	17.084792016667	17.283773766667	3.127345509131849E-05	0
FTITPPTAQVVGVLK	3	Ast-2024-12-05_HeLa_3mzDIA_6mIIT_400-900_55.mzML	17.098651366667	16.999581116667	17.199779316667	2.157357668327832E-05	0
FTITPPTAQVVGVLK	3	Ast-2024-12-05_HeLa_3mzDIA_6mIIT_400-900_60.mzML	17.036917683333	16.95659055	17.119797366667	2.0708650003106297E-05	1
FTLRDEGK	2	Ast-2024-12-05_HeLa_3mzDIA_6mIIT_400-900_49.mzML	5.964463316667	5.889011066667	6.02125785	3.127345509131849E-05	0
FTLRDEGK	2	Ast-2024-12-05_HeLa_3mzDIA_6mIIT_400-900_55.mzML	5.920410933333	5.844641516667	5.9965642	2.157357668327832E-05	0
FTLRDEGK	2	Ast-2024-12-05_HeLa_3mzDIA_6mIIT_400-900_60.mzML	5.876129483333	5.837433666667	5.933736866667	2.0708650003106297E-05	1
FVLVHPDVK	2	Ast-2024-12-05_HeLa_3mzDIA_6mIIT_400-900_49.mzML	10.2112041	10.194792883333	10.243973616667	0.003276595744680851	0
FVLVHPDVK	2	Ast-2024-12-05_HeLa_3mzDIA_6mIIT_400-900_55.mzML	10.152535233333	10.084865833333	10.219016533333	0.00035694632419649893	1
FVLVHPDVK	2	Ast-2024-12-05_HeLa_3mzDIA_6mIIT_400-900_60.mzML		10.037154916667	10.12135955	0.01980030798271323	0
FYEDDENGWQAFGDFSPTDVHK	3	Ast-2024-12-05_HeLa_3mzDIA_6mIIT_400-900_49.mzML	16.581135916667	16.5246917	16.638440866667	4.735633272559373E-05	0
FYEDDENGWQAFGDFSPTDVHK	3	Ast-2024-12-05_HeLa_3mzDIA_6mIIT_400-900_55.mzML	16.509897366667	16.433747416667	16.586689316667	2.157357668327832E-05	0
FYEDDENGWQAFGDFSPTDVHK	3	Ast-2024-12-05_HeLa_3mzDIA_6mIIT_400-900_60.mzML	16.479872966667	16.384540116667	16.5396789	2.0708650003106297E-05	1
GAC[+57.0215]ENC[+57.0215]GAMTHK	3	Ast-2024-12-05_HeLa_3mzDIA_6mIIT_400-900_49.mzML	3.019260166667	2.9344078	3.061005283333	0.008104349903174346	0
GAC[+57.0215]ENC[+57.0215]GAMTHK	3	Ast-2024-12-05_HeLa_3mzDIA_6mIIT_400-900_55.mzML	2.980757816667	2.937646166667	3.0443563	0.003096090719188302	1
GAC[+57.0215]ENC[+57.0215]GAMTHK	3	Ast-2024-12-05_HeLa_3mzDIA_6mIIT_400-900_60.mzML		2.878481183333	3.0501141	1	0
GAGSIAGASASPK	2	Ast-2024-12-05_HeLa_3mzDIA_6mIIT_400-900_49.mzML	5.244491066667	5.1863452	5.338980433333	3.127345509131849E-05	0
GAGSIAGASASPK	2	Ast-2024-12-05_HeLa_3mzDIA_6mIIT_400-900_55.mzML	5.237302233333	5.1792025	5.294546433333	2.157357668327832E-05	0
GAGSIAGASASPK	2	Ast-2024-12-05_HeLa_3mzDIA_6mIIT_400-900_60.mzML	5.205365883333	5.146600733333	5.300793983333	2.0708650003106297E-05	1
GAHHYTGLLK	2	Ast-2024-12-05_HeLa_3mzDIA_6mIIT_400-900_49.mzML	5.577421116667	5.4811662	5.59634755	0.0009267059814658804	1
GAHHYTGLLK	2	Ast-2024-12-05_HeLa_3mzDIA_6mIIT_400-900_55.mzML	5.513443533333	5.4560253	5.513443533333	0.002627085248916327	0
GAHHYTGLLK	2	Ast-2024-12-05_HeLa_3mzDIA_6mIIT_400-900_60.mzML	5.481654583333	5.405418816667	5.481654583333	0.00330682112907409	0
GDHEEFNQC[+57.0215]QTQLK	3	Ast-2024-12-05_HeLa_3mzDIA_6mIIT_400-900_49.mzML	6.854917283333	6.781408366667	6.929870166667	0.005572766286080371	0
GDHEEFNQC[+57.0215]QTQLK	3	Ast-2024-12-05_HeLa_3mzDIA_6mIIT_400-900_55.mzML	6.81403755	6.73988435	6.888426216667	0.00551211953908351	1
GDHEEFNQC[+57.0215]QTQLK	3	Ast-2024-12-05_HeLa_3mzDIA_6mIIT_400-900_60.mzML		6.734328	6.844828016667	0.03546296510864443	0
GDSHLNVQVSNFK	2	Ast-2024-12-05_HeLa_3mzDIA_6mIIT_400-900_49.mzML	9.54052015	9.488563033333	9.6268957	3.127345509131849E-05	0
GDSHLNVQVSNFK	2	Ast-2024-12-05_HeLa_3mzDIA_6mIIT_400-900_55.mzML	9.492126	9.423407416667	9.5619561	2.157357668327832E-05	0
GDSHLNVQVSNFK	2	Ast-2024-12-05_HeLa_3mzDIA_6mIIT_400-900_60.mzML	9.4260533	9.374878466667	9.5117333	2.0708650003106297E-05	1
GDTPGHATPGHGGATSSAR	3	Ast-2024-12-05_HeLa_3mzDIA_6mIIT_400-900_49.mzML	2.907046516667	2.86385575	2.99191215	3.127345509131849E-05	0
GDTPGHATPGHGGATSSAR	3	Ast-2024-12-05_HeLa_3mzDIA_6mIIT_400-900_55.mzML	2.889220716667	2.802381966667	2.931689783333	2.157357668327832E-05	0
GDTPGHATPGHGGATSSAR	3	Ast-2024-12-05_HeLa_3mzDIA_6mIIT_400-900_60.mzML	2.85106165	2.763123783333	2.937569416667	2.0708650003106297E-05	1
GDVEQKPESESALDMR	2	Ast-2024-12-05_HeLa_3mzDIA_6mIIT_400-900_49.mzML	7.99364	7.922402966667	8.047266266667	6.014193496652099E-05	0
GDVEQKPESESALDMR	2	Ast-2024-12-05_HeLa_3mzDIA_6mIIT_400-900_55.mzML	7.952481283333	7.91654885	8.024216216667	5.984082340973012E-05	1
GDVEQKPESESALDMR	2	Ast-2024-12-05_HeLa_3mzDIA_6mIIT_400-900_60.mzML	7.934057533333	7.825841983333	7.9518971	0.0002881138625984989	0
GEEDNSLSVR	2	Ast-2024-12-05_HeLa_3mzDIA_6mIIT_400-900_49.mzML		6.267633883333	6.3423736	0.05983269256776337	0
GEEDNSLSVR	2	Ast-2024-12-05_HeLa_3mzDIA_6mIIT_400-900_55.mzML	6.2428493	6.22398735	6.336535766667	0.0014286216143424243	0
GEEDNSLSVR	2	Ast-2024-12-05_HeLa_3mzDIA_6mIIT_400-900_60.mzML	6.217906316667	6.198917233333	6.310978266667	0.0005497747264535507	1
GEITPAAIQK	2	Ast-2024-12-05_HeLa_3mzDIA_6mIIT_400-900_49.mzML	7.995609933333	7.941775433333	8.08408175	6.014193496652099E-05	1
GEITPAAIQK	2	Ast-2024-12-05_HeLa_3mzDIA_6mIIT_400-900_55.mzML	7.900824033333	7.865352816667	8.043740833333	0.0002032692470568307	0
GEITPAAIQK	2	Ast-2024-12-05_HeLa_3mzDIA_6mIIT_400-900_60.mzML	7.864310766667	7.864310766667	8.006789316667	7.46742336556771E-05	0
GELDLSLENLDLSK	2	Ast-2024-12-05_HeLa_3mzDIA_6mIIT_400-900_49.mzML	17.607299033333	17.525906233333	17.647810683333	6.014193496652099E-05	1
GELDLSLENLDLSK	2	Ast-2024-12-05_HeLa_3mzDIA_6mIIT_400-900_55.mzML	17.573440316667	17.4695454	17.633943483333	0.0002032692470568307	0
GELDLSLENLDLSK	2	Ast-2024-12-05_HeLa_3mzDIA_6mIIT_400-900_60.mzML	17.473764533333	17.412118883333	17.576325316667	0.002297778813813314	0
GEMGLGAVPGR	2	Ast-2024-12-05_HeLa_3mzDIA_6mIIT_400-900_49.mzML	9.918821366667	9.819238466667	9.918821366667	0.007683841513125713	0
GEMGLGAVPGR	2	Ast-2024-12-05_HeLa_3mzDIA_6mIIT_400-900_55.mzML	9.8736192	9.773593416667	9.8736192	0.0007603309974275468	1
GEMGLGAVPGR	2	Ast-2024-12-05_HeLa_3mzDIA_6mIIT_400-900_60.mzML	9.84312525	9.740994083333	9.84312525	0.007138866472158421	0
GEPLHIINSSNVTDEPLLK	3	Ast-2024-12-05_HeLa_3mzDIA_6mIIT_400-900_49.mzML	14.379732766667	14.304066983333	14.452555666667	4.735633272559373E-05	0
GEPLHIINSSNVTDEPLLK	3	Ast-2024-12-05_HeLa_3mzDIA_6mIIT_400-900_55.mzML	14.316662516667	14.2443659	14.387324566667	2.157357668327832E-05	0
GEPLHIINSSNVTDEPLLK	3	Ast-2024-12-05_HeLa_3mzDIA_6mIIT_400-900_60.mzML	14.199975816667	14.165240866667	14.3103425	2.0708650003106297E-05	1
GEVTFEDVK	2	Ast-2024-12-05_HeLa_3mzDIA_6mIIT_400-900_49.mzML	9.3089908	9.241699483333	9.376421283333	3.127345509131849E-05	0
GEVTFEDVK	2	Ast-2024-12-05_HeLa_3mzDIA_6mIIT_400-900_55.mzML	9.275286933333	9.190066083333	9.32635275	2.157357668327832E-05	0
GEVTFEDVK	2	Ast-2024-12-05_HeLa_3mzDIA_6mIIT_400-900_60.mzML	9.192930116667	9.14155705	9.278615183333	2.0708650003106297E-05	1
GFEVIYMSEPIDEYC[+57.0215]VQQLK	3	Ast-2024-12-05_HeLa_3mzDIA_6mIIT_400-900_49.mzML	18.596738983333	18.5124874	18.680232833333	3.127345509131849E-05	0
GFEVIYMSEPIDEYC[+57.0215]VQQLK	3	Ast-2024-12-05_HeLa_3mzDIA_6mIIT_400-900_55.mzML	18.518338883333	18.4330531	18.603952933333	2.157357668327832E-05	0
GFEVIYMSEPIDEYC[+57.0215]VQQLK	3	Ast-2024-12-05_HeLa_3mzDIA_6mIIT_400-900_60.mzML	18.46463755	18.37976925	18.5517112	2.0708650003106297E-05	1
GFVLYPVK	2	Ast-2024-12-05_HeLa_3mzDIA_6mIIT_400-900_49.mzML	13.426754516667	13.288205583333	13.426754516667	4.735633272559373E-05	0
GFVLYPVK	2	Ast-2024-12-05_HeLa_3mzDIA_6mIIT_400-900_55.mzML	13.340755683333	13.220656233333	13.340755683333	2.157357668327832E-05	0
GFVLYPVK	2	Ast-2024-12-05_HeLa_3mzDIA_6mIIT_400-900_60.mzML	13.201433633333	13.134392433333	13.25360835	2.0708650003106297E-05	1
GGAEVQIFAPDVPQMHVIDHTK	3	Ast-2024-12-05_HeLa_3mzDIA_6mIIT_400-900_49.mzML	14.71770075	14.646603533333	14.78702935	3.127345509131849E-05	0
GGAEVQIFAPDVPQMHVIDHTK	3	Ast-2024-12-05_HeLa_3mzDIA_6mIIT_400-900_55.mzML	14.639624833333	14.5846454	14.725741783333	2.157357668327832E-05	0
GGAEVQIFAPDVPQMHVIDHTK	3	Ast-2024-12-05_HeLa_3mzDIA_6mIIT_400-900_60.mzML	14.57988435	14.5074342	14.650895366667	2.0708650003106297E-05	1
GGAVVDEGPTGVK	2	Ast-2024-12-05_HeLa_3mzDIA_6mIIT_400-900_49.mzML	7.122073416667	7.0499027	7.19449475	3.127345509131849E-05	0
GGAVVDEGPTGVK	2	Ast-2024-12-05_HeLa_3mzDIA_6mIIT_400-900_55.mzML	7.080198316667	7.008450933333	7.151729316667	2.157357668327832E-05	0
GGAVVDEGPTGVK	2	Ast-2024-12-05_HeLa_3mzDIA_6mIIT_400-900_60.mzML	7.0378681	6.96589395	7.11069455	2.0708650003106297E-05	1
GGFDGEYQDDSLDLLR	2	Ast-2024-12-05_HeLa_3mzDIA_6mIIT_400-900_49.mzML	16.282773916667	16.245891366667	16.3568069	3.127345509131849E-05	0
GGFDGEYQDDSLDLLR	2	Ast-2024-12-05_HeLa_3mzDIA_6mIIT_400-900_55.mzML	16.222766966667	16.166140066667	16.3184342	2.157357668327832E-05	0
GGFDGEYQDDSLDLLR	2	Ast-2024-12-05_HeLa_3mzDIA_6mIIT_400-900_60.mzML	16.188414733333	16.112502483333	16.267021266667	2.0708650003106297E-05	1
GGSGGSYGGGGSGGGYGGGSGSR	2	Ast-2024-12-05_HeLa_3mzDIA_6mIIT_400-900_49.mzML	4.606748133333	4.527076266667	4.64639535	0.0006436746096113493	1
GGSGGSYGGGGSGGGYGGGSGSR	2	Ast-2024-12-05_HeLa_3mzDIA_6mIIT_400-900_55.mzML	4.596096983333	4.51590485	4.63570415	0.006361783782106319	0
GGSGGSYGGGGSGGGYGGGSGSR	2	Ast-2024-12-05_HeLa_3mzDIA_6mIIT_400-900_60.mzML	4.559371	4.457293166667	4.700519766667	0.0021667020337960844	0
GGTLLSVTGEVEPR	2	Ast-2024-12-05_HeLa_3mzDIA_6mIIT_400-900_49.mzML	13.342767083333	13.2249014	13.41272385	3.127345509131849E-05	0
GGTLLSVTGEVEPR	2	Ast-2024-12-05_HeLa_3mzDIA_6mIIT_400-900_55.mzML	13.2574354	13.19038125	13.362846633333	5.984082340973012E-05	0
GGTLLSVTGEVEPR	2	Ast-2024-12-05_HeLa_3mzDIA_6mIIT_400-900_60.mzML	13.188663183333	13.087789966667	13.25790545	2.0708650003106297E-05	1
GIC[+57.0215]EYHEK	2	Ast-2024-12-05_HeLa_3mzDIA_6mIIT_400-900_49.mzML	3.916134883333	3.854483683333	3.97752215	4.735633272559373E-05	1
GIC[+57.0215]EYHEK	2	Ast-2024-12-05_HeLa_3mzDIA_6mIIT_400-900_55.mzML	3.8802461	3.839130416667	3.9618088	0.00022830305599947815	0
GIC[+57.0215]EYHEK	2	Ast-2024-12-05_HeLa_3mzDIA_6mIIT_400-900_60.mzML	3.851482933333	3.768375133333	3.93558275	0.0002631425062861821	0
GIC[+57.0215]VSLGHSVADLR	3	Ast-2024-12-05_HeLa_3mzDIA_6mIIT_400-900_49.mzML	12.555113333333	12.523684483333	12.603429166667	0.002514340448227444	0
GIC[+57.0215]VSLGHSVADLR	3	Ast-2024-12-05_HeLa_3mzDIA_6mIIT_400-900_55.mzML		12.45815685	12.5417796	0.0178868882366939	0
GIC[+57.0215]VSLGHSVADLR	3	Ast-2024-12-05_HeLa_3mzDIA_6mIIT_400-900_60.mzML	12.476426783333	12.3758686	12.476426783333	0.00032598681879384875	1
GILDALLQTAR	2	Ast-2024-12-05_HeLa_3mzDIA_6mIIT_400-900_49.mzML	20.258674733333	20.1929138	20.324904016667	0.00019287023047992542	1
GILDALLQTAR	2	Ast-2024-12-05_HeLa_3mzDIA_6mIIT_400-900_55.mzML	20.119411816667	20.119411816667	20.231247916667	0.0012776424511630128	0
GILDALLQTAR	2	Ast-2024-12-05_HeLa_3mzDIA_6mIIT_400-900_60.mzML	20.01887685	19.97317445	20.156211766667	0.004031870980128636	0
GILTVDELLAIR	2	Ast-2024-12-05_HeLa_3mzDIA_6mIIT_400-900_49.mzML	20.2382345	20.150505066667	20.326259383333	3.127345509131849E-05	0
GILTVDELLAIR	2	Ast-2024-12-05_HeLa_3mzDIA_6mIIT_400-900_55.mzML	20.1428467	20.054184966667	20.2326372	2.157357668327832E-05	1
GILTVDELLAIR	2	Ast-2024-12-05_HeLa_3mzDIA_6mIIT_400-900_60.mzML	20.065770916667	19.974568266667	20.157594333333	0.00013742398735699316	0
GISSDNESVASC[+57.0215]NSVK	2	Ast-2024-12-05_HeLa_3mzDIA_6mIIT_400-900_49.mzML	6.825994366667	6.789485483333	6.863212083333	0.001270485115509243	0
GISSDNESVASC[+57.0215]NSVK	2	Ast-2024-12-05_HeLa_3mzDIA_6mIIT_400-900_55.mzML	6.803706566667	6.747847416667	6.841296133333	0.00022830305599947815	0
GISSDNESVASC[+57.0215]NSVK	2	Ast-2024-12-05_HeLa_3mzDIA_6mIIT_400-900_60.mzML	6.76087745	6.723809716667	6.834536766667	0.00021560353589798872	1
GIVEFSGK	2	Ast-2024-12-05_HeLa_3mzDIA_6mIIT_400-900_49.mzML	9.161787116667	9.093617033333	9.231637416667	6.014193496652099E-05	0
GIVEFSGK	2	Ast-2024-12-05_HeLa_3mzDIA_6mIIT_400-900_55.mzML	9.110082016667	9.040332883333	9.17891195	2.157357668327832E-05	0
GIVEFSGK	2	Ast-2024-12-05_HeLa_3mzDIA_6mIIT_400-900_60.mzML	9.043821583333	8.976484216667	9.11458185	2.0708650003106297E-05	1
GIVESSVTSAVSGK	2	Ast-2024-12-05_HeLa_3mzDIA_6mIIT_400-900_49.mzML	11.189650533333	11.12240125	11.239562916667	0.00015336900582802222	1
GIVESSVTSAVSGK	2	Ast-2024-12-05_HeLa_3mzDIA_6mIIT_400-900_55.mzML	11.117929566667	11.117929566667	11.20092045	0.0008924144769459593	0
GIVESSVTSAVSGK	2	Ast-2024-12-05_HeLa_3mzDIA_6mIIT_400-900_60.mzML	11.07647765	11.042441166667	11.144564233333	0.00021560353589798872	0
GIYFADMVSK	2	Ast-2024-12-05_HeLa_3mzDIA_6mIIT_400-900_49.mzML	14.190363366667	14.139399233333	14.276640266667	3.127345509131849E-05	0
GIYFADMVSK	2	Ast-2024-12-05_HeLa_3mzDIA_6mIIT_400-900_55.mzML	14.12686565	14.07358305	14.215927216667	2.157357668327832E-05	0
GIYFADMVSK	2	Ast-2024-12-05_HeLa_3mzDIA_6mIIT_400-900_60.mzML	14.06815115	14.000489716667	14.137207116667	2.0708650003106297E-05	1
GLAYVC[+57.0215]HQR	2	Ast-2024-12-05_HeLa_3mzDIA_6mIIT_400-900_49.mzML	5.586992216667	5.510312283333	5.663901816667	3.127345509131849E-05	0
GLAYVC[+57.0215]HQR	2	Ast-2024-12-05_HeLa_3mzDIA_6mIIT_400-900_55.mzML	5.561916766667	5.465663983333	5.61924295	2.157357668327832E-05	0
GLAYVC[+57.0215]HQR	2	Ast-2024-12-05_HeLa_3mzDIA_6mIIT_400-900_60.mzML	5.530659016667	5.453183233333	5.569642483333	2.0708650003106297E-05	1
GLFPFTHVK	2	Ast-2024-12-05_HeLa_3mzDIA_6mIIT_400-900_49.mzML	12.956813316667	12.853998966667	12.973986	0.0012152798064900617	0
GLFPFTHVK	2	Ast-2024-12-05_HeLa_3mzDIA_6mIIT_400-900_55.mzML	12.848339166667	12.779893933333	12.949653316667	0.004767705620431824	0
GLFPFTHVK	2	Ast-2024-12-05_HeLa_3mzDIA_6mIIT_400-900_60.mzML	12.778133133333	12.607188883333	12.8125319	0.0008142182868338359	1
GLGTDEDAIISVLAYR	2	Ast-2024-12-05_HeLa_3mzDIA_6mIIT_400-900_49.mzML	19.74615975	19.658666033333	19.833398133333	3.127345509131849E-05	0
GLGTDEDAIISVLAYR	2	Ast-2024-12-05_HeLa_3mzDIA_6mIIT_400-900_55.mzML	19.644531533333	19.577793966667	19.754451166667	2.157357668327832E-05	0
GLGTDEDAIISVLAYR	2	Ast-2024-12-05_HeLa_3mzDIA_6mIIT_400-900_60.mzML	19.577525716667	19.488130533333	19.667472916667	2.0708650003106297E-05	1
GLGTDEDSLIEIIC[+57.0215]SR	3	Ast-2024-12-05_HeLa_3mzDIA_6mIIT_400-900_49.mzML	19.196973483333	19.11184755	19.281804383333	3.127345509131849E-05	0
GLGTDEDSLIEIIC[+57.0215]SR	3	Ast-2024-12-05_HeLa_3mzDIA_6mIIT_400-900_55.mzML	19.130459233333	19.044175133333	19.217826533333	2.157357668327832E-05	0
GLGTDEDSLIEIIC[+57.0215]SR	3	Ast-2024-12-05_HeLa_3mzDIA_6mIIT_400-900_60.mzML	19.058279683333	18.972131183333	19.1455371	2.0708650003106297E-05	1
GLVVTDLK	2	Ast-2024-12-05_HeLa_3mzDIA_6mIIT_400-900_49.mzML	10.7615939	10.711124633333	10.828736983333	6.014193496652099E-05	1
GLVVTDLK	2	Ast-2024-12-05_HeLa_3mzDIA_6mIIT_400-900_55.mzML	10.709873666667	10.6589561	10.776329333333	0.000251853484235546	0
GLVVTDLK	2	Ast-2024-12-05_HeLa_3mzDIA_6mIIT_400-900_60.mzML	10.630420683333	10.579413533333	10.681387266667	0.0002631425062861821	0
GLWIPEGEK	2	Ast-2024-12-05_HeLa_3mzDIA_6mIIT_400-900_49.mzML	12.251237216667	12.20226955	12.35204535	0.005630165289256198	0
GLWIPEGEK	2	Ast-2024-12-05_HeLa_3mzDIA_6mIIT_400-900_55.mzML	12.2127329	12.1067725	12.28085675	0.003083247687564234	0
GLWIPEGEK	2	Ast-2024-12-05_HeLa_3mzDIA_6mIIT_400-900_60.mzML	12.1516229	12.03101185	12.201466716667	0.00038880248833592535	1
GMLDTHHK	2	Ast-2024-12-05_HeLa_3mzDIA_6mIIT_400-900_49.mzML	3.344552416667	3.2225652	3.344552416667	7.30887297178775E-05	0
GMLDTHHK	2	Ast-2024-12-05_HeLa_3mzDIA_6mIIT_400-900_55.mzML	3.308591183333	3.18602975	3.348967933333	0.0007603309974275468	0
GMLDTHHK	2	Ast-2024-12-05_HeLa_3mzDIA_6mIIT_400-900_60.mzML	3.213286766667	3.171752833333	3.254437883333	2.0708650003106297E-05	1
GMLSSSTSGAISDK	2	Ast-2024-12-05_HeLa_3mzDIA_6mIIT_400-900_49.mzML	8.8775778	8.775303633333	8.894813116667	0.008233168196215382	0
GMLSSSTSGAISDK	2	Ast-2024-12-05_HeLa_3mzDIA_6mIIT_400-900_55.mzML	8.822390833333	8.737059516667	8.8393033	0.0012454493197930638	0
GMLSSSTSGAISDK	2	Ast-2024-12-05_HeLa_3mzDIA_6mIIT_400-900_60.mzML	8.79299775	8.706631116667	8.827413583333	0.0003647535808981355	1
GNETMLDFR	2	Ast-2024-12-05_HeLa_3mzDIA_6mIIT_400-900_49.mzML	11.90327455	11.854394716667	11.93744675	0.00038372440060827426	1
GNETMLDFR	2	Ast-2024-12-05_HeLa_3mzDIA_6mIIT_400-900_55.mzML	11.889857966667	11.823182466667	11.9413348	0.0014862809303189698	0
GNETMLDFR	2	Ast-2024-12-05_HeLa_3mzDIA_6mIIT_400-900_60.mzML	11.7800787	11.731613566667	11.831187916667	0.0019852460125882646	0
GNFVPQGWVLPPLPSNDIWATAVK	3	Ast-2024-12-05_HeLa_3mzDIA_6mIIT_400-900_49.mzML		22.322292366667	22.461054033333	1	0
GNFVPQGWVLPPLPSNDIWATAVK	3	Ast-2024-12-05_HeLa_3mzDIA_6mIIT_400-900_55.mzML	22.356230733333	22.309923316667	22.448168466667	0.002353929293710699	0
GNFVPQGWVLPPLPSNDIWATAVK	3	Ast-2024-12-05_HeLa_3mzDIA_6mIIT_400-900_60.mzML	22.326796933333	22.257069833333	22.350017933333	0.0007027406886858749	1
GNGIVEC[+57.0215]LGPK	2	Ast-2024-12-05_HeLa_3mzDIA_6mIIT_400-900_49.mzML	10.195666733333	10.064036433333	10.195666733333	0.00012104862696271702	0
GNGIVEC[+57.0215]LGPK	2	Ast-2024-12-05_HeLa_3mzDIA_6mIIT_400-900_55.mzML	10.153463133333	10.0195331	10.153463133333	0.000251853484235546	0
GNGIVEC[+57.0215]LGPK	2	Ast-2024-12-05_HeLa_3mzDIA_6mIIT_400-900_60.mzML	10.088608466667	9.95492175	10.088608466667	0.00010414677752512541	1
GNIIGYSQVDK	2	Ast-2024-12-05_HeLa_3mzDIA_6mIIT_400-900_49.mzML	9.658996283333	9.590899683333	9.728188766667	7.30887297178775E-05	1
GNIIGYSQVDK	2	Ast-2024-12-05_HeLa_3mzDIA_6mIIT_400-900_55.mzML	9.6285799	9.542919583333	9.680604033333	0.0005941535292719639	0
GNIIGYSQVDK	2	Ast-2024-12-05_HeLa_3mzDIA_6mIIT_400-900_60.mzML	9.56107815	9.526884816667	9.630312216667	0.000760681777158918	0
GNNVLYISTQK	2	Ast-2024-12-05_HeLa_3mzDIA_6mIIT_400-900_49.mzML	9.988827533333	9.92000185	10.05629255	3.127345509131849E-05	0
GNNVLYISTQK	2	Ast-2024-12-05_HeLa_3mzDIA_6mIIT_400-900_55.mzML	9.941944283333	9.874795333333	10.011436933333	2.157357668327832E-05	0
GNNVLYISTQK	2	Ast-2024-12-05_HeLa_3mzDIA_6mIIT_400-900_60.mzML	9.878046966667	9.81034715	9.945160733333	2.0708650003106297E-05	1
GPLAMGLAQPR	2	Ast-2024-12-05_HeLa_3mzDIA_6mIIT_400-900_49.mzML	11.567654566667	11.502245	11.636041366667	0.0004194806829145518	1
GPLAMGLAQPR	2	Ast-2024-12-05_HeLa_3mzDIA_6mIIT_400-900_55.mzML	11.521257	11.469739433333	11.571097133333	0.009026500096567287	0
GPLAMGLAQPR	2	Ast-2024-12-05_HeLa_3mzDIA_6mIIT_400-900_60.mzML	11.44521585	11.375811	11.478555916667	0.001183260486344208	0
GPPGPESQSR	2	Ast-2024-12-05_HeLa_3mzDIA_6mIIT_400-900_49.mzML	3.511062833333	3.405539233333	3.574793466667	3.127345509131849E-05	0
GPPGPESQSR	2	Ast-2024-12-05_HeLa_3mzDIA_6mIIT_400-900_55.mzML	3.474668366667	3.349380933333	3.558222466667	2.157357668327832E-05	0
GPPGPESQSR	2	Ast-2024-12-05_HeLa_3mzDIA_6mIIT_400-900_60.mzML	3.4219596	3.316616233333	3.5268565	2.0708650003106297E-05	1
GPPHLQIRPPSQDLK	2	Ast-2024-12-05_HeLa_3mzDIA_6mIIT_400-900_49.mzML	9.850010783333	9.697725566667	9.915576283333	0.002671194359129645	0
GPPHLQIRPPSQDLK	2	Ast-2024-12-05_HeLa_3mzDIA_6mIIT_400-900_55.mzML	9.684842916667	9.684842916667	9.7532406	0.00592686395200382	0
GPPHLQIRPPSQDLK	2	Ast-2024-12-05_HeLa_3mzDIA_6mIIT_400-900_60.mzML	9.646894	9.612336566667	9.664073216667	0.00258297326812592	1
GPPPAPEGGSR	2	Ast-2024-12-05_HeLa_3mzDIA_6mIIT_400-900_49.mzML	3.87494845	3.812724466667	3.977260666667	0.00023090066653325738	0
GPPPAPEGGSR	2	Ast-2024-12-05_HeLa_3mzDIA_6mIIT_400-900_55.mzML	3.838812516667	3.777123416667	3.941363633333	0.0002592649077321946	0
GPPPAPEGGSR	2	Ast-2024-12-05_HeLa_3mzDIA_6mIIT_400-900_60.mzML	3.830629533333	3.76806435	3.9352587	9.054690329590728E-05	1
GPTPEEAIQK	2	Ast-2024-12-05_HeLa_3mzDIA_6mIIT_400-900_49.mzML	6.598055616667	6.561568416667	6.709949083333	6.014193496652099E-05	1
GPTPEEAIQK	2	Ast-2024-12-05_HeLa_3mzDIA_6mIIT_400-900_55.mzML	6.575337916667	6.520260916667	6.668455066667	7.891102781613731E-05	0
GPTPEEAIQK	2	Ast-2024-12-05_HeLa_3mzDIA_6mIIT_400-900_60.mzML	6.532022933333	6.477424766667	6.64463665	9.054690329590728E-05	0
GPYDFDQIK	2	Ast-2024-12-05_HeLa_3mzDIA_6mIIT_400-900_49.mzML	11.484789683333	11.4183392	11.5183552	0.0002567006417516044	0
GPYDFDQIK	2	Ast-2024-12-05_HeLa_3mzDIA_6mIIT_400-900_55.mzML	11.419627633333	11.384929133333	11.521031283333	0.00011334655709832814	1
GPYDFDQIK	2	Ast-2024-12-05_HeLa_3mzDIA_6mIIT_400-900_60.mzML	11.375584133333	11.342303716667	11.444989033333	0.003236841535497001	0
GQGHQYELNSK	3	Ast-2024-12-05_HeLa_3mzDIA_6mIIT_400-900_49.mzML	4.102176166667	4.08143515	4.183142483333	0.0016299520774568843	1
GQGHQYELNSK	3	Ast-2024-12-05_HeLa_3mzDIA_6mIIT_400-900_55.mzML		4.004925916667	4.169967566667	0.011242653232577665	0
GQGHQYELNSK	3	Ast-2024-12-05_HeLa_3mzDIA_6mIIT_400-900_60.mzML	3.999305383333	3.978900183333	4.103567816667	0.0054175830070267664	0
GQGVYLGMPGC[+57.0215]LPVYDALAGEFIR	3	Ast-2024-12-05_HeLa_3mzDIA_6mIIT_400-900_49.mzML	23.0055188	22.913137316667	23.098472183333	3.127345509131849E-05	0
GQGVYLGMPGC[+57.0215]LPVYDALAGEFIR	3	Ast-2024-12-05_HeLa_3mzDIA_6mIIT_400-900_55.mzML	22.831940133333	22.739385766667	22.94816005	2.157357668327832E-05	0
GQGVYLGMPGC[+57.0215]LPVYDALAGEFIR	3	Ast-2024-12-05_HeLa_3mzDIA_6mIIT_400-900_60.mzML	22.850707966667	22.757878266667	22.99054695	2.0708650003106297E-05	1
GQIQAVASPDDPIRR	2	Ast-2024-12-05_HeLa_3mzDIA_6mIIT_400-900_49.mzML	9.026656083333	8.926475766667	9.078573716667	0.005170375337486104	0
GQIQAVASPDDPIRR	2	Ast-2024-12-05_HeLa_3mzDIA_6mIIT_400-900_55.mzML	8.945217283333	8.859089833333	8.995572816667	0.0017188976288319464	1
GQIQAVASPDDPIRR	2	Ast-2024-12-05_HeLa_3mzDIA_6mIIT_400-900_60.mzML	8.876373383333	8.842626666667	8.9782732	0.002428112572652187	0
GQLEANLLQVLEK	2	Ast-2024-12-05_HeLa_3mzDIA_6mIIT_400-900_49.mzML	18.960138216667	18.7933067	18.960138216667	0.00015336900582802222	0
GQLEANLLQVLEK	2	Ast-2024-12-05_HeLa_3mzDIA_6mIIT_400-900_55.mzML	18.868728916667	18.69828705	18.868728916667	0.00022830305599947815	0
GQLEANLLQVLEK	2	Ast-2024-12-05_HeLa_3mzDIA_6mIIT_400-900_60.mzML	18.753598033333	18.582740833333	18.753598033333	0.00010414677752512541	1
GQMGPTEQGPYAK	2	Ast-2024-12-05_HeLa_3mzDIA_6mIIT_400-900_49.mzML	6.85048085	6.777018316667	6.92574	6.014193496652099E-05	0
GQMGPTEQGPYAK	2	Ast-2024-12-05_HeLa_3mzDIA_6mIIT_400-900_55.mzML	6.809642216667	6.735627416667	6.88415075	2.157357668327832E-05	0
GQMGPTEQGPYAK	2	Ast-2024-12-05_HeLa_3mzDIA_6mIIT_400-900_60.mzML	6.766938283333	6.674386066667	6.858961333333	2.0708650003106297E-05	1
GQQASPFVLR	2	Ast-2024-12-05_HeLa_3mzDIA_6mIIT_400-900_49.mzML	11.034310366667	11.034310366667	11.155470416667	0.0004420988643585422	1
GQQASPFVLR	2	Ast-2024-12-05_HeLa_3mzDIA_6mIIT_400-900_55.mzML		10.979464883333	11.082034583333	0.030904429178165306	0
GQQASPFVLR	2	Ast-2024-12-05_HeLa_3mzDIA_6mIIT_400-900_60.mzML		10.888354483333	11.0244052	0.02330045215739431	0
GQQELLYVVPFVAK	3	Ast-2024-12-05_HeLa_3mzDIA_6mIIT_400-900_49.mzML	18.491797333333	18.4100669	18.575344483333	0.00030296244582899746	0
GQQELLYVVPFVAK	3	Ast-2024-12-05_HeLa_3mzDIA_6mIIT_400-900_55.mzML	18.411979683333	18.349361333333	18.518024666667	8.633491038436302E-05	1
GQQELLYVVPFVAK	3	Ast-2024-12-05_HeLa_3mzDIA_6mIIT_400-900_60.mzML	18.358284466667	18.274865033333	18.44314925	0.0005643871695983444	0
GRDPALPTLLNPK	3	Ast-2024-12-05_HeLa_3mzDIA_6mIIT_400-900_49.mzML	12.122976083333	12.038967483333	12.275191833333	3.127345509131849E-05	0
GRDPALPTLLNPK	3	Ast-2024-12-05_HeLa_3mzDIA_6mIIT_400-900_55.mzML	12.056111683333	12.022452966667	12.163243566667	2.157357668327832E-05	0
GRDPALPTLLNPK	3	Ast-2024-12-05_HeLa_3mzDIA_6mIIT_400-900_60.mzML	11.998344533333	11.912589516667	12.0857621	2.0708650003106297E-05	1
GSGEGQGQILQR	3	Ast-2024-12-05_HeLa_3mzDIA_6mIIT_400-900_49.mzML	6.3619296	6.306038833333	6.416910666667	0.002855432229539907	0
GSGEGQGQILQR	3	Ast-2024-12-05_HeLa_3mzDIA_6mIIT_400-900_55.mzML		6.281409566667	6.393187383333	1	0
GSGEGQGQILQR	3	Ast-2024-12-05_HeLa_3mzDIA_6mIIT_400-900_60.mzML	6.3184014	6.262555283333	6.39221375	0.0009359029616402931	1
GSGPLSPSIQSR	2	Ast-2024-12-05_HeLa_3mzDIA_6mIIT_400-900_49.mzML	8.2593617	8.19003165	8.3286644	3.127345509131849E-05	0
GSGPLSPSIQSR	2	Ast-2024-12-05_HeLa_3mzDIA_6mIIT_400-900_55.mzML	8.219242333333	8.150486466667	8.2544849	2.157357668327832E-05	0
GSGPLSPSIQSR	2	Ast-2024-12-05_HeLa_3mzDIA_6mIIT_400-900_60.mzML	8.166973916667	8.096048433333	8.238462833333	2.0708650003106297E-05	1
GSGVSNFAQLIVR	3	Ast-2024-12-05_HeLa_3mzDIA_6mIIT_400-900_49.mzML	16.2045879	16.129798566667	16.260879083333	0.002117882873513227	1
GSGVSNFAQLIVR	3	Ast-2024-12-05_HeLa_3mzDIA_6mIIT_400-900_55.mzML		16.067839583333	16.219322983333	0.01585039195930504	0
GSGVSNFAQLIVR	3	Ast-2024-12-05_HeLa_3mzDIA_6mIIT_400-900_60.mzML		15.990978616667	16.128477566667	1	0
GSLAALYDLAVLK	2	Ast-2024-12-05_HeLa_3mzDIA_6mIIT_400-900_49.mzML	19.623558366667	19.4936722	19.666021233333	0.0009369031746603726	0
GSLAALYDLAVLK	2	Ast-2024-12-05_HeLa_3mzDIA_6mIIT_400-900_55.mzML	19.540608933333	19.452307283333	19.563102233333	0.0019376788409976792	0
GSLAALYDLAVLK	2	Ast-2024-12-05_HeLa_3mzDIA_6mIIT_400-900_60.mzML	19.383907383333	19.31737665	19.450850716667	0.00010414677752512541	1
GSQTEFEQQER	2	Ast-2024-12-05_HeLa_3mzDIA_6mIIT_400-900_49.mzML	5.608129716667	5.531759583333	5.646810533333	0.00035244360902255637	0
GSQTEFEQQER	2	Ast-2024-12-05_HeLa_3mzDIA_6mIIT_400-900_55.mzML	5.5831791	5.525531066667	5.62143685	0.0017803481317684414	0
GSQTEFEQQER	2	Ast-2024-12-05_HeLa_3mzDIA_6mIIT_400-900_60.mzML	5.552461533333	5.493582916667	5.611338683333	0.0002631425062861821	1
GSWYLPAGR	2	Ast-2024-12-05_HeLa_3mzDIA_6mIIT_400-900_49.mzML	11.945046733333	11.845722866667	12.097972683333	0.0006780007931330033	0
GSWYLPAGR	2	Ast-2024-12-05_HeLa_3mzDIA_6mIIT_400-900_55.mzML	11.897851516667	11.880770583333	11.985801733333	0.001379977354217777	0
GSWYLPAGR	2	Ast-2024-12-05_HeLa_3mzDIA_6mIIT_400-900_60.mzML	11.839296366667	11.78784355	11.926929666667	0.0005497747264535507	1
GTEIGVLAK	2	Ast-2024-12-05_HeLa_3mzDIA_6mIIT_400-900_49.mzML	9.077377033333	9.0090047	9.145590316667	4.735633272559373E-05	0
GTEIGVLAK	2	Ast-2024-12-05_HeLa_3mzDIA_6mIIT_400-900_55.mzML	9.040861183333	8.9562124	9.093218533333	2.157357668327832E-05	0
GTEIGVLAK	2	Ast-2024-12-05_HeLa_3mzDIA_6mIIT_400-900_60.mzML	8.99338105	8.909508116667	9.010021066667	2.0708650003106297E-05	1
GVQQDEALQLPK	2	Ast-2024-12-05_HeLa_3mzDIA_6mIIT_400-900_49.mzML	10.893848433333	10.806575083333	10.9279944	0.00035244360902255637	0
GVQQDEALQLPK	2	Ast-2024-12-05_HeLa_3mzDIA_6mIIT_400-900_55.mzML	10.822651566667	10.771510083333	10.890115416667	0.00041956281554620084	0
GVQQDEALQLPK	2	Ast-2024-12-05_HeLa_3mzDIA_6mIIT_400-900_60.mzML	10.761854616667	10.727627466667	10.864847183333	2.0708650003106297E-05	1
GVVPVVMDC[+57.0215]ESTVQEK	2	Ast-2024-12-05_HeLa_3mzDIA_6mIIT_400-900_49.mzML	12.48160925	12.448619816667	12.576766333333	6.014193496652099E-05	0
GVVPVVMDC[+57.0215]ESTVQEK	2	Ast-2024-12-05_HeLa_3mzDIA_6mIIT_400-900_55.mzML	12.447558316667	12.379139083333	12.513476516667	2.157357668327832E-05	0
GVVPVVMDC[+57.0215]ESTVQEK	2	Ast-2024-12-05_HeLa_3mzDIA_6mIIT_400-900_60.mzML	12.381873583333	12.33168915	12.465682966667	2.0708650003106297E-05	1
GYAQQDTQEFLR	3	Ast-2024-12-05_HeLa_3mzDIA_6mIIT_400-900_49.mzML		10.7323406	10.86788295	0.025203341566634677	0
GYAQQDTQEFLR	3	Ast-2024-12-05_HeLa_3mzDIA_6mIIT_400-900_55.mzML	10.7607703	10.6941907	10.8458212	0.000739051211152028	1
GYAQQDTQEFLR	3	Ast-2024-12-05_HeLa_3mzDIA_6mIIT_400-900_60.mzML		10.635071333333	10.737239016667	0.012159255151087359	0
GYFSAVPK	2	Ast-2024-12-05_HeLa_3mzDIA_6mIIT_400-900_49.mzML	9.901421416667	9.851934516667	9.986436266667	7.30887297178775E-05	1
GYFSAVPK	2	Ast-2024-12-05_HeLa_3mzDIA_6mIIT_400-900_55.mzML	9.8391078	9.789023516667	9.922724766667	0.0006168059948293285	0
GYFSAVPK	2	Ast-2024-12-05_HeLa_3mzDIA_6mIIT_400-900_60.mzML	9.756735983333	9.722829066667	9.858740033333	0.001017032226442838	0
GYGFAEPYNLYSSLK	2	Ast-2024-12-05_HeLa_3mzDIA_6mIIT_400-900_49.mzML	16.729126916667	16.688738133333	16.7872879	0.0008357401831254225	1
GYGFAEPYNLYSSLK	2	Ast-2024-12-05_HeLa_3mzDIA_6mIIT_400-900_55.mzML		16.637921133333	16.717310933333	0.04145052506593738	0
GYGFAEPYNLYSSLK	2	Ast-2024-12-05_HeLa_3mzDIA_6mIIT_400-900_60.mzML	16.629835066667	16.549971333333	16.688824866667	0.006531121626540482	0
HASSGSFLPSANEHLK	3	Ast-2024-12-05_HeLa_3mzDIA_6mIIT_400-900_49.mzML	8.36862775	8.2809463	8.422522633333	0.0004414536950867397	0
HASSGSFLPSANEHLK	3	Ast-2024-12-05_HeLa_3mzDIA_6mIIT_400-900_55.mzML	8.330301733333	8.2415104	8.418526766667	0.00019105004041443163	0
HASSGSFLPSANEHLK	3	Ast-2024-12-05_HeLa_3mzDIA_6mIIT_400-900_60.mzML	8.242963716667	8.171631116667	8.3152495	2.0708650003106297E-05	1
HDSLHDPAAPSR	3	Ast-2024-12-05_HeLa_3mzDIA_6mIIT_400-900_49.mzML	4.447638583333	4.364836533333	4.507738683333	0.0004194806829145518	0
HDSLHDPAAPSR	3	Ast-2024-12-05_HeLa_3mzDIA_6mIIT_400-900_55.mzML	4.39472035	4.332210966667	4.53678845	0.0002592649077321946	0
HDSLHDPAAPSR	3	Ast-2024-12-05_HeLa_3mzDIA_6mIIT_400-900_60.mzML	4.3742672	4.332440466667	4.478516683333	9.054690329590728E-05	1
HGGGTESLFFDK	2	Ast-2024-12-05_HeLa_3mzDIA_6mIIT_400-900_49.mzML	10.747940766667	10.663279233333	10.831961166667	0.0005341024408481547	1
HGGGTESLFFDK	2	Ast-2024-12-05_HeLa_3mzDIA_6mIIT_400-900_55.mzML	10.679287466667	10.611155316667	10.7461467	0.0005861898988822425	0
HGGGTESLFFDK	2	Ast-2024-12-05_HeLa_3mzDIA_6mIIT_400-900_60.mzML	10.579701166667	10.50946515	10.647807733333	0.004340214457655555	0
HGGYKPSDEHK	3	Ast-2024-12-05_HeLa_3mzDIA_6mIIT_400-900_49.mzML	2.1789104	2.131894183333	2.22534505	0.00022277030790038985	1
HGGYKPSDEHK	3	Ast-2024-12-05_HeLa_3mzDIA_6mIIT_400-900_55.mzML		2.134097166667	2.2737344	0.012711227750343073	0
HGGYKPSDEHK	3	Ast-2024-12-05_HeLa_3mzDIA_6mIIT_400-900_60.mzML	2.185504983333	2.138261933333	2.254880866667	0.004798292061680248	0
HGLVPFAFVR	2	Ast-2024-12-05_HeLa_3mzDIA_6mIIT_400-900_49.mzML	15.00166675	14.929290616667	15.109386383333	3.127345509131849E-05	0
HGLVPFAFVR	2	Ast-2024-12-05_HeLa_3mzDIA_6mIIT_400-900_55.mzML	14.919287916667	14.81057245	14.9943325	2.157357668327832E-05	1
HGLVPFAFVR	2	Ast-2024-12-05_HeLa_3mzDIA_6mIIT_400-900_60.mzML	14.791917283333	14.719664633333	14.9010939	0.00014914490255866366	0
HIAGLNANR	2	Ast-2024-12-05_HeLa_3mzDIA_6mIIT_400-900_49.mzML	4.83494145	4.77638255	4.911985016667	0.00029813368314352153	1
HIAGLNANR	2	Ast-2024-12-05_HeLa_3mzDIA_6mIIT_400-900_55.mzML	4.826645033333	4.726736666667	4.865119733333	0.005780887719772507	0
HIAGLNANR	2	Ast-2024-12-05_HeLa_3mzDIA_6mIIT_400-900_60.mzML		4.732087183333	4.851306483333	0.0470256060753578	0
HIEPELAGR	2	Ast-2024-12-05_HeLa_3mzDIA_6mIIT_400-900_49.mzML	6.497838083333	6.442966983333	6.552027033333	0.00019287023047992542	0
HIEPELAGR	2	Ast-2024-12-05_HeLa_3mzDIA_6mIIT_400-900_55.mzML	6.45643035	6.363404583333	6.511036633333	0.002417351950990673	0
HIEPELAGR	2	Ast-2024-12-05_HeLa_3mzDIA_6mIIT_400-900_60.mzML	6.44938275	6.3379085	6.44938275	9.054690329590728E-05	1
HILTHTGEK	2	Ast-2024-12-05_HeLa_3mzDIA_6mIIT_400-900_49.mzML	2.920508166667	2.8774474	3.005575583333	0.002548530528142284	0
HILTHTGEK	2	Ast-2024-12-05_HeLa_3mzDIA_6mIIT_400-900_55.mzML	2.859561983333	2.816301483333	2.9238171	0.0005738383110470548	1
HILTHTGEK	2	Ast-2024-12-05_HeLa_3mzDIA_6mIIT_400-900_60.mzML	2.843022716667	2.755179083333	2.8858697	0.000875251634845018	0
HLAC[+57.0215]LPR	2	Ast-2024-12-05_HeLa_3mzDIA_6mIIT_400-900_49.mzML	6.199060933333	6.105315233333	6.25629535	7.30887297178775E-05	0
HLAC[+57.0215]LPR	2	Ast-2024-12-05_HeLa_3mzDIA_6mIIT_400-900_55.mzML	6.137435033333	6.043225683333	6.194301733333	0.0002032692470568307	0
HLAC[+57.0215]LPR	2	Ast-2024-12-05_HeLa_3mzDIA_6mIIT_400-900_60.mzML	6.036557816667	5.98042995	6.13098295	2.0708650003106297E-05	1
HLATSDMLAAASK	3	Ast-2024-12-05_HeLa_3mzDIA_6mIIT_400-900_49.mzML	9.5916363	9.556821416667	9.694031033333	0.001857322952854792	0
HLATSDMLAAASK	3	Ast-2024-12-05_HeLa_3mzDIA_6mIIT_400-900_55.mzML	9.56092995	9.508851766667	9.61184425	0.0002125880468827506	1
HLATSDMLAAASK	3	Ast-2024-12-05_HeLa_3mzDIA_6mIIT_400-900_60.mzML	9.49420575	9.425006133333	9.527670416667	0.000713974943941811	0
HLIDNC[+57.0215]AFR	2	Ast-2024-12-05_HeLa_3mzDIA_6mIIT_400-900_49.mzML	8.669098866667	8.600475516667	8.73894095	0.00023090066653325738	0
HLIDNC[+57.0215]AFR	2	Ast-2024-12-05_HeLa_3mzDIA_6mIIT_400-900_55.mzML	8.595063783333	8.543225983333	8.6821816	9.531616371504279E-05	0
HLIDNC[+57.0215]AFR	2	Ast-2024-12-05_HeLa_3mzDIA_6mIIT_400-900_60.mzML	8.529418816667	8.4767041	8.59909865	2.0708650003106297E-05	1
HLLVSNVGGDGEEIER	2	Ast-2024-12-05_HeLa_3mzDIA_6mIIT_400-900_49.mzML	10.224631516667	10.158138283333	10.2917115	3.127345509131849E-05	0
HLLVSNVGGDGEEIER	2	Ast-2024-12-05_HeLa_3mzDIA_6mIIT_400-900_55.mzML	10.16613045	10.098413166667	10.23344615	2.157357668327832E-05	0
HLLVSNVGGDGEEIER	2	Ast-2024-12-05_HeLa_3mzDIA_6mIIT_400-900_60.mzML	10.1020055	10.034438766667	10.170142433333	2.0708650003106297E-05	1
HLSLC[+57.0215]HGLSDLAR	3	Ast-2024-12-05_HeLa_3mzDIA_6mIIT_400-900_49.mzML	10.779593333333	10.729151966667	10.864196116667	3.127345509131849E-05	0
HLSLC[+57.0215]HGLSDLAR	3	Ast-2024-12-05_HeLa_3mzDIA_6mIIT_400-900_55.mzML	10.722592166667	10.672257983333	10.789727033333	2.157357668327832E-05	0
HLSLC[+57.0215]HGLSDLAR	3	Ast-2024-12-05_HeLa_3mzDIA_6mIIT_400-900_60.mzML	10.6266393	10.57598015	10.67741985	2.0708650003106297E-05	1
HLSPYATLTVGDSSHK	2	Ast-2024-12-05_HeLa_3mzDIA_6mIIT_400-900_49.mzML	9.126840416667	9.058666116667	9.19474485	3.127345509131849E-05	0
HLSPYATLTVGDSSHK	2	Ast-2024-12-05_HeLa_3mzDIA_6mIIT_400-900_55.mzML	9.056295916667	8.9881193	9.125711433333	2.157357668327832E-05	0
HLSPYATLTVGDSSHK	2	Ast-2024-12-05_HeLa_3mzDIA_6mIIT_400-900_60.mzML	8.975432466667	8.9076851	9.042574266667	2.0708650003106297E-05	1
HLTDPSYGIPR	2	Ast-2024-12-05_HeLa_3mzDIA_6mIIT_400-900_49.mzML	8.975109033333	8.941614733333	9.07685185	0.0002674583433630212	0
HLTDPSYGIPR	2	Ast-2024-12-05_HeLa_3mzDIA_6mIIT_400-900_55.mzML	8.950264783333	8.881393716667	9.01773205	0.0003658393818777804	0
HLTDPSYGIPR	2	Ast-2024-12-05_HeLa_3mzDIA_6mIIT_400-900_60.mzML	8.89181855	8.823744766667	8.959736383333	0.00023642525021672314	1
HLVLLDTAQAAAAGHR	2	Ast-2024-12-05_HeLa_3mzDIA_6mIIT_400-900_49.mzML	11.729540366667	11.6616862	11.798707416667	0.0008234362628661916	0
HLVLLDTAQAAAAGHR	2	Ast-2024-12-05_HeLa_3mzDIA_6mIIT_400-900_55.mzML	11.682877433333	11.63111215	11.7164127	5.4256415821170855E-05	1
HLVLLDTAQAAAAGHR	2	Ast-2024-12-05_HeLa_3mzDIA_6mIIT_400-900_60.mzML	11.570573933333	11.5204587	11.657224366667	0.00013454121445869585	0
HMNSAGVLATLR	3	Ast-2024-12-05_HeLa_3mzDIA_6mIIT_400-900_49.mzML	10.5206604	10.453379583333	10.5868048	6.601967386281111E-05	0
HMNSAGVLATLR	3	Ast-2024-12-05_HeLa_3mzDIA_6mIIT_400-900_55.mzML	10.4323059	10.397858566667	10.499870233333	0.0001491869312248247	0
HMNSAGVLATLR	3	Ast-2024-12-05_HeLa_3mzDIA_6mIIT_400-900_60.mzML	10.337174533333	10.285032816667	10.421683383333	2.0708650003106297E-05	1
HNEFDFISGTR	2	Ast-2024-12-05_HeLa_3mzDIA_6mIIT_400-900_49.mzML	12.066666	11.99824805	12.134910833333	3.127345509131849E-05	1
HNEFDFISGTR	2	Ast-2024-12-05_HeLa_3mzDIA_6mIIT_400-900_55.mzML	12.010676066667	11.939624716667	12.077790783333	0.0002125880468827506	0
HNEFDFISGTR	2	Ast-2024-12-05_HeLa_3mzDIA_6mIIT_400-900_60.mzML	11.934621683333	11.88163425	12.0205536	3.554291807357384E-05	0
HPFLLLGTTANR	2	Ast-2024-12-05_HeLa_3mzDIA_6mIIT_400-900_49.mzML		12.554441816667	12.63680505	0.03000365045708383	0
HPFLLLGTTANR	2	Ast-2024-12-05_HeLa_3mzDIA_6mIIT_400-900_55.mzML		12.489913816667	12.5749535	0.04518300884423772	0
HPFLLLGTTANR	2	Ast-2024-12-05_HeLa_3mzDIA_6mIIT_400-900_60.mzML	12.492759916667	12.358652516667	12.492759916667	0.0017591366394560512	1
HPQPQGLEVTGDRR	3	Ast-2024-12-05_HeLa_3mzDIA_6mIIT_400-900_49.mzML	5.729298983333	5.710550933333	5.824101266667	0.0009267059814658804	0
HPQPQGLEVTGDRR	3	Ast-2024-12-05_HeLa_3mzDIA_6mIIT_400-900_55.mzML	5.7235238	5.666634616667	5.7423819	0.0015076134479119555	0
HPQPQGLEVTGDRR	3	Ast-2024-12-05_HeLa_3mzDIA_6mIIT_400-900_60.mzML	5.67584705	5.6185901	5.732265983333	0.00010414677752512541	1
HPSPELSR	2	Ast-2024-12-05_HeLa_3mzDIA_6mIIT_400-900_49.mzML	4.078142816667	3.99662415	4.159168033333	7.30887297178775E-05	0
HPSPELSR	2	Ast-2024-12-05_HeLa_3mzDIA_6mIIT_400-900_55.mzML	4.042694683333	3.960842283333	4.124904016667	0.00022830305599947815	0
HPSPELSR	2	Ast-2024-12-05_HeLa_3mzDIA_6mIIT_400-900_60.mzML	3.996188233333	3.955366933333	4.07882525	2.0708650003106297E-05	1
HPSTNSLLR	2	Ast-2024-12-05_HeLa_3mzDIA_6mIIT_400-900_49.mzML	5.879667833333	5.842471216667	5.955361166667	4.735633272559373E-05	0
HPSTNSLLR	2	Ast-2024-12-05_HeLa_3mzDIA_6mIIT_400-900_55.mzML	5.835502816667	5.797838666667	5.911355933333	2.157357668327832E-05	0
HPSTNSLLR	2	Ast-2024-12-05_HeLa_3mzDIA_6mIIT_400-900_60.mzML	5.789063516667	5.713495183333	5.867131233333	2.0708650003106297E-05	1
HQEYLNSILQHAK	2	Ast-2024-12-05_HeLa_3mzDIA_6mIIT_400-900_49.mzML	10.775432066667	10.725123183333	10.8257864	6.014193496652099E-05	1
HQEYLNSILQHAK	2	Ast-2024-12-05_HeLa_3mzDIA_6mIIT_400-900_55.mzML	10.744546283333	10.660595	10.761115266667	0.00039329433164544513	0
HQEYLNSILQHAK	2	Ast-2024-12-05_HeLa_3mzDIA_6mIIT_400-900_60.mzML	10.631982183333	10.5460296	10.66582065	0.007414644358764109	0
HQNTEVVLYLAR	3	Ast-2024-12-05_HeLa_3mzDIA_6mIIT_400-900_49.mzML	11.603753583333	11.569967616667	11.672673783333	0.005337514092446449	0
HQNTEVVLYLAR	3	Ast-2024-12-05_HeLa_3mzDIA_6mIIT_400-900_55.mzML	11.503266266667	11.486292683333	11.587745866667	0.0007497680802124767	1
HQNTEVVLYLAR	3	Ast-2024-12-05_HeLa_3mzDIA_6mIIT_400-900_60.mzML	11.42702785	11.408745266667	11.5278538	0.0015834206543252998	0
HQVAYNTLIGSC[+57.0215]VK	3	Ast-2024-12-05_HeLa_3mzDIA_6mIIT_400-900_49.mzML	10.273665816667	10.223161616667	10.356520966667	0.0007966434754899357	0
HQVAYNTLIGSC[+57.0215]VK	3	Ast-2024-12-05_HeLa_3mzDIA_6mIIT_400-900_55.mzML	10.231837166667	10.1812774	10.3170604	0.0011430848609421537	0
HQVAYNTLIGSC[+57.0215]VK	3	Ast-2024-12-05_HeLa_3mzDIA_6mIIT_400-900_60.mzML	10.168556233333	10.1170439	10.202045016667	0.00023642525021672314	1
HSFFSTIDWNK	3	Ast-2024-12-05_HeLa_3mzDIA_6mIIT_400-900_49.mzML	14.137119366667	14.070804283333	14.205486683333	3.127345509131849E-05	0
HSFFSTIDWNK	3	Ast-2024-12-05_HeLa_3mzDIA_6mIIT_400-900_55.mzML	14.057668533333	13.98754925	14.093738866667	2.157357668327832E-05	0
HSFFSTIDWNK	3	Ast-2024-12-05_HeLa_3mzDIA_6mIIT_400-900_60.mzML	13.963240066667	13.893459266667	14.032650783333	2.0708650003106297E-05	1
HSLSLLDLEQK	3	Ast-2024-12-05_HeLa_3mzDIA_6mIIT_400-900_49.mzML	13.099714083333	13.017341833333	13.148423883333	6.014193496652099E-05	1
HSLSLLDLEQK	3	Ast-2024-12-05_HeLa_3mzDIA_6mIIT_400-900_55.mzML	12.993830166667	12.942538716667	13.079035216667	0.0001680697948020596	0
HSLSLLDLEQK	3	Ast-2024-12-05_HeLa_3mzDIA_6mIIT_400-900_60.mzML	12.925293516667	12.840870516667	12.975334016667	0.00013454121445869585	0
HSQEELLQR	2	Ast-2024-12-05_HeLa_3mzDIA_6mIIT_400-900_49.mzML	5.8903329	5.815163133333	5.928034416667	3.127345509131849E-05	0
HSQEELLQR	2	Ast-2024-12-05_HeLa_3mzDIA_6mIIT_400-900_55.mzML	5.845947566667	5.771113783333	5.92191435	2.157357668327832E-05	0
HSQEELLQR	2	Ast-2024-12-05_HeLa_3mzDIA_6mIIT_400-900_60.mzML	5.799581733333	5.7609392	5.87759965	2.0708650003106297E-05	1
HSVDGESLSSELQQLGLPK	3	Ast-2024-12-05_HeLa_3mzDIA_6mIIT_400-900_49.mzML	16.5782023	16.52207955	16.63572795	3.127345509131849E-05	0
HSVDGESLSSELQQLGLPK	3	Ast-2024-12-05_HeLa_3mzDIA_6mIIT_400-900_55.mzML	16.487603066667	16.430825683333	16.5449216	2.157357668327832E-05	0
HSVDGESLSSELQQLGLPK	3	Ast-2024-12-05_HeLa_3mzDIA_6mIIT_400-900_60.mzML	16.43836905	16.381363633333	16.496888216667	2.0708650003106297E-05	1
HTPPTIGGSLPYR	2	Ast-2024-12-05_HeLa_3mzDIA_6mIIT_400-900_49.mzML	9.694898866667	9.66073115	9.7629221	0.0005246660298925107	1
HTPPTIGGSLPYR	2	Ast-2024-12-05_HeLa_3mzDIA_6mIIT_400-900_55.mzML	9.647010916667	9.561656566667	9.664315116667	0.0005941535292719639	0
HTPPTIGGSLPYR	2	Ast-2024-12-05_HeLa_3mzDIA_6mIIT_400-900_60.mzML		9.511437366667	9.5971884	0.02638793018439996	0
HVEFLVAENER	2	Ast-2024-12-05_HeLa_3mzDIA_6mIIT_400-900_49.mzML	9.9638344	9.91249325	10.01511855	0.0007279207821383301	1
HVEFLVAENER	2	Ast-2024-12-05_HeLa_3mzDIA_6mIIT_400-900_55.mzML		9.83407795	9.901123066667	0.02842184727301248	0
HVEFLVAENER	2	Ast-2024-12-05_HeLa_3mzDIA_6mIIT_400-900_60.mzML	9.836600366667	9.81980415	9.90416355	0.002346248768772757	0
HVGMAVAGLLADAR	2	Ast-2024-12-05_HeLa_3mzDIA_6mIIT_400-900_49.mzML	14.040757216667	13.989984366667	14.12408715	3.127345509131849E-05	0
HVGMAVAGLLADAR	2	Ast-2024-12-05_HeLa_3mzDIA_6mIIT_400-900_55.mzML	13.952287866667	13.882095316667	14.023064016667	2.157357668327832E-05	0
HVGMAVAGLLADAR	2	Ast-2024-12-05_HeLa_3mzDIA_6mIIT_400-900_60.mzML	13.846159333333	13.7782297	13.915198516667	2.0708650003106297E-05	1
HVLALTGC[+57.0215]GPGR	3	Ast-2024-12-05_HeLa_3mzDIA_6mIIT_400-900_49.mzML	8.143594233333	8.091392416667	8.23149925	6.014193496652099E-05	1
HVLALTGC[+57.0215]GPGR	3	Ast-2024-12-05_HeLa_3mzDIA_6mIIT_400-900_55.mzML	8.11572455	8.045173283333	8.1334212	0.00019105004041443163	0
HVLALTGC[+57.0215]GPGR	3	Ast-2024-12-05_HeLa_3mzDIA_6mIIT_400-900_60.mzML	8.008270433333	7.97267045	8.07893865	0.00032702345764417333	0
HVMSNTGNWMHIR	3	Ast-2024-12-05_HeLa_3mzDIA_6mIIT_400-900_49.mzML	9.776884433333	9.709615883333	9.810602616667	0.00019287023047992542	0
HVMSNTGNWMHIR	3	Ast-2024-12-05_HeLa_3mzDIA_6mIIT_400-900_55.mzML	9.696330616667	9.644313933333	9.7478791	2.157357668327832E-05	1
HVMSNTGNWMHIR	3	Ast-2024-12-05_HeLa_3mzDIA_6mIIT_400-900_60.mzML	9.57681975	9.559936666667	9.6462104	0.00010414677752512541	0
HVVAVVLGDVGR	3	Ast-2024-12-05_HeLa_3mzDIA_6mIIT_400-900_49.mzML	11.815721383333	11.74702935	11.9127435	0.0009274891098188791	0
HVVAVVLGDVGR	3	Ast-2024-12-05_HeLa_3mzDIA_6mIIT_400-900_55.mzML	11.766302666667	11.683629433333	11.799312183333	0.0002957585534718021	1
HVVAVVLGDVGR	3	Ast-2024-12-05_HeLa_3mzDIA_6mIIT_400-900_60.mzML	11.658036866667	11.605939	11.7406617	0.005464334502986634	0
HVVDGISR	2	Ast-2024-12-05_HeLa_3mzDIA_6mIIT_400-900_49.mzML	4.834386966667	4.795456583333	4.911430533333	0.0016336903249228535	0
HVVDGISR	2	Ast-2024-12-05_HeLa_3mzDIA_6mIIT_400-900_55.mzML	4.80599545	4.706249466667	4.884505516667	0.0014286216143424243	0
HVVDGISR	2	Ast-2024-12-05_HeLa_3mzDIA_6mIIT_400-900_60.mzML	4.77103655	4.6913923	4.850750116667	0.00020280494844074196	1
HWQEITFNLPVK	2	Ast-2024-12-05_HeLa_3mzDIA_6mIIT_400-900_49.mzML	15.42066055	15.365326433333	15.512198433333	5.449690275935984E-05	0
HWQEITFNLPVK	2	Ast-2024-12-05_HeLa_3mzDIA_6mIIT_400-900_55.mzML	15.342297	15.306314933333	15.416564816667	2.157357668327832E-05	0
HWQEITFNLPVK	2	Ast-2024-12-05_HeLa_3mzDIA_6mIIT_400-900_60.mzML	15.2760235	15.202349	15.31188805	2.0708650003106297E-05	1
HYAPLQAYLR	2	Ast-2024-12-05_HeLa_3mzDIA_6mIIT_400-900_49.mzML	11.485929616667	11.41934095	11.535667233333	0.0005440840808960135	0
HYAPLQAYLR	2	Ast-2024-12-05_HeLa_3mzDIA_6mIIT_400-900_55.mzML	11.42073525	11.31809105	11.453210316667	0.00016493485073396007	1
HYAPLQAYLR	2	Ast-2024-12-05_HeLa_3mzDIA_6mIIT_400-900_60.mzML	11.29257905	11.27585045	11.360037916667	0.0002631425062861821	0
IADQLEELNK	2	Ast-2024-12-05_HeLa_3mzDIA_6mIIT_400-900_49.mzML	10.187424466667	10.1373938	10.270321483333	4.735633272559373E-05	0
IADQLEELNK	2	Ast-2024-12-05_HeLa_3mzDIA_6mIIT_400-900_55.mzML	10.144988883333	10.093925933333	10.228410083333	2.157357668327832E-05	0
IADQLEELNK	2	Ast-2024-12-05_HeLa_3mzDIA_6mIIT_400-900_60.mzML	10.113623316667	10.04627915	10.181827916667	2.0708650003106297E-05	1
IAEGEHPK	2	Ast-2024-12-05_HeLa_3mzDIA_6mIIT_400-900_49.mzML	2.452872083333	2.362700683333	2.497512983333	0.0002455381121188404	0
IAEGEHPK	2	Ast-2024-12-05_HeLa_3mzDIA_6mIIT_400-900_55.mzML	2.365074566667	2.365074566667	2.477851166667	0.0003658393818777804	0
IAEGEHPK	2	Ast-2024-12-05_HeLa_3mzDIA_6mIIT_400-900_60.mzML	2.413832566667	2.36899495	2.459121966667	2.0708650003106297E-05	1
IAEGFSDTALIMVDNTK	3	Ast-2024-12-05_HeLa_3mzDIA_6mIIT_400-900_49.mzML	16.735001233333	16.694694283333	16.754027166667	0.007990890791159187	0
IAEGFSDTALIMVDNTK	3	Ast-2024-12-05_HeLa_3mzDIA_6mIIT_400-900_55.mzML	16.622961616667	16.602713316667	16.683382466667	0.0011180380862104585	1
IAEGFSDTALIMVDNTK	3	Ast-2024-12-05_HeLa_3mzDIA_6mIIT_400-900_60.mzML	16.5151368	16.418174816667	16.616136516667	0.0030841740603585895	0
IAMENDDGRTEEEK	2	Ast-2024-12-05_HeLa_3mzDIA_6mIIT_400-900_49.mzML	5.206299	5.109389216667	5.2639902	4.311738708634257E-05	0
IAMENDDGRTEEEK	2	Ast-2024-12-05_HeLa_3mzDIA_6mIIT_400-900_55.mzML	5.175180116667	5.098012216667	5.2525698	2.157357668327832E-05	0
IAMENDDGRTEEEK	2	Ast-2024-12-05_HeLa_3mzDIA_6mIIT_400-900_60.mzML	5.142626766667	5.084618933333	5.201326633333	2.0708650003106297E-05	1
IANLQENLANK	2	Ast-2024-12-05_HeLa_3mzDIA_6mIIT_400-900_49.mzML	9.045637733333	8.978021866667	9.07960845	0.0006105244014912384	1
IANLQENLANK	2	Ast-2024-12-05_HeLa_3mzDIA_6mIIT_400-900_55.mzML		8.958471666667	9.0262022	0.038421801594572993	0
IANLQENLANK	2	Ast-2024-12-05_HeLa_3mzDIA_6mIIT_400-900_60.mzML		8.883456366667	9.001288516667	0.01678698433817068	0
IANPDQLLTQDVEK	2	Ast-2024-12-05_HeLa_3mzDIA_6mIIT_400-900_49.mzML	13.753566616667	13.668552966667	13.839455733333	3.127345509131849E-05	0
IANPDQLLTQDVEK	2	Ast-2024-12-05_HeLa_3mzDIA_6mIIT_400-900_55.mzML	13.674384016667	13.58921795	13.762127566667	2.157357668327832E-05	0
IANPDQLLTQDVEK	2	Ast-2024-12-05_HeLa_3mzDIA_6mIIT_400-900_60.mzML	13.63861495	13.551526983333	13.692312516667	2.0708650003106297E-05	1
IAQLEEQLDNETK	2	Ast-2024-12-05_HeLa_3mzDIA_6mIIT_400-900_49.mzML	10.904210733333	10.799604383333	10.904210733333	3.127345509131849E-05	0
IAQLEEQLDNETK	2	Ast-2024-12-05_HeLa_3mzDIA_6mIIT_400-900_55.mzML	10.832638283333	10.7478865	10.883455233333	2.157357668327832E-05	0
IAQLEEQLDNETK	2	Ast-2024-12-05_HeLa_3mzDIA_6mIIT_400-900_60.mzML	10.754571133333	10.70319515	10.841699833333	2.0708650003106297E-05	1
IAVSNLHK	2	Ast-2024-12-05_HeLa_3mzDIA_6mIIT_400-900_49.mzML	5.528045916667	5.489460683333	5.604366283333	3.127345509131849E-05	0
IAVSNLHK	2	Ast-2024-12-05_HeLa_3mzDIA_6mIIT_400-900_55.mzML	5.502526366667	5.426359383333	5.579776133333	2.157357668327832E-05	0
IAVSNLHK	2	Ast-2024-12-05_HeLa_3mzDIA_6mIIT_400-900_60.mzML	5.451634	5.41374135	5.529135733333	2.0708650003106297E-05	1
IDHVLLNADGIR	2	Ast-2024-12-05_HeLa_3mzDIA_6mIIT_400-900_49.mzML	11.206354266667	11.189809066667	11.256505233333	0.005116708700480535	0
IDHVLLNADGIR	2	Ast-2024-12-05_HeLa_3mzDIA_6mIIT_400-900_55.mzML	11.16778335	11.134608166667	11.201079316667	2.157357668327832E-05	1
IDHVLLNADGIR	2	Ast-2024-12-05_HeLa_3mzDIA_6mIIT_400-900_60.mzML		11.05641525	11.124705216667	0.02397336824626389	0
IDMNLTDLLGELQR	2	Ast-2024-12-05_HeLa_3mzDIA_6mIIT_400-900_49.mzML	22.309599033333	22.240300483333	22.379384666667	3.127345509131849E-05	0
IDMNLTDLLGELQR	2	Ast-2024-12-05_HeLa_3mzDIA_6mIIT_400-900_55.mzML	22.227468733333	22.1811588	22.320395983333	2.157357668327832E-05	0
IDMNLTDLLGELQR	2	Ast-2024-12-05_HeLa_3mzDIA_6mIIT_400-900_60.mzML	22.174690733333	22.12806515	22.267548816667	2.0708650003106297E-05	1
IDMNLTDLLGELQR	3	Ast-2024-12-05_HeLa_3mzDIA_6mIIT_400-900_49.mzML	22.309599033333	22.240300483333	22.379384666667	3.127345509131849E-05	0
IDMNLTDLLGELQR	3	Ast-2024-12-05_HeLa_3mzDIA_6mIIT_400-900_55.mzML	22.227468733333	22.1811588	22.320395983333	8.633491038436302E-05	0
IDMNLTDLLGELQR	3	Ast-2024-12-05_HeLa_3mzDIA_6mIIT_400-900_60.mzML	22.174690733333	22.12806515	22.267548816667	2.0708650003106297E-05	1
IDTEILPSLFMR	2	Ast-2024-12-05_HeLa_3mzDIA_6mIIT_400-900_49.mzML	19.87474835	19.87474835	20.0083174	0.0015919040309284212	0
IDTEILPSLFMR	2	Ast-2024-12-05_HeLa_3mzDIA_6mIIT_400-900_55.mzML	19.795986033333	19.795986033333	19.930600166667	0.0008826673960068625	0
IDTEILPSLFMR	2	Ast-2024-12-05_HeLa_3mzDIA_6mIIT_400-900_60.mzML	19.755893066667	19.686994133333	19.847631483333	2.0708650003106297E-05	1
IEELEEALR	2	Ast-2024-12-05_HeLa_3mzDIA_6mIIT_400-900_49.mzML	11.854604283333	11.806721583333	11.937588116667	3.127345509131849E-05	0
IEELEEALR	2	Ast-2024-12-05_HeLa_3mzDIA_6mIIT_400-900_55.mzML	11.823323316667	11.773786316667	11.873415133333	2.157357668327832E-05	0
IEELEEALR	2	Ast-2024-12-05_HeLa_3mzDIA_6mIIT_400-900_60.mzML	11.763982133333	11.731760466667	11.831331466667	2.0708650003106297E-05	1
IEEQSQSEK	2	Ast-2024-12-05_HeLa_3mzDIA_6mIIT_400-900_49.mzML	2.4992432	2.4546413	2.5876221	4.735633272559373E-05	0
IEEQSQSEK	2	Ast-2024-12-05_HeLa_3mzDIA_6mIIT_400-900_55.mzML	2.479740016667	2.434527433333	2.5671359	2.157357668327832E-05	0
IEEQSQSEK	2	Ast-2024-12-05_HeLa_3mzDIA_6mIIT_400-900_60.mzML	2.4609617	2.3929779	2.527901283333	2.0708650003106297E-05	1
IEFHMNC[+57.0215]WKK	3	Ast-2024-12-05_HeLa_3mzDIA_6mIIT_400-900_49.mzML	9.703227066667	9.634943033333	9.770968916667	0.008622873412975855	0
IEFHMNC[+57.0215]WKK	3	Ast-2024-12-05_HeLa_3mzDIA_6mIIT_400-900_55.mzML	9.69043155	9.604060433333	9.724749916667	0.009754399667212822	0
IEFHMNC[+57.0215]WKK	3	Ast-2024-12-05_HeLa_3mzDIA_6mIIT_400-900_60.mzML	9.593658433333	9.5251988	9.645529983333	0.0008448395435344556	1
IEGEGSVLQAK	2	Ast-2024-12-05_HeLa_3mzDIA_6mIIT_400-900_49.mzML	8.049646016667	8.014041016667	8.119647283333	3.127345509131849E-05	0
IEGEGSVLQAK	2	Ast-2024-12-05_HeLa_3mzDIA_6mIIT_400-900_55.mzML	8.008873083333	7.973369833333	8.07970745	2.157357668327832E-05	0
IEGEGSVLQAK	2	Ast-2024-12-05_HeLa_3mzDIA_6mIIT_400-900_60.mzML	7.971904333333	7.900835083333	8.0428727	2.0708650003106297E-05	1
IEGFTNVK	2	Ast-2024-12-05_HeLa_3mzDIA_6mIIT_400-900_49.mzML	8.537257883333	8.537257883333	8.67585965	0.0002567006417516044	0
IEGFTNVK	2	Ast-2024-12-05_HeLa_3mzDIA_6mIIT_400-900_55.mzML	8.4805169	8.4805169	8.619073633333	0.0003439355195669403	0
IEGFTNVK	2	Ast-2024-12-05_HeLa_3mzDIA_6mIIT_400-900_60.mzML	8.431163466667	8.431163466667	8.57077485	0.00014914490255866366	1
IETKPC[+57.0215]GEELK	3	Ast-2024-12-05_HeLa_3mzDIA_6mIIT_400-900_49.mzML	5.690169783333	5.652664533333	5.747056	4.735633272559373E-05	0
IETKPC[+57.0215]GEELK	3	Ast-2024-12-05_HeLa_3mzDIA_6mIIT_400-900_55.mzML	5.646514066667	5.60788305	5.722045433333	2.157357668327832E-05	1
IETKPC[+57.0215]GEELK	3	Ast-2024-12-05_HeLa_3mzDIA_6mIIT_400-900_60.mzML	5.629507233333	5.551797016667	5.6680707	0.00019397298233460338	0
IEYVTVTPEGFR	2	Ast-2024-12-05_HeLa_3mzDIA_6mIIT_400-900_49.mzML	14.00644155	13.907301283333	14.040971966667	0.00038372440060827426	1
IEYVTVTPEGFR	2	Ast-2024-12-05_HeLa_3mzDIA_6mIIT_400-900_55.mzML		13.89981785	14.075720416667	1	0
IEYVTVTPEGFR	2	Ast-2024-12-05_HeLa_3mzDIA_6mIIT_400-900_60.mzML	13.967401766667	13.81260225	13.984893316667	0.005226792305993459	0
IFSIIAEGEMHEAIK	2	Ast-2024-12-05_HeLa_3mzDIA_6mIIT_400-900_49.mzML	14.686968683333	14.61643495	14.845408533333	0.003781315428488918	0
IFSIIAEGEMHEAIK	2	Ast-2024-12-05_HeLa_3mzDIA_6mIIT_400-900_55.mzML	14.622585083333	14.494528383333	14.726468716667	0.0005010562808081902	0
IFSIIAEGEMHEAIK	2	Ast-2024-12-05_HeLa_3mzDIA_6mIIT_400-900_60.mzML	14.548644333333	14.458238883333	14.674242633333	0.00033604241602051106	1
IFVGGLPYHTTDASLR	2	Ast-2024-12-05_HeLa_3mzDIA_6mIIT_400-900_49.mzML	13.205942883333	13.172360533333	13.290213833333	0.0023353748323500997	1
IFVGGLPYHTTDASLR	2	Ast-2024-12-05_HeLa_3mzDIA_6mIIT_400-900_55.mzML	13.171535783333	13.0872681	13.222673183333	0.007063783086986439	0
IFVGGLPYHTTDASLR	2	Ast-2024-12-05_HeLa_3mzDIA_6mIIT_400-900_60.mzML	13.073111166667	13.038696216667	13.15892605	0.004967254089284019	0
IGIPEFK	2	Ast-2024-12-05_HeLa_3mzDIA_6mIIT_400-900_49.mzML	12.62724505	12.5455472	12.713506133333	0.0004194806829145518	0
IGIPEFK	2	Ast-2024-12-05_HeLa_3mzDIA_6mIIT_400-900_55.mzML	12.5996064	12.480563716667	12.653311533333	9.531616371504279E-05	1
IGIPEFK	2	Ast-2024-12-05_HeLa_3mzDIA_6mIIT_400-900_60.mzML	12.500312516667	12.41601905	12.587369366667	0.00017703387784662427	0
IGLDFC[+57.0215]K	2	Ast-2024-12-05_HeLa_3mzDIA_6mIIT_400-900_49.mzML	11.651012066667	11.616031983333	11.719080816667	4.735633272559373E-05	0
IGLDFC[+57.0215]K	2	Ast-2024-12-05_HeLa_3mzDIA_6mIIT_400-900_55.mzML	11.603220383333	11.53553675	11.672328883333	2.157357668327832E-05	0
IGLDFC[+57.0215]K	2	Ast-2024-12-05_HeLa_3mzDIA_6mIIT_400-900_60.mzML	11.526747266667	11.476354583333	11.611864433333	2.0708650003106297E-05	1
IHAESLLLDSPAVAK	2	Ast-2024-12-05_HeLa_3mzDIA_6mIIT_400-900_49.mzML	12.797244716667	12.72836515	12.832052016667	0.0043061449002043065	0
IHAESLLLDSPAVAK	2	Ast-2024-12-05_HeLa_3mzDIA_6mIIT_400-900_55.mzML		12.650639066667	12.723034316667	0.0152603321014832	0
IHAESLLLDSPAVAK	2	Ast-2024-12-05_HeLa_3mzDIA_6mIIT_400-900_60.mzML	12.618907966667	12.567800233333	12.636551733333	5.721696673787E-05	1
IHALPESVSIFSLK	3	Ast-2024-12-05_HeLa_3mzDIA_6mIIT_400-900_49.mzML	16.021603516667	15.949794983333	16.039582533333	0.00030928632181241784	1
IHALPESVSIFSLK	3	Ast-2024-12-05_HeLa_3mzDIA_6mIIT_400-900_55.mzML	15.943497216667	15.8518279	15.999501733333	0.00040377821039728893	0
IHALPESVSIFSLK	3	Ast-2024-12-05_HeLa_3mzDIA_6mIIT_400-900_60.mzML	15.842394183333	15.746399166667	15.880236816667	0.00078789271527527	0
IHGQNVPFDAVVVDK	2	Ast-2024-12-05_HeLa_3mzDIA_6mIIT_400-900_49.mzML	11.733533083333	11.6998735	11.8341357	0.00023090066653325738	0
IHGQNVPFDAVVVDK	2	Ast-2024-12-05_HeLa_3mzDIA_6mIIT_400-900_55.mzML	11.703057066667	11.63538415	11.736716016667	2.157357668327832E-05	1
IHGQNVPFDAVVVDK	2	Ast-2024-12-05_HeLa_3mzDIA_6mIIT_400-900_60.mzML	11.609267516667	11.574720166667	11.677652066667	0.00014914490255866366	0
IHQC[+57.0215]ISINMLADK	2	Ast-2024-12-05_HeLa_3mzDIA_6mIIT_400-900_49.mzML	12.19765965	12.1456416	12.313555033333	4.735633272559373E-05	0
IHQC[+57.0215]ISINMLADK	2	Ast-2024-12-05_HeLa_3mzDIA_6mIIT_400-900_55.mzML	12.120109933333	12.0828972	12.225250083333	2.157357668327832E-05	1
IHQC[+57.0215]ISINMLADK	2	Ast-2024-12-05_HeLa_3mzDIA_6mIIT_400-900_60.mzML	12.048529133333	11.979215866667	12.10093115	0.00013454121445869585	0
IIDDSEITK	2	Ast-2024-12-05_HeLa_3mzDIA_6mIIT_400-900_49.mzML	8.189116516667	8.11897415	8.258438183333	3.127345509131849E-05	0
IIDDSEITK	2	Ast-2024-12-05_HeLa_3mzDIA_6mIIT_400-900_55.mzML	8.1495784	8.114447733333	8.218242266667	2.157357668327832E-05	0
IIDDSEITK	2	Ast-2024-12-05_HeLa_3mzDIA_6mIIT_400-900_60.mzML	8.112702183333	8.077657916667	8.18391085	2.0708650003106297E-05	1
IIMLTC[+57.0215]AFLAC[+57.0215]K	2	Ast-2024-12-05_HeLa_3mzDIA_6mIIT_400-900_49.mzML		17.959882483333	18.041461966667	0.06445947641149849	0
IIMLTC[+57.0215]AFLAC[+57.0215]K	2	Ast-2024-12-05_HeLa_3mzDIA_6mIIT_400-900_55.mzML	17.973711133333	17.9316247	18.015421133333	0.00041956281554620084	1
IIMLTC[+57.0215]AFLAC[+57.0215]K	2	Ast-2024-12-05_HeLa_3mzDIA_6mIIT_400-900_60.mzML	17.853156666667	17.811985033333	17.936305683333	0.004432285702167366	0
IISLDLPVAEVYK	3	Ast-2024-12-05_HeLa_3mzDIA_6mIIT_400-900_49.mzML		18.17541035	18.378822766667	0.04099147806755541	0
IISLDLPVAEVYK	3	Ast-2024-12-05_HeLa_3mzDIA_6mIIT_400-900_55.mzML	18.169817216667	18.107895716667	18.274947166667	0.009096179093280593	0
IISLDLPVAEVYK	3	Ast-2024-12-05_HeLa_3mzDIA_6mIIT_400-900_60.mzML	18.094534133333	18.031379783333	18.20066155	0.0025750665146332193	1
IIVEGGGAVAALQAMK	3	Ast-2024-12-05_HeLa_3mzDIA_6mIIT_400-900_49.mzML	15.377981283333	15.32631055	15.434014516667	0.0019109862600087905	1
IIVEGGGAVAALQAMK	3	Ast-2024-12-05_HeLa_3mzDIA_6mIIT_400-900_55.mzML	15.324623633333	15.252922783333	15.397882516667	0.005237239813747308	0
IIVEGGGAVAALQAMK	3	Ast-2024-12-05_HeLa_3mzDIA_6mIIT_400-900_60.mzML	15.257586566667	15.184065716667	15.330630116667	0.0035795218054849	0
IKFPLPHR	2	Ast-2024-12-05_HeLa_3mzDIA_6mIIT_400-900_49.mzML	9.258753483333	9.0864584	9.443435233333	7.30887297178775E-05	0
IKFPLPHR	2	Ast-2024-12-05_HeLa_3mzDIA_6mIIT_400-900_55.mzML	9.309016666667	9.049942633333	9.3431134	0.0005738383110470548	0
IKFPLPHR	2	Ast-2024-12-05_HeLa_3mzDIA_6mIIT_400-900_60.mzML	9.158568016667	8.9184162	9.261471633333	3.924492759310859E-05	1
ILC[+57.0215]DVPC[+57.0215]SGDGTMR	3	Ast-2024-12-05_HeLa_3mzDIA_6mIIT_400-900_49.mzML	10.025334683333	9.974566616667	10.108418916667	0.0010608239746218264	1
ILC[+57.0215]DVPC[+57.0215]SGDGTMR	3	Ast-2024-12-05_HeLa_3mzDIA_6mIIT_400-900_55.mzML	9.997185333333	9.927791733333	10.064339383333	0.001186498891560246	0
ILC[+57.0215]DVPC[+57.0215]SGDGTMR	3	Ast-2024-12-05_HeLa_3mzDIA_6mIIT_400-900_60.mzML	9.947865533333	9.880567116667	10.016720483333	0.002928944922692752	0
ILETTTFFQR	2	Ast-2024-12-05_HeLa_3mzDIA_6mIIT_400-900_49.mzML	14.03999275	13.972729416667	14.140309866667	6.014193496652099E-05	0
ILETTTFFQR	2	Ast-2024-12-05_HeLa_3mzDIA_6mIIT_400-900_55.mzML	13.969158933333	13.916654016667	14.056929883333	4.178767681410752E-05	0
ILETTTFFQR	2	Ast-2024-12-05_HeLa_3mzDIA_6mIIT_400-900_60.mzML	13.914372533333	13.845403116667	13.9838523	2.0708650003106297E-05	1
ILHVDNHIGISIAGLTADAR	3	Ast-2024-12-05_HeLa_3mzDIA_6mIIT_400-900_49.mzML	15.552182133333	15.477855066667	15.6611631	4.735633272559373E-05	0
ILHVDNHIGISIAGLTADAR	3	Ast-2024-12-05_HeLa_3mzDIA_6mIIT_400-900_55.mzML	15.48126005	15.406041183333	15.555558583333	2.157357668327832E-05	1
ILHVDNHIGISIAGLTADAR	3	Ast-2024-12-05_HeLa_3mzDIA_6mIIT_400-900_60.mzML	15.414018383333	15.32017005	15.486774783333	3.924492759310859E-05	0
ILLEDQSK	2	Ast-2024-12-05_HeLa_3mzDIA_6mIIT_400-900_49.mzML	8.08348855	8.0127393	8.101013216667	0.005679529941449209	0
ILLEDQSK	2	Ast-2024-12-05_HeLa_3mzDIA_6mIIT_400-900_55.mzML	7.972122	7.91768105	8.00762465	0.00040377821039728893	1
ILLEDQSK	2	Ast-2024-12-05_HeLa_3mzDIA_6mIIT_400-900_60.mzML	7.899588366667	7.863692933333	7.95297035	0.0058183949183227114	0
ILQEYITQEGHK	2	Ast-2024-12-05_HeLa_3mzDIA_6mIIT_400-900_49.mzML	9.2364013	9.149677483333	9.287378383333	3.127345509131849E-05	0
ILQEYITQEGHK	2	Ast-2024-12-05_HeLa_3mzDIA_6mIIT_400-900_55.mzML	9.165895766667	9.097432716667	9.236155683333	2.157357668327832E-05	0
ILQEYITQEGHK	2	Ast-2024-12-05_HeLa_3mzDIA_6mIIT_400-900_60.mzML	9.101993166667	9.066476683333	9.17042585	2.0708650003106297E-05	1
ILSHNPETQQVDIEILSSLPALR	3	Ast-2024-12-05_HeLa_3mzDIA_6mIIT_400-900_49.mzML	19.3563706	19.270601283333	19.3997914	6.014193496652099E-05	0
ILSHNPETQQVDIEILSSLPALR	3	Ast-2024-12-05_HeLa_3mzDIA_6mIIT_400-900_55.mzML	19.228162616667	19.184261033333	19.31586675	2.157357668327832E-05	1
ILSHNPETQQVDIEILSSLPALR	3	Ast-2024-12-05_HeLa_3mzDIA_6mIIT_400-900_60.mzML	19.155970916667	19.090505233333	19.222621	0.0015316800542518737	0
ILTDDFADK	2	Ast-2024-12-05_HeLa_3mzDIA_6mIIT_400-900_49.mzML	10.5190869	10.4861509	10.585074566667	0.0007510608734837958	1
ILTDDFADK	2	Ast-2024-12-05_HeLa_3mzDIA_6mIIT_400-900_55.mzML	10.548265766667	10.430674366667	10.548265766667	0.004167592210622071	0
ILTDDFADK	2	Ast-2024-12-05_HeLa_3mzDIA_6mIIT_400-900_60.mzML	10.502749283333	10.4031927	10.502749283333	0.0018890039487010253	0
IMPSSLDDR	2	Ast-2024-12-05_HeLa_3mzDIA_6mIIT_400-900_49.mzML	8.48633035	8.41686535	8.5552546	0.0018291793381288504	1
IMPSSLDDR	2	Ast-2024-12-05_HeLa_3mzDIA_6mIIT_400-900_55.mzML		8.395603716667	8.53348985	0.011289884384339059	0
IMPSSLDDR	2	Ast-2024-12-05_HeLa_3mzDIA_6mIIT_400-900_60.mzML		8.327601516667	8.466680266667	0.0171310485279877	0
IMSTPGGEEAIER	2	Ast-2024-12-05_HeLa_3mzDIA_6mIIT_400-900_49.mzML	8.970622066667	8.903352666667	9.037964733333	4.735633272559373E-05	0
IMSTPGGEEAIER	2	Ast-2024-12-05_HeLa_3mzDIA_6mIIT_400-900_55.mzML	8.934181883333	8.865251283333	9.00162305	4.178767681410752E-05	0
IMSTPGGEEAIER	2	Ast-2024-12-05_HeLa_3mzDIA_6mIIT_400-900_60.mzML	8.887164883333	8.819147833333	8.9552858	2.0708650003106297E-05	1
IMVHPHVTAVSEQPR	3	Ast-2024-12-05_HeLa_3mzDIA_6mIIT_400-900_49.mzML	7.709478683333	7.6737456	7.817959433333	0.00022277030790038985	1
IMVHPHVTAVSEQPR	3	Ast-2024-12-05_HeLa_3mzDIA_6mIIT_400-900_55.mzML	7.66892305	7.65073955	7.74148235	0.0027188155136268345	0
IMVHPHVTAVSEQPR	3	Ast-2024-12-05_HeLa_3mzDIA_6mIIT_400-900_60.mzML	7.612154033333	7.504618916667	7.702613666667	0.004987031609134808	0
IMYLSEAYFR	3	Ast-2024-12-05_HeLa_3mzDIA_6mIIT_400-900_49.mzML	15.724093483333	15.669630333333	15.819997283333	0.0021031490393724657	1
IMYLSEAYFR	3	Ast-2024-12-05_HeLa_3mzDIA_6mIIT_400-900_55.mzML		15.600281933333	15.749944333333	0.04302001405290238	0
IMYLSEAYFR	3	Ast-2024-12-05_HeLa_3mzDIA_6mIIT_400-900_60.mzML		15.513697366667	15.667274733333	0.03418419155549699	0
INQQENSLTLEK	2	Ast-2024-12-05_HeLa_3mzDIA_6mIIT_400-900_49.mzML	8.3130122	8.261114883333	8.365887883333	0.00019287023047992542	1
INQQENSLTLEK	2	Ast-2024-12-05_HeLa_3mzDIA_6mIIT_400-900_55.mzML	8.309490766667	8.238884566667	8.32752755	0.0003658393818777804	0
INQQENSLTLEK	2	Ast-2024-12-05_HeLa_3mzDIA_6mIIT_400-900_60.mzML	8.294372	8.204980633333	8.294372	0.0005992170230898293	0
IPPC[+57.0215]ISNWK	2	Ast-2024-12-05_HeLa_3mzDIA_6mIIT_400-900_49.mzML	11.60155285	11.204797116667	11.63610745	0.0002567006417516044	0
IPPC[+57.0215]ISNWK	2	Ast-2024-12-05_HeLa_3mzDIA_6mIIT_400-900_55.mzML	11.537828516667	11.2656215	11.5542371	0.00022830305599947815	0
IPPC[+57.0215]ISNWK	2	Ast-2024-12-05_HeLa_3mzDIA_6mIIT_400-900_60.mzML	11.445291466667	11.126478416667	11.562352016667	0.00019084272968717696	1
IPPSEMFLSETDK	3	Ast-2024-12-05_HeLa_3mzDIA_6mIIT_400-900_49.mzML	13.668111516667	13.5337821	13.805162666667	0.0005272025030657972	1
IPPSEMFLSETDK	3	Ast-2024-12-05_HeLa_3mzDIA_6mIIT_400-900_55.mzML	13.640228133333	13.43334035	13.81464255	0.006252807158143181	0
IPPSEMFLSETDK	3	Ast-2024-12-05_HeLa_3mzDIA_6mIIT_400-900_60.mzML	13.51630085	13.36435835	13.709303216667	0.0044837747380675206	0
IPQDRPTSEELLK	3	Ast-2024-12-05_HeLa_3mzDIA_6mIIT_400-900_49.mzML	8.746653083333	8.7288287	8.866757916667	0.00187866927592955	0
IPQDRPTSEELLK	3	Ast-2024-12-05_HeLa_3mzDIA_6mIIT_400-900_55.mzML	8.794317166667	8.708352516667	8.87955185	0.0005010562808081902	1
IPQDRPTSEELLK	3	Ast-2024-12-05_HeLa_3mzDIA_6mIIT_400-900_60.mzML	8.747665483333	8.6422304	8.833742833333	0.0010583684095277488	0
IPVPQQVAR	2	Ast-2024-12-05_HeLa_3mzDIA_6mIIT_400-900_49.mzML	8.6253746	8.53793455	8.71124625	3.127345509131849E-05	0
IPVPQQVAR	2	Ast-2024-12-05_HeLa_3mzDIA_6mIIT_400-900_55.mzML	8.568159566667	8.481202733333	8.655096316667	2.157357668327832E-05	0
IPVPQQVAR	2	Ast-2024-12-05_HeLa_3mzDIA_6mIIT_400-900_60.mzML	8.519682583333	8.4319874	8.606789366667	2.0708650003106297E-05	1
IPVVVQSVPVVYTAVR	2	Ast-2024-12-05_HeLa_3mzDIA_6mIIT_400-900_49.mzML	16.566439566667	16.52921645	16.643034716667	0.008584893644121768	0
IPVVVQSVPVVYTAVR	2	Ast-2024-12-05_HeLa_3mzDIA_6mIIT_400-900_55.mzML	16.538139216667	16.44353305	16.597105433333	0.001379977354217777	1
IPVVVQSVPVVYTAVR	2	Ast-2024-12-05_HeLa_3mzDIA_6mIIT_400-900_60.mzML		16.38922065	16.484478883333	0.025462429811533543	0
IPYAAC[+57.0215]PAIC[+57.0215]VANTHLLYNPR	3	Ast-2024-12-05_HeLa_3mzDIA_6mIIT_400-900_49.mzML	15.498851666667	15.425723333333	15.535837633333	0.0016226029728809712	1
IPYAAC[+57.0215]PAIC[+57.0215]VANTHLLYNPR	3	Ast-2024-12-05_HeLa_3mzDIA_6mIIT_400-900_55.mzML		15.370691566667	15.445865766667	0.10870213154630849	0
IPYAAC[+57.0215]PAIC[+57.0215]VANTHLLYNPR	3	Ast-2024-12-05_HeLa_3mzDIA_6mIIT_400-900_60.mzML		15.322053983333	15.397503583333	0.06113266097750194	0
IQELENLPGSLAGDLR	2	Ast-2024-12-05_HeLa_3mzDIA_6mIIT_400-900_49.mzML	16.768526	16.689103033333	16.844544283333	3.127345509131849E-05	0
IQELENLPGSLAGDLR	2	Ast-2024-12-05_HeLa_3mzDIA_6mIIT_400-900_55.mzML	16.697906133333	16.638240216667	16.7745738	2.157357668327832E-05	0
IQELENLPGSLAGDLR	2	Ast-2024-12-05_HeLa_3mzDIA_6mIIT_400-900_60.mzML	16.63015655	16.5503227	16.689114083333	2.0708650003106297E-05	1
IQFHQYLGK	2	Ast-2024-12-05_HeLa_3mzDIA_6mIIT_400-900_49.mzML	9.461360166667	9.410825316667	9.478108383333	0.0005539216332775016	0
IQFHQYLGK	2	Ast-2024-12-05_HeLa_3mzDIA_6mIIT_400-900_55.mzML	9.3958054	9.3440035	9.4637059	0.003424289916056592	0
IQFHQYLGK	2	Ast-2024-12-05_HeLa_3mzDIA_6mIIT_400-900_60.mzML	9.347053783333	9.313444783333	9.415152183333	0.0004122917926447144	1
IQRPPEDSIQPYEK	2	Ast-2024-12-05_HeLa_3mzDIA_6mIIT_400-900_49.mzML	8.346030766667	8.275862416667	8.417414583333	4.311738708634257E-05	0
IQRPPEDSIQPYEK	2	Ast-2024-12-05_HeLa_3mzDIA_6mIIT_400-900_55.mzML	8.2896601	8.2364667	8.3783798	0.00035101795206097684	0
IQRPPEDSIQPYEK	2	Ast-2024-12-05_HeLa_3mzDIA_6mIIT_400-900_60.mzML	8.25232395	8.199139933333	8.342196466667	2.0708650003106297E-05	1
ISALALLK	2	Ast-2024-12-05_HeLa_3mzDIA_6mIIT_400-900_49.mzML	14.604504116667	14.569125066667	14.710044733333	0.0014453187730849527	0
ISALALLK	2	Ast-2024-12-05_HeLa_3mzDIA_6mIIT_400-900_55.mzML	14.541114383333	14.4690037	14.614201466667	0.000251853484235546	0
ISALALLK	2	Ast-2024-12-05_HeLa_3mzDIA_6mIIT_400-900_60.mzML	14.44593585	14.375521483333	14.518146966667	0.00016325730984604835	1
ISSMEGER	2	Ast-2024-12-05_HeLa_3mzDIA_6mIIT_400-900_49.mzML	4.478306566667	4.35513185	4.517809733333	0.00013713658804168953	1
ISSMEGER	2	Ast-2024-12-05_HeLa_3mzDIA_6mIIT_400-900_55.mzML	4.445798033333	4.322221483333	4.486291583333	0.0002032692470568307	0
ISSMEGER	2	Ast-2024-12-05_HeLa_3mzDIA_6mIIT_400-900_60.mzML	4.5096948	4.3433788	4.5096948	0.00019084272968717696	0
ISWAGDLDKK	2	Ast-2024-12-05_HeLa_3mzDIA_6mIIT_400-900_49.mzML	9.410825316667	9.343523783333	9.444297166667	0.0005035452306101063	0
ISWAGDLDKK	2	Ast-2024-12-05_HeLa_3mzDIA_6mIIT_400-900_55.mzML	9.3614229	9.275921966667	9.3958054	0.0004150208941553609	1
ISWAGDLDKK	2	Ast-2024-12-05_HeLa_3mzDIA_6mIIT_400-900_60.mzML	9.313444783333	9.1935571	9.3304058	0.005848014395112357	0
ITC[+57.0215]LC[+57.0215]QVPQNAANR	2	Ast-2024-12-05_HeLa_3mzDIA_6mIIT_400-900_49.mzML	9.159771383333	9.091619883333	9.229506566667	3.127345509131849E-05	0
ITC[+57.0215]LC[+57.0215]QVPQNAANR	2	Ast-2024-12-05_HeLa_3mzDIA_6mIIT_400-900_55.mzML	9.12492655	9.055431766667	9.1953253	2.157357668327832E-05	0
ITC[+57.0215]LC[+57.0215]QVPQNAANR	2	Ast-2024-12-05_HeLa_3mzDIA_6mIIT_400-900_60.mzML	9.077344333333	9.00747885	9.146526316667	2.0708650003106297E-05	1
ITLSGTNSK	2	Ast-2024-12-05_HeLa_3mzDIA_6mIIT_400-900_49.mzML	5.72809535	5.6528952	5.747301933333	0.00023090066653325738	1
ITLSGTNSK	2	Ast-2024-12-05_HeLa_3mzDIA_6mIIT_400-900_55.mzML		5.6467544	5.741223166667	0.014635168299447315	0
ITLSGTNSK	2	Ast-2024-12-05_HeLa_3mzDIA_6mIIT_400-900_60.mzML	5.617383983333	5.5780016	5.693746416667	0.0031236781309992518	0
ITQC[+57.0215]SVEIQR	3	Ast-2024-12-05_HeLa_3mzDIA_6mIIT_400-900_49.mzML	7.58598345	7.515370766667	7.63971825	0.0020873855495991273	0
ITQC[+57.0215]SVEIQR	3	Ast-2024-12-05_HeLa_3mzDIA_6mIIT_400-900_55.mzML	7.5263641	7.5085804	7.597675566667	0.0011430848609421537	0
ITQC[+57.0215]SVEIQR	3	Ast-2024-12-05_HeLa_3mzDIA_6mIIT_400-900_60.mzML	7.487575833333	7.433890966667	7.558983166667	0.0006586567943855186	1
ITQNNAMK	2	Ast-2024-12-05_HeLa_3mzDIA_6mIIT_400-900_49.mzML	3.284218333333	3.243072616667	3.364534116667	3.127345509131849E-05	0
ITQNNAMK	2	Ast-2024-12-05_HeLa_3mzDIA_6mIIT_400-900_55.mzML	3.2676845	3.18588945	3.348811466667	2.157357668327832E-05	0
ITQNNAMK	2	Ast-2024-12-05_HeLa_3mzDIA_6mIIT_400-900_60.mzML	3.233980133333	3.171607733333	3.295089566667	2.0708650003106297E-05	1
IVLELFADIVPK	2	Ast-2024-12-05_HeLa_3mzDIA_6mIIT_400-900_49.mzML	21.962681566667	21.916979566667	22.191034133333	0.00043002996337809346	1
IVLELFADIVPK	2	Ast-2024-12-05_HeLa_3mzDIA_6mIIT_400-900_55.mzML	21.879502483333	21.856558133333	22.040256766667	0.004228463904774993	0
IVLELFADIVPK	2	Ast-2024-12-05_HeLa_3mzDIA_6mIIT_400-900_60.mzML	21.7548802	21.685117183333	21.893812433333	0.004139398776270285	0
IVQEFYDPMTPVNAR	2	Ast-2024-12-05_HeLa_3mzDIA_6mIIT_400-900_49.mzML	14.464497033333	14.37330305	14.515862266667	0.0003594122890249863	0
IVQEFYDPMTPVNAR	2	Ast-2024-12-05_HeLa_3mzDIA_6mIIT_400-900_55.mzML	14.381404066667	14.34620845	14.486206016667	0.0002592649077321946	1
IVQEFYDPMTPVNAR	2	Ast-2024-12-05_HeLa_3mzDIA_6mIIT_400-900_60.mzML		14.2681259	14.41004355	0.031756783288176854	0
IYIGDDNPLTLIVK	2	Ast-2024-12-05_HeLa_3mzDIA_6mIIT_400-900_49.mzML	19.88764975	19.799871983333	19.977163183333	3.127345509131849E-05	0
IYIGDDNPLTLIVK	2	Ast-2024-12-05_HeLa_3mzDIA_6mIIT_400-900_55.mzML	19.831102466667	19.720394216667	19.898382283333	2.157357668327832E-05	0
IYIGDDNPLTLIVK	2	Ast-2024-12-05_HeLa_3mzDIA_6mIIT_400-900_60.mzML	19.746252666667	19.677570366667	19.81506635	2.0708650003106297E-05	1
IYQIYEGTSQIQR	2	Ast-2024-12-05_HeLa_3mzDIA_6mIIT_400-900_49.mzML	11.291705116667	11.2255651	11.355534216667	3.127345509131849E-05	0
IYQIYEGTSQIQR	2	Ast-2024-12-05_HeLa_3mzDIA_6mIIT_400-900_55.mzML	11.236165033333	11.186685533333	11.2860502	2.157357668327832E-05	0
IYQIYEGTSQIQR	2	Ast-2024-12-05_HeLa_3mzDIA_6mIIT_400-900_60.mzML	11.196929166667	11.130221533333	11.262410316667	2.0708650003106297E-05	1
KADC[+57.0215]TITMADSDFLALMTGK	3	Ast-2024-12-05_HeLa_3mzDIA_6mIIT_400-900_49.mzML	19.603247066667	19.516377483333	19.689125516667	3.127345509131849E-05	0
KADC[+57.0215]TITMADSDFLALMTGK	3	Ast-2024-12-05_HeLa_3mzDIA_6mIIT_400-900_55.mzML	19.541895966667	19.431903466667	19.609225283333	2.157357668327832E-05	0
KADC[+57.0215]TITMADSDFLALMTGK	3	Ast-2024-12-05_HeLa_3mzDIA_6mIIT_400-900_60.mzML	19.429908	19.363201133333	19.519308883333	2.0708650003106297E-05	1
KADIDLTK	2	Ast-2024-12-05_HeLa_3mzDIA_6mIIT_400-900_49.mzML	5.518417733333	5.479799016667	5.595024833333	3.127345509131849E-05	0
KADIDLTK	2	Ast-2024-12-05_HeLa_3mzDIA_6mIIT_400-900_55.mzML	5.4931552	5.416822616667	5.569987466667	2.157357668327832E-05	0
KADIDLTK	2	Ast-2024-12-05_HeLa_3mzDIA_6mIIT_400-900_60.mzML	5.44214455	5.38489635	5.49963095	2.0708650003106297E-05	1
KAVLFC[+57.0215]LSEDK	3	Ast-2024-12-05_HeLa_3mzDIA_6mIIT_400-900_49.mzML	11.32092805	11.223035883333	11.353055333333	0.0012086417887898473	0
KAVLFC[+57.0215]LSEDK	3	Ast-2024-12-05_HeLa_3mzDIA_6mIIT_400-900_55.mzML	11.2471908	11.13131815	11.29783965	0.00041956281554620084	1
KAVLFC[+57.0215]LSEDK	3	Ast-2024-12-05_HeLa_3mzDIA_6mIIT_400-900_60.mzML	11.110243566667	11.0422908	11.178072866667	0.0005737436185658751	0
KDEAGENYSK	2	Ast-2024-12-05_HeLa_3mzDIA_6mIIT_400-900_49.mzML	2.433119766667	2.3432921	2.522239983333	6.014193496652099E-05	0
KDEAGENYSK	2	Ast-2024-12-05_HeLa_3mzDIA_6mIIT_400-900_55.mzML	2.412897683333	2.3677034	2.50259285	2.157357668327832E-05	0
KDEAGENYSK	2	Ast-2024-12-05_HeLa_3mzDIA_6mIIT_400-900_60.mzML	2.393918	2.349077283333	2.484332333333	2.0708650003106297E-05	1
KEDGSEVGVGGAQVTGSNTR	3	Ast-2024-12-05_HeLa_3mzDIA_6mIIT_400-900_49.mzML	6.59989005	6.52706675	6.6742402	3.127345509131849E-05	0
KEDGSEVGVGGAQVTGSNTR	3	Ast-2024-12-05_HeLa_3mzDIA_6mIIT_400-900_55.mzML	6.558954983333	6.522140066667	6.632754733333	2.157357668327832E-05	0
KEDGSEVGVGGAQVTGSNTR	3	Ast-2024-12-05_HeLa_3mzDIA_6mIIT_400-900_60.mzML	6.534072683333	6.4608347	6.609957666667	2.0708650003106297E-05	1
KEQDDLLVLLADQDQK	3	Ast-2024-12-05_HeLa_3mzDIA_6mIIT_400-900_49.mzML	16.083191383333	16.046211383333	16.155950966667	4.735633272559373E-05	0
KEQDDLLVLLADQDQK	3	Ast-2024-12-05_HeLa_3mzDIA_6mIIT_400-900_55.mzML	16.019777533333	15.98340855	16.09488035	0.00019756811609820932	0
KEQDDLLVLLADQDQK	3	Ast-2024-12-05_HeLa_3mzDIA_6mIIT_400-900_60.mzML	15.942872166667	15.88712205	15.999452866667	2.0708650003106297E-05	1
KFEEEDLDDILR	2	Ast-2024-12-05_HeLa_3mzDIA_6mIIT_400-900_49.mzML		14.414747983333	14.5362766	0.010411514699348652	0
KFEEEDLDDILR	2	Ast-2024-12-05_HeLa_3mzDIA_6mIIT_400-900_55.mzML	14.405411016667	14.31732965	14.422843066667	0.0022344008804206453	1
KFEEEDLDDILR	2	Ast-2024-12-05_HeLa_3mzDIA_6mIIT_400-900_60.mzML		14.27078605	14.360637016667	0.015901933952154057	0
KFESTDPR	2	Ast-2024-12-05_HeLa_3mzDIA_6mIIT_400-900_49.mzML	3.584872866667	3.5424919	3.668775483333	0.0015597604572261312	1
KFESTDPR	2	Ast-2024-12-05_HeLa_3mzDIA_6mIIT_400-900_55.mzML	3.526093083333	3.464010916667	3.674073566667	0.005307922178337826	0
KFESTDPR	2	Ast-2024-12-05_HeLa_3mzDIA_6mIIT_400-900_60.mzML	3.51596965	3.4535357	3.579461216667	0.007606522232071077	0
KFGPVVAPK	2	Ast-2024-12-05_HeLa_3mzDIA_6mIIT_400-900_49.mzML		7.02138555	7.11115545	0.02718873735151782	0
KFGPVVAPK	2	Ast-2024-12-05_HeLa_3mzDIA_6mIIT_400-900_55.mzML	7.069462983333	6.962571833333	7.069462983333	0.0011609907120743034	1
KFGPVVAPK	2	Ast-2024-12-05_HeLa_3mzDIA_6mIIT_400-900_60.mzML	7.00857175	6.883124566667	7.00857175	0.0012774441565883885	0
KFVADGIFK	2	Ast-2024-12-05_HeLa_3mzDIA_6mIIT_400-900_49.mzML	11.16325385	11.111045183333	11.195841683333	0.0011498028909329829	1
KFVADGIFK	2	Ast-2024-12-05_HeLa_3mzDIA_6mIIT_400-900_55.mzML		11.08993165	11.140640333333	0.0431065506005933	0
KFVADGIFK	2	Ast-2024-12-05_HeLa_3mzDIA_6mIIT_400-900_60.mzML		10.930980966667	11.015723166667	0.01888106322868171	0
KGPLEWQDYIYK	3	Ast-2024-12-05_HeLa_3mzDIA_6mIIT_400-900_49.mzML	14.527481116667	14.44123555	14.615578383333	0.0014960998618106234	0
KGPLEWQDYIYK	3	Ast-2024-12-05_HeLa_3mzDIA_6mIIT_400-900_55.mzML	14.41040645	14.393156083333	14.498175233333	0.0014286216143424243	0
KGPLEWQDYIYK	3	Ast-2024-12-05_HeLa_3mzDIA_6mIIT_400-900_60.mzML	14.334262066667	14.298070816667	14.439277433333	0.0003775801308944454	1
KPQDQLVIER	2	Ast-2024-12-05_HeLa_3mzDIA_6mIIT_400-900_49.mzML	7.408527683333	7.33759815	7.479235783333	3.127345509131849E-05	0
KPQDQLVIER	2	Ast-2024-12-05_HeLa_3mzDIA_6mIIT_400-900_55.mzML	7.364549033333	7.311193966667	7.4551103	2.157357668327832E-05	0
KPQDQLVIER	2	Ast-2024-12-05_HeLa_3mzDIA_6mIIT_400-900_60.mzML	7.272543316667	7.219062233333	7.362225966667	2.0708650003106297E-05	1
KPYPDDENLVEVK	3	Ast-2024-12-05_HeLa_3mzDIA_6mIIT_400-900_49.mzML	9.563684916667	9.427020766667	9.632483383333	3.127345509131849E-05	0
KPYPDDENLVEVK	3	Ast-2024-12-05_HeLa_3mzDIA_6mIIT_400-900_55.mzML	9.510869783333	9.3733596	9.597005833333	2.157357668327832E-05	0
KPYPDDENLVEVK	3	Ast-2024-12-05_HeLa_3mzDIA_6mIIT_400-900_60.mzML	9.4618315	9.3418928	9.546718333333	2.0708650003106297E-05	1
KQEVDLQQLIR	2	Ast-2024-12-05_HeLa_3mzDIA_6mIIT_400-900_49.mzML	12.462046833333	12.4123732	12.52627855	0.0019416609011984735	1
KQEVDLQQLIR	2	Ast-2024-12-05_HeLa_3mzDIA_6mIIT_400-900_55.mzML		12.358511766667	12.460871383333	0.010843167091592514	0
KQEVDLQQLIR	2	Ast-2024-12-05_HeLa_3mzDIA_6mIIT_400-900_60.mzML		12.275327433333	12.375200783333	0.0316064601700866	0
KSDC[+57.0215]SLFMFGSHNK	3	Ast-2024-12-05_HeLa_3mzDIA_6mIIT_400-900_49.mzML	10.511027183333	10.4779927	10.57720495	0.003792547643879776	0
KSDC[+57.0215]SLFMFGSHNK	3	Ast-2024-12-05_HeLa_3mzDIA_6mIIT_400-900_55.mzML	10.456417933333	10.405097816667	10.50675505	0.0006744750119978728	1
KSDC[+57.0215]SLFMFGSHNK	3	Ast-2024-12-05_HeLa_3mzDIA_6mIIT_400-900_60.mzML	10.37841005	10.309308666667	10.3950375	0.003949742199259156	0
KTTPELEIVLQK	3	Ast-2024-12-05_HeLa_3mzDIA_6mIIT_400-900_49.mzML	11.889056366667	11.808774633333	11.905547533333	0.0056344199088678585	0
KTTPELEIVLQK	3	Ast-2024-12-05_HeLa_3mzDIA_6mIIT_400-900_55.mzML		11.775843366667	11.875542083333	0.01158165358880524	0
KTTPELEIVLQK	3	Ast-2024-12-05_HeLa_3mzDIA_6mIIT_400-900_60.mzML	11.754630083333	11.655889933333	11.787229616667	0.0030575050323703823	1
LAEQIATLC[+57.0215]ATLK	3	Ast-2024-12-05_HeLa_3mzDIA_6mIIT_400-900_49.mzML		14.743014033333	14.882991583333	0.025309884854967594	0
LAEQIATLC[+57.0215]ATLK	3	Ast-2024-12-05_HeLa_3mzDIA_6mIIT_400-900_55.mzML	14.751267716667	14.698261533333	14.78633955	0.004684726889431437	1
LAEQIATLC[+57.0215]ATLK	3	Ast-2024-12-05_HeLa_3mzDIA_6mIIT_400-900_60.mzML	14.694557483333	14.623130366667	14.73053515	0.004883993861153742	0
LAGGQTSQPTTPLTSPQR	3	Ast-2024-12-05_HeLa_3mzDIA_6mIIT_400-900_49.mzML	8.859762216667	8.8255953	8.927531366667	0.0020139754317251204	0
LAGGQTSQPTTPLTSPQR	3	Ast-2024-12-05_HeLa_3mzDIA_6mIIT_400-900_55.mzML	8.804382333333	8.718690966667	8.855316716667	0.0011609907120743034	0
LAGGQTSQPTTPLTSPQR	3	Ast-2024-12-05_HeLa_3mzDIA_6mIIT_400-900_60.mzML	8.775183733333	8.705632316667	8.826540533333	0.0003647535808981355	1
LALNQISQISMK	3	Ast-2024-12-05_HeLa_3mzDIA_6mIIT_400-900_49.mzML	14.487125166667	14.452238633333	14.556618666667	0.005671971009925949	1
LALNQISQISMK	3	Ast-2024-12-05_HeLa_3mzDIA_6mIIT_400-900_55.mzML		14.3685286	14.510262183333	1	0
LALNQISQISMK	3	Ast-2024-12-05_HeLa_3mzDIA_6mIIT_400-900_60.mzML		14.291701766667	14.433405	1	0
LALQEEPDHSK	3	Ast-2024-12-05_HeLa_3mzDIA_6mIIT_400-900_49.mzML	6.127049566667	6.089772616667	6.183236933333	0.004957156008781248	0
LALQEEPDHSK	3	Ast-2024-12-05_HeLa_3mzDIA_6mIIT_400-900_55.mzML		6.008175183333	6.1594899	0.012873467691668397	0
LALQEEPDHSK	3	Ast-2024-12-05_HeLa_3mzDIA_6mIIT_400-900_60.mzML	6.021045483333	5.964547216667	6.115147266667	0.00020433461837104442	1
LALSLFR	2	Ast-2024-12-05_HeLa_3mzDIA_6mIIT_400-900_49.mzML	15.5104067	15.45478845	15.5658834	0.00016968997641309328	0
LALSLFR	2	Ast-2024-12-05_HeLa_3mzDIA_6mIIT_400-900_55.mzML	15.438654916667	15.3635463	15.513510066667	0.000251853484235546	0
LALSLFR	2	Ast-2024-12-05_HeLa_3mzDIA_6mIIT_400-900_60.mzML	15.315008516667	15.260613783333	15.4090157	0.00010414677752512541	1
LANIDEEMLQK	2	Ast-2024-12-05_HeLa_3mzDIA_6mIIT_400-900_49.mzML	11.807938133333	11.756605133333	11.85576015	3.127345509131849E-05	0
LANIDEEMLQK	2	Ast-2024-12-05_HeLa_3mzDIA_6mIIT_400-900_55.mzML	11.758522483333	11.6922118	11.82447795	2.157357668327832E-05	0
LANIDEEMLQK	2	Ast-2024-12-05_HeLa_3mzDIA_6mIIT_400-900_60.mzML	11.700543866667	11.632756583333	11.765162066667	2.0708650003106297E-05	1
LASTEQTELLASK	2	Ast-2024-12-05_HeLa_3mzDIA_6mIIT_400-900_49.mzML	9.787587716667	9.770968916667	9.888256266667	0.004146502766084756	0
LASTEQTELLASK	2	Ast-2024-12-05_HeLa_3mzDIA_6mIIT_400-900_55.mzML	9.758727183333	9.724749916667	9.859205716667	0.000432574235320384	1
LASTEQTELLASK	2	Ast-2024-12-05_HeLa_3mzDIA_6mIIT_400-900_60.mzML	9.709538416667	9.6748688	9.777704716667	0.0067247820672478205	0
LAVQNSSLHDIQHAPK	3	Ast-2024-12-05_HeLa_3mzDIA_6mIIT_400-900_49.mzML	8.0109754	7.9568795	8.099240983333	8.05308594253318E-05	1
LAVQNSSLHDIQHAPK	3	Ast-2024-12-05_HeLa_3mzDIA_6mIIT_400-900_55.mzML	7.9703167	7.915874366667	8.023546433333	0.00041369576326868323	0
LAVQNSSLHDIQHAPK	3	Ast-2024-12-05_HeLa_3mzDIA_6mIIT_400-900_60.mzML	7.93338245	7.86182325	7.96886025	0.0001719345502478723	0
LAVTKPNNIK	2	Ast-2024-12-05_HeLa_3mzDIA_6mIIT_400-900_49.mzML	6.2578815	6.14438925	6.295411016667	6.014193496652099E-05	0
LAVTKPNNIK	2	Ast-2024-12-05_HeLa_3mzDIA_6mIIT_400-900_55.mzML	6.17706435	6.157955633333	6.2707632	0.000251853484235546	0
LAVTKPNNIK	2	Ast-2024-12-05_HeLa_3mzDIA_6mIIT_400-900_60.mzML	6.1325262	6.019699316667	6.208184316667	2.0708650003106297E-05	1
LC[+57.0215]ESDVC[+57.0215]QSSSLTGHK	3	Ast-2024-12-05_HeLa_3mzDIA_6mIIT_400-900_49.mzML	7.656769133333	7.603450716667	7.692193816667	0.0006780007931330033	1
LC[+57.0215]ESDVC[+57.0215]QSSSLTGHK	3	Ast-2024-12-05_HeLa_3mzDIA_6mIIT_400-900_55.mzML	7.651317683333	7.561777166667	7.72357855	0.0030550560093601715	0
LC[+57.0215]ESDVC[+57.0215]QSSSLTGHK	3	Ast-2024-12-05_HeLa_3mzDIA_6mIIT_400-900_60.mzML	7.630733283333	7.5229994	7.667198166667	0.006113591787338814	0
LC[+57.0215]GDTSLNNMQR	2	Ast-2024-12-05_HeLa_3mzDIA_6mIIT_400-900_49.mzML	8.156627966667	8.104201416667	8.244170483333	3.127345509131849E-05	0
LC[+57.0215]GDTSLNNMQR	2	Ast-2024-12-05_HeLa_3mzDIA_6mIIT_400-900_55.mzML	8.1347606	8.064478316667	8.203766566667	2.157357668327832E-05	0
LC[+57.0215]GDTSLNNMQR	2	Ast-2024-12-05_HeLa_3mzDIA_6mIIT_400-900_60.mzML	8.097861633333	8.027233783333	8.1688511	2.0708650003106297E-05	1
LC[+57.0215]NHPALVLTPQHPEFK	3	Ast-2024-12-05_HeLa_3mzDIA_6mIIT_400-900_49.mzML	11.173776933333	11.1571875	11.256505233333	0.0017809639749312412	0
LC[+57.0215]NHPALVLTPQHPEFK	3	Ast-2024-12-05_HeLa_3mzDIA_6mIIT_400-900_55.mzML	11.16778335	11.083682283333	11.18435835	0.00922852008649834	0
LC[+57.0215]NHPALVLTPQHPEFK	3	Ast-2024-12-05_HeLa_3mzDIA_6mIIT_400-900_60.mzML	11.026079933333	10.992429466667	11.110549766667	0.000945191186399067	1
LDEQQEFSAIILATAGLQR	3	Ast-2024-12-05_HeLa_3mzDIA_6mIIT_400-900_49.mzML	21.894650283333	21.75740455	21.985966416667	3.127345509131849E-05	0
LDEQQEFSAIILATAGLQR	3	Ast-2024-12-05_HeLa_3mzDIA_6mIIT_400-900_55.mzML	21.8113137	21.71877465	21.857099016667	2.157357668327832E-05	0
LDEQQEFSAIILATAGLQR	3	Ast-2024-12-05_HeLa_3mzDIA_6mIIT_400-900_60.mzML	21.709029616667	21.639011016667	21.825142966667	2.0708650003106297E-05	1
LDGDLGQIER	2	Ast-2024-12-05_HeLa_3mzDIA_6mIIT_400-900_49.mzML	9.979568183333	9.927611433333	10.06381675	6.014193496652099E-05	0
LDGDLGQIER	2	Ast-2024-12-05_HeLa_3mzDIA_6mIIT_400-900_55.mzML	9.9513547	9.916035333333	10.019278316667	5.984082340973012E-05	1
LDGDLGQIER	2	Ast-2024-12-05_HeLa_3mzDIA_6mIIT_400-900_60.mzML	9.9025337	9.83511465	9.954706466667	0.00014914490255866366	0
LDQILLNGNNITMLVPGGEGPEV	3	Ast-2024-12-05_HeLa_3mzDIA_6mIIT_400-900_49.mzML	22.045449133333	21.95422005	22.136848933333	3.127345509131849E-05	0
LDQILLNGNNITMLVPGGEGPEV	3	Ast-2024-12-05_HeLa_3mzDIA_6mIIT_400-900_55.mzML	21.985789016667	21.89415055	22.07751625	2.157357668327832E-05	0
LDQILLNGNNITMLVPGGEGPEV	3	Ast-2024-12-05_HeLa_3mzDIA_6mIIT_400-900_60.mzML	21.8392448	21.723194683333	21.93159395	2.0708650003106297E-05	1
LEELTNR	2	Ast-2024-12-05_HeLa_3mzDIA_6mIIT_400-900_49.mzML	6.170913216667	6.133359066667	6.246716216667	3.127345509131849E-05	0
LEELTNR	2	Ast-2024-12-05_HeLa_3mzDIA_6mIIT_400-900_55.mzML	6.127844733333	6.090469816667	6.20356465	2.157357668327832E-05	0
LEELTNR	2	Ast-2024-12-05_HeLa_3mzDIA_6mIIT_400-900_60.mzML	6.102712366667	6.027295083333	6.1781554	2.0708650003106297E-05	1
LEFPSGETIVMHNPK	3	Ast-2024-12-05_HeLa_3mzDIA_6mIIT_400-900_49.mzML	12.95747655	12.8377869	12.990906866667	0.00019287023047992542	1
LEFPSGETIVMHNPK	3	Ast-2024-12-05_HeLa_3mzDIA_6mIIT_400-900_55.mzML	12.79355955	12.79355955	12.92857695	0.0009504984716416621	0
LEFPSGETIVMHNPK	3	Ast-2024-12-05_HeLa_3mzDIA_6mIIT_400-900_60.mzML	12.809223716667	12.741763583333	12.8441275	0.00023642525021672314	0
LEGFHTQISK	2	Ast-2024-12-05_HeLa_3mzDIA_6mIIT_400-900_49.mzML	7.969416033333	7.898704416667	8.041223966667	3.127345509131849E-05	0
LEGFHTQISK	2	Ast-2024-12-05_HeLa_3mzDIA_6mIIT_400-900_55.mzML	7.910497116667	7.8398406	7.98267035	2.157357668327832E-05	0
LEGFHTQISK	2	Ast-2024-12-05_HeLa_3mzDIA_6mIIT_400-900_60.mzML	7.85605865	7.78383585	7.9280577	2.0708650003106297E-05	1
LEGHELPADLPPHLVPPSK	3	Ast-2024-12-05_HeLa_3mzDIA_6mIIT_400-900_49.mzML	12.245384916667	12.196408666667	12.245384916667	0.0007113188613817368	0
LEGHELPADLPPHLVPPSK	3	Ast-2024-12-05_HeLa_3mzDIA_6mIIT_400-900_55.mzML	12.206498383333	12.11877885	12.258111983333	0.0002592649077321946	0
LEGHELPADLPPHLVPPSK	3	Ast-2024-12-05_HeLa_3mzDIA_6mIIT_400-900_60.mzML	12.1956008	12.0422773	12.229119783333	0.00013742398735699316	1
LEGIITR	2	Ast-2024-12-05_HeLa_3mzDIA_6mIIT_400-900_49.mzML	8.692666583333	8.64102125	8.780038816667	6.014193496652099E-05	0
LEGIITR	2	Ast-2024-12-05_HeLa_3mzDIA_6mIIT_400-900_55.mzML	8.636297933333	8.584042383333	8.72447185	2.157357668327832E-05	0
LEGIITR	2	Ast-2024-12-05_HeLa_3mzDIA_6mIIT_400-900_60.mzML	8.587864683333	8.518229216667	8.658407083333	2.0708650003106297E-05	1
LELKPIDK	2	Ast-2024-12-05_HeLa_3mzDIA_6mIIT_400-900_49.mzML	8.1010804	8.048406683333	8.170608066667	0.0007926874581981223	0
LELKPIDK	2	Ast-2024-12-05_HeLa_3mzDIA_6mIIT_400-900_55.mzML	8.078474566667	8.007700883333	8.113778166667	0.0005010562808081902	1
LELKPIDK	2	Ast-2024-12-05_HeLa_3mzDIA_6mIIT_400-900_60.mzML		7.935338216667	8.059326833333	0.012670880197080145	0
LENTEDIEEVEQHIQTIK	3	Ast-2024-12-05_HeLa_3mzDIA_6mIIT_400-900_49.mzML	14.76866395	14.698109066667	14.83928105	3.127345509131849E-05	0
LENTEDIEEVEQHIQTIK	3	Ast-2024-12-05_HeLa_3mzDIA_6mIIT_400-900_55.mzML	14.724671266667	14.6721276	14.777825583333	2.157357668327832E-05	0
LENTEDIEEVEQHIQTIK	3	Ast-2024-12-05_HeLa_3mzDIA_6mIIT_400-900_60.mzML	14.667810866667	14.578629466667	14.72180295	2.0708650003106297E-05	1
LENWITSLAESQLQTR	3	Ast-2024-12-05_HeLa_3mzDIA_6mIIT_400-900_49.mzML	19.351537033333	19.266334533333	19.4387614	3.127345509131849E-05	0
LENWITSLAESQLQTR	3	Ast-2024-12-05_HeLa_3mzDIA_6mIIT_400-900_55.mzML	19.289368383333	19.201534516667	19.3760627	2.157357668327832E-05	0
LENWITSLAESQLQTR	3	Ast-2024-12-05_HeLa_3mzDIA_6mIIT_400-900_60.mzML	19.195792266667	19.1293488	19.262086416667	2.0708650003106297E-05	1
LEQEIATYR	2	Ast-2024-12-05_HeLa_3mzDIA_6mIIT_400-900_49.mzML	8.40881785	8.336990783333	8.478692116667	3.127345509131849E-05	0
LEQEIATYR	2	Ast-2024-12-05_HeLa_3mzDIA_6mIIT_400-900_55.mzML	8.369922283333	8.298475966667	8.439690383333	2.157357668327832E-05	0
LEQEIATYR	2	Ast-2024-12-05_HeLa_3mzDIA_6mIIT_400-900_60.mzML	8.3372134	8.264956016667	8.371953433333	2.0708650003106297E-05	1
LEQELLC[+57.0215]ASNR	2	Ast-2024-12-05_HeLa_3mzDIA_6mIIT_400-900_49.mzML	9.963662866667	9.912339933333	10.014939933333	0.0007692880363302479	1
LEQELLC[+57.0215]ASNR	2	Ast-2024-12-05_HeLa_3mzDIA_6mIIT_400-900_55.mzML	9.986742766667	9.8339228	9.986742766667	0.003525503643377625	0
LEQELLC[+57.0215]ASNR	2	Ast-2024-12-05_HeLa_3mzDIA_6mIIT_400-900_60.mzML		9.819656533333	9.95614625	0.012622055274504457	0
LESEGSPETLTNLRK	2	Ast-2024-12-05_HeLa_3mzDIA_6mIIT_400-900_49.mzML	9.185639416667	9.151757566667	9.2558031	3.127345509131849E-05	0
LESEGSPETLTNLRK	2	Ast-2024-12-05_HeLa_3mzDIA_6mIIT_400-900_55.mzML	9.13381325	9.06443875	9.2045616	2.157357668327832E-05	0
LESEGSPETLTNLRK	2	Ast-2024-12-05_HeLa_3mzDIA_6mIIT_400-900_60.mzML	9.086600116667	9.016381483333	9.155474166667	2.0708650003106297E-05	1
LFATKPELLDYK	2	Ast-2024-12-05_HeLa_3mzDIA_6mIIT_400-900_49.mzML		12.9200188	13.02309425	1	0
LFATKPELLDYK	2	Ast-2024-12-05_HeLa_3mzDIA_6mIIT_400-900_55.mzML	12.84743705	12.813271733333	12.94858015	0.007936097611415572	1
LFATKPELLDYK	2	Ast-2024-12-05_HeLa_3mzDIA_6mIIT_400-900_60.mzML		12.760212333333	12.863530883333	0.016269596346130108	0
LFEGNALLR	2	Ast-2024-12-05_HeLa_3mzDIA_6mIIT_400-900_49.mzML	13.188330833333	13.122182416667	13.2556785	0.0002567006417516044	0
LFEGNALLR	2	Ast-2024-12-05_HeLa_3mzDIA_6mIIT_400-900_55.mzML	13.120370316667	13.086324516667	13.187660066667	0.000251853484235546	0
LFEGNALLR	2	Ast-2024-12-05_HeLa_3mzDIA_6mIIT_400-900_60.mzML	13.049997033333	12.98217975	13.119053033333	0.00016325730984604835	1
LFELLEK	2	Ast-2024-12-05_HeLa_3mzDIA_6mIIT_400-900_49.mzML	14.79985995	14.747207733333	14.887226583333	3.127345509131849E-05	0
LFELLEK	2	Ast-2024-12-05_HeLa_3mzDIA_6mIIT_400-900_55.mzML	14.737939333333	14.66767955	14.80804855	2.157357668327832E-05	0
LFELLEK	2	Ast-2024-12-05_HeLa_3mzDIA_6mIIT_400-900_60.mzML	14.663077516667	14.59219215	14.734819883333	2.0708650003106297E-05	1
LFFTTASAHLK	3	Ast-2024-12-05_HeLa_3mzDIA_6mIIT_400-900_49.mzML		11.867871816667	11.934793616667	0.08759594482811689	0
LFFTTASAHLK	3	Ast-2024-12-05_HeLa_3mzDIA_6mIIT_400-900_55.mzML		11.749973683333	11.832313266667	0.054334630693732205	0
LFFTTASAHLK	3	Ast-2024-12-05_HeLa_3mzDIA_6mIIT_400-900_60.mzML	11.811412733333	11.811412733333	11.863221083333	0.0007118543157785745	1
LFHSDLIEGLSK	3	Ast-2024-12-05_HeLa_3mzDIA_6mIIT_400-900_49.mzML	13.697058416667	13.663399316667	13.7651506	6.014193496652099E-05	0
LFHSDLIEGLSK	3	Ast-2024-12-05_HeLa_3mzDIA_6mIIT_400-900_55.mzML	13.63526465	13.566066766667	13.6689386	2.157357668327832E-05	0
LFHSDLIEGLSK	3	Ast-2024-12-05_HeLa_3mzDIA_6mIIT_400-900_60.mzML	13.545808933333	13.47767425	13.615420083333	2.0708650003106297E-05	1
LFPSASATEAIQR	2	Ast-2024-12-05_HeLa_3mzDIA_6mIIT_400-900_49.mzML	11.611887783333	11.47846855	11.680562816667	7.30887297178775E-05	0
LFPSASATEAIQR	2	Ast-2024-12-05_HeLa_3mzDIA_6mIIT_400-900_55.mzML	11.564461066667	11.480573866667	11.65047845	0.0002592649077321946	0
LFPSASATEAIQR	2	Ast-2024-12-05_HeLa_3mzDIA_6mIIT_400-900_60.mzML	11.45537265	11.385918033333	11.555585916667	3.924492759310859E-05	1
LFQGVNK	2	Ast-2024-12-05_HeLa_3mzDIA_6mIIT_400-900_49.mzML	7.011465266667	6.958300033333	7.065450983333	0.0004656896315573209	0
LFQGVNK	2	Ast-2024-12-05_HeLa_3mzDIA_6mIIT_400-900_55.mzML	6.95245665	6.9167439	7.04137555	0.0012454493197930638	0
LFQGVNK	2	Ast-2024-12-05_HeLa_3mzDIA_6mIIT_400-900_60.mzML	6.927025683333	6.873236866667	6.98120285	0.00020280494844074196	1
LFTMDLNVVEHK	3	Ast-2024-12-05_HeLa_3mzDIA_6mIIT_400-900_49.mzML	14.641305866667	14.588428216667	14.711938616667	4.735633272559373E-05	1
LFTMDLNVVEHK	3	Ast-2024-12-05_HeLa_3mzDIA_6mIIT_400-900_55.mzML	14.543004016667	14.50674815	14.6160965	0.0002032692470568307	0
LFTMDLNVVEHK	3	Ast-2024-12-05_HeLa_3mzDIA_6mIIT_400-900_60.mzML	14.447833133333	14.430107866667	14.57431635	0.00021560353589798872	0
LFVLLPEQSPVSYSK	2	Ast-2024-12-05_HeLa_3mzDIA_6mIIT_400-900_49.mzML	17.435958016667	17.395802116667	17.557641633333	3.127345509131849E-05	0
LFVLLPEQSPVSYSK	2	Ast-2024-12-05_HeLa_3mzDIA_6mIIT_400-900_55.mzML	17.376209466667	17.29434355	17.4606101	2.157357668327832E-05	0
LFVLLPEQSPVSYSK	2	Ast-2024-12-05_HeLa_3mzDIA_6mIIT_400-900_60.mzML	17.297911683333	17.214335033333	17.3824302	2.0708650003106297E-05	1
LGNRPEMNYK	3	Ast-2024-12-05_HeLa_3mzDIA_6mIIT_400-900_49.mzML	5.994674183333	5.938021683333	6.03257075	0.0054768749285720566	1
LGNRPEMNYK	3	Ast-2024-12-05_HeLa_3mzDIA_6mIIT_400-900_55.mzML		5.912954366667	6.026666766667	0.02700236034618411	0
LGNRPEMNYK	3	Ast-2024-12-05_HeLa_3mzDIA_6mIIT_400-900_60.mzML	5.868663383333	5.82957235	5.9828004	0.007646618243890544	0
LGPPQIYELVALTSSDK	3	Ast-2024-12-05_HeLa_3mzDIA_6mIIT_400-900_49.mzML	20.358802716667	20.336368066667	20.470702383333	0.0002567006417516044	1
LGPPQIYELVALTSSDK	3	Ast-2024-12-05_HeLa_3mzDIA_6mIIT_400-900_55.mzML	20.287110916667	20.265054183333	20.354538516667	0.00283276859549154	0
LGPPQIYELVALTSSDK	3	Ast-2024-12-05_HeLa_3mzDIA_6mIIT_400-900_60.mzML	20.145172316667	20.030558766667	20.145172316667	0.0034482015473804445	0
LGQETEAR	2	Ast-2024-12-05_HeLa_3mzDIA_6mIIT_400-900_49.mzML	3.374404466667	3.354254166667	3.4149624	0.0011498028909329829	1
LGQETEAR	2	Ast-2024-12-05_HeLa_3mzDIA_6mIIT_400-900_55.mzML		3.298135966667	3.399965716667	0.031861834255872634	0
LGQETEAR	2	Ast-2024-12-05_HeLa_3mzDIA_6mIIT_400-900_60.mzML	3.284493416667	3.284493416667	3.368054833333	0.007497318703077304	0
LGQHVVGMAPLSVGSLDDEPGGEAETK	3	Ast-2024-12-05_HeLa_3mzDIA_6mIIT_400-900_49.mzML	14.289901033333	14.238166116667	14.42126285	3.127345509131849E-05	0
LGQHVVGMAPLSVGSLDDEPGGEAETK	3	Ast-2024-12-05_HeLa_3mzDIA_6mIIT_400-900_55.mzML	14.229623266667	14.1771784	14.31977925	2.157357668327832E-05	0
LGQHVVGMAPLSVGSLDDEPGGEAETK	3	Ast-2024-12-05_HeLa_3mzDIA_6mIIT_400-900_60.mzML	14.116683533333	14.081681983333	14.259152116667	2.0708650003106297E-05	1
LGTYMGHTGAVWC[+57.0215]VDADWDTK	3	Ast-2024-12-05_HeLa_3mzDIA_6mIIT_400-900_49.mzML	15.517411283333	15.425613166667	15.608898666667	0.00019287023047992542	1
LGTYMGHTGAVWC[+57.0215]VDADWDTK	3	Ast-2024-12-05_HeLa_3mzDIA_6mIIT_400-900_55.mzML	15.407759216667	15.316319583333	15.464556366667	0.0007817721008233825	0
LGTYMGHTGAVWC[+57.0215]VDADWDTK	3	Ast-2024-12-05_HeLa_3mzDIA_6mIIT_400-900_60.mzML	15.377931833333	15.3034143	15.47007975	0.00020280494844074196	0
LGVFSAC[+57.0215]K	2	Ast-2024-12-05_HeLa_3mzDIA_6mIIT_400-900_49.mzML	9.46803875	9.434343233333	9.501634016667	0.0002567006417516044	1
LGVFSAC[+57.0215]K	2	Ast-2024-12-05_HeLa_3mzDIA_6mIIT_400-900_55.mzML	9.41943845	9.385477833333	9.453453583333	0.003283488895348211	0
LGVFSAC[+57.0215]K	2	Ast-2024-12-05_HeLa_3mzDIA_6mIIT_400-900_60.mzML	9.353736716667	9.285870166667	9.387791166667	0.0010381932993783053	0
LGYEEHIPGQTR	3	Ast-2024-12-05_HeLa_3mzDIA_6mIIT_400-900_49.mzML	8.218613016667	8.1480324	8.287154833333	3.127345509131849E-05	0
LGYEEHIPGQTR	3	Ast-2024-12-05_HeLa_3mzDIA_6mIIT_400-900_55.mzML	8.178199616667	8.108420883333	8.24755575	2.157357668327832E-05	0
LGYEEHIPGQTR	3	Ast-2024-12-05_HeLa_3mzDIA_6mIIT_400-900_60.mzML	8.1245086	8.053992116667	8.196067416667	2.0708650003106297E-05	1
LHFSETTANNMR	3	Ast-2024-12-05_HeLa_3mzDIA_6mIIT_400-900_49.mzML		7.531174983333	7.654854066667	0.026387883294522827	0
LHFSETTANNMR	3	Ast-2024-12-05_HeLa_3mzDIA_6mIIT_400-900_55.mzML		7.4710398	7.595629433333	0.013117739466285108	0
LHFSETTANNMR	3	Ast-2024-12-05_HeLa_3mzDIA_6mIIT_400-900_60.mzML	7.5569193	7.431835233333	7.574805066667	0.0035487686848048178	1
LHHPAQGSAAGTPYPSSASLR	3	Ast-2024-12-05_HeLa_3mzDIA_6mIIT_400-900_49.mzML	7.33898445	7.285634283333	7.427474616667	0.0006214316231017206	0
LHHPAQGSAAGTPYPSSASLR	3	Ast-2024-12-05_HeLa_3mzDIA_6mIIT_400-900_55.mzML	7.259752166667	7.24214015	7.348281716667	0.00041956281554620084	0
LHHPAQGSAAGTPYPSSASLR	3	Ast-2024-12-05_HeLa_3mzDIA_6mIIT_400-900_60.mzML	7.237882916667	7.202732533333	7.3269485	7.46742336556771E-05	1
LHTLIPC[+57.0215]K	2	Ast-2024-12-05_HeLa_3mzDIA_6mIIT_400-900_49.mzML		7.83502745	7.906239933333	0.10417907008008603	0
LHTLIPC[+57.0215]K	2	Ast-2024-12-05_HeLa_3mzDIA_6mIIT_400-900_55.mzML	7.8300656	7.8300656	7.91798275	0.003994093839960059	0
LHTLIPC[+57.0215]K	2	Ast-2024-12-05_HeLa_3mzDIA_6mIIT_400-900_60.mzML	7.773525383333	7.755670033333	7.809241133333	0.0007671260899583195	1
LHVGEESKK	2	Ast-2024-12-05_HeLa_3mzDIA_6mIIT_400-900_49.mzML	2.554351	2.487606083333	2.619546466667	0.0007580653178903415	1
LHVGEESKK	2	Ast-2024-12-05_HeLa_3mzDIA_6mIIT_400-900_55.mzML		2.467841916667	2.577353716667	0.026555275222602908	0
LHVGEESKK	2	Ast-2024-12-05_HeLa_3mzDIA_6mIIT_400-900_60.mzML		2.471689716667	2.55980695	0.05506021756021756	0
LIDEVIEDTR	2	Ast-2024-12-05_HeLa_3mzDIA_6mIIT_400-900_49.mzML	12.319530733333	12.252278166667	12.3860938	4.735633272559373E-05	0
LIDEVIEDTR	2	Ast-2024-12-05_HeLa_3mzDIA_6mIIT_400-900_55.mzML	12.264946883333	12.231818116667	12.332089383333	2.157357668327832E-05	0
LIDEVIEDTR	2	Ast-2024-12-05_HeLa_3mzDIA_6mIIT_400-900_60.mzML	12.2194871	12.1526913	12.285457816667	2.0708650003106297E-05	1
LIDFLESGK	2	Ast-2024-12-05_HeLa_3mzDIA_6mIIT_400-900_49.mzML	14.45817145	14.38602285	14.527393683333	3.127345509131849E-05	0
LIDFLESGK	2	Ast-2024-12-05_HeLa_3mzDIA_6mIIT_400-900_55.mzML	14.41033175	14.340274333333	14.480199816667	2.157357668327832E-05	0
LIDFLESGK	2	Ast-2024-12-05_HeLa_3mzDIA_6mIIT_400-900_60.mzML	14.316473933333	14.26158185	14.404114533333	2.0708650003106297E-05	1
LIEC[+57.0215]GWK	2	Ast-2024-12-05_HeLa_3mzDIA_6mIIT_400-900_49.mzML	9.1200596	9.0342703	9.1200596	0.00023090066653325738	1
LIEC[+57.0215]GWK	2	Ast-2024-12-05_HeLa_3mzDIA_6mIIT_400-900_55.mzML	9.084643833333	8.96463155	9.101851983333	0.000432574235320384	0
LIEC[+57.0215]GWK	2	Ast-2024-12-05_HeLa_3mzDIA_6mIIT_400-900_60.mzML	9.018555166667	8.917740383333	9.018555166667	0.0002631425062861821	0
LIIVEGC[+57.0215]QR	2	Ast-2024-12-05_HeLa_3mzDIA_6mIIT_400-900_49.mzML	9.5379158	9.46945095	9.607301266667	3.127345509131849E-05	0
LIIVEGC[+57.0215]QR	2	Ast-2024-12-05_HeLa_3mzDIA_6mIIT_400-900_55.mzML	9.4720502	9.437709433333	9.57634415	2.157357668327832E-05	0
LIIVEGC[+57.0215]QR	2	Ast-2024-12-05_HeLa_3mzDIA_6mIIT_400-900_60.mzML	9.423384	9.355091783333	9.4924773	2.0708650003106297E-05	1
LISLLNEK	2	Ast-2024-12-05_HeLa_3mzDIA_6mIIT_400-900_49.mzML	12.507311633333	12.442177666667	12.55473975	3.127345509131849E-05	0
LISLLNEK	2	Ast-2024-12-05_HeLa_3mzDIA_6mIIT_400-900_55.mzML	12.440878816667	12.390022933333	12.490261033333	2.157357668327832E-05	0
LISLLNEK	2	Ast-2024-12-05_HeLa_3mzDIA_6mIIT_400-900_60.mzML	12.341879366667	12.308845083333	12.409280983333	2.0708650003106297E-05	1
LISSDYYIWNSK	2	Ast-2024-12-05_HeLa_3mzDIA_6mIIT_400-900_49.mzML	14.513725683333	14.444883566667	14.5312561	0.0008967414355133845	1
LISSDYYIWNSK	2	Ast-2024-12-05_HeLa_3mzDIA_6mIIT_400-900_55.mzML		14.484014433333	14.5746226	0.02364994537777909	0
LISSDYYIWNSK	2	Ast-2024-12-05_HeLa_3mzDIA_6mIIT_400-900_60.mzML	14.407910416667	14.33809135	14.407910416667	0.0022499443083092005	0
LIVLVPPSKPTVNIPSSATIGNR	3	Ast-2024-12-05_HeLa_3mzDIA_6mIIT_400-900_49.mzML	15.590720616667	15.425529616667	15.590720616667	4.735633272559373E-05	0
LIVLVPPSKPTVNIPSSATIGNR	3	Ast-2024-12-05_HeLa_3mzDIA_6mIIT_400-900_55.mzML	15.445599883333	15.351485066667	15.501426283333	2.157357668327832E-05	0
LIVLVPPSKPTVNIPSSATIGNR	3	Ast-2024-12-05_HeLa_3mzDIA_6mIIT_400-900_60.mzML	15.433340666667	15.285818783333	15.433340666667	2.0708650003106297E-05	1
LLAELPASVHALTGVDLSK	3	Ast-2024-12-05_HeLa_3mzDIA_6mIIT_400-900_49.mzML	17.452666483333	17.392616883333	17.55433535	3.127345509131849E-05	0
LLAELPASVHALTGVDLSK	3	Ast-2024-12-05_HeLa_3mzDIA_6mIIT_400-900_55.mzML	17.39366985	17.311240633333	17.4776355	2.157357668327832E-05	0
LLAELPASVHALTGVDLSK	3	Ast-2024-12-05_HeLa_3mzDIA_6mIIT_400-900_60.mzML	17.315485533333	17.231666583333	17.400171283333	2.0708650003106297E-05	1
LLEIITTTIEETETQNQGIK	3	Ast-2024-12-05_HeLa_3mzDIA_6mIIT_400-900_49.mzML	20.11958285	20.053314766667	20.1418492	0.00019287023047992542	0
LLEIITTTIEETETQNQGIK	3	Ast-2024-12-05_HeLa_3mzDIA_6mIIT_400-900_55.mzML	20.022927516667	19.95440395	20.089952416667	2.157357668327832E-05	0
LLEIITTTIEETETQNQGIK	3	Ast-2024-12-05_HeLa_3mzDIA_6mIIT_400-900_60.mzML	19.942760866667	19.871837516667	20.011434433333	2.0708650003106297E-05	1
LLENMNK	2	Ast-2024-12-05_HeLa_3mzDIA_6mIIT_400-900_49.mzML	6.818987816667	6.746203633333	6.8747073	0.00023090066653325738	1
LLENMNK	2	Ast-2024-12-05_HeLa_3mzDIA_6mIIT_400-900_55.mzML	6.7592801	6.740996366667	6.8528976	0.000983610588567986	0
LLENMNK	2	Ast-2024-12-05_HeLa_3mzDIA_6mIIT_400-900_60.mzML	6.698474383333	6.698474383333	6.809237616667	0.001965701891140785	0
LLHVAVSDVNDDVR	2	Ast-2024-12-05_HeLa_3mzDIA_6mIIT_400-900_49.mzML	10.94633465	10.878104483333	11.013453916667	3.127345509131849E-05	0
LLHVAVSDVNDDVR	2	Ast-2024-12-05_HeLa_3mzDIA_6mIIT_400-900_55.mzML	10.891791516667	10.824348333333	10.9581398	2.157357668327832E-05	0
LLHVAVSDVNDDVR	2	Ast-2024-12-05_HeLa_3mzDIA_6mIIT_400-900_60.mzML	10.833467766667	10.763579733333	10.9003985	2.0708650003106297E-05	1
LLIEGLR	2	Ast-2024-12-05_HeLa_3mzDIA_6mIIT_400-900_49.mzML	12.765990583333	12.713772166667	12.81714505	0.001289243527649047	0
LLIEGLR	2	Ast-2024-12-05_HeLa_3mzDIA_6mIIT_400-900_55.mzML	12.70843015	12.671648766667	12.759953716667	0.0039539135240848605	0
LLIEGLR	2	Ast-2024-12-05_HeLa_3mzDIA_6mIIT_400-900_60.mzML	12.60493475	12.552947416667	12.692755516667	0.0008660073296852252	1
LLIYETEAK	2	Ast-2024-12-05_HeLa_3mzDIA_6mIIT_400-900_49.mzML	10.746499333333	10.678893416667	10.813281433333	3.127345509131849E-05	0
LLIYETEAK	2	Ast-2024-12-05_HeLa_3mzDIA_6mIIT_400-900_55.mzML	10.694823766667	10.626951066667	10.7280446	2.157357668327832E-05	0
LLIYETEAK	2	Ast-2024-12-05_HeLa_3mzDIA_6mIIT_400-900_60.mzML	10.614836516667	10.546308666667	10.6831547	2.0708650003106297E-05	1
LLLHYSPQAC[+57.0215]K	3	Ast-2024-12-05_HeLa_3mzDIA_6mIIT_400-900_49.mzML	9.145590316667	9.11145445	9.214629783333	0.0035132275132275133	0
LLLHYSPQAC[+57.0215]K	3	Ast-2024-12-05_HeLa_3mzDIA_6mIIT_400-900_55.mzML	9.093218533333	9.040861183333	9.179623566667	0.0007292826162054274	1
LLLHYSPQAC[+57.0215]K	3	Ast-2024-12-05_HeLa_3mzDIA_6mIIT_400-900_60.mzML		8.960275716667	9.044459083333	0.02763247332801371	0
LLNYAGEVPR	2	Ast-2024-12-05_HeLa_3mzDIA_6mIIT_400-900_49.mzML	11.0102067	10.94334725	11.042763616667	0.00035244360902255637	0
LLNYAGEVPR	2	Ast-2024-12-05_HeLa_3mzDIA_6mIIT_400-900_55.mzML	10.95514695	10.905277716667	11.022270883333	0.0007196648418022464	0
LLNYAGEVPR	2	Ast-2024-12-05_HeLa_3mzDIA_6mIIT_400-900_60.mzML	10.897080616667	10.846996116667	10.931615566667	2.0708650003106297E-05	1
LLPIPDSLPISPDDGQHADIYK	3	Ast-2024-12-05_HeLa_3mzDIA_6mIIT_400-900_49.mzML	17.325109683333	17.28416635	17.3656971	0.0005341024408481547	1
LLPIPDSLPISPDDGQHADIYK	3	Ast-2024-12-05_HeLa_3mzDIA_6mIIT_400-900_55.mzML	17.2631979	17.180096033333	17.2631979	0.0022806784464815552	0
LLPIPDSLPISPDDGQHADIYK	3	Ast-2024-12-05_HeLa_3mzDIA_6mIIT_400-900_60.mzML		17.120169833333	17.203421133333	0.01731485085276888	0
LLQESYK	2	Ast-2024-12-05_HeLa_3mzDIA_6mIIT_400-900_49.mzML	6.633691816667	6.59702135	6.7088845	0.0011292656244486009	0
LLQESYK	2	Ast-2024-12-05_HeLa_3mzDIA_6mIIT_400-900_55.mzML	6.611239433333	6.556182133333	6.686228083333	0.0008826673960068625	1
LLQESYK	2	Ast-2024-12-05_HeLa_3mzDIA_6mIIT_400-900_60.mzML	6.625366833333	6.512693716667	6.625366833333	0.003114656248304303	0
LLQQQNDITGLSR	3	Ast-2024-12-05_HeLa_3mzDIA_6mIIT_400-900_49.mzML		10.74102215	10.8775134	0.06072494238174712	0
LLQQQNDITGLSR	3	Ast-2024-12-05_HeLa_3mzDIA_6mIIT_400-900_55.mzML		10.70637915	10.840946333333	0.059073510791576314	0
LLQQQNDITGLSR	3	Ast-2024-12-05_HeLa_3mzDIA_6mIIT_400-900_60.mzML	10.712061033333	10.677555466667	10.780244833333	0.004673066473464952	1
LLSDLSVDSAR	2	Ast-2024-12-05_HeLa_3mzDIA_6mIIT_400-900_49.mzML	11.610307016667	11.576600216667	11.662095066667	0.004506058610126608	0
LLSDLSVDSAR	2	Ast-2024-12-05_HeLa_3mzDIA_6mIIT_400-900_55.mzML	11.580638283333	11.496147366667	11.63151985	0.004797295878734438	0
LLSDLSVDSAR	2	Ast-2024-12-05_HeLa_3mzDIA_6mIIT_400-900_60.mzML	11.470613616667	11.43748055	11.554091616667	0.0003647535808981355	1
LLVEEIK	2	Ast-2024-12-05_HeLa_3mzDIA_6mIIT_400-900_49.mzML		10.915900316667	11.016372483333	0.015801018331960338	0
LLVEEIK	2	Ast-2024-12-05_HeLa_3mzDIA_6mIIT_400-900_55.mzML	10.928404683333	10.827265783333	10.961096216667	0.0054954795249069315	0
LLVEEIK	2	Ast-2024-12-05_HeLa_3mzDIA_6mIIT_400-900_60.mzML	10.853011583333	10.76654305	10.90355845	0.000487012987012987	1
LLVVTDPR	2	Ast-2024-12-05_HeLa_3mzDIA_6mIIT_400-900_49.mzML	10.177429133333	10.111850516667	10.24322715	0.003584305184026052	0
LLVVTDPR	2	Ast-2024-12-05_HeLa_3mzDIA_6mIIT_400-900_55.mzML	10.134556333333	10.067810133333	10.2013683	0.0012974645875491013	1
LLVVTDPR	2	Ast-2024-12-05_HeLa_3mzDIA_6mIIT_400-900_60.mzML	10.07017755	10.00383475	10.138012766667	0.0018395164699564685	0
LMDHVGTEPSIK	3	Ast-2024-12-05_HeLa_3mzDIA_6mIIT_400-900_49.mzML	8.627626483333	8.540190766667	8.713445166667	0.0002674583433630212	1
LMDHVGTEPSIK	3	Ast-2024-12-05_HeLa_3mzDIA_6mIIT_400-900_55.mzML	8.587584383333	8.51823595	8.728104316667	0.00041369576326868323	0
LMDHVGTEPSIK	3	Ast-2024-12-05_HeLa_3mzDIA_6mIIT_400-900_60.mzML	8.556523783333	8.468913416667	8.679445866667	0.00045595258093158314	0
LMSMPVMTVDYSK	2	Ast-2024-12-05_HeLa_3mzDIA_6mIIT_400-900_49.mzML	15.3175149	15.24630065	15.352327016667	0.00023090066653325738	0
LMSMPVMTVDYSK	2	Ast-2024-12-05_HeLa_3mzDIA_6mIIT_400-900_55.mzML	15.261654433333	15.20672525	15.315733133333	9.531616371504279E-05	1
LMSMPVMTVDYSK	2	Ast-2024-12-05_HeLa_3mzDIA_6mIIT_400-900_60.mzML	15.13730545	15.13730545	15.2118287	0.0019268696302677216	0
LMTFAWPC[+57.0215]LLSK	2	Ast-2024-12-05_HeLa_3mzDIA_6mIIT_400-900_49.mzML	20.350171666667	20.283883766667	20.43988335	0.0018107995636085523	1
LMTFAWPC[+57.0215]LLSK	2	Ast-2024-12-05_HeLa_3mzDIA_6mIIT_400-900_55.mzML	20.27872705	20.1671126	20.3010344	0.00283883879528818	0
LMTFAWPC[+57.0215]LLSK	2	Ast-2024-12-05_HeLa_3mzDIA_6mIIT_400-900_60.mzML	20.205175933333	20.113417033333	20.27374225	0.003398571521049565	0
LMVNLTQPALLC[+57.0215]FGNLPK	3	Ast-2024-12-05_HeLa_3mzDIA_6mIIT_400-900_49.mzML	20.785010733333	20.740951566667	20.82931125	0.0011292656244486009	1
LMVNLTQPALLC[+57.0215]FGNLPK	3	Ast-2024-12-05_HeLa_3mzDIA_6mIIT_400-900_55.mzML	20.670830916667	20.648552383333	20.760234166667	0.0023125608568646543	0
LMVNLTQPALLC[+57.0215]FGNLPK	3	Ast-2024-12-05_HeLa_3mzDIA_6mIIT_400-900_60.mzML	20.582723566667	20.5141695	20.6510754	0.005848014395112357	0
LNGQVLVFTLPLTDQVSVIK	3	Ast-2024-12-05_HeLa_3mzDIA_6mIIT_400-900_49.mzML	21.724382216667	21.61067685	21.7924799	3.127345509131849E-05	0
LNGQVLVFTLPLTDQVSVIK	3	Ast-2024-12-05_HeLa_3mzDIA_6mIIT_400-900_55.mzML	21.61646	21.52472435	21.70824825	2.157357668327832E-05	0
LNGQVLVFTLPLTDQVSVIK	3	Ast-2024-12-05_HeLa_3mzDIA_6mIIT_400-900_60.mzML	21.535961966667	21.4440529	21.6283461	2.0708650003106297E-05	1
LNHNDWIK	2	Ast-2024-12-05_HeLa_3mzDIA_6mIIT_400-900_49.mzML	7.2471242	7.139316683333	7.2471242	0.0005341024408481547	0
LNHNDWIK	2	Ast-2024-12-05_HeLa_3mzDIA_6mIIT_400-900_55.mzML	7.186675316667	7.115317366667	7.221946016667	4.178767681410752E-05	0
LNHNDWIK	2	Ast-2024-12-05_HeLa_3mzDIA_6mIIT_400-900_60.mzML	7.091917083333	7.03684815	7.127949216667	2.0708650003106297E-05	1
LNQIMVGTGNGLAK	2	Ast-2024-12-05_HeLa_3mzDIA_6mIIT_400-900_49.mzML	11.182286816667	11.113661533333	11.24872815	7.30887297178775E-05	0
LNQIMVGTGNGLAK	2	Ast-2024-12-05_HeLa_3mzDIA_6mIIT_400-900_55.mzML	11.126740166667	11.092793533333	11.193383033333	5.984082340973012E-05	0
LNQIMVGTGNGLAK	2	Ast-2024-12-05_HeLa_3mzDIA_6mIIT_400-900_60.mzML	11.068556783333	11.001602566667	11.13703775	2.0708650003106297E-05	1
LNQLVEAK	2	Ast-2024-12-05_HeLa_3mzDIA_6mIIT_400-900_49.mzML	6.9859644	6.87524195	7.021231066667	0.0004194806829145518	0
LNQLVEAK	2	Ast-2024-12-05_HeLa_3mzDIA_6mIIT_400-900_55.mzML	6.926639483333	6.83473775	6.926639483333	0.0007292826162054274	0
LNQLVEAK	2	Ast-2024-12-05_HeLa_3mzDIA_6mIIT_400-900_60.mzML	6.882959883333	6.791312483333	6.882959883333	0.0002881138625984989	1
LPEEPITR	2	Ast-2024-12-05_HeLa_3mzDIA_6mIIT_400-900_49.mzML	8.118365016667	8.048406683333	8.188511616667	3.127345509131849E-05	0
LPEEPITR	2	Ast-2024-12-05_HeLa_3mzDIA_6mIIT_400-900_55.mzML	8.078474566667	8.007700883333	8.14885825	2.157357668327832E-05	0
LPEEPITR	2	Ast-2024-12-05_HeLa_3mzDIA_6mIIT_400-900_60.mzML	8.023789716667	7.953045883333	8.094514666667	2.0708650003106297E-05	1
LPEPSASLPNPPSKK	3	Ast-2024-12-05_HeLa_3mzDIA_6mIIT_400-900_49.mzML	9.528342783333	9.494312066667	9.58100725	0.00020721094073767094	1
LPEPSASLPNPPSKK	3	Ast-2024-12-05_HeLa_3mzDIA_6mIIT_400-900_55.mzML	9.49818005	9.463264316667	9.567728433333	0.0007603309974275468	0
LPEPSASLPNPPSKK	3	Ast-2024-12-05_HeLa_3mzDIA_6mIIT_400-900_60.mzML	9.397594683333	9.346620316667	9.534521383333	0.0009359029616402931	0
LPGEAPVIQR	2	Ast-2024-12-05_HeLa_3mzDIA_6mIIT_400-900_49.mzML	9.197876666667	9.18050315	9.317525383333	6.014193496652099E-05	0
LPGEAPVIQR	2	Ast-2024-12-05_HeLa_3mzDIA_6mIIT_400-900_55.mzML	9.199387366667	9.128795716667	9.300803933333	2.157357668327832E-05	0
LPGEAPVIQR	2	Ast-2024-12-05_HeLa_3mzDIA_6mIIT_400-900_60.mzML	9.133540133333	9.081228316667	9.253054566667	2.0708650003106297E-05	1
LPLWQQAC[+57.0215]ADPSK	2	Ast-2024-12-05_HeLa_3mzDIA_6mIIT_400-900_49.mzML	12.5584506	12.526990816667	12.5903201	0.0007400160545855911	1
LPLWQQAC[+57.0215]ADPSK	2	Ast-2024-12-05_HeLa_3mzDIA_6mIIT_400-900_55.mzML	12.494418	12.428122316667	12.545415033333	0.00981552877366605	0
LPLWQQAC[+57.0215]ADPSK	2	Ast-2024-12-05_HeLa_3mzDIA_6mIIT_400-900_60.mzML	12.446222916667	12.362925183333	12.479865066667	0.001948478600720484	0
LPNVPSSSLPAQPNR	2	Ast-2024-12-05_HeLa_3mzDIA_6mIIT_400-900_49.mzML	10.95538335	10.851715633333	10.95538335	0.00038372440060827426	0
LPNVPSSSLPAQPNR	2	Ast-2024-12-05_HeLa_3mzDIA_6mIIT_400-900_55.mzML	10.884126433333	10.816430333333	10.934231	0.0002592649077321946	0
LPNVPSSSLPAQPNR	2	Ast-2024-12-05_HeLa_3mzDIA_6mIIT_400-900_60.mzML	10.892203366667	10.755349283333	10.892203366667	0.00019084272968717696	1
LPPVLANLMGSMGAGK	3	Ast-2024-12-05_HeLa_3mzDIA_6mIIT_400-900_49.mzML	20.803842783333	20.670793066667	20.915413666667	3.127345509131849E-05	1
LPPVLANLMGSMGAGK	3	Ast-2024-12-05_HeLa_3mzDIA_6mIIT_400-900_55.mzML	20.712126116667	20.578166366667	20.823887483333	4.178767681410752E-05	0
LPPVLANLMGSMGAGK	3	Ast-2024-12-05_HeLa_3mzDIA_6mIIT_400-900_60.mzML	20.630454083333	20.493604866667	20.745652533333	0.001626113588523429	0
LPQMETEGMDEGKEPQK	3	Ast-2024-12-05_HeLa_3mzDIA_6mIIT_400-900_49.mzML	8.704602816667	8.60138975	8.739842633333	0.0005035452306101063	1
LPQMETEGMDEGKEPQK	3	Ast-2024-12-05_HeLa_3mzDIA_6mIIT_400-900_55.mzML	8.630851983333	8.595908783333	8.75372935	0.0012454493197930638	0
LPQMETEGMDEGKEPQK	3	Ast-2024-12-05_HeLa_3mzDIA_6mIIT_400-900_60.mzML		8.564861666667	8.652929483333	0.01219425878926986	0
LPQTSDDEK	2	Ast-2024-12-05_HeLa_3mzDIA_6mIIT_400-900_49.mzML	4.058772916667	3.99760825	4.160269483333	3.127345509131849E-05	0
LPQTSDDEK	2	Ast-2024-12-05_HeLa_3mzDIA_6mIIT_400-900_55.mzML	4.00249425	3.94153	4.105245533333	2.157357668327832E-05	0
LPQTSDDEK	2	Ast-2024-12-05_HeLa_3mzDIA_6mIIT_400-900_60.mzML	3.9971262	3.913922616667	4.122354166667	2.0708650003106297E-05	1
LPTVPMLGLTQR	3	Ast-2024-12-05_HeLa_3mzDIA_6mIIT_400-900_49.mzML	16.62563015	16.493530416667	16.784397866667	0.00301124627036952	1
LPTVPMLGLTQR	3	Ast-2024-12-05_HeLa_3mzDIA_6mIIT_400-900_55.mzML		16.516199733333	16.7141486	1	0
LPTVPMLGLTQR	3	Ast-2024-12-05_HeLa_3mzDIA_6mIIT_400-900_60.mzML	16.506165016667	16.409705066667	16.56696495	0.004549499645847333	0
LPVDLAEELGHR	3	Ast-2024-12-05_HeLa_3mzDIA_6mIIT_400-900_49.mzML	13.49009795	13.4393293	13.574828533333	3.127345509131849E-05	0
LPVDLAEELGHR	3	Ast-2024-12-05_HeLa_3mzDIA_6mIIT_400-900_55.mzML	13.441011066667	13.371680333333	13.511314616667	2.157357668327832E-05	0
LPVDLAEELGHR	3	Ast-2024-12-05_HeLa_3mzDIA_6mIIT_400-900_60.mzML	13.37176765	13.302521683333	13.438915683333	2.0708650003106297E-05	1
LPYTEGDAQQLQR	3	Ast-2024-12-05_HeLa_3mzDIA_6mIIT_400-900_49.mzML	9.532504466667	9.498171166667	9.602552216667	0.0014426022172598463	1
LPYTEGDAQQLQR	3	Ast-2024-12-05_HeLa_3mzDIA_6mIIT_400-900_55.mzML		9.46718915	9.571461466667	0.05353115464555786	0
LPYTEGDAQQLQR	3	Ast-2024-12-05_HeLa_3mzDIA_6mIIT_400-900_60.mzML	9.470297233333	9.401337966667	9.53823725	0.0027118964376830765	0
LQAPVWEFK	2	Ast-2024-12-05_HeLa_3mzDIA_6mIIT_400-900_49.mzML	14.6956792	14.607893233333	14.783639416667	7.30887297178775E-05	0
LQAPVWEFK	2	Ast-2024-12-05_HeLa_3mzDIA_6mIIT_400-900_55.mzML	14.636094166667	14.562651566667	14.704638933333	4.178767681410752E-05	0
LQAPVWEFK	2	Ast-2024-12-05_HeLa_3mzDIA_6mIIT_400-900_60.mzML	14.557841283333	14.503617966667	14.647356966667	2.0708650003106297E-05	1
LQESPC[+57.0215]IFALTPR	2	Ast-2024-12-05_HeLa_3mzDIA_6mIIT_400-900_49.mzML		15.488678216667	15.617395966667	0.01801614831944815	0
LQESPC[+57.0215]IFALTPR	2	Ast-2024-12-05_HeLa_3mzDIA_6mIIT_400-900_55.mzML		15.397882516667	15.56607965	0.02501990778517288	0
LQESPC[+57.0215]IFALTPR	2	Ast-2024-12-05_HeLa_3mzDIA_6mIIT_400-900_60.mzML	15.40620415	15.330630116667	15.553451916667	0.000945191186399067	1
LQQEEEDR	2	Ast-2024-12-05_HeLa_3mzDIA_6mIIT_400-900_49.mzML	3.047659666667	3.0058399	3.172580566667	7.30887297178775E-05	1
LQQEEEDR	2	Ast-2024-12-05_HeLa_3mzDIA_6mIIT_400-900_55.mzML	3.030399016667	2.988444483333	3.114765983333	0.0008733515489513543	0
LQQEEEDR	2	Ast-2024-12-05_HeLa_3mzDIA_6mIIT_400-900_60.mzML	3.05763215	2.972366216667	3.05763215	0.0002631425062861821	0
LQQTQNQVDEVVDIMR	3	Ast-2024-12-05_HeLa_3mzDIA_6mIIT_400-900_49.mzML	15.4772927	15.404353166667	15.5516186	3.127345509131849E-05	0
LQQTQNQVDEVVDIMR	3	Ast-2024-12-05_HeLa_3mzDIA_6mIIT_400-900_55.mzML	15.3494714	15.3494714	15.499180733333	2.157357668327832E-05	0
LQQTQNQVDEVVDIMR	3	Ast-2024-12-05_HeLa_3mzDIA_6mIIT_400-900_60.mzML	15.375615916667	15.283879583333	15.4313947	2.0708650003106297E-05	1
LQQTQSLHSLR	2	Ast-2024-12-05_HeLa_3mzDIA_6mIIT_400-900_49.mzML	6.56352995	6.491200266667	6.636780883333	3.127345509131849E-05	0
LQQTQSLHSLR	2	Ast-2024-12-05_HeLa_3mzDIA_6mIIT_400-900_55.mzML	6.522321266667	6.449575083333	6.559283183333	2.157357668327832E-05	0
LQQTQSLHSLR	2	Ast-2024-12-05_HeLa_3mzDIA_6mIIT_400-900_60.mzML	6.461022316667	6.424020433333	6.534332633333	2.0708650003106297E-05	1
LQSLDGPGAHK	2	Ast-2024-12-05_HeLa_3mzDIA_6mIIT_400-900_49.mzML	5.187172366667	5.167589166667	5.283152116667	3.127345509131849E-05	0
LQSLDGPGAHK	2	Ast-2024-12-05_HeLa_3mzDIA_6mIIT_400-900_55.mzML	5.179869366667	5.102515983333	5.257084833333	2.157357668327832E-05	0
LQSLDGPGAHK	2	Ast-2024-12-05_HeLa_3mzDIA_6mIIT_400-900_60.mzML	5.14732665	5.069557166667	5.206048216667	2.0708650003106297E-05	1
LQWFEQQAK	2	Ast-2024-12-05_HeLa_3mzDIA_6mIIT_400-900_49.mzML		11.862853716667	11.9969525	0.0891203369781599	0
LQWFEQQAK	2	Ast-2024-12-05_HeLa_3mzDIA_6mIIT_400-900_55.mzML	11.881924333333	11.8318559	11.96947615	0.002447953422724065	0
LQWFEQQAK	2	Ast-2024-12-05_HeLa_3mzDIA_6mIIT_400-900_60.mzML	11.806010983333	11.756290083333	11.8926738	0.0006344003594935371	1
LQYYVPENFWK	2	Ast-2024-12-05_HeLa_3mzDIA_6mIIT_400-900_49.mzML	16.72739865	16.64615775	16.804708066667	3.127345509131849E-05	0
LQYYVPENFWK	2	Ast-2024-12-05_HeLa_3mzDIA_6mIIT_400-900_55.mzML	16.636112716667	16.574575033333	16.695890866667	2.157357668327832E-05	0
LQYYVPENFWK	2	Ast-2024-12-05_HeLa_3mzDIA_6mIIT_400-900_60.mzML	16.588823783333	16.5273826	16.647439983333	2.0708650003106297E-05	1
LSDQFHDILIR	3	Ast-2024-12-05_HeLa_3mzDIA_6mIIT_400-900_49.mzML	13.10483145	13.039093666667	13.170142166667	3.127345509131849E-05	0
LSDQFHDILIR	3	Ast-2024-12-05_HeLa_3mzDIA_6mIIT_400-900_55.mzML	13.037002416667	12.969130666667	13.1054693	2.157357668327832E-05	0
LSDQFHDILIR	3	Ast-2024-12-05_HeLa_3mzDIA_6mIIT_400-900_60.mzML	12.950628516667	12.884305183333	13.0180481	2.0708650003106297E-05	1
LSGLEQPQGALQTR	2	Ast-2024-12-05_HeLa_3mzDIA_6mIIT_400-900_49.mzML	10.372353316667	10.32303215	10.421073683333	3.127345509131849E-05	0
LSGLEQPQGALQTR	2	Ast-2024-12-05_HeLa_3mzDIA_6mIIT_400-900_55.mzML	10.333000483333	10.282303183333	10.383088666667	2.157357668327832E-05	0
LSGLEQPQGALQTR	2	Ast-2024-12-05_HeLa_3mzDIA_6mIIT_400-900_60.mzML	10.303824933333	10.235465066667	10.338979583333	2.0708650003106297E-05	1
LSGMPDLSLSFMNPR	3	Ast-2024-12-05_HeLa_3mzDIA_6mIIT_400-900_49.mzML	19.142748616667	19.036300883333	19.206614733333	0.0021524257271517177	1
LSGMPDLSLSFMNPR	3	Ast-2024-12-05_HeLa_3mzDIA_6mIIT_400-900_55.mzML	19.0755239	18.967916133333	19.13989125	0.006588284768095881	0
LSGMPDLSLSFMNPR	3	Ast-2024-12-05_HeLa_3mzDIA_6mIIT_400-900_60.mzML	18.981772333333	18.851864716667	19.067955283333	0.007555094678320277	0
LSLDGQNIYNAC[+57.0215]C[+57.0215]TLR	3	Ast-2024-12-05_HeLa_3mzDIA_6mIIT_400-900_49.mzML	14.040152733333	13.972881816667	14.106818666667	3.127345509131849E-05	0
LSLDGQNIYNAC[+57.0215]C[+57.0215]TLR	3	Ast-2024-12-05_HeLa_3mzDIA_6mIIT_400-900_55.mzML	14.004677266667	13.93433755	14.074755716667	2.157357668327832E-05	0
LSLDGQNIYNAC[+57.0215]C[+57.0215]TLR	3	Ast-2024-12-05_HeLa_3mzDIA_6mIIT_400-900_60.mzML	13.949230616667	13.879251633333	14.01902865	2.0708650003106297E-05	1
LSNLHVQQQEQR	3	Ast-2024-12-05_HeLa_3mzDIA_6mIIT_400-900_49.mzML	5.542751666667	5.44687375	5.5620274	0.0006091078231593869	1
LSNLHVQQQEQR	3	Ast-2024-12-05_HeLa_3mzDIA_6mIIT_400-900_55.mzML	5.49828135	5.440875316667	5.5368606	0.004152438191503893	0
LSNLHVQQQEQR	3	Ast-2024-12-05_HeLa_3mzDIA_6mIIT_400-900_60.mzML		5.40929715	5.485395966667	0.019493066606046827	0
LSSETGGMGSS	2	Ast-2024-12-05_HeLa_3mzDIA_6mIIT_400-900_49.mzML	6.097021566667	6.059583583333	6.190747516667	0.00019287023047992542	0
LSSETGGMGSS	2	Ast-2024-12-05_HeLa_3mzDIA_6mIIT_400-900_55.mzML	6.110076833333	6.034620283333	6.128799416667	0.0002032692470568307	0
LSSETGGMGSS	2	Ast-2024-12-05_HeLa_3mzDIA_6mIIT_400-900_60.mzML	6.0656847	6.028384416667	6.141374433333	2.0708650003106297E-05	1
LSSQIQETAQKPDLDFLQEFK	3	Ast-2024-12-05_HeLa_3mzDIA_6mIIT_400-900_49.mzML		17.173748433333	17.2135993	1	0
LSSQIQETAQKPDLDFLQEFK	3	Ast-2024-12-05_HeLa_3mzDIA_6mIIT_400-900_55.mzML		16.94882355	17.08929705	0.09855577257988474	0
LSSQIQETAQKPDLDFLQEFK	3	Ast-2024-12-05_HeLa_3mzDIA_6mIIT_400-900_60.mzML	16.926497116667	16.885570116667	16.926497116667	0.00010414677752512541	1
LSTGC[+57.0215]TGTLVAEK	2	Ast-2024-12-05_HeLa_3mzDIA_6mIIT_400-900_49.mzML	8.61943155	8.566361183333	8.7049963	3.127345509131849E-05	0
LSTGC[+57.0215]TGTLVAEK	2	Ast-2024-12-05_HeLa_3mzDIA_6mIIT_400-900_55.mzML	8.596296366667	8.527167366667	8.666286416667	2.157357668327832E-05	0
LSTGC[+57.0215]TGTLVAEK	2	Ast-2024-12-05_HeLa_3mzDIA_6mIIT_400-900_60.mzML	8.54824655	8.4779548	8.618217583333	2.0708650003106297E-05	1
LSYAEVC[+57.0215]QKPPK	2	Ast-2024-12-05_HeLa_3mzDIA_6mIIT_400-900_49.mzML	7.632562766667	7.561246983333	7.703033616667	3.127345509131849E-05	0
LSYAEVC[+57.0215]QKPPK	2	Ast-2024-12-05_HeLa_3mzDIA_6mIIT_400-900_55.mzML	7.590461866667	7.519142166667	7.66249455	2.157357668327832E-05	0
LSYAEVC[+57.0215]QKPPK	2	Ast-2024-12-05_HeLa_3mzDIA_6mIIT_400-900_60.mzML	7.551592916667	7.49811235	7.623561016667	2.0708650003106297E-05	1
LTC[+57.0215]SIC[+57.0215]LK	2	Ast-2024-12-05_HeLa_3mzDIA_6mIIT_400-900_49.mzML		9.2242164	9.30876315	0.08206125238214403	0
LTC[+57.0215]SIC[+57.0215]LK	2	Ast-2024-12-05_HeLa_3mzDIA_6mIIT_400-900_55.mzML	9.224672766667	9.207478883333	9.2750585	0.0014220237395698673	1
LTC[+57.0215]SIC[+57.0215]LK	2	Ast-2024-12-05_HeLa_3mzDIA_6mIIT_400-900_60.mzML		9.12447295	9.209778116667	0.13781081626184918	0
LTDC[+57.0215]VVMRDPASK	3	Ast-2024-12-05_HeLa_3mzDIA_6mIIT_400-900_49.mzML	8.54163945	8.473028066667	8.612300316667	6.601967386281111E-05	0
LTDC[+57.0215]VVMRDPASK	3	Ast-2024-12-05_HeLa_3mzDIA_6mIIT_400-900_55.mzML	8.48503935	8.416812066667	8.58910705	0.00035101795206097684	0
LTDC[+57.0215]VVMRDPASK	3	Ast-2024-12-05_HeLa_3mzDIA_6mIIT_400-900_60.mzML	8.435976083333	8.366240266667	8.505949516667	2.0708650003106297E-05	1
LTDFGFAK	2	Ast-2024-12-05_HeLa_3mzDIA_6mIIT_400-900_49.mzML	11.780526266667	11.694252283333	11.828975733333	0.0002567006417516044	0
LTDFGFAK	2	Ast-2024-12-05_HeLa_3mzDIA_6mIIT_400-900_55.mzML	11.714512183333	11.647026183333	11.780431883333	2.157357668327832E-05	0
LTDFGFAK	2	Ast-2024-12-05_HeLa_3mzDIA_6mIIT_400-900_60.mzML	11.672184416667	11.569085016667	11.738319166667	2.0708650003106297E-05	1
LTFEEHINNIK	2	Ast-2024-12-05_HeLa_3mzDIA_6mIIT_400-900_49.mzML	10.450772966667	10.384388766667	10.485050283333	0.009716912817231102	0
LTFEEHINNIK	2	Ast-2024-12-05_HeLa_3mzDIA_6mIIT_400-900_55.mzML	10.398236966667	10.34849315	10.415397833333	0.0009945728248323962	1
LTFEEHINNIK	2	Ast-2024-12-05_HeLa_3mzDIA_6mIIT_400-900_60.mzML	10.299364233333	10.282122166667	10.385414616667	0.004515144357432273	0
LTIIPQDPILFSGSLR	2	Ast-2024-12-05_HeLa_3mzDIA_6mIIT_400-900_49.mzML	19.97885235	19.889380283333	20.066564133333	3.127345509131849E-05	0
LTIIPQDPILFSGSLR	2	Ast-2024-12-05_HeLa_3mzDIA_6mIIT_400-900_55.mzML	19.922910266667	19.810774716667	19.99112605	2.157357668327832E-05	0
LTIIPQDPILFSGSLR	2	Ast-2024-12-05_HeLa_3mzDIA_6mIIT_400-900_60.mzML	19.794303816667	19.725174383333	19.910650233333	2.0708650003106297E-05	1
LVAAGSYQR	2	Ast-2024-12-05_HeLa_3mzDIA_6mIIT_400-900_49.mzML	5.964463316667	5.889011066667	6.040250333333	4.735633272559373E-05	0
LVAAGSYQR	2	Ast-2024-12-05_HeLa_3mzDIA_6mIIT_400-900_55.mzML	5.939737266667	5.863738833333	6.015535566667	0.0007497680802124767	0
LVAAGSYQR	2	Ast-2024-12-05_HeLa_3mzDIA_6mIIT_400-900_60.mzML	5.895445716667	5.857104983333	5.971716366667	2.0708650003106297E-05	1
LVAEDLSQDC[+57.0215]FWTK	2	Ast-2024-12-05_HeLa_3mzDIA_6mIIT_400-900_49.mzML	15.480598816667	15.40800725	15.555146966667	4.735633272559373E-05	0
LVAEDLSQDC[+57.0215]FWTK	2	Ast-2024-12-05_HeLa_3mzDIA_6mIIT_400-900_55.mzML	15.427490433333	15.371767233333	15.521203416667	2.157357668327832E-05	0
LVAEDLSQDC[+57.0215]FWTK	2	Ast-2024-12-05_HeLa_3mzDIA_6mIIT_400-900_60.mzML	15.379018383333	15.304579366667	15.452755516667	2.0708650003106297E-05	1
LVAIVDPHIK	2	Ast-2024-12-05_HeLa_3mzDIA_6mIIT_400-900_49.mzML	10.934890866667	10.830757916667	11.00162355	6.014193496652099E-05	0
LVAIVDPHIK	2	Ast-2024-12-05_HeLa_3mzDIA_6mIIT_400-900_55.mzML	10.846689883333	10.795726966667	10.930668133333	2.157357668327832E-05	0
LVAIVDPHIK	2	Ast-2024-12-05_HeLa_3mzDIA_6mIIT_400-900_60.mzML	10.768786016667	10.699991916667	10.838785366667	2.0708650003106297E-05	1
LVEVIPEGAMLR	3	Ast-2024-12-05_HeLa_3mzDIA_6mIIT_400-900_49.mzML		15.298737466667	15.441565783333	0.0149200159886448	0
LVEVIPEGAMLR	3	Ast-2024-12-05_HeLa_3mzDIA_6mIIT_400-900_55.mzML	15.296217183333	15.205301983333	15.3496519	0.00019105004041443163	1
LVEVIPEGAMLR	3	Ast-2024-12-05_HeLa_3mzDIA_6mIIT_400-900_60.mzML	15.2287962	15.17319405	15.2840882	0.00020280494844074196	0
LVFDMLVLQK	2	Ast-2024-12-05_HeLa_3mzDIA_6mIIT_400-900_49.mzML	18.884645666667	18.821670433333	18.94680415	0.0007580653178903415	0
LVFDMLVLQK	2	Ast-2024-12-05_HeLa_3mzDIA_6mIIT_400-900_55.mzML	18.833762416667	18.748213133333	18.876684483333	0.0007603309974275468	0
LVFDMLVLQK	2	Ast-2024-12-05_HeLa_3mzDIA_6mIIT_400-900_60.mzML	18.718611483333	18.675987516667	18.803898283333	0.0002631425062861821	1
LVHSAVDVPTIQEK	2	Ast-2024-12-05_HeLa_3mzDIA_6mIIT_400-900_49.mzML	9.9653134	9.881160516667	10.0331065	0.00016968997641309328	0
LVHSAVDVPTIQEK	2	Ast-2024-12-05_HeLa_3mzDIA_6mIIT_400-900_55.mzML	9.935641933333	9.818202966667	9.9544177	0.000379772720633344	0
LVHSAVDVPTIQEK	2	Ast-2024-12-05_HeLa_3mzDIA_6mIIT_400-900_60.mzML	9.837978483333	9.787504416667	9.957691733333	2.0708650003106297E-05	1
LVLSLEPLEHPLISSPSFFSK	3	Ast-2024-12-05_HeLa_3mzDIA_6mIIT_400-900_49.mzML	20.709676266667	20.643131233333	20.820400633333	6.014193496652099E-05	0
LVLSLEPLEHPLISSPSFFSK	3	Ast-2024-12-05_HeLa_3mzDIA_6mIIT_400-900_55.mzML	20.639662166667	20.550355783333	20.728764866667	5.984082340973012E-05	1
LVLSLEPLEHPLISSPSFFSK	3	Ast-2024-12-05_HeLa_3mzDIA_6mIIT_400-900_60.mzML	20.505046516667	20.482238333333	20.573576233333	0.00012067093037287318	0
LVPELDTIVPLESTK	3	Ast-2024-12-05_HeLa_3mzDIA_6mIIT_400-900_49.mzML		17.7692992	17.891192633333	0.013441479385344346	0
LVPELDTIVPLESTK	3	Ast-2024-12-05_HeLa_3mzDIA_6mIIT_400-900_55.mzML	17.757463216667	17.69544975	17.860682966667	0.0044940772221719865	0
LVPELDTIVPLESTK	3	Ast-2024-12-05_HeLa_3mzDIA_6mIIT_400-900_60.mzML	17.7210278	17.6183138	17.78310835	0.0025326820722290457	1
LVPSQEETK	2	Ast-2024-12-05_HeLa_3mzDIA_6mIIT_400-900_49.mzML	4.864256383333	4.806287916667	4.922166366667	3.127345509131849E-05	0
LVPSQEETK	2	Ast-2024-12-05_HeLa_3mzDIA_6mIIT_400-900_55.mzML	4.836837416667	4.796945783333	4.9149515	2.157357668327832E-05	1
LVPSQEETK	2	Ast-2024-12-05_HeLa_3mzDIA_6mIIT_400-900_60.mzML	4.822623983333	4.742826583333	4.900247466667	3.924492759310859E-05	0
LVTPHGESEQIGVIPSK	2	Ast-2024-12-05_HeLa_3mzDIA_6mIIT_400-900_49.mzML	10.399485166667	10.3175882	10.449630033333	3.127345509131849E-05	0
LVTPHGESEQIGVIPSK	2	Ast-2024-12-05_HeLa_3mzDIA_6mIIT_400-900_55.mzML	10.344270366667	10.276854583333	10.41116195	2.157357668327832E-05	0
LVTPHGESEQIGVIPSK	2	Ast-2024-12-05_HeLa_3mzDIA_6mIIT_400-900_60.mzML	10.281018966667	10.212565083333	10.350170683333	2.0708650003106297E-05	1
LWSPDEEVSPEVLAK	3	Ast-2024-12-05_HeLa_3mzDIA_6mIIT_400-900_49.mzML	15.31053675	15.204493966667	15.379567483333	0.002054130132947867	0
LWSPDEEVSPEVLAK	3	Ast-2024-12-05_HeLa_3mzDIA_6mIIT_400-900_55.mzML	15.23617565	15.1439955	15.3261998	0.0007427279177013125	1
LWSPDEEVSPEVLAK	3	Ast-2024-12-05_HeLa_3mzDIA_6mIIT_400-900_60.mzML	15.185475466667	15.1112551	15.25913235	0.002428112572652187	0
LWVSSLEK	2	Ast-2024-12-05_HeLa_3mzDIA_6mIIT_400-900_49.mzML	12.234173316667	12.201639333333	12.283724216667	0.006073833103419877	0
LWVSSLEK	2	Ast-2024-12-05_HeLa_3mzDIA_6mIIT_400-900_55.mzML	12.16022855	12.124518383333	12.2632352	0.0011281068426351605	1
LWVSSLEK	2	Ast-2024-12-05_HeLa_3mzDIA_6mIIT_400-900_60.mzML	12.167623716667	12.047817283333	12.167623716667	0.003236841535497001	0
LYRPGSVAYVSR	3	Ast-2024-12-05_HeLa_3mzDIA_6mIIT_400-900_49.mzML	8.54587555	8.47731395	8.616554433333	3.127345509131849E-05	0
LYRPGSVAYVSR	3	Ast-2024-12-05_HeLa_3mzDIA_6mIIT_400-900_55.mzML	8.489294566667	8.420980316667	8.559127916667	2.157357668327832E-05	0
LYRPGSVAYVSR	3	Ast-2024-12-05_HeLa_3mzDIA_6mIIT_400-900_60.mzML	8.422518666667	8.370554433333	8.474942216667	2.0708650003106297E-05	1
MADGVANVEHILK	3	Ast-2024-12-05_HeLa_3mzDIA_6mIIT_400-900_49.mzML	12.425868933333	12.37584455	12.507311633333	3.127345509131849E-05	0
MADGVANVEHILK	3	Ast-2024-12-05_HeLa_3mzDIA_6mIIT_400-900_55.mzML	12.390022933333	12.321903933333	12.457716533333	2.157357668327832E-05	0
MADGVANVEHILK	3	Ast-2024-12-05_HeLa_3mzDIA_6mIIT_400-900_60.mzML	12.292012366667	12.242833816667	12.37540025	2.0708650003106297E-05	1
MC[+57.0215]GTLPYVAPELLK	2	Ast-2024-12-05_HeLa_3mzDIA_6mIIT_400-900_49.mzML	16.8798779	16.80532725	16.9549965	0.003851010101010101	0
MC[+57.0215]GTLPYVAPELLK	2	Ast-2024-12-05_HeLa_3mzDIA_6mIIT_400-900_55.mzML	16.792364566667	16.754856616667	16.8684049	0.005582402932844526	0
MC[+57.0215]GTLPYVAPELLK	2	Ast-2024-12-05_HeLa_3mzDIA_6mIIT_400-900_60.mzML	16.726403016667	16.6288219	16.78451715	0.001467670161678545	1
MDANVLMHLR	3	Ast-2024-12-05_HeLa_3mzDIA_6mIIT_400-900_49.mzML	12.834586283333	12.7826636	12.918536883333	8.922516863556873E-05	0
MDANVLMHLR	3	Ast-2024-12-05_HeLa_3mzDIA_6mIIT_400-900_55.mzML	12.862614666667	12.725397083333	12.862614666667	0.0014975099543781852	0
MDANVLMHLR	3	Ast-2024-12-05_HeLa_3mzDIA_6mIIT_400-900_60.mzML	12.726117966667	12.675280266667	12.77562895	2.0708650003106297E-05	1
MDDSYC[+57.0215]LSALR	3	Ast-2024-12-05_HeLa_3mzDIA_6mIIT_400-900_49.mzML	12.554308366667	12.5069291	12.602482683333	0.0008967414355133845	1
MDDSYC[+57.0215]LSALR	3	Ast-2024-12-05_HeLa_3mzDIA_6mIIT_400-900_55.mzML		12.47349925	12.540854933333	0.018954203082161274	0
MDDSYC[+57.0215]LSALR	3	Ast-2024-12-05_HeLa_3mzDIA_6mIIT_400-900_60.mzML	12.441816966667	12.40879585	12.4926242	0.001300234996600303	0
MDLDEDTAEK	2	Ast-2024-12-05_HeLa_3mzDIA_6mIIT_400-900_49.mzML		7.34629105	7.45258955	0.0330231425091352	0
MDLDEDTAEK	2	Ast-2024-12-05_HeLa_3mzDIA_6mIIT_400-900_55.mzML	7.391505933333	7.30211045	7.445894883333	0.0002592649077321946	0
MDLDEDTAEK	2	Ast-2024-12-05_HeLa_3mzDIA_6mIIT_400-900_60.mzML	7.389153466667	7.263382466667	7.389153466667	2.0708650003106297E-05	1
MDNSQHPQPADSR	3	Ast-2024-12-05_HeLa_3mzDIA_6mIIT_400-900_49.mzML	3.176869333333	3.15648545	3.279426083333	0.00020739429803943256	1
MDNSQHPQPADSR	3	Ast-2024-12-05_HeLa_3mzDIA_6mIIT_400-900_55.mzML	3.201870983333	3.119170516667	3.283534033333	0.0006749991562510546	0
MDNSQHPQPADSR	3	Ast-2024-12-05_HeLa_3mzDIA_6mIIT_400-900_60.mzML	3.166835466667	3.125382116667	3.249585116667	0.0005210492036236604	0
MELLAHLLGEK	2	Ast-2024-12-05_HeLa_3mzDIA_6mIIT_400-900_49.mzML	16.80275375	16.684543433333	16.840889166667	3.127345509131849E-05	0
MELLAHLLGEK	2	Ast-2024-12-05_HeLa_3mzDIA_6mIIT_400-900_55.mzML	16.693891766667	16.6342187	16.75203235	2.157357668327832E-05	0
MELLAHLLGEK	2	Ast-2024-12-05_HeLa_3mzDIA_6mIIT_400-900_60.mzML	16.566273466667	16.466327583333	16.62614675	2.0708650003106297E-05	1
METSHNQC[+57.0215]QELK	3	Ast-2024-12-05_HeLa_3mzDIA_6mIIT_400-900_49.mzML	4.063852916667	4.002742066667	4.104983283333	0.00035057406503148907	1
METSHNQC[+57.0215]QELK	3	Ast-2024-12-05_HeLa_3mzDIA_6mIIT_400-900_55.mzML	4.007789616667	3.946496433333	4.069015666667	0.00212390064006642	0
METSHNQC[+57.0215]QELK	3	Ast-2024-12-05_HeLa_3mzDIA_6mIIT_400-900_60.mzML	4.023129416667	3.940753333333	4.064639116667	0.00036667196303946615	0
MFTSMDPPPVELIR	2	Ast-2024-12-05_HeLa_3mzDIA_6mIIT_400-900_49.mzML	17.1735742	17.074892616667	17.23338855	3.127345509131849E-05	0
MFTSMDPPPVELIR	2	Ast-2024-12-05_HeLa_3mzDIA_6mIIT_400-900_55.mzML	17.069787	17.029842083333	17.1897797	2.157357668327832E-05	0
MFTSMDPPPVELIR	2	Ast-2024-12-05_HeLa_3mzDIA_6mIIT_400-900_60.mzML	17.007246316667	16.946645983333	17.109419816667	2.0708650003106297E-05	1
MIIPSLEELDSLK	2	Ast-2024-12-05_HeLa_3mzDIA_6mIIT_400-900_49.mzML	19.549803866667	19.462914783333	19.635404816667	3.127345509131849E-05	0
MIIPSLEELDSLK	2	Ast-2024-12-05_HeLa_3mzDIA_6mIIT_400-900_55.mzML	19.464959783333	19.3784267	19.55345165	2.157357668327832E-05	1
MIIPSLEELDSLK	2	Ast-2024-12-05_HeLa_3mzDIA_6mIIT_400-900_60.mzML	19.374502583333	19.286394766667	19.46386545	5.721696673787E-05	0
MIVC[+57.0215]NQVMK	2	Ast-2024-12-05_HeLa_3mzDIA_6mIIT_400-900_49.mzML	9.198327466667	9.147254133333	9.233990833333	0.00187866927592955	0
MIVC[+57.0215]NQVMK	2	Ast-2024-12-05_HeLa_3mzDIA_6mIIT_400-900_55.mzML	9.12925235	9.077388183333	9.16335105	0.0014286216143424243	1
MIVC[+57.0215]NQVMK	2	Ast-2024-12-05_HeLa_3mzDIA_6mIIT_400-900_60.mzML	9.081822683333	9.011641	9.116919316667	0.0022896775556024854	0
MLEQLDMR	2	Ast-2024-12-05_HeLa_3mzDIA_6mIIT_400-900_49.mzML	11.376365	11.311304116667	11.443052016667	3.127345509131849E-05	0
MLEQLDMR	2	Ast-2024-12-05_HeLa_3mzDIA_6mIIT_400-900_55.mzML	11.325335	11.29044445	11.3930259	2.157357668327832E-05	0
MLEQLDMR	2	Ast-2024-12-05_HeLa_3mzDIA_6mIIT_400-900_60.mzML	11.266480266667	11.21685225	11.316677383333	2.0708650003106297E-05	1
MLFWAC[+57.0215]STNKPEGYR	3	Ast-2024-12-05_HeLa_3mzDIA_6mIIT_400-900_49.mzML	13.000980133333	12.913891966667	13.0662148	0.0004420988643585422	1
MLFWAC[+57.0215]STNKPEGYR	3	Ast-2024-12-05_HeLa_3mzDIA_6mIIT_400-900_55.mzML	12.908516133333	12.840913066667	13.010898933333	0.0007497680802124767	0
MLFWAC[+57.0215]STNKPEGYR	3	Ast-2024-12-05_HeLa_3mzDIA_6mIIT_400-900_60.mzML	12.840771383333	12.73821505	12.941886666667	0.00519961687033587	0
MMSNQYVPVK	2	Ast-2024-12-05_HeLa_3mzDIA_6mIIT_400-900_49.mzML	9.520653133333	9.436654033333	9.573534266667	8.922516863556873E-05	1
MMSNQYVPVK	2	Ast-2024-12-05_HeLa_3mzDIA_6mIIT_400-900_55.mzML	9.438583183333	9.4047872	9.52572815	0.0007292826162054274	0
MMSNQYVPVK	2	Ast-2024-12-05_HeLa_3mzDIA_6mIIT_400-900_60.mzML	9.37313225	9.33922735	9.441754083333	0.002208317997791682	0
MNGPTNC[+57.0215]STELR	3	Ast-2024-12-05_HeLa_3mzDIA_6mIIT_400-900_49.mzML		6.810093383333	6.8657134	1	0
MNGPTNC[+57.0215]STELR	3	Ast-2024-12-05_HeLa_3mzDIA_6mIIT_400-900_55.mzML	6.787430233333	6.768848566667	6.8252002	0.0009945728248323962	1
MNGPTNC[+57.0215]STELR	3	Ast-2024-12-05_HeLa_3mzDIA_6mIIT_400-900_60.mzML		6.726284066667	6.855452783333	0.010133072884873641	0
MNSGEC[+57.0215]LGNVVSDER	2	Ast-2024-12-05_HeLa_3mzDIA_6mIIT_400-900_49.mzML	10.19137985	10.19137985	10.27450195	0.0023162886688475643	0
MNSGEC[+57.0215]LGNVVSDER	2	Ast-2024-12-05_HeLa_3mzDIA_6mIIT_400-900_55.mzML	10.149101466667	10.131739616667	10.232660633333	0.0002882937561641757	0
MNSGEC[+57.0215]LGNVVSDER	2	Ast-2024-12-05_HeLa_3mzDIA_6mIIT_400-900_60.mzML	10.152458683333	10.101202033333	10.2368968	2.0708650003106297E-05	1
MSADDGIR	2	Ast-2024-12-05_HeLa_3mzDIA_6mIIT_400-900_49.mzML	5.643034033333	5.585293533333	5.6995204	0.000701271213454207	0
MSADDGIR	2	Ast-2024-12-05_HeLa_3mzDIA_6mIIT_400-900_55.mzML	5.6176043	5.579619233333	5.674589883333	0.0014286216143424243	0
MSADDGIR	2	Ast-2024-12-05_HeLa_3mzDIA_6mIIT_400-900_60.mzML	5.567917283333	5.48961625	5.645062116667	0.00022717979008587396	1
MSDGLFLQK	2	Ast-2024-12-05_HeLa_3mzDIA_6mIIT_400-900_49.mzML	12.0136577	11.9455253	12.081422616667	3.127345509131849E-05	0
MSDGLFLQK	2	Ast-2024-12-05_HeLa_3mzDIA_6mIIT_400-900_55.mzML	11.968692033333	11.898236416667	12.037050033333	2.157357668327832E-05	0
MSDGLFLQK	2	Ast-2024-12-05_HeLa_3mzDIA_6mIIT_400-900_60.mzML	11.89185	11.822402333333	11.962299166667	2.0708650003106297E-05	1
MSPLSIVTALVDK	3	Ast-2024-12-05_HeLa_3mzDIA_6mIIT_400-900_49.mzML	22.549670883333	22.4113785	22.6427635	4.311738708634257E-05	0
MSPLSIVTALVDK	3	Ast-2024-12-05_HeLa_3mzDIA_6mIIT_400-900_55.mzML	22.467501416667	22.329333683333	22.560846933333	2.157357668327832E-05	1
MSPLSIVTALVDK	3	Ast-2024-12-05_HeLa_3mzDIA_6mIIT_400-900_60.mzML	22.369471583333	22.230174333333	22.46254915	0.00018255606577635477	0
MTPFPATSAAPEPHPSTSTAQPVTPK	3	Ast-2024-12-05_HeLa_3mzDIA_6mIIT_400-900_49.mzML	11.1084055	11.02347035	11.19331565	0.00019287023047992542	0
MTPFPATSAAPEPHPSTSTAQPVTPK	3	Ast-2024-12-05_HeLa_3mzDIA_6mIIT_400-900_55.mzML	11.0016721	10.968128533333	11.070508316667	0.00022830305599947815	0
MTPFPATSAAPEPHPSTSTAQPVTPK	3	Ast-2024-12-05_HeLa_3mzDIA_6mIIT_400-900_60.mzML	10.979442166667	10.9110905	11.01324715	2.0708650003106297E-05	1
MVEINFLC[+57.0215]VHK	2	Ast-2024-12-05_HeLa_3mzDIA_6mIIT_400-900_49.mzML	14.711646716667	14.641012916667	14.78201355	0.00017347056782699203	1
MVEINFLC[+57.0215]VHK	2	Ast-2024-12-05_HeLa_3mzDIA_6mIIT_400-900_55.mzML	14.634159233333	14.560785416667	14.702931616667	0.00041369576326868323	0
MVEINFLC[+57.0215]VHK	2	Ast-2024-12-05_HeLa_3mzDIA_6mIIT_400-900_60.mzML	14.555896866667	14.501754666667	14.610362733333	0.002307692307692308	0
MVNHFIAEFK	3	Ast-2024-12-05_HeLa_3mzDIA_6mIIT_400-900_49.mzML	11.6966176	11.627539666667	11.765617383333	3.127345509131849E-05	0
MVNHFIAEFK	3	Ast-2024-12-05_HeLa_3mzDIA_6mIIT_400-900_55.mzML	11.620178133333	11.551557766667	11.6885809	2.157357668327832E-05	0
MVNHFIAEFK	3	Ast-2024-12-05_HeLa_3mzDIA_6mIIT_400-900_60.mzML	11.521329583333	11.487674833333	11.588752166667	2.0708650003106297E-05	1
MVQSSPPISGEDNK	2	Ast-2024-12-05_HeLa_3mzDIA_6mIIT_400-900_49.mzML	7.034743416667	6.96383655	7.07093905	0.0003594122890249863	0
MVQSSPPISGEDNK	2	Ast-2024-12-05_HeLa_3mzDIA_6mIIT_400-900_55.mzML	6.9754265	6.92209595	7.064969116667	0.0017515525124542207	0
MVQSSPPISGEDNK	2	Ast-2024-12-05_HeLa_3mzDIA_6mIIT_400-900_60.mzML	6.968601816667	6.878594766667	7.022475683333	0.00032598681879384875	1
NAAHGPDSFASAAR	2	Ast-2024-12-05_HeLa_3mzDIA_6mIIT_400-900_49.mzML	6.156486833333	6.1188542	6.25102895	0.0002567006417516044	0
NAAHGPDSFASAAR	2	Ast-2024-12-05_HeLa_3mzDIA_6mIIT_400-900_55.mzML	6.170173916667	6.03795125	6.18910205	4.178767681410752E-05	1
NAAHGPDSFASAAR	2	Ast-2024-12-05_HeLa_3mzDIA_6mIIT_400-900_60.mzML	6.0877561	5.975102983333	6.163307933333	5.721696673787E-05	0
NAGVILAPLQR	2	Ast-2024-12-05_HeLa_3mzDIA_6mIIT_400-900_49.mzML	12.8712686	12.802824733333	12.939988483333	4.735633272559373E-05	0
NAGVILAPLQR	2	Ast-2024-12-05_HeLa_3mzDIA_6mIIT_400-900_55.mzML	12.81468565	12.74539555	12.882168216667	2.157357668327832E-05	1
NAGVILAPLQR	2	Ast-2024-12-05_HeLa_3mzDIA_6mIIT_400-900_60.mzML	12.695630766667	12.678434516667	12.81312975	0.00021560353589798872	0
NALHLVSSC[+57.0215]GK	2	Ast-2024-12-05_HeLa_3mzDIA_6mIIT_400-900_49.mzML	7.23006795	7.19449475	7.301940833333	6.014193496652099E-05	0
NALHLVSSC[+57.0215]GK	2	Ast-2024-12-05_HeLa_3mzDIA_6mIIT_400-900_55.mzML	7.187573333333	7.133775016667	7.240520633333	9.531616371504279E-05	0
NALHLVSSC[+57.0215]GK	2	Ast-2024-12-05_HeLa_3mzDIA_6mIIT_400-900_60.mzML	7.092835483333	7.019587216667	7.165387466667	2.0708650003106297E-05	1
NAPSRPPSLPTPR	3	Ast-2024-12-05_HeLa_3mzDIA_6mIIT_400-900_49.mzML	8.021994766667	7.967779283333	8.144651083333	0.0003594122890249863	0
NAPSRPPSLPTPR	3	Ast-2024-12-05_HeLa_3mzDIA_6mIIT_400-900_55.mzML	7.98113015	7.87369945	8.052014916667	0.00041956281554620084	0
NAPSRPPSLPTPR	3	Ast-2024-12-05_HeLa_3mzDIA_6mIIT_400-900_60.mzML	7.8908621	7.854256866667	7.997241916667	0.0002631425062861821	1
NAQLDC[+57.0215]SK	2	Ast-2024-12-05_HeLa_3mzDIA_6mIIT_400-900_49.mzML	3.191780266667	3.109625716667	3.273925583333	3.127345509131849E-05	0
NAQLDC[+57.0215]SK	2	Ast-2024-12-05_HeLa_3mzDIA_6mIIT_400-900_55.mzML	3.175672283333	3.092599766667	3.257545733333	2.157357668327832E-05	0
NAQLDC[+57.0215]SK	2	Ast-2024-12-05_HeLa_3mzDIA_6mIIT_400-900_60.mzML	3.140560883333	3.07742165	3.202691316667	2.0708650003106297E-05	1
NDGYVHIHPSSVNYQVR	3	Ast-2024-12-05_HeLa_3mzDIA_6mIIT_400-900_49.mzML		9.42909335	9.530401733333	0.016349907845973958	0
NDGYVHIHPSSVNYQVR	3	Ast-2024-12-05_HeLa_3mzDIA_6mIIT_400-900_55.mzML	9.448152683333	9.414302883333	9.5002035	0.0010603936863916143	0
NDGYVHIHPSSVNYQVR	3	Ast-2024-12-05_HeLa_3mzDIA_6mIIT_400-900_60.mzML	9.399422883333	9.365613483333	9.451321266667	0.00019084272968717696	1
NDVGGGGSESQELVPR	3	Ast-2024-12-05_HeLa_3mzDIA_6mIIT_400-900_49.mzML		8.84598115	8.98121515	0.028232284631342516	0
NDVGGGGSESQELVPR	3	Ast-2024-12-05_HeLa_3mzDIA_6mIIT_400-900_55.mzML		8.807720466667	8.945018216667	0.031116155059970306	0
NDVGGGGSESQELVPR	3	Ast-2024-12-05_HeLa_3mzDIA_6mIIT_400-900_60.mzML	8.829962116667	8.761606016667	8.898023766667	0.0011569813305285302	1
NEALVPVNSSLQEAWGKPEEEQR	3	Ast-2024-12-05_HeLa_3mzDIA_6mIIT_400-900_49.mzML	14.05209985	14.05209985	14.185914	7.30887297178775E-05	0
NEALVPVNSSLQEAWGKPEEEQR	3	Ast-2024-12-05_HeLa_3mzDIA_6mIIT_400-900_55.mzML	13.999589683333	13.999589683333	14.105063233333	2.157357668327832E-05	1
NEALVPVNSSLQEAWGKPEEEQR	3	Ast-2024-12-05_HeLa_3mzDIA_6mIIT_400-900_60.mzML	13.92662235	13.909152916667	14.04747025	0.00013742398735699316	0
NEDLTELLNGMDEELDSPEELGK	3	Ast-2024-12-05_HeLa_3mzDIA_6mIIT_400-900_49.mzML		21.443363383333	21.579626866667	0.07381069387833762	0
NEDLTELLNGMDEELDSPEELGK	3	Ast-2024-12-05_HeLa_3mzDIA_6mIIT_400-900_55.mzML	21.4706266	21.401613983333	21.516411483333	0.00022830305599947815	1
NEDLTELLNGMDEELDSPEELGK	3	Ast-2024-12-05_HeLa_3mzDIA_6mIIT_400-900_60.mzML	21.412871416667	21.366557666667	21.435813383333	0.0022595474226689374	0
NEEMEVMEVEDEGR	2	Ast-2024-12-05_HeLa_3mzDIA_6mIIT_400-900_49.mzML	11.842892983333	11.77844555	11.908131966667	0.0007113188613817368	1
NEEMEVMEVEDEGR	2	Ast-2024-12-05_HeLa_3mzDIA_6mIIT_400-900_55.mzML	11.84441195	11.761789966667	11.84441195	0.002018005089857282	0
NEEMEVMEVEDEGR	2	Ast-2024-12-05_HeLa_3mzDIA_6mIIT_400-900_60.mzML	11.75239935	11.720057766667	11.853356316667	0.0010497021775217265	0
NELFDAAK	2	Ast-2024-12-05_HeLa_3mzDIA_6mIIT_400-900_49.mzML	9.170840983333	9.068924766667	9.20539545	0.00019287023047992542	0
NELFDAAK	2	Ast-2024-12-05_HeLa_3mzDIA_6mIIT_400-900_55.mzML	9.101851983333	9.066606166667	9.206794316667	9.531616371504279E-05	1
NELFDAAK	2	Ast-2024-12-05_HeLa_3mzDIA_6mIIT_400-900_60.mzML	9.053257233333	8.985369616667	9.088936183333	0.00019084272968717696	0
NENTC[+57.0215]PLPQEMK	2	Ast-2024-12-05_HeLa_3mzDIA_6mIIT_400-900_49.mzML	8.66272335	8.55853055	8.697379516667	0.002459527114920038	0
NENTC[+57.0215]PLPQEMK	2	Ast-2024-12-05_HeLa_3mzDIA_6mIIT_400-900_55.mzML	8.623321766667	8.588623683333	8.6409644	0.002869658793221518	0
NENTC[+57.0215]PLPQEMK	2	Ast-2024-12-05_HeLa_3mzDIA_6mIIT_400-900_60.mzML	8.574855983333	8.540377183333	8.628108283333	0.00012067093037287318	1
NEVDLVVHSLK	3	Ast-2024-12-05_HeLa_3mzDIA_6mIIT_400-900_49.mzML	12.350452466667	12.299554116667	12.433075833333	4.735633272559373E-05	0
NEVDLVVHSLK	3	Ast-2024-12-05_HeLa_3mzDIA_6mIIT_400-900_55.mzML	12.3122237	12.245969966667	12.380237633333	2.157357668327832E-05	0
NEVDLVVHSLK	3	Ast-2024-12-05_HeLa_3mzDIA_6mIIT_400-900_60.mzML	12.236752566667	12.1697835	12.302841533333	2.0708650003106297E-05	1
NEVSFVIHNLPIIAK	3	Ast-2024-12-05_HeLa_3mzDIA_6mIIT_400-900_49.mzML	17.83526415	17.773973466667	17.936603633333	4.735633272559373E-05	0
NEVSFVIHNLPIIAK	3	Ast-2024-12-05_HeLa_3mzDIA_6mIIT_400-900_55.mzML	17.804271266667	17.660192016667	17.86558175	2.157357668327832E-05	0
NEVSFVIHNLPIIAK	3	Ast-2024-12-05_HeLa_3mzDIA_6mIIT_400-900_60.mzML	17.643511516667	17.6022284	17.767477666667	2.0708650003106297E-05	1
NEWASHTAALTNK	3	Ast-2024-12-05_HeLa_3mzDIA_6mIIT_400-900_49.mzML	7.829491183333	7.794023083333	7.86583555	0.0005818246917448027	1
NEWASHTAALTNK	3	Ast-2024-12-05_HeLa_3mzDIA_6mIIT_400-900_55.mzML		7.73516925	7.842081866667	0.011895805119459632	0
NEWASHTAALTNK	3	Ast-2024-12-05_HeLa_3mzDIA_6mIIT_400-900_60.mzML	7.696607216667	7.66050855	7.750318716667	0.0024530156821197108	0
NFATSLYSMIK	2	Ast-2024-12-05_HeLa_3mzDIA_6mIIT_400-900_49.mzML	18.447772066667	18.34711125	18.50935325	3.127345509131849E-05	0
NFATSLYSMIK	2	Ast-2024-12-05_HeLa_3mzDIA_6mIIT_400-900_55.mzML	18.34662125	18.26328825	18.429839666667	2.157357668327832E-05	0
NFATSLYSMIK	2	Ast-2024-12-05_HeLa_3mzDIA_6mIIT_400-900_60.mzML	18.230156583333	18.188686933333	18.313412833333	2.0708650003106297E-05	1
NFDTIFLR	2	Ast-2024-12-05_HeLa_3mzDIA_6mIIT_400-900_49.mzML	15.881861033333	15.826647116667	15.936144316667	0.00038372440060827426	0
NFDTIFLR	2	Ast-2024-12-05_HeLa_3mzDIA_6mIIT_400-900_55.mzML	15.75690705	15.7377373	15.8518279	0.0002592649077321946	1
NFDTIFLR	2	Ast-2024-12-05_HeLa_3mzDIA_6mIIT_400-900_60.mzML	15.69310145	15.616331433333	15.789119083333	0.0005497747264535507	0
NFEESPERK	2	Ast-2024-12-05_HeLa_3mzDIA_6mIIT_400-900_49.mzML	4.018777883333	3.896646016667	4.1206688	0.0013630587963497746	1
NFEESPERK	2	Ast-2024-12-05_HeLa_3mzDIA_6mIIT_400-900_55.mzML		3.962498666667	4.085141383333	0.01714297058794334	0
NFEESPERK	2	Ast-2024-12-05_HeLa_3mzDIA_6mIIT_400-900_60.mzML		3.95711235	4.018653566667	0.05584904927457417	0
NFRPDDPTR	2	Ast-2024-12-05_HeLa_3mzDIA_6mIIT_400-900_49.mzML	5.49122625	5.3964765	5.5871975	6.014193496652099E-05	0
NFRPDDPTR	2	Ast-2024-12-05_HeLa_3mzDIA_6mIIT_400-900_55.mzML	5.4658841	5.39012275	5.54296505	0.0002032692470568307	0
NFRPDDPTR	2	Ast-2024-12-05_HeLa_3mzDIA_6mIIT_400-900_60.mzML	5.434189766667	5.35800605	5.511015683333	2.0708650003106297E-05	1
NFVDSPIIVDITK	2	Ast-2024-12-05_HeLa_3mzDIA_6mIIT_400-900_49.mzML	17.69709675	17.5961106	17.7976521	3.127345509131849E-05	0
NFVDSPIIVDITK	2	Ast-2024-12-05_HeLa_3mzDIA_6mIIT_400-900_55.mzML	17.643419483333	17.52094445	17.724390666667	2.157357668327832E-05	0
NFVDSPIIVDITK	2	Ast-2024-12-05_HeLa_3mzDIA_6mIIT_400-900_60.mzML	17.565224783333	17.441933833333	17.647184666667	2.0708650003106297E-05	1
NFYVEHPEVAR	3	Ast-2024-12-05_HeLa_3mzDIA_6mIIT_400-900_49.mzML	8.936836366667	8.869110016667	9.003736783333	3.127345509131849E-05	0
NFYVEHPEVAR	3	Ast-2024-12-05_HeLa_3mzDIA_6mIIT_400-900_55.mzML	8.8822546	8.813892	8.951102716667	2.157357668327832E-05	0
NFYVEHPEVAR	3	Ast-2024-12-05_HeLa_3mzDIA_6mIIT_400-900_60.mzML	8.818938533333	8.750148133333	8.886995933333	2.0708650003106297E-05	1
NHNENWLSVSR	2	Ast-2024-12-05_HeLa_3mzDIA_6mIIT_400-900_49.mzML	9.226583883333	9.191085216667	9.26111215	0.00020721094073767094	1
NHNENWLSVSR	2	Ast-2024-12-05_HeLa_3mzDIA_6mIIT_400-900_55.mzML	9.192284183333	9.10526565	9.192284183333	0.0011609907120743034	0
NHNENWLSVSR	2	Ast-2024-12-05_HeLa_3mzDIA_6mIIT_400-900_60.mzML	9.123875616667	9.018555166667	9.123875616667	0.003394672404837872	0
NIEEHASSDVER	3	Ast-2024-12-05_HeLa_3mzDIA_6mIIT_400-900_49.mzML	5.195112983333	5.1560911	5.234035083333	6.014193496652099E-05	1
NIEEHASSDVER	3	Ast-2024-12-05_HeLa_3mzDIA_6mIIT_400-900_55.mzML	5.18783355	5.129667616667	5.246083666667	0.0003658393818777804	0
NIEEHASSDVER	3	Ast-2024-12-05_HeLa_3mzDIA_6mIIT_400-900_60.mzML	5.155531183333	5.116182116667	5.194726416667	0.00021560353589798872	0
NILSVVGTDALK	3	Ast-2024-12-05_HeLa_3mzDIA_6mIIT_400-900_49.mzML	15.762055833333	15.687570066667	15.8381217	9.455817691834901E-05	0
NILSVVGTDALK	3	Ast-2024-12-05_HeLa_3mzDIA_6mIIT_400-900_55.mzML	15.692442016667	15.618163966667	15.76838105	0.0001680697948020596	0
NILSVVGTDALK	3	Ast-2024-12-05_HeLa_3mzDIA_6mIIT_400-900_60.mzML	15.609232	15.532116816667	15.6859841	8.183707874363716E-05	1
NITTVLQPC[+57.0215]SLFMEK	2	Ast-2024-12-05_HeLa_3mzDIA_6mIIT_400-900_49.mzML	18.188140433333	18.126718266667	18.249710033333	0.008019678196436376	0
NITTVLQPC[+57.0215]SLFMEK	2	Ast-2024-12-05_HeLa_3mzDIA_6mIIT_400-900_55.mzML	18.120856266667	18.100289983333	18.246665016667	0.00022830305599947815	1
NITTVLQPC[+57.0215]SLFMEK	2	Ast-2024-12-05_HeLa_3mzDIA_6mIIT_400-900_60.mzML	18.066164133333	17.9812005	18.1506298	0.000875251634845018	0
NIVVMEEVVITPPYQVENC[+57.0215]K	3	Ast-2024-12-05_HeLa_3mzDIA_6mIIT_400-900_49.mzML	18.053163033333	18.053163033333	18.17670525	0.003061901805023232	0
NIVVMEEVVITPPYQVENC[+57.0215]K	3	Ast-2024-12-05_HeLa_3mzDIA_6mIIT_400-900_55.mzML	18.067553166667	18.047539	18.150125816667	0.00035694632419649893	1
NIVVMEEVVITPPYQVENC[+57.0215]K	3	Ast-2024-12-05_HeLa_3mzDIA_6mIIT_400-900_60.mzML	17.969115916667	17.886075416667	18.0541666	0.002126397546808725	0
NKPNMSDPEESR	2	Ast-2024-12-05_HeLa_3mzDIA_6mIIT_400-900_49.mzML	4.472791983333	4.288434283333	4.532429466667	4.735633272559373E-05	0
NKPNMSDPEESR	2	Ast-2024-12-05_HeLa_3mzDIA_6mIIT_400-900_55.mzML	4.419756816667	4.316423533333	4.521214	2.157357668327832E-05	1
NKPNMSDPEESR	2	Ast-2024-12-05_HeLa_3mzDIA_6mIIT_400-900_60.mzML	4.399966966667	4.316198233333	4.483576616667	3.924492759310859E-05	0
NLADSPQHR	2	Ast-2024-12-05_HeLa_3mzDIA_6mIIT_400-900_49.mzML	3.254407066667	3.213020083333	3.295168083333	0.0006214316231017206	1
NLADSPQHR	2	Ast-2024-12-05_HeLa_3mzDIA_6mIIT_400-900_55.mzML		3.176694816667	3.258472933333	0.041051350693599414	0
NLADSPQHR	2	Ast-2024-12-05_HeLa_3mzDIA_6mIIT_400-900_60.mzML		3.162259016667	3.224546766667	0.11606275430209405	0
NLELQLK	2	Ast-2024-12-05_HeLa_3mzDIA_6mIIT_400-900_49.mzML	11.101390616667	11.101390616667	11.219737666667	0.0005246660298925107	0
NLELQLK	2	Ast-2024-12-05_HeLa_3mzDIA_6mIIT_400-900_55.mzML	11.02851795	11.011789416667	11.164184683333	0.0002592649077321946	1
NLELQLK	2	Ast-2024-12-05_HeLa_3mzDIA_6mIIT_400-900_60.mzML	10.955276916667	10.955276916667	11.089948516667	0.0022595474226689374	0
NLQEILHGAVR	2	Ast-2024-12-05_HeLa_3mzDIA_6mIIT_400-900_49.mzML	12.533262033333	12.4692895	12.564754316667	3.127345509131849E-05	0
NLQEILHGAVR	2	Ast-2024-12-05_HeLa_3mzDIA_6mIIT_400-900_55.mzML	12.484126866667	12.4011863	12.535065933333	2.157357668327832E-05	0
NLQEILHGAVR	2	Ast-2024-12-05_HeLa_3mzDIA_6mIIT_400-900_60.mzML	12.403234483333	12.3027681	12.436064116667	2.0708650003106297E-05	1
NNEALDDLK	2	Ast-2024-12-05_HeLa_3mzDIA_6mIIT_400-900_49.mzML	8.258438183333	8.224530533333	8.310166266667	0.0009475262368815593	1
NNEALDDLK	2	Ast-2024-12-05_HeLa_3mzDIA_6mIIT_400-900_55.mzML		8.184032066667	8.253500933333	0.012272153040967335	0
NNEALDDLK	2	Ast-2024-12-05_HeLa_3mzDIA_6mIIT_400-900_60.mzML		8.130467283333	8.237425066667	0.04994650325843789	0
NNNLAVTSK	2	Ast-2024-12-05_HeLa_3mzDIA_6mIIT_400-900_49.mzML	4.8827525	4.805725166667	4.921635733333	3.127345509131849E-05	0
NNNLAVTSK	2	Ast-2024-12-05_HeLa_3mzDIA_6mIIT_400-900_55.mzML	4.855491366667	4.776723016667	4.914400533333	2.157357668327832E-05	1
NNNLAVTSK	2	Ast-2024-12-05_HeLa_3mzDIA_6mIIT_400-900_60.mzML	4.8220259	4.78120405	4.89969475	0.00021560353589798872	0
NPLPPSVGVVDKK	3	Ast-2024-12-05_HeLa_3mzDIA_6mIIT_400-900_49.mzML	8.7405067	8.65333465	8.894919616667	6.014193496652099E-05	0
NPLPPSVGVVDKK	3	Ast-2024-12-05_HeLa_3mzDIA_6mIIT_400-900_55.mzML	8.68383545	8.61384875	8.8914678	2.157357668327832E-05	0
NPLPPSVGVVDKK	3	Ast-2024-12-05_HeLa_3mzDIA_6mIIT_400-900_60.mzML	8.618546566667	8.513538433333	8.793104883333	2.0708650003106297E-05	1
NPTFLDYVR	2	Ast-2024-12-05_HeLa_3mzDIA_6mIIT_400-900_49.mzML	14.633876	14.563492683333	14.7041098	3.127345509131849E-05	0
NPTFLDYVR	2	Ast-2024-12-05_HeLa_3mzDIA_6mIIT_400-900_55.mzML	14.57156795	14.499126066667	14.64436085	2.157357668327832E-05	0
NPTFLDYVR	2	Ast-2024-12-05_HeLa_3mzDIA_6mIIT_400-900_60.mzML	14.494607266667	14.42252125	14.5668047	2.0708650003106297E-05	1
NPVHNGHALLMQDTR	2	Ast-2024-12-05_HeLa_3mzDIA_6mIIT_400-900_49.mzML	7.306823216667	7.181397283333	7.306823216667	0.0003594122890249863	0
NPVHNGHALLMQDTR	2	Ast-2024-12-05_HeLa_3mzDIA_6mIIT_400-900_55.mzML	7.174713416667	7.121227883333	7.227696216667	2.157357668327832E-05	1
NPVHNGHALLMQDTR	2	Ast-2024-12-05_HeLa_3mzDIA_6mIIT_400-900_60.mzML	7.097837566667	7.024661083333	7.188153883333	7.46742336556771E-05	0
NPVLQQVLEGR	2	Ast-2024-12-05_HeLa_3mzDIA_6mIIT_400-900_49.mzML	14.022455183333	13.956398283333	14.123350466667	3.127345509131849E-05	0
NPVLQQVLEGR	2	Ast-2024-12-05_HeLa_3mzDIA_6mIIT_400-900_55.mzML	13.9515211	13.881277883333	14.056929883333	2.157357668327832E-05	0
NPVLQQVLEGR	2	Ast-2024-12-05_HeLa_3mzDIA_6mIIT_400-900_60.mzML	13.879099533333	13.811620133333	13.949075916667	2.0708650003106297E-05	1
NSEPEEVIPSR	2	Ast-2024-12-05_HeLa_3mzDIA_6mIIT_400-900_49.mzML	8.418410016667	8.276863883333	8.522796183333	3.127345509131849E-05	0
NSEPEEVIPSR	2	Ast-2024-12-05_HeLa_3mzDIA_6mIIT_400-900_55.mzML	8.361988166667	8.272831233333	8.4489508	2.157357668327832E-05	0
NSEPEEVIPSR	2	Ast-2024-12-05_HeLa_3mzDIA_6mIIT_400-900_60.mzML	8.329150133333	8.221567183333	8.433813283333	2.0708650003106297E-05	1
NSIAMQEQMLAC[+57.0215]K	2	Ast-2024-12-05_HeLa_3mzDIA_6mIIT_400-900_49.mzML	11.174877716667	11.141383116667	11.224554666667	0.002204366850731299	0
NSIAMQEQMLAC[+57.0215]K	2	Ast-2024-12-05_HeLa_3mzDIA_6mIIT_400-900_55.mzML	11.135762716667	11.0848287	11.168910466667	0.0006168059948293285	0
NSIAMQEQMLAC[+57.0215]K	2	Ast-2024-12-05_HeLa_3mzDIA_6mIIT_400-900_60.mzML	11.077804633333	11.027213866667	11.129124033333	0.00022717979008587396	1
NSQAQPSQC[+57.0215]R	2	Ast-2024-12-05_HeLa_3mzDIA_6mIIT_400-900_49.mzML	2.42179875	2.309700966667	2.42179875	6.014193496652099E-05	1
NSQAQPSQC[+57.0215]R	2	Ast-2024-12-05_HeLa_3mzDIA_6mIIT_400-900_55.mzML	2.42421725	2.2889668	2.4693631	0.000251853484235546	0
NSQAQPSQC[+57.0215]R	2	Ast-2024-12-05_HeLa_3mzDIA_6mIIT_400-900_60.mzML	2.4054427	2.293011966667	2.427888083333	0.0002631425062861821	0
NSSEQELR	2	Ast-2024-12-05_HeLa_3mzDIA_6mIIT_400-900_49.mzML	3.489431583333	3.426093466667	3.63731205	4.735633272559373E-05	0
NSSEQELR	2	Ast-2024-12-05_HeLa_3mzDIA_6mIIT_400-900_55.mzML	3.474256866667	3.432185266667	3.5792177	2.157357668327832E-05	0
NSSEQELR	2	Ast-2024-12-05_HeLa_3mzDIA_6mIIT_400-900_60.mzML	3.442868616667	3.379297683333	3.50544635	2.0708650003106297E-05	1
NSSNTSVGSPSNTIGR	2	Ast-2024-12-05_HeLa_3mzDIA_6mIIT_400-900_49.mzML	6.548182183333	6.475839633333	6.60296325	3.127345509131849E-05	0
NSSNTSVGSPSNTIGR	2	Ast-2024-12-05_HeLa_3mzDIA_6mIIT_400-900_55.mzML	6.525263166667	6.43408165	6.580350133333	2.157357668327832E-05	0
NSSNTSVGSPSNTIGR	2	Ast-2024-12-05_HeLa_3mzDIA_6mIIT_400-900_60.mzML	6.4639135	6.408096016667	6.518567083333	2.0708650003106297E-05	1
NTLFNLSNFLDK	3	Ast-2024-12-05_HeLa_3mzDIA_6mIIT_400-900_49.mzML	19.820194383333	19.754715716667	19.931565066667	0.009260824010545171	0
NTLFNLSNFLDK	3	Ast-2024-12-05_HeLa_3mzDIA_6mIIT_400-900_55.mzML	19.763044966667	19.696846766667	19.8296571	0.0016403710221002713	1
NTLFNLSNFLDK	3	Ast-2024-12-05_HeLa_3mzDIA_6mIIT_400-900_60.mzML		19.563794683333	19.744720066667	1	0
NVEDGFGIAFR	2	Ast-2024-12-05_HeLa_3mzDIA_6mIIT_400-900_49.mzML	15.0116848	14.938697083333	15.047300716667	0.002061352956822413	0
NVEDGFGIAFR	2	Ast-2024-12-05_HeLa_3mzDIA_6mIIT_400-900_55.mzML	14.89273965	14.8743834	14.949778933333	0.0019572993768138766	1
NVEDGFGIAFR	2	Ast-2024-12-05_HeLa_3mzDIA_6mIIT_400-900_60.mzML		14.7653025	14.874219533333	0.03675506409629122	0
NVFIIGATNRPDIIDPAILR	3	Ast-2024-12-05_HeLa_3mzDIA_6mIIT_400-900_49.mzML	18.531827383333	18.49074975	18.615957683333	0.00043002996337809346	0
NVFIIGATNRPDIIDPAILR	3	Ast-2024-12-05_HeLa_3mzDIA_6mIIT_400-900_55.mzML		18.410983583333	18.495448033333	0.04780214978589531	0
NVFIIGATNRPDIIDPAILR	3	Ast-2024-12-05_HeLa_3mzDIA_6mIIT_400-900_60.mzML	18.33586235	18.3151582	18.420895916667	0.00014914490255866366	1
NVNLWDLR	2	Ast-2024-12-05_HeLa_3mzDIA_6mIIT_400-900_49.mzML	14.97309955	14.91704905	15.0275039	4.735633272559373E-05	1
NVNLWDLR	2	Ast-2024-12-05_HeLa_3mzDIA_6mIIT_400-900_55.mzML	14.8909494	14.818194933333	14.965729383333	0.0003658393818777804	0
NVNLWDLR	2	Ast-2024-12-05_HeLa_3mzDIA_6mIIT_400-900_60.mzML	14.7819964	14.763581666667	14.872605266667	0.0003125488357555868	0
NVVAC[+57.0215]ESIGR	2	Ast-2024-12-05_HeLa_3mzDIA_6mIIT_400-900_49.mzML	7.54107555	7.469643066667	7.611671083333	3.127345509131849E-05	0
NVVAC[+57.0215]ESIGR	2	Ast-2024-12-05_HeLa_3mzDIA_6mIIT_400-900_55.mzML	7.498622716667	7.4271415	7.570120283333	2.157357668327832E-05	0
NVVAC[+57.0215]ESIGR	2	Ast-2024-12-05_HeLa_3mzDIA_6mIIT_400-900_60.mzML	7.4597156	7.406491333333	7.548936966667	2.0708650003106297E-05	1
NYLPLLEPVKPEPK	3	Ast-2024-12-05_HeLa_3mzDIA_6mIIT_400-900_49.mzML	14.008045366667	13.892112116667	14.076433966667	5.449690275935984E-05	0
NYLPLLEPVKPEPK	3	Ast-2024-12-05_HeLa_3mzDIA_6mIIT_400-900_55.mzML	13.924533833333	13.8377981	13.976771416667	2.157357668327832E-05	0
NYLPLLEPVKPEPK	3	Ast-2024-12-05_HeLa_3mzDIA_6mIIT_400-900_60.mzML	13.8312871	13.76306775	13.917321533333	2.0708650003106297E-05	1
NYLTNLLK	2	Ast-2024-12-05_HeLa_3mzDIA_6mIIT_400-900_49.mzML	15.60365985	15.5483158	15.693618033333	4.735633272559373E-05	0
NYLTNLLK	2	Ast-2024-12-05_HeLa_3mzDIA_6mIIT_400-900_55.mzML	15.533179683333	15.459234466667	15.6062953	0.00022830305599947815	0
NYLTNLLK	2	Ast-2024-12-05_HeLa_3mzDIA_6mIIT_400-900_60.mzML	15.4281809	15.353611266667	15.501420933333	2.0708650003106297E-05	1
NYQQLFDYMNSQSK	3	Ast-2024-12-05_HeLa_3mzDIA_6mIIT_400-900_49.mzML	15.54586845	15.435825033333	15.582880416667	0.006206267112868877	0
NYQQLFDYMNSQSK	3	Ast-2024-12-05_HeLa_3mzDIA_6mIIT_400-900_55.mzML	15.39980125	15.381399566667	15.493601716667	0.0059286788779754004	1
NYQQLFDYMNSQSK	3	Ast-2024-12-05_HeLa_3mzDIA_6mIIT_400-900_60.mzML		15.332361366667	15.4437752	0.045575257856052	0
PAGLLFQQPDLDSALQIAR	3	Ast-2024-12-05_HeLa_3mzDIA_6mIIT_400-900_49.mzML	19.819533733333	19.754089633333	19.885576783333	4.735633272559373E-05	0
PAGLLFQQPDLDSALQIAR	3	Ast-2024-12-05_HeLa_3mzDIA_6mIIT_400-900_55.mzML	19.718314766667	19.652454216667	19.78458255	2.157357668327832E-05	0
PAGLLFQQPDLDSALQIAR	3	Ast-2024-12-05_HeLa_3mzDIA_6mIIT_400-900_60.mzML	19.65295115	19.608040933333	19.744029516667	2.0708650003106297E-05	1
PETATPPSRPPPAEGFR	3	Ast-2024-12-05_HeLa_3mzDIA_6mIIT_400-900_49.mzML	8.17227325	8.085202416667	8.2255496	0.0008967414355133845	1
PETATPPSRPPPAEGFR	3	Ast-2024-12-05_HeLa_3mzDIA_6mIIT_400-900_55.mzML		8.009353583333	8.044923316667	0.05228967295926777	0
PETATPPSRPPPAEGFR	3	Ast-2024-12-05_HeLa_3mzDIA_6mIIT_400-900_60.mzML		8.131596883333	8.22100145	0.06139270579793062	0
PETGRPR	2	Ast-2024-12-05_HeLa_3mzDIA_6mIIT_400-900_49.mzML	2.167426633333	2.120063816667	2.23698685	4.735633272559373E-05	0
PETGRPR	2	Ast-2024-12-05_HeLa_3mzDIA_6mIIT_400-900_55.mzML	2.169710316667	2.122257166667	2.262362466667	2.157357668327832E-05	0
PETGRPR	2	Ast-2024-12-05_HeLa_3mzDIA_6mIIT_400-900_60.mzML	2.173893833333	2.12664385	2.266713216667	2.0708650003106297E-05	1
PFLNSISK	2	Ast-2024-12-05_HeLa_3mzDIA_6mIIT_400-900_49.mzML	10.119541083333	10.07041875	10.119541083333	0.003344588137860738	0
PFLNSISK	2	Ast-2024-12-05_HeLa_3mzDIA_6mIIT_400-900_55.mzML	10.075759716667	10.02647565	10.092061283333	0.001876702881756413	1
PFLNSISK	2	Ast-2024-12-05_HeLa_3mzDIA_6mIIT_400-900_60.mzML	10.011970533333	9.96171415	10.044301033333	0.007119426306694123	0
PFSVDFFR	2	Ast-2024-12-05_HeLa_3mzDIA_6mIIT_400-900_49.mzML	16.75179295	16.6924007	16.847820116667	3.127345509131849E-05	0
PFSVDFFR	2	Ast-2024-12-05_HeLa_3mzDIA_6mIIT_400-900_55.mzML	16.701106166667	16.620653583333	16.7777102	2.157357668327832E-05	1
PFSVDFFR	2	Ast-2024-12-05_HeLa_3mzDIA_6mIIT_400-900_60.mzML	16.594143	16.5326823	16.6923021	9.054690329590728E-05	0
PGFSIADK	2	Ast-2024-12-05_HeLa_3mzDIA_6mIIT_400-900_49.mzML	8.865697633333	8.797499816667	8.933492616667	4.735633272559373E-05	0
PGFSIADK	2	Ast-2024-12-05_HeLa_3mzDIA_6mIIT_400-900_55.mzML	8.810335266667	8.74221695	8.87857125	5.984082340973012E-05	0
PGFSIADK	2	Ast-2024-12-05_HeLa_3mzDIA_6mIIT_400-900_60.mzML	8.764238016667	8.7117565	8.81552535	3.924492759310859E-05	1
PGPELGGEFPVQDLK	2	Ast-2024-12-05_HeLa_3mzDIA_6mIIT_400-900_49.mzML	14.941108966667	14.941108966667	15.049644516667	0.0008967414355133845	0
PGPELGGEFPVQDLK	2	Ast-2024-12-05_HeLa_3mzDIA_6mIIT_400-900_55.mzML	14.876725916667	14.876725916667	14.98814475	0.0017515525124542207	0
PGPELGGEFPVQDLK	2	Ast-2024-12-05_HeLa_3mzDIA_6mIIT_400-900_60.mzML	14.8219992	14.8219992	14.951730683333	9.054690329590728E-05	1
PGVAQPEDTVQFR	3	Ast-2024-12-05_HeLa_3mzDIA_6mIIT_400-900_49.mzML	10.480438416667	10.396260383333	10.530126583333	0.0002570659306463179	1
PGVAQPEDTVQFR	3	Ast-2024-12-05_HeLa_3mzDIA_6mIIT_400-900_55.mzML	10.441967683333	10.374278366667	10.50927635	0.0017650771111899972	0
PGVAQPEDTVQFR	3	Ast-2024-12-05_HeLa_3mzDIA_6mIIT_400-900_60.mzML	10.397591183333	10.329439666667	10.4645486	0.0027118964376830765	0
PGWLSSPTLGR	2	Ast-2024-12-05_HeLa_3mzDIA_6mIIT_400-900_49.mzML	13.5567394	13.4888823	13.623874383333	0.001868594190574229	1
PGWLSSPTLGR	2	Ast-2024-12-05_HeLa_3mzDIA_6mIIT_400-900_55.mzML	13.457457983333	13.405551066667	13.526927566667	0.004472054930335088	0
PGWLSSPTLGR	2	Ast-2024-12-05_HeLa_3mzDIA_6mIIT_400-900_60.mzML		13.370516483333	13.488994683333	0.01763010679776233	0
PHSVSLNDTETR	2	Ast-2024-12-05_HeLa_3mzDIA_6mIIT_400-900_49.mzML	5.675261466667	5.598477133333	5.751076033333	3.127345509131849E-05	0
PHSVSLNDTETR	2	Ast-2024-12-05_HeLa_3mzDIA_6mIIT_400-900_55.mzML	5.65022225	5.5738583	5.687920216667	2.157357668327832E-05	0
PHSVSLNDTETR	2	Ast-2024-12-05_HeLa_3mzDIA_6mIIT_400-900_60.mzML	5.60176065	5.562017766667	5.678189983333	2.0708650003106297E-05	1
PIIAVFEK	2	Ast-2024-12-05_HeLa_3mzDIA_6mIIT_400-900_49.mzML	13.621718433333	13.4701116	13.705952483333	0.0009055018291136948	1
PIIAVFEK	2	Ast-2024-12-05_HeLa_3mzDIA_6mIIT_400-900_55.mzML		13.473494516667	13.541406833333	0.012823978136168424	0
PIIAVFEK	2	Ast-2024-12-05_HeLa_3mzDIA_6mIIT_400-900_60.mzML	13.452940833333	13.334508466667	13.452940833333	0.0019934228308856653	0
PLFPGNSEIDQINK	2	Ast-2024-12-05_HeLa_3mzDIA_6mIIT_400-900_49.mzML	13.6941635	13.626909616667	13.762255766667	6.014193496652099E-05	0
PLFPGNSEIDQINK	2	Ast-2024-12-05_HeLa_3mzDIA_6mIIT_400-900_55.mzML	13.632284616667	13.563031866667	13.700157916667	2.157357668327832E-05	0
PLFPGNSEIDQINK	2	Ast-2024-12-05_HeLa_3mzDIA_6mIIT_400-900_60.mzML	13.5604628	13.508529816667	13.6476005	2.0708650003106297E-05	1
PLLLPLQPR	2	Ast-2024-12-05_HeLa_3mzDIA_6mIIT_400-900_49.mzML	15.5864152	15.531593466667	15.712693683333	0.0004656896315573209	1
PLLLPLQPR	2	Ast-2024-12-05_HeLa_3mzDIA_6mIIT_400-900_55.mzML	15.516051516667	15.4603681	15.607458433333	0.002596804943790678	0
PLLLPLQPR	2	Ast-2024-12-05_HeLa_3mzDIA_6mIIT_400-900_60.mzML	15.4114758	15.317583316667	15.521300383333	0.0015316800542518737	0
PLLTAPDHC[+57.0215]SDDA	2	Ast-2024-12-05_HeLa_3mzDIA_6mIIT_400-900_49.mzML	9.345480083333	9.32852985	9.4800215	0.0006105244014912384	0
PLLTAPDHC[+57.0215]SDDA	2	Ast-2024-12-05_HeLa_3mzDIA_6mIIT_400-900_55.mzML	9.380753066667	9.328986566667	9.397744716667	0.0002882937561641757	0
PLLTAPDHC[+57.0215]SDDA	2	Ast-2024-12-05_HeLa_3mzDIA_6mIIT_400-900_60.mzML	9.298545983333	9.229693	9.366145583333	3.924492759310859E-05	1
PLSADLTK	2	Ast-2024-12-05_HeLa_3mzDIA_6mIIT_400-900_49.mzML	7.770993033333	7.716502016667	7.807048116667	0.0005790311755648844	1
PLSADLTK	2	Ast-2024-12-05_HeLa_3mzDIA_6mIIT_400-900_55.mzML	7.694080066667	7.675745416667	7.7483849	0.000739051211152028	0
PLSADLTK	2	Ast-2024-12-05_HeLa_3mzDIA_6mIIT_400-900_60.mzML		7.727575133333	7.871996483333	0.03196772800439716	0
PLVQATVPATPEQPVLDLK	3	Ast-2024-12-05_HeLa_3mzDIA_6mIIT_400-900_49.mzML	16.0021762	15.948400283333	16.05612575	0.00043002996337809346	0
PLVQATVPATPEQPVLDLK	3	Ast-2024-12-05_HeLa_3mzDIA_6mIIT_400-900_55.mzML	15.937442633333	15.882796666667	15.99354665	0.00016493485073396007	1
PLVQATVPATPEQPVLDLK	3	Ast-2024-12-05_HeLa_3mzDIA_6mIIT_400-900_60.mzML	15.860143033333	15.802204133333	15.897056633333	0.0010583684095277488	0
PNMVTPGHAC[+57.0215]TQK	3	Ast-2024-12-05_HeLa_3mzDIA_6mIIT_400-900_49.mzML	5.025472116667	4.945458833333	5.064027983333	3.127345509131849E-05	0
PNMVTPGHAC[+57.0215]TQK	3	Ast-2024-12-05_HeLa_3mzDIA_6mIIT_400-900_55.mzML	4.979998866667	4.918651866667	5.076215383333	2.157357668327832E-05	0
PNMVTPGHAC[+57.0215]TQK	3	Ast-2024-12-05_HeLa_3mzDIA_6mIIT_400-900_60.mzML	4.962753133333	4.884289633333	5.042957383333	2.0708650003106297E-05	1
PNVSASTQASR	2	Ast-2024-12-05_HeLa_3mzDIA_6mIIT_400-900_49.mzML	4.028814333333	3.988066916667	4.06953485	3.127345509131849E-05	0
PNVSASTQASR	2	Ast-2024-12-05_HeLa_3mzDIA_6mIIT_400-900_55.mzML	3.993118633333	3.95227685	4.074843333333	2.157357668327832E-05	1
PNVSASTQASR	2	Ast-2024-12-05_HeLa_3mzDIA_6mIIT_400-900_60.mzML	4.029078	3.904405283333	4.029078	0.0002631425062861821	0
PSSGTVQELNFR	2	Ast-2024-12-05_HeLa_3mzDIA_6mIIT_400-900_49.mzML	10.578816316667	10.51260635	10.6638012	0.0008876998844774122	0
PSSGTVQELNFR	2	Ast-2024-12-05_HeLa_3mzDIA_6mIIT_400-900_55.mzML	10.576628083333	10.475084783333	10.611612533333	0.0002592649077321946	0
PSSGTVQELNFR	2	Ast-2024-12-05_HeLa_3mzDIA_6mIIT_400-900_60.mzML	10.480142533333	10.446970783333	10.583058433333	9.054690329590728E-05	1
PSTPGLSVVSGISATSEDIPNK	3	Ast-2024-12-05_HeLa_3mzDIA_6mIIT_400-900_49.mzML	15.102459816667	15.048756183333	15.210904866667	0.00023090066653325738	0
PSTPGLSVVSGISATSEDIPNK	3	Ast-2024-12-05_HeLa_3mzDIA_6mIIT_400-900_55.mzML	15.094901883333	14.987063816667	15.150738416667	0.000251853484235546	0
PSTPGLSVVSGISATSEDIPNK	3	Ast-2024-12-05_HeLa_3mzDIA_6mIIT_400-900_60.mzML	14.986607916667	14.89397035	15.0804826	0.00017703387784662427	1
PTPQLAAFSASK	2	Ast-2024-12-05_HeLa_3mzDIA_6mIIT_400-900_49.mzML		11.019156516667	11.139449283333	0.15017620470389947	0
PTPQLAAFSASK	2	Ast-2024-12-05_HeLa_3mzDIA_6mIIT_400-900_55.mzML		10.94782655	11.048736483333	0.09583991067647173	0
PTPQLAAFSASK	2	Ast-2024-12-05_HeLa_3mzDIA_6mIIT_400-900_60.mzML	11.008578033333	10.87270965	11.008578033333	9.054690329590728E-05	1
PVELGFAESAPAWR	3	Ast-2024-12-05_HeLa_3mzDIA_6mIIT_400-900_49.mzML	15.7450864	15.671364366667	15.8032677	0.0004414536950867397	1
PVELGFAESAPAWR	3	Ast-2024-12-05_HeLa_3mzDIA_6mIIT_400-900_55.mzML	15.694820066667	15.6202226	15.714106766667	0.0022702671635071317	0
PVELGFAESAPAWR	3	Ast-2024-12-05_HeLa_3mzDIA_6mIIT_400-900_60.mzML		15.534097716667	15.669369283333	0.012159255151087359	0
PVFLNSWIDLR	3	Ast-2024-12-05_HeLa_3mzDIA_6mIIT_400-900_49.mzML	19.71555505	19.65019225	19.759622566667	0.003284683171579518	0
PVFLNSWIDLR	3	Ast-2024-12-05_HeLa_3mzDIA_6mIIT_400-900_55.mzML	19.5691174	19.5244193	19.591725166667	0.0003439355195669403	1
PVFLNSWIDLR	3	Ast-2024-12-05_HeLa_3mzDIA_6mIIT_400-900_60.mzML		19.43463465	19.5240182	1	0
PVHLTAFLGYK	2	Ast-2024-12-05_HeLa_3mzDIA_6mIIT_400-900_49.mzML	13.9226184	13.837008466667	14.073547433333	3.127345509131849E-05	0
PVHLTAFLGYK	2	Ast-2024-12-05_HeLa_3mzDIA_6mIIT_400-900_55.mzML	13.863988433333	13.795149633333	13.969084666667	2.157357668327832E-05	0
PVHLTAFLGYK	2	Ast-2024-12-05_HeLa_3mzDIA_6mIIT_400-900_60.mzML	13.777176883333	13.618849483333	13.8622904	2.0708650003106297E-05	1
PVLASIEPELPMQLVSQDDESGQK	3	Ast-2024-12-05_HeLa_3mzDIA_6mIIT_400-900_49.mzML	19.345325083333	19.196313633333	19.388820633333	0.00035244360902255637	0
PVLASIEPELPMQLVSQDDESGQK	3	Ast-2024-12-05_HeLa_3mzDIA_6mIIT_400-900_55.mzML	19.239043466667	19.195240933333	19.326655283333	0.00022830305599947815	0
PVLASIEPELPMQLVSQDDESGQK	3	Ast-2024-12-05_HeLa_3mzDIA_6mIIT_400-900_60.mzML	19.189444666667	19.101188933333	19.277727616667	0.00016325730984604835	1
PVQVATPIVASSEAVAEK	2	Ast-2024-12-05_HeLa_3mzDIA_6mIIT_400-900_49.mzML	12.884503783333	12.799350516667	12.918304283333	6.014193496652099E-05	0
PVQVATPIVASSEAVAEK	2	Ast-2024-12-05_HeLa_3mzDIA_6mIIT_400-900_55.mzML	12.8277156	12.741941916667	12.862397933333	2.157357668327832E-05	0
PVQVATPIVASSEAVAEK	2	Ast-2024-12-05_HeLa_3mzDIA_6mIIT_400-900_60.mzML	12.77532115	12.675025933333	12.80989695	2.0708650003106297E-05	1
PVTVEPMDQLDDEEGLPEK	3	Ast-2024-12-05_HeLa_3mzDIA_6mIIT_400-900_49.mzML	14.2012498	14.0997214	14.28728975	3.127345509131849E-05	0
PVTVEPMDQLDDEEGLPEK	3	Ast-2024-12-05_HeLa_3mzDIA_6mIIT_400-900_55.mzML	14.103078866667	14.032321216667	14.174177266667	2.157357668327832E-05	0
PVTVEPMDQLDDEEGLPEK	3	Ast-2024-12-05_HeLa_3mzDIA_6mIIT_400-900_60.mzML	14.061883383333	13.97631015	14.148202983333	2.0708650003106297E-05	1
PVVLSLETLR	2	Ast-2024-12-05_HeLa_3mzDIA_6mIIT_400-900_49.mzML	15.36643665	15.2970255	15.40263005	0.00019287023047992542	1
PVVLSLETLR	2	Ast-2024-12-05_HeLa_3mzDIA_6mIIT_400-900_55.mzML	15.312337933333	15.2406406	15.330315566667	0.0002032692470568307	0
PVVLSLETLR	2	Ast-2024-12-05_HeLa_3mzDIA_6mIIT_400-900_60.mzML	15.227032683333	15.134034116667	15.282194766667	0.0002881138625984989	0
PYENISLC[+57.0215]QAK	2	Ast-2024-12-05_HeLa_3mzDIA_6mIIT_400-900_49.mzML	9.754025283333	9.685624216667	9.821116066667	3.127345509131849E-05	0
PYENISLC[+57.0215]QAK	2	Ast-2024-12-05_HeLa_3mzDIA_6mIIT_400-900_55.mzML	9.707204416667	9.637952166667	9.775373283333	2.157357668327832E-05	0
PYENISLC[+57.0215]QAK	2	Ast-2024-12-05_HeLa_3mzDIA_6mIIT_400-900_60.mzML	9.656806166667	9.6051913	9.7259889	2.0708650003106297E-05	1
QAATQQNWDYR	2	Ast-2024-12-05_HeLa_3mzDIA_6mIIT_400-900_49.mzML	7.856101816667	7.765827233333	7.8917491	0.0009055018291136948	0
QAATQQNWDYR	2	Ast-2024-12-05_HeLa_3mzDIA_6mIIT_400-900_55.mzML	7.77912225	7.725194983333	7.8328344	0.000251853484235546	0
QAATQQNWDYR	2	Ast-2024-12-05_HeLa_3mzDIA_6mIIT_400-900_60.mzML	7.740314316667	7.6867858	7.776405683333	0.00010414677752512541	1
QAAVGQGDFHLLDHR	3	Ast-2024-12-05_HeLa_3mzDIA_6mIIT_400-900_49.mzML	10.65777005	10.589665833333	10.709150633333	0.0012164471700010053	0
QAAVGQGDFHLLDHR	3	Ast-2024-12-05_HeLa_3mzDIA_6mIIT_400-900_55.mzML	10.588495766667	10.55299645	10.657052983333	0.0005076022287279252	1
QAAVGQGDFHLLDHR	3	Ast-2024-12-05_HeLa_3mzDIA_6mIIT_400-900_60.mzML	10.542261283333	10.474511	10.610770666667	0.000987336338270015	0
QAGLLAVMAQMGC[+57.0215]YVPAEVC[+57.0215]R	3	Ast-2024-12-05_HeLa_3mzDIA_6mIIT_400-900_49.mzML	21.67984715	21.588857033333	21.747888216667	3.127345509131849E-05	0
QAGLLAVMAQMGC[+57.0215]YVPAEVC[+57.0215]R	3	Ast-2024-12-05_HeLa_3mzDIA_6mIIT_400-900_55.mzML	21.571523466667	21.479927633333	21.663399716667	2.157357668327832E-05	0
QAGLLAVMAQMGC[+57.0215]YVPAEVC[+57.0215]R	3	Ast-2024-12-05_HeLa_3mzDIA_6mIIT_400-900_60.mzML	21.4909038	21.399201933333	21.583263383333	2.0708650003106297E-05	1
QAQQVIQK	2	Ast-2024-12-05_HeLa_3mzDIA_6mIIT_400-900_49.mzML	3.92565845	3.843322266667	3.966636133333	0.0005341024408481547	0
QAQQVIQK	2	Ast-2024-12-05_HeLa_3mzDIA_6mIIT_400-900_55.mzML	3.889546816667	3.8077346	3.910135133333	0.00035694632419649893	0
QAQQVIQK	2	Ast-2024-12-05_HeLa_3mzDIA_6mIIT_400-900_60.mzML	3.81983775	3.77806555	3.903047833333	5.721696673787E-05	1
QATAFGLLK	2	Ast-2024-12-05_HeLa_3mzDIA_6mIIT_400-900_49.mzML	12.869643166667	12.835955433333	12.937972083333	0.00035244360902255637	1
QATAFGLLK	2	Ast-2024-12-05_HeLa_3mzDIA_6mIIT_400-900_55.mzML	12.778779466667	12.778779466667	12.880353583333	0.0012672452956507185	0
QATAFGLLK	2	Ast-2024-12-05_HeLa_3mzDIA_6mIIT_400-900_60.mzML	12.71080505	12.658897266667	12.7938926	0.002963382614095678	0
QAVHC[+57.0215]IHAIFTNK	2	Ast-2024-12-05_HeLa_3mzDIA_6mIIT_400-900_49.mzML	8.340587533333	8.288449183333	8.412177383333	4.735633272559373E-05	1
QAVHC[+57.0215]IHAIFTNK	2	Ast-2024-12-05_HeLa_3mzDIA_6mIIT_400-900_55.mzML	8.248832566667	8.231225316667	8.337620283333	0.00041956281554620084	0
QAVHC[+57.0215]IHAIFTNK	2	Ast-2024-12-05_HeLa_3mzDIA_6mIIT_400-900_60.mzML	8.161486216667	8.108085316667	8.215221016667	0.00022717979008587396	0
QAVPGRPGPFPSK	2	Ast-2024-12-05_HeLa_3mzDIA_6mIIT_400-900_49.mzML	7.4714859	7.418360333333	7.5604661	4.735633272559373E-05	1
QAVPGRPGPFPSK	2	Ast-2024-12-05_HeLa_3mzDIA_6mIIT_400-900_55.mzML	7.429162933333	7.356498633333	7.553953883333	0.0002032692470568307	0
QAVPGRPGPFPSK	2	Ast-2024-12-05_HeLa_3mzDIA_6mIIT_400-900_60.mzML	7.350782433333	7.279072716667	7.4583719	5.175536961959803E-05	0
QC[+57.0215]IHQLC[+57.0215]FTSLR	3	Ast-2024-12-05_HeLa_3mzDIA_6mIIT_400-900_49.mzML	11.712217183333	11.626289883333	11.764334566667	6.014193496652099E-05	0
QC[+57.0215]IHQLC[+57.0215]FTSLR	3	Ast-2024-12-05_HeLa_3mzDIA_6mIIT_400-900_55.mzML	11.648291583333	11.52945665	11.715920183333	0.0003439355195669403	0
QC[+57.0215]IHQLC[+57.0215]FTSLR	3	Ast-2024-12-05_HeLa_3mzDIA_6mIIT_400-900_60.mzML	11.57032025	11.469968266667	11.604800033333	2.0708650003106297E-05	1
QDAQDRLDEMDQQK	2	Ast-2024-12-05_HeLa_3mzDIA_6mIIT_400-900_49.mzML	7.608678733333	7.5381571	7.67940125	3.127345509131849E-05	0
QDAQDRLDEMDQQK	2	Ast-2024-12-05_HeLa_3mzDIA_6mIIT_400-900_55.mzML	7.602499233333	7.5136054	7.6565692	2.157357668327832E-05	0
QDAQDRLDEMDQQK	2	Ast-2024-12-05_HeLa_3mzDIA_6mIIT_400-900_60.mzML	7.52812765	7.475082016667	7.6177121	2.0708650003106297E-05	1
QEDEWDKPR	3	Ast-2024-12-05_HeLa_3mzDIA_6mIIT_400-900_49.mzML	5.3094627	5.2905959	5.365738266667	0.001289243527649047	1
QEDEWDKPR	3	Ast-2024-12-05_HeLa_3mzDIA_6mIIT_400-900_55.mzML	5.3022021	5.245326566667	5.340208383333	0.0038840117052407557	0
QEDEWDKPR	3	Ast-2024-12-05_HeLa_3mzDIA_6mIIT_400-900_60.mzML	5.27042505	5.194121283333	5.308850016667	0.006431135855143348	0
QEELTPLGVHLAR	3	Ast-2024-12-05_HeLa_3mzDIA_6mIIT_400-900_49.mzML	12.283823366667	12.218136566667	12.351475966667	7.30887297178775E-05	0
QEELTPLGVHLAR	3	Ast-2024-12-05_HeLa_3mzDIA_6mIIT_400-900_55.mzML	12.229929616667	12.160334083333	12.29659155	5.984082340973012E-05	0
QEELTPLGVHLAR	3	Ast-2024-12-05_HeLa_3mzDIA_6mIIT_400-900_60.mzML	12.1510008	12.0827481	12.217757933333	3.924492759310859E-05	1
QEGGDNDLIER	2	Ast-2024-12-05_HeLa_3mzDIA_6mIIT_400-900_49.mzML	7.28437995	7.212639616667	7.355766333333	6.014193496652099E-05	1
QEGGDNDLIER	2	Ast-2024-12-05_HeLa_3mzDIA_6mIIT_400-900_55.mzML	7.240905216667	7.2057172	7.3113751	0.0007497680802124767	0
QEGGDNDLIER	2	Ast-2024-12-05_HeLa_3mzDIA_6mIIT_400-900_60.mzML	7.20160085	7.129521233333	7.27272155	0.00010414677752512541	0
QELATLK	2	Ast-2024-12-05_HeLa_3mzDIA_6mIIT_400-900_49.mzML	6.827807983333	6.772998733333	6.921654633333	4.735633272559373E-05	0
QELATLK	2	Ast-2024-12-05_HeLa_3mzDIA_6mIIT_400-900_55.mzML	6.805511633333	6.73146565	6.879972	2.157357668327832E-05	0
QELATLK	2	Ast-2024-12-05_HeLa_3mzDIA_6mIIT_400-900_60.mzML	6.762677616667	6.688685966667	6.799535316667	2.0708650003106297E-05	1
QENEDSSDATTPVPR	2	Ast-2024-12-05_HeLa_3mzDIA_6mIIT_400-900_49.mzML	6.300726666667	6.244076083333	6.393217666667	7.30887297178775E-05	1
QENEDSSDATTPVPR	2	Ast-2024-12-05_HeLa_3mzDIA_6mIIT_400-900_55.mzML	6.313706783333	6.257212733333	6.36922955	0.0006071805702217529	0
QENEDSSDATTPVPR	2	Ast-2024-12-05_HeLa_3mzDIA_6mIIT_400-900_60.mzML	6.251106216667	6.2135933	6.32526015	0.00024181238381670622	0
QEQVQDVMLGR	3	Ast-2024-12-05_HeLa_3mzDIA_6mIIT_400-900_49.mzML	10.872349716667	10.854750366667	10.974858383333	0.0038716872350051026	1
QEQVQDVMLGR	3	Ast-2024-12-05_HeLa_3mzDIA_6mIIT_400-900_55.mzML		10.762745316667	10.864761783333	1	0
QEQVQDVMLGR	3	Ast-2024-12-05_HeLa_3mzDIA_6mIIT_400-900_60.mzML		10.71897995	10.82283765	1	0
QFAALVASK	2	Ast-2024-12-05_HeLa_3mzDIA_6mIIT_400-900_49.mzML	9.969564566667	9.901741	10.070616416667	3.127345509131849E-05	0
QFAALVASK	2	Ast-2024-12-05_HeLa_3mzDIA_6mIIT_400-900_55.mzML	9.923070183333	9.855987666667	9.992374633333	2.157357668327832E-05	0
QFAALVASK	2	Ast-2024-12-05_HeLa_3mzDIA_6mIIT_400-900_60.mzML	9.859094933333	9.791532666667	9.926491583333	2.0708650003106297E-05	1
QFESLPATHIR	2	Ast-2024-12-05_HeLa_3mzDIA_6mIIT_400-900_49.mzML	9.693847133333	9.642534266667	9.7786421	3.127345509131849E-05	0
QFESLPATHIR	2	Ast-2024-12-05_HeLa_3mzDIA_6mIIT_400-900_55.mzML	9.629189966667	9.56078695	9.6980247	2.157357668327832E-05	0
QFESLPATHIR	2	Ast-2024-12-05_HeLa_3mzDIA_6mIIT_400-900_60.mzML	9.5616558	9.493937883333	9.63084245	2.0708650003106297E-05	1
QGQDAIPPPDPGEQIFNLPK	3	Ast-2024-12-05_HeLa_3mzDIA_6mIIT_400-900_49.mzML	16.53176915	16.43765945	16.626445333333	0.0002455381121188404	1
QGQDAIPPPDPGEQIFNLPK	3	Ast-2024-12-05_HeLa_3mzDIA_6mIIT_400-900_55.mzML	16.498317566667	16.36327805	16.55489815	0.001480548852283193	0
QGQDAIPPPDPGEQIFNLPK	3	Ast-2024-12-05_HeLa_3mzDIA_6mIIT_400-900_60.mzML		16.253756766667	16.467820416667	0.013954376828495882	0
QGTPGGGTR	2	Ast-2024-12-05_HeLa_3mzDIA_6mIIT_400-900_49.mzML	2.28375435	2.191041833333	2.3514723	0.00023090066653325738	1
QGTPGGGTR	2	Ast-2024-12-05_HeLa_3mzDIA_6mIIT_400-900_55.mzML		2.23951515	2.2856543	0.013174347534686447	0
QGTPGGGTR	2	Ast-2024-12-05_HeLa_3mzDIA_6mIIT_400-900_60.mzML		2.1269099	2.174159933333	1	0
QHAAVLEEGVLDPK	2	Ast-2024-12-05_HeLa_3mzDIA_6mIIT_400-900_49.mzML	10.421163533333	10.339712666667	10.50596535	3.127345509131849E-05	0
QHAAVLEEGVLDPK	2	Ast-2024-12-05_HeLa_3mzDIA_6mIIT_400-900_55.mzML	10.36672175	10.299506266667	10.434282366667	2.157357668327832E-05	0
QHAAVLEEGVLDPK	2	Ast-2024-12-05_HeLa_3mzDIA_6mIIT_400-900_60.mzML	10.303931	10.252983416667	10.3731641	2.0708650003106297E-05	1
QHLEETTQK	2	Ast-2024-12-05_HeLa_3mzDIA_6mIIT_400-900_49.mzML	2.652575083333	2.6313346	2.7166511	3.127345509131849E-05	0
QHLEETTQK	2	Ast-2024-12-05_HeLa_3mzDIA_6mIIT_400-900_55.mzML	2.610866316667	2.567803133333	2.697502883333	2.157357668327832E-05	0
QHLEETTQK	2	Ast-2024-12-05_HeLa_3mzDIA_6mIIT_400-900_60.mzML	2.571555633333	2.506321016667	2.65755825	2.0708650003106297E-05	1
QHLENDPGSNEDTDIPK	3	Ast-2024-12-05_HeLa_3mzDIA_6mIIT_400-900_49.mzML	7.159024383333	7.0866148	7.230950466667	3.127345509131849E-05	0
QHLENDPGSNEDTDIPK	3	Ast-2024-12-05_HeLa_3mzDIA_6mIIT_400-900_55.mzML	7.11703885	7.080977183333	7.170633933333	2.157357668327832E-05	0
QHLENDPGSNEDTDIPK	3	Ast-2024-12-05_HeLa_3mzDIA_6mIIT_400-900_60.mzML	7.093740583333	7.02040845	7.166275883333	2.0708650003106297E-05	1
QIEEINEQIR	3	Ast-2024-12-05_HeLa_3mzDIA_6mIIT_400-900_49.mzML		9.2943856	9.428782633333	0.01412778929598702	0
QIEEINEQIR	3	Ast-2024-12-05_HeLa_3mzDIA_6mIIT_400-900_55.mzML	9.3109486	9.26015505	9.396937433333	0.0028852999587814293	1
QIEEINEQIR	3	Ast-2024-12-05_HeLa_3mzDIA_6mIIT_400-900_60.mzML	9.280388216667	9.2117969	9.348117383333	0.004532737446406511	0
QIFFGLAPGWVVNMADK	3	Ast-2024-12-05_HeLa_3mzDIA_6mIIT_400-900_49.mzML	22.144689433333	22.1217535	22.213321883333	6.014193496652099E-05	1
QIFFGLAPGWVVNMADK	3	Ast-2024-12-05_HeLa_3mzDIA_6mIIT_400-900_55.mzML	22.062534416667	21.993643516667	22.154300716667	0.0004894496410702633	0
QIFFGLAPGWVVNMADK	3	Ast-2024-12-05_HeLa_3mzDIA_6mIIT_400-900_60.mzML		21.916343366667	22.101056366667	0.010053421521241414	0
QILIAC[+57.0215]SPVSSVR	2	Ast-2024-12-05_HeLa_3mzDIA_6mIIT_400-900_49.mzML	12.744828283333	12.674557866667	12.813571216667	4.735633272559373E-05	0
QILIAC[+57.0215]SPVSSVR	2	Ast-2024-12-05_HeLa_3mzDIA_6mIIT_400-900_55.mzML	12.704465083333	12.5961268	12.73892375	2.157357668327832E-05	0
QILIAC[+57.0215]SPVSSVR	2	Ast-2024-12-05_HeLa_3mzDIA_6mIIT_400-900_60.mzML	12.635532716667	12.54908405	12.689162916667	2.0708650003106297E-05	1
QIYHHVTGR	2	Ast-2024-12-05_HeLa_3mzDIA_6mIIT_400-900_49.mzML	3.265153416667	3.183207266667	3.305745533333	4.735633272559373E-05	0
QIYHHVTGR	2	Ast-2024-12-05_HeLa_3mzDIA_6mIIT_400-900_55.mzML	3.2288758	3.146050366667	3.3097312	2.157357668327832E-05	0
QIYHHVTGR	2	Ast-2024-12-05_HeLa_3mzDIA_6mIIT_400-900_60.mzML	3.173111383333	3.131871433333	3.255737116667	2.0708650003106297E-05	1
QLESQLHR	2	Ast-2024-12-05_HeLa_3mzDIA_6mIIT_400-900_49.mzML	5.06985085	4.992503566667	5.089349166667	0.00023090066653325738	1
QLESQLHR	2	Ast-2024-12-05_HeLa_3mzDIA_6mIIT_400-900_55.mzML	5.062771466667	4.944459783333	5.062771466667	0.000251853484235546	0
QLESQLHR	2	Ast-2024-12-05_HeLa_3mzDIA_6mIIT_400-900_60.mzML	5.048808916667	4.9487427	5.0685216	0.008894977915916898	0
QLPEPLISFR	2	Ast-2024-12-05_HeLa_3mzDIA_6mIIT_400-900_49.mzML	16.2031724	16.1465517	16.37056725	8.922516863556873E-05	1
QLPEPLISFR	2	Ast-2024-12-05_HeLa_3mzDIA_6mIIT_400-900_55.mzML	16.142140333333	16.066464233333	16.237204183333	0.00022830305599947815	0
QLPEPLISFR	2	Ast-2024-12-05_HeLa_3mzDIA_6mIIT_400-900_60.mzML	16.1071491	16.008608716667	16.164926816667	0.0013216960575354536	0
QLQLYEIHGAQK	2	Ast-2024-12-05_HeLa_3mzDIA_6mIIT_400-900_49.mzML	9.81844985	9.81844985	9.91805225	0.005040188874446242	0
QLQLYEIHGAQK	2	Ast-2024-12-05_HeLa_3mzDIA_6mIIT_400-900_55.mzML	9.772815483333	9.772815483333	9.839641983333	0.001747751128138793	1
QLQLYEIHGAQK	2	Ast-2024-12-05_HeLa_3mzDIA_6mIIT_400-900_60.mzML	9.688754683333	9.688754683333	9.774559666667	0.002600582758326136	0
QLSSSVTGLTNIEEENC[+57.0215]QR	3	Ast-2024-12-05_HeLa_3mzDIA_6mIIT_400-900_49.mzML	12.64076895	12.59007085	12.727438566667	0.00015336900582802222	0
QLSSSVTGLTNIEEENC[+57.0215]QR	3	Ast-2024-12-05_HeLa_3mzDIA_6mIIT_400-900_55.mzML	12.596192916667	12.527988133333	12.649688033333	2.157357668327832E-05	0
QLSSSVTGLTNIEEENC[+57.0215]QR	3	Ast-2024-12-05_HeLa_3mzDIA_6mIIT_400-900_60.mzML	12.549150433333	12.462930166667	12.63561085	2.0708650003106297E-05	1
QLVNMC[+57.0215]INPDPEK	3	Ast-2024-12-05_HeLa_3mzDIA_6mIIT_400-900_49.mzML	12.675408283333	12.62469605	12.7630927	0.0061829312833713065	1
QLVNMC[+57.0215]INPDPEK	3	Ast-2024-12-05_HeLa_3mzDIA_6mIIT_400-900_55.mzML		12.56277295	12.705521666667	1	0
QLVNMC[+57.0215]INPDPEK	3	Ast-2024-12-05_HeLa_3mzDIA_6mIIT_400-900_60.mzML		12.514984333333	12.654874216667	0.019902110142296845	0
QLYEFDIK	2	Ast-2024-12-05_HeLa_3mzDIA_6mIIT_400-900_49.mzML	13.196705316667	13.146808483333	13.247240333333	0.00038372440060827426	0
QLYEFDIK	2	Ast-2024-12-05_HeLa_3mzDIA_6mIIT_400-900_55.mzML	13.1286311	13.09479735	13.196041816667	5.984082340973012E-05	1
QLYEFDIK	2	Ast-2024-12-05_HeLa_3mzDIA_6mIIT_400-900_60.mzML	13.075946166667	13.024052283333	13.161523733333	0.0007237386269644334	0
QNEDIEPTSSR	3	Ast-2024-12-05_HeLa_3mzDIA_6mIIT_400-900_49.mzML		5.217776133333	5.369384416667	0.010880093520374081	0
QNEDIEPTSSR	3	Ast-2024-12-05_HeLa_3mzDIA_6mIIT_400-900_55.mzML	5.2682829	5.190993666667	5.343929133333	0.00453551616342314	1
QNEDIEPTSSR	3	Ast-2024-12-05_HeLa_3mzDIA_6mIIT_400-900_60.mzML		5.1786177	5.33123	0.029406916041920163	0
QNFEDLHC[+57.0215]K	2	Ast-2024-12-05_HeLa_3mzDIA_6mIIT_400-900_49.mzML	6.1356646	6.098266516667	6.21066925	0.0013536653091447612	0
QNFEDLHC[+57.0215]K	2	Ast-2024-12-05_HeLa_3mzDIA_6mIIT_400-900_55.mzML	6.1113869	6.03605635	6.149324466667	2.157357668327832E-05	0
QNFEDLHC[+57.0215]K	2	Ast-2024-12-05_HeLa_3mzDIA_6mIIT_400-900_60.mzML	6.048082566667	5.9923349	6.105102833333	2.0708650003106297E-05	1
QNGTVVGTDIAELLLR	2	Ast-2024-12-05_HeLa_3mzDIA_6mIIT_400-900_49.mzML	20.821984983333	20.733610883333	20.911340816667	3.127345509131849E-05	0
QNGTVVGTDIAELLLR	2	Ast-2024-12-05_HeLa_3mzDIA_6mIIT_400-900_55.mzML	20.775122	20.663415633333	20.797373183333	2.157357668327832E-05	0
QNGTVVGTDIAELLLR	2	Ast-2024-12-05_HeLa_3mzDIA_6mIIT_400-900_60.mzML	20.62069055	20.5751861	20.71307915	2.0708650003106297E-05	1
QNQVEFEGLK	2	Ast-2024-12-05_HeLa_3mzDIA_6mIIT_400-900_49.mzML		10.410822433333	10.4441944	0.20517749215821285	0
QNQVEFEGLK	2	Ast-2024-12-05_HeLa_3mzDIA_6mIIT_400-900_55.mzML	10.288393116667	10.18662825	10.288393116667	0.0028495915947924257	0
QNQVEFEGLK	2	Ast-2024-12-05_HeLa_3mzDIA_6mIIT_400-900_60.mzML	10.224527233333	10.157109	10.224527233333	0.0002631425062861821	1
QPAENVNQYLTDPK	2	Ast-2024-12-05_HeLa_3mzDIA_6mIIT_400-900_49.mzML	10.808787183333	10.758859383333	10.8961959	3.127345509131849E-05	0
QPAENVNQYLTDPK	2	Ast-2024-12-05_HeLa_3mzDIA_6mIIT_400-900_55.mzML	10.773718466667	10.723750566667	10.8589033	2.157357668327832E-05	0
QPAENVNQYLTDPK	2	Ast-2024-12-05_HeLa_3mzDIA_6mIIT_400-900_60.mzML	10.72994135	10.678654383333	10.816462833333	2.0708650003106297E-05	1
QPSGELEEK	2	Ast-2024-12-05_HeLa_3mzDIA_6mIIT_400-900_49.mzML	4.325234616667	4.3048737	4.46930875	0.007401055543645811	0
QPSGELEEK	2	Ast-2024-12-05_HeLa_3mzDIA_6mIIT_400-900_55.mzML		4.250534033333	4.375091183333	0.02439264286416839	0
QPSGELEEK	2	Ast-2024-12-05_HeLa_3mzDIA_6mIIT_400-900_60.mzML	4.312189983333	4.26957045	4.396062983333	0.0008226702611028844	1
QQAQVEVIR	2	Ast-2024-12-05_HeLa_3mzDIA_6mIIT_400-900_49.mzML	7.398434333333	7.309959533333	7.487051216667	0.0015060756460722232	1
QQAQVEVIR	2	Ast-2024-12-05_HeLa_3mzDIA_6mIIT_400-900_55.mzML	7.336547983333	7.265939433333	7.390545416667	0.0068229837670703425	0
QQAQVEVIR	2	Ast-2024-12-05_HeLa_3mzDIA_6mIIT_400-900_60.mzML	7.280171866667	7.208981566667	7.333453733333	0.0020651185759660603	0
QQQQQQQHQQPNR	2	Ast-2024-12-05_HeLa_3mzDIA_6mIIT_400-900_49.mzML		2.135424616667	2.275166116667	0.014710687097722743	0
QQQQQQQHQQPNR	2	Ast-2024-12-05_HeLa_3mzDIA_6mIIT_400-900_55.mzML	2.167766166667	2.120317933333	2.2603992	2.157357668327832E-05	1
QQQQQQQHQQPNR	2	Ast-2024-12-05_HeLa_3mzDIA_6mIIT_400-900_60.mzML	2.18902925	2.141966483333	2.235164483333	8.183707874363716E-05	0
QREEITAIVK	2	Ast-2024-12-05_HeLa_3mzDIA_6mIIT_400-900_49.mzML	8.19003165	8.154786033333	8.2593617	0.0010001786033220217	0
QREEITAIVK	2	Ast-2024-12-05_HeLa_3mzDIA_6mIIT_400-900_55.mzML	8.097708033333	8.097708033333	8.202077866667	0.005790983947434085	0
QREEITAIVK	2	Ast-2024-12-05_HeLa_3mzDIA_6mIIT_400-900_60.mzML	8.060920083333	8.007890033333	8.166973916667	0.0008660073296852252	1
QSGYGGQTK	2	Ast-2024-12-05_HeLa_3mzDIA_6mIIT_400-900_49.mzML	2.464220183333	2.3964897	2.530937133333	4.735633272559373E-05	0
QSGYGGQTK	2	Ast-2024-12-05_HeLa_3mzDIA_6mIIT_400-900_55.mzML	2.444235866667	2.376406533333	2.51093645	2.157357668327832E-05	1
QSGYGGQTK	2	Ast-2024-12-05_HeLa_3mzDIA_6mIIT_400-900_60.mzML	2.470525233333	2.357871233333	2.5371837	7.46742336556771E-05	0
QSMAFSILNTPK	2	Ast-2024-12-05_HeLa_3mzDIA_6mIIT_400-900_49.mzML	14.87368015	14.803997666667	14.910068833333	3.127345509131849E-05	0
QSMAFSILNTPK	2	Ast-2024-12-05_HeLa_3mzDIA_6mIIT_400-900_55.mzML	14.79451965	14.741665833333	14.847711733333	2.157357668327832E-05	0
QSMAFSILNTPK	2	Ast-2024-12-05_HeLa_3mzDIA_6mIIT_400-900_60.mzML	14.7388315	14.649012233333	14.793337416667	2.0708650003106297E-05	1
QSQADYETR	2	Ast-2024-12-05_HeLa_3mzDIA_6mIIT_400-900_49.mzML	3.7928799	3.669851533333	3.7928799	0.002204366850731299	1
QSQADYETR	2	Ast-2024-12-05_HeLa_3mzDIA_6mIIT_400-900_55.mzML	3.798584633333	3.633255116667	3.798584633333	0.007385266444800526	0
QSQADYETR	2	Ast-2024-12-05_HeLa_3mzDIA_6mIIT_400-900_60.mzML	3.768910066667	3.622971966667	3.768910066667	0.005535287457541829	0
QTSDGNWLMVHR	3	Ast-2024-12-05_HeLa_3mzDIA_6mIIT_400-900_49.mzML	10.745803733333	10.6779876	10.846991733333	3.127345509131849E-05	0
QTSDGNWLMVHR	3	Ast-2024-12-05_HeLa_3mzDIA_6mIIT_400-900_55.mzML	10.697555	10.629815316667	10.763872966667	2.157357668327832E-05	0
QTSDGNWLMVHR	3	Ast-2024-12-05_HeLa_3mzDIA_6mIIT_400-900_60.mzML	10.61754085	10.549174533333	10.686000966667	2.0708650003106297E-05	1
QVVEEPSPQLPADK	2	Ast-2024-12-05_HeLa_3mzDIA_6mIIT_400-900_49.mzML	9.999261816667	9.913842966667	10.099878633333	0.00019287023047992542	0
QVVEEPSPQLPADK	2	Ast-2024-12-05_HeLa_3mzDIA_6mIIT_400-900_55.mzML	9.971268016667	9.801765566667	9.971268016667	0.0002032692470568307	0
QVVEEPSPQLPADK	2	Ast-2024-12-05_HeLa_3mzDIA_6mIIT_400-900_60.mzML	9.9054522	9.735977533333	9.9054522	2.0708650003106297E-05	1
QYTEAVK	2	Ast-2024-12-05_HeLa_3mzDIA_6mIIT_400-900_49.mzML	4.37491815	4.2933762	4.45737895	3.127345509131849E-05	0
QYTEAVK	2	Ast-2024-12-05_HeLa_3mzDIA_6mIIT_400-900_55.mzML	4.32146225	4.259364616667	4.4246107	2.157357668327832E-05	0
QYTEAVK	2	Ast-2024-12-05_HeLa_3mzDIA_6mIIT_400-900_60.mzML	4.321176733333	4.236331833333	4.447098383333	2.0708650003106297E-05	1
RAEVLALPFK	2	Ast-2024-12-05_HeLa_3mzDIA_6mIIT_400-900_49.mzML	13.19776645	13.114985116667	13.2482552	0.00019287023047992542	1
RAEVLALPFK	2	Ast-2024-12-05_HeLa_3mzDIA_6mIIT_400-900_55.mzML	13.1465139	13.044164966667	13.19707455	0.002018005089857282	0
RAEVLALPFK	2	Ast-2024-12-05_HeLa_3mzDIA_6mIIT_400-900_60.mzML	13.00855895	12.9578478	13.076994683333	0.0003125488357555868	0
RAQGGDGVLDATGEEANSNAENPK	3	Ast-2024-12-05_HeLa_3mzDIA_6mIIT_400-900_49.mzML	7.813575266667	7.795694716667	7.8855569	4.735633272559373E-05	0
RAQGGDGVLDATGEEANSNAENPK	3	Ast-2024-12-05_HeLa_3mzDIA_6mIIT_400-900_55.mzML	7.790643666667	7.736903033333	7.843979716667	2.157357668327832E-05	0
RAQGGDGVLDATGEEANSNAENPK	3	Ast-2024-12-05_HeLa_3mzDIA_6mIIT_400-900_60.mzML	7.770125033333	7.698267566667	7.841411166667	2.0708650003106297E-05	1
RDHPLPEVAHVK	3	Ast-2024-12-05_HeLa_3mzDIA_6mIIT_400-900_49.mzML	5.799166516667	5.722804416667	5.8735789	0.0008430459249267603	0
RDHPLPEVAHVK	3	Ast-2024-12-05_HeLa_3mzDIA_6mIIT_400-900_55.mzML	5.741301233333	5.684598666667	5.815830833333	0.00039337956757386797	0
RDHPLPEVAHVK	3	Ast-2024-12-05_HeLa_3mzDIA_6mIIT_400-900_60.mzML	5.712636283333	5.61747025	5.768979933333	0.0002881138625984989	1
RDIVEELSALK	2	Ast-2024-12-05_HeLa_3mzDIA_6mIIT_400-900_49.mzML	14.447842	14.374167283333	14.516686733333	6.601967386281111E-05	0
RDIVEELSALK	2	Ast-2024-12-05_HeLa_3mzDIA_6mIIT_400-900_55.mzML	14.38227085	14.329462116667	14.434856983333	0.0001680697948020596	0
RDIVEELSALK	2	Ast-2024-12-05_HeLa_3mzDIA_6mIIT_400-900_60.mzML	14.2689912	14.213166183333	14.358819966667	3.554291807357384E-05	1
REPETPLAVPGLR	3	Ast-2024-12-05_HeLa_3mzDIA_6mIIT_400-900_49.mzML	11.92791415	11.89397645	11.978012616667	0.002476651828576416	0
REPETPLAVPGLR	3	Ast-2024-12-05_HeLa_3mzDIA_6mIIT_400-900_55.mzML	11.880472266667	11.830393433333	11.897556466667	0.0023125608568646543	0
REPETPLAVPGLR	3	Ast-2024-12-05_HeLa_3mzDIA_6mIIT_400-900_60.mzML	11.78752385	11.7388508	11.804543833333	0.00022717979008587396	1
REPVSLEEWTK	3	Ast-2024-12-05_HeLa_3mzDIA_6mIIT_400-900_49.mzML	11.0363823	10.986854033333	11.123103683333	0.0020873855495991273	0
REPVSLEEWTK	3	Ast-2024-12-05_HeLa_3mzDIA_6mIIT_400-900_55.mzML	10.981381266667	10.93262965	11.049859066667	0.0037591227491106465	0
REPVSLEEWTK	3	Ast-2024-12-05_HeLa_3mzDIA_6mIIT_400-900_60.mzML	10.907730966667	10.873820883333	10.976182433333	0.0007055819371024101	1
RGLDEDR	2	Ast-2024-12-05_HeLa_3mzDIA_6mIIT_400-900_49.mzML	2.843494483333	2.757487466667	2.908267066667	0.00023090066653325738	0
RGLDEDR	2	Ast-2024-12-05_HeLa_3mzDIA_6mIIT_400-900_55.mzML	2.803689366667	2.738326616667	2.868888566667	2.157357668327832E-05	0
RGLDEDR	2	Ast-2024-12-05_HeLa_3mzDIA_6mIIT_400-900_60.mzML	2.786075966667	2.698611	2.8737817	2.0708650003106297E-05	1
RHATAEEVEEEER	2	Ast-2024-12-05_HeLa_3mzDIA_6mIIT_400-900_49.mzML	4.4179238	4.376553283333	4.49892545	0.00030296244582899746	1
RHATAEEVEEEER	2	Ast-2024-12-05_HeLa_3mzDIA_6mIIT_400-900_55.mzML	4.405877	4.3230361	4.487226616667	0.0004446794702305122	0
RHATAEEVEEEER	2	Ast-2024-12-05_HeLa_3mzDIA_6mIIT_400-900_60.mzML	4.3859439	4.301873716667	4.448909233333	0.0006971383594760218	0
RLEEPEEPK	2	Ast-2024-12-05_HeLa_3mzDIA_6mIIT_400-900_49.mzML	5.235533016667	5.157509933333	5.3115543	3.127345509131849E-05	0
RLEEPEEPK	2	Ast-2024-12-05_HeLa_3mzDIA_6mIIT_400-900_55.mzML	5.208641866667	5.131119433333	5.2858139	2.157357668327832E-05	0
RLEEPEEPK	2	Ast-2024-12-05_HeLa_3mzDIA_6mIIT_400-900_60.mzML	5.176918416667	5.098519266667	5.253351483333	2.0708650003106297E-05	1
RLPENLYNDR	2	Ast-2024-12-05_HeLa_3mzDIA_6mIIT_400-900_49.mzML	8.312080083333	8.226398083333	8.347394966667	0.00043002996337809346	0
RLPENLYNDR	2	Ast-2024-12-05_HeLa_3mzDIA_6mIIT_400-900_55.mzML	8.220198783333	8.010289183333	8.326577033333	2.157357668327832E-05	0
RLPENLYNDR	2	Ast-2024-12-05_HeLa_3mzDIA_6mIIT_400-900_60.mzML	8.203986116667	7.93807345	8.221962483333	2.0708650003106297E-05	1
RLPVMMDEALSYLEK	3	Ast-2024-12-05_HeLa_3mzDIA_6mIIT_400-900_49.mzML	19.600680316667	19.49232415	19.6646884	0.00012104862696271702	1
RLPVMMDEALSYLEK	3	Ast-2024-12-05_HeLa_3mzDIA_6mIIT_400-900_55.mzML	19.539248366667	19.429250983333	19.606471433333	0.0006168059948293285	0
RLPVMMDEALSYLEK	3	Ast-2024-12-05_HeLa_3mzDIA_6mIIT_400-900_60.mzML	19.382553316667	19.360453833333	19.449483333333	0.007674636613682486	0
RNIYLMDTSGK	3	Ast-2024-12-05_HeLa_3mzDIA_6mIIT_400-900_49.mzML	8.809079216667	8.774627666667	8.876999766667	0.001753841979806593	1
RNIYLMDTSGK	3	Ast-2024-12-05_HeLa_3mzDIA_6mIIT_400-900_55.mzML	8.770586566667	8.718946366667	8.82179495	0.008375022525034968	0
RNIYLMDTSGK	3	Ast-2024-12-05_HeLa_3mzDIA_6mIIT_400-900_60.mzML		8.617721483333	8.758393666667	0.01618839804026514	0
RNQNSQISTEK	2	Ast-2024-12-05_HeLa_3mzDIA_6mIIT_400-900_49.mzML	2.5018367	2.41189645	2.546461466667	4.735633272559373E-05	0
RNQNSQISTEK	2	Ast-2024-12-05_HeLa_3mzDIA_6mIIT_400-900_55.mzML	2.482340683333	2.414661283333	2.547760266667	0.00014917858541406382	0
RNQNSQISTEK	2	Ast-2024-12-05_HeLa_3mzDIA_6mIIT_400-900_60.mzML	2.440869966667	2.395575933333	2.530448433333	3.924492759310859E-05	1
RNTLEWC[+57.0215]LPVIDAK	2	Ast-2024-12-05_HeLa_3mzDIA_6mIIT_400-900_49.mzML		16.14127135	16.216831	0.010016021603974164	0
RNTLEWC[+57.0215]LPVIDAK	2	Ast-2024-12-05_HeLa_3mzDIA_6mIIT_400-900_55.mzML	16.02342385	15.949262116667	16.061129733333	0.00022830305599947815	1
RNTLEWC[+57.0215]LPVIDAK	2	Ast-2024-12-05_HeLa_3mzDIA_6mIIT_400-900_60.mzML	16.003210316667	15.90901835	16.0819731	0.00042400120361631995	0
RPAAAAAAGSASPR	3	Ast-2024-12-05_HeLa_3mzDIA_6mIIT_400-900_49.mzML	3.65711465	3.615206383333	3.7400188	0.00012104862696271702	0
RPAAAAAAGSASPR	3	Ast-2024-12-05_HeLa_3mzDIA_6mIIT_400-900_55.mzML	3.62039575	3.535502216667	3.70417605	2.157357668327832E-05	1
RPAAAAAAGSASPR	3	Ast-2024-12-05_HeLa_3mzDIA_6mIIT_400-900_60.mzML	3.567502416667	3.5043849	3.6312747	0.0008448395435344556	0
RPIVAC[+57.0215]ELGR	2	Ast-2024-12-05_HeLa_3mzDIA_6mIIT_400-900_49.mzML	7.791542016667	7.7369709	7.863553783333	0.00019287023047992542	1
RPIVAC[+57.0215]ELGR	2	Ast-2024-12-05_HeLa_3mzDIA_6mIIT_400-900_55.mzML	7.7327176	7.696443366667	7.804269883333	0.001379977354217777	0
RPIVAC[+57.0215]ELGR	2	Ast-2024-12-05_HeLa_3mzDIA_6mIIT_400-900_60.mzML		7.6213016	7.711878266667	0.012409304957658804	0
RPLLLNSVLLR	3	Ast-2024-12-05_HeLa_3mzDIA_6mIIT_400-900_49.mzML	15.214420883333	15.087917416667	15.3035028	3.127345509131849E-05	0
RPLLLNSVLLR	3	Ast-2024-12-05_HeLa_3mzDIA_6mIIT_400-900_55.mzML	15.06243445	14.991155016667	15.210187016667	2.157357668327832E-05	0
RPLLLNSVLLR	3	Ast-2024-12-05_HeLa_3mzDIA_6mIIT_400-900_60.mzML	14.972302483333	14.879772166667	15.0273848	2.0708650003106297E-05	1
RPPAAPENTPLVPSGVK	2	Ast-2024-12-05_HeLa_3mzDIA_6mIIT_400-900_49.mzML	9.633125733333	9.56435085	9.684234066667	0.001982255005670393	1
RPPAAPENTPLVPSGVK	2	Ast-2024-12-05_HeLa_3mzDIA_6mIIT_400-900_55.mzML	9.5682459	9.498816666667	9.6367156	0.0022702671635071317	0
RPPAAPENTPLVPSGVK	2	Ast-2024-12-05_HeLa_3mzDIA_6mIIT_400-900_60.mzML	9.501296933333	9.4152377	9.621464783333	0.005229121633136307	0
RPSQAEEQALSMDFK	3	Ast-2024-12-05_HeLa_3mzDIA_6mIIT_400-900_49.mzML	10.83604585	10.751714433333	10.888686633333	0.00138055699018712	0
RPSQAEEQALSMDFK	3	Ast-2024-12-05_HeLa_3mzDIA_6mIIT_400-900_55.mzML	10.766485133333	10.716546983333	10.81768025	0.0026659607857966684	0
RPSQAEEQALSMDFK	3	Ast-2024-12-05_HeLa_3mzDIA_6mIIT_400-900_60.mzML	10.7182865	10.650036833333	10.7182865	0.0011050260470425375	1
RPTPAEEPGELEDNYLEYLR	3	Ast-2024-12-05_HeLa_3mzDIA_6mIIT_400-900_49.mzML	15.726758366667	15.636303083333	15.745783516667	0.00019287023047992542	0
RPTPAEEPGELEDNYLEYLR	3	Ast-2024-12-05_HeLa_3mzDIA_6mIIT_400-900_55.mzML	15.620843466667	15.566801733333	15.714797783333	2.157357668327832E-05	1
RPTPAEEPGELEDNYLEYLR	3	Ast-2024-12-05_HeLa_3mzDIA_6mIIT_400-900_60.mzML	15.534788383333	15.497923533333	15.592765516667	0.0002881138625984989	0
RPVTC[+57.0215]EQGC[+57.0215]GLEMPK	3	Ast-2024-12-05_HeLa_3mzDIA_6mIIT_400-900_49.mzML		8.36064595	8.50136895	0.010497038544991497	0
RPVTC[+57.0215]EQGC[+57.0215]GLEMPK	3	Ast-2024-12-05_HeLa_3mzDIA_6mIIT_400-900_55.mzML	8.375317133333	8.3399504	8.445058233333	0.003556358141848938	1
RPVTC[+57.0215]EQGC[+57.0215]GLEMPK	3	Ast-2024-12-05_HeLa_3mzDIA_6mIIT_400-900_60.mzML		8.2528688	8.394697233333	0.010248116780865643	0
RSENEEFVEVGR	3	Ast-2024-12-05_HeLa_3mzDIA_6mIIT_400-900_49.mzML	8.022180333333	7.985913516667	8.0574127	0.0008248285710768322	0
RSENEEFVEVGR	3	Ast-2024-12-05_HeLa_3mzDIA_6mIIT_400-900_55.mzML	7.9761667	7.904151	8.029340983333	0.0014502678967086976	0
RSENEEFVEVGR	3	Ast-2024-12-05_HeLa_3mzDIA_6mIIT_400-900_60.mzML	7.926751533333	7.873029566667	7.94460735	9.054690329590728E-05	1
RVESQLK	2	Ast-2024-12-05_HeLa_3mzDIA_6mIIT_400-900_49.mzML	2.8865938	2.800447733333	2.972134483333	0.00019287023047992542	0
RVESQLK	2	Ast-2024-12-05_HeLa_3mzDIA_6mIIT_400-900_55.mzML	2.847060033333	2.76006525	2.89034575	2.157357668327832E-05	0
RVESQLK	2	Ast-2024-12-05_HeLa_3mzDIA_6mIIT_400-900_60.mzML	2.8081318	2.720665233333	2.852183583333	2.0708650003106297E-05	1
SAFEYGGQK	2	Ast-2024-12-05_HeLa_3mzDIA_6mIIT_400-900_49.mzML	6.747105366667	6.616020166667	6.747105366667	0.0007580653178903415	0
SAFEYGGQK	2	Ast-2024-12-05_HeLa_3mzDIA_6mIIT_400-900_55.mzML	6.63063455	6.593551583333	6.7055049	0.0006168059948293285	0
SAFEYGGQK	2	Ast-2024-12-05_HeLa_3mzDIA_6mIIT_400-900_60.mzML	6.589027416667	6.531698733333	6.680818333333	0.00047490467984640227	1
SAGYPGTLIPYR	2	Ast-2024-12-05_HeLa_3mzDIA_6mIIT_400-900_49.mzML	13.148591216667	13.033873766667	13.198640183333	0.0002567006417516044	1
SAGYPGTLIPYR	2	Ast-2024-12-05_HeLa_3mzDIA_6mIIT_400-900_55.mzML	13.045128083333	12.97706975	13.163996533333	0.001139670223084384	0
SAGYPGTLIPYR	2	Ast-2024-12-05_HeLa_3mzDIA_6mIIT_400-900_60.mzML		12.975413516667	13.077926216667	0.019887351366386204	0
SAPGEDEEC[+57.0215]GR	2	Ast-2024-12-05_HeLa_3mzDIA_6mIIT_400-900_49.mzML	3.544687133333	3.4176649	3.629015766667	6.014193496652099E-05	1
SAPGEDEEC[+57.0215]GR	2	Ast-2024-12-05_HeLa_3mzDIA_6mIIT_400-900_55.mzML	3.549439916667	3.423650433333	3.6342953	0.0002592649077321946	0
SAPGEDEEC[+57.0215]GR	2	Ast-2024-12-05_HeLa_3mzDIA_6mIIT_400-900_60.mzML	3.5183362	3.43448905	3.60288175	0.0008031821311099213	0
SC[+57.0215]GSSTPDEFPTDIPGTK	3	Ast-2024-12-05_HeLa_3mzDIA_6mIIT_400-900_49.mzML	12.353726316667	12.302883716667	12.436385016667	3.127345509131849E-05	0
SC[+57.0215]GSSTPDEFPTDIPGTK	3	Ast-2024-12-05_HeLa_3mzDIA_6mIIT_400-900_55.mzML	12.34930815	12.265472566667	12.40141375	2.157357668327832E-05	0
SC[+57.0215]GSSTPDEFPTDIPGTK	3	Ast-2024-12-05_HeLa_3mzDIA_6mIIT_400-900_60.mzML	12.285987133333	12.220068633333	12.35313835	2.0708650003106297E-05	1
SDHLIQTDTVNLHR	2	Ast-2024-12-05_HeLa_3mzDIA_6mIIT_400-900_49.mzML	8.829329966667	8.760957083333	8.8635096	3.127345509131849E-05	0
SDHLIQTDTVNLHR	2	Ast-2024-12-05_HeLa_3mzDIA_6mIIT_400-900_55.mzML	8.7741088	8.7052956	8.842111866667	2.157357668327832E-05	0
SDHLIQTDTVNLHR	2	Ast-2024-12-05_HeLa_3mzDIA_6mIIT_400-900_60.mzML	8.709544133333	8.6391389	8.778888583333	2.0708650003106297E-05	1
SDVHTEAVQAALAK	2	Ast-2024-12-05_HeLa_3mzDIA_6mIIT_400-900_49.mzML	8.7844639	8.74978165	8.81866585	6.014193496652099E-05	0
SDVHTEAVQAALAK	2	Ast-2024-12-05_HeLa_3mzDIA_6mIIT_400-900_55.mzML	8.780465966667	8.693441133333	8.797318166667	0.0009751160264639084	0
SDVHTEAVQAALAK	2	Ast-2024-12-05_HeLa_3mzDIA_6mIIT_400-900_60.mzML	8.698610033333	8.627873283333	8.733286433333	2.0708650003106297E-05	1
SDVQIHVPTFTFR	3	Ast-2024-12-05_HeLa_3mzDIA_6mIIT_400-900_49.mzML	15.563133333333	15.415902583333	15.635873066667	3.127345509131849E-05	0
SDVQIHVPTFTFR	3	Ast-2024-12-05_HeLa_3mzDIA_6mIIT_400-900_55.mzML	15.492024866667	15.30676855	15.566353583333	2.157357668327832E-05	0
SDVQIHVPTFTFR	3	Ast-2024-12-05_HeLa_3mzDIA_6mIIT_400-900_60.mzML	15.368299	15.276382816667	15.4421413	2.0708650003106297E-05	1
SDYLNTFEFMDK	2	Ast-2024-12-05_HeLa_3mzDIA_6mIIT_400-900_49.mzML	16.964061283333	16.8881813	17.043714066667	3.127345509131849E-05	0
SDYLNTFEFMDK	2	Ast-2024-12-05_HeLa_3mzDIA_6mIIT_400-900_55.mzML	16.917690833333	16.838199933333	16.998816816667	2.157357668327832E-05	0
SDYLNTFEFMDK	2	Ast-2024-12-05_HeLa_3mzDIA_6mIIT_400-900_60.mzML	16.853939183333	16.773867216667	16.935363566667	2.0708650003106297E-05	1
SEDEPPAASASAAPPPQR	2	Ast-2024-12-05_HeLa_3mzDIA_6mIIT_400-900_49.mzML	6.790710416667	6.698558133333	6.95772585	0.00016968997641309328	0
SEDEPPAASASAAPPPQR	2	Ast-2024-12-05_HeLa_3mzDIA_6mIIT_400-900_55.mzML	6.767582233333	6.61939255	6.879394383333	0.000251853484235546	0
SEDEPPAASASAAPPPQR	2	Ast-2024-12-05_HeLa_3mzDIA_6mIIT_400-900_60.mzML	6.798960666667	6.633410983333	6.854137133333	2.0708650003106297E-05	1
SEDEVGSLIEYEFR	2	Ast-2024-12-05_HeLa_3mzDIA_6mIIT_400-900_49.mzML	17.588171366667	17.5062203	17.669095866667	3.127345509131849E-05	0
SEDEVGSLIEYEFR	2	Ast-2024-12-05_HeLa_3mzDIA_6mIIT_400-900_55.mzML	17.532819166667	17.449920966667	17.61514195	2.157357668327832E-05	0
SEDEVGSLIEYEFR	2	Ast-2024-12-05_HeLa_3mzDIA_6mIIT_400-900_60.mzML	17.433670016667	17.371840933333	17.577290616667	2.0708650003106297E-05	1
SEDSIAGSGVEHSTPDTEPGK	3	Ast-2024-12-05_HeLa_3mzDIA_6mIIT_400-900_49.mzML	7.427474616667	7.356916466667	7.462997766667	0.007057884884874646	0
SEDSIAGSGVEHSTPDTEPGK	3	Ast-2024-12-05_HeLa_3mzDIA_6mIIT_400-900_55.mzML	7.38418465	7.330192233333	7.420041883333	0.0015166425470332851	1
SEDSIAGSGVEHSTPDTEPGK	3	Ast-2024-12-05_HeLa_3mzDIA_6mIIT_400-900_60.mzML	7.36361845	7.291461716667	7.399779166667	0.008932130118856605	0
SEFEQNLSEK	2	Ast-2024-12-05_HeLa_3mzDIA_6mIIT_400-900_49.mzML	7.7282394	7.656855333333	7.8007436	3.127345509131849E-05	0
SEFEQNLSEK	2	Ast-2024-12-05_HeLa_3mzDIA_6mIIT_400-900_55.mzML	7.687645083333	7.615004416667	7.759840616667	2.157357668327832E-05	0
SEFEQNLSEK	2	Ast-2024-12-05_HeLa_3mzDIA_6mIIT_400-900_60.mzML	7.630830833333	7.5766702	7.72114655	2.0708650003106297E-05	1
SEIEVISEPPEEK	2	Ast-2024-12-05_HeLa_3mzDIA_6mIIT_400-900_49.mzML	10.791198083333	10.774784883333	10.912359533333	6.014193496652099E-05	0
SEIEVISEPPEEK	2	Ast-2024-12-05_HeLa_3mzDIA_6mIIT_400-900_55.mzML	10.772668033333	10.689312666667	10.823864766667	2.157357668327832E-05	0
SEIEVISEPPEEK	2	Ast-2024-12-05_HeLa_3mzDIA_6mIIT_400-900_60.mzML	10.728858933333	10.677555466667	10.815357166667	2.0708650003106297E-05	1
SEPPTLAQPSR	2	Ast-2024-12-05_HeLa_3mzDIA_6mIIT_400-900_49.mzML	6.9241732	6.867672783333	6.996541466667	0.0008676312445009287	0
SEPPTLAQPSR	2	Ast-2024-12-05_HeLa_3mzDIA_6mIIT_400-900_55.mzML	6.9191985	6.827178483333	7.008352633333	0.0005010562808081902	0
SEPPTLAQPSR	2	Ast-2024-12-05_HeLa_3mzDIA_6mIIT_400-900_60.mzML	6.838960983333	6.783768533333	6.929610916667	0.00014914490255866366	1
SEQSDLSYMAVQVK	2	Ast-2024-12-05_HeLa_3mzDIA_6mIIT_400-900_49.mzML	12.599072433333	12.5354675	12.61604615	0.0006008594903144063	1
SEQSDLSYMAVQVK	2	Ast-2024-12-05_HeLa_3mzDIA_6mIIT_400-900_55.mzML		12.537407033333	12.623731683333	0.026965233688879296	0
SEQSDLSYMAVQVK	2	Ast-2024-12-05_HeLa_3mzDIA_6mIIT_400-900_60.mzML	12.506415416667	12.405592416667	12.541308633333	0.0063819597717902805	0
SEYFPTLSSR	2	Ast-2024-12-05_HeLa_3mzDIA_6mIIT_400-900_49.mzML	12.20326175	12.0994373	12.235972433333	0.0005790311755648844	0
SEYFPTLSSR	2	Ast-2024-12-05_HeLa_3mzDIA_6mIIT_400-900_55.mzML	12.1448154	12.07162965	12.196208416667	0.0003439355195669403	0
SEYFPTLSSR	2	Ast-2024-12-05_HeLa_3mzDIA_6mIIT_400-900_60.mzML	12.067190533333	12.014286683333	12.135908483333	0.0002631425062861821	1
SFDVNKPGC[+57.0215]EVDDLK	3	Ast-2024-12-05_HeLa_3mzDIA_6mIIT_400-900_49.mzML	10.374572233333	10.308397333333	10.440384166667	3.127345509131849E-05	0
SFDVNKPGC[+57.0215]EVDDLK	3	Ast-2024-12-05_HeLa_3mzDIA_6mIIT_400-900_55.mzML	10.335304883333	10.267607066667	10.368848033333	2.157357668327832E-05	0
SFDVNKPGC[+57.0215]EVDDLK	3	Ast-2024-12-05_HeLa_3mzDIA_6mIIT_400-900_60.mzML	10.2721408	10.237688216667	10.3411674	2.0708650003106297E-05	1
SFEDIHHYR	3	Ast-2024-12-05_HeLa_3mzDIA_6mIIT_400-900_49.mzML	6.296086666667	6.201376683333	6.3523397	6.601967386281111E-05	0
SFEDIHHYR	3	Ast-2024-12-05_HeLa_3mzDIA_6mIIT_400-900_55.mzML	6.233963116667	6.196486133333	6.3088824	2.157357668327832E-05	0
SFEDIHHYR	3	Ast-2024-12-05_HeLa_3mzDIA_6mIIT_400-900_60.mzML	6.189983883333	6.152094166667	6.265093083333	2.0708650003106297E-05	1
SFSRPDHLNSHVR	2	Ast-2024-12-05_HeLa_3mzDIA_6mIIT_400-900_49.mzML	5.577033633333	5.461688366667	5.577033633333	0.000738718484021198	0
SFSRPDHLNSHVR	2	Ast-2024-12-05_HeLa_3mzDIA_6mIIT_400-900_55.mzML	5.499037583333	5.4416262	5.59487645	0.0006168059948293285	0
SFSRPDHLNSHVR	2	Ast-2024-12-05_HeLa_3mzDIA_6mIIT_400-900_60.mzML	5.405028166667	5.366886166667	5.50081865	0.0005930646324162151	1
SGEGIREPISVK	3	Ast-2024-12-05_HeLa_3mzDIA_6mIIT_400-900_49.mzML	8.0859706	7.997556433333	8.138023016667	0.0022779900973323042	0
SGEGIREPISVK	3	Ast-2024-12-05_HeLa_3mzDIA_6mIIT_400-900_55.mzML	8.010038533333	7.9563785	8.098533683333	0.0003467361851314387	1
SGEGIREPISVK	3	Ast-2024-12-05_HeLa_3mzDIA_6mIIT_400-900_60.mzML	7.955457	7.920182616667	8.061678166667	0.0011287515164301915	0
SGKPILEGAALDEALK	3	Ast-2024-12-05_HeLa_3mzDIA_6mIIT_400-900_49.mzML	12.895363516667	12.87896405	12.947956733333	0.003175719598878907	1
SGKPILEGAALDEALK	3	Ast-2024-12-05_HeLa_3mzDIA_6mIIT_400-900_55.mzML	12.8221166	12.753526183333	12.873547533333	0.004909932121237554	0
SGKPILEGAALDEALK	3	Ast-2024-12-05_HeLa_3mzDIA_6mIIT_400-900_60.mzML	12.773713366667	12.690567333333	12.790844666667	0.005621180536996454	0
SGLEELVLSEMNSPSR	3	Ast-2024-12-05_HeLa_3mzDIA_6mIIT_400-900_49.mzML		18.18799275	18.391459466667	0.012162688384964001	0
SGLEELVLSEMNSPSR	3	Ast-2024-12-05_HeLa_3mzDIA_6mIIT_400-900_55.mzML		18.161949133333	18.30888075	0.010777968786867563	0
SGLEELVLSEMNSPSR	3	Ast-2024-12-05_HeLa_3mzDIA_6mIIT_400-900_60.mzML	18.172022633333	18.107659266667	18.234595383333	0.0008987255422130304	1
SGLLVLTTPLASLAPR	2	Ast-2024-12-05_HeLa_3mzDIA_6mIIT_400-900_49.mzML	20.743586316667	20.610372083333	20.83194995	3.127345509131849E-05	0
SGLLVLTTPLASLAPR	2	Ast-2024-12-05_HeLa_3mzDIA_6mIIT_400-900_55.mzML	20.65113915	20.539586666667	20.762856583333	2.157357668327832E-05	0
SGLLVLTTPLASLAPR	2	Ast-2024-12-05_HeLa_3mzDIA_6mIIT_400-900_60.mzML	20.5396511	20.448078533333	20.630878783333	2.0708650003106297E-05	1
SGLVSSSSSPVVVQHSVASQASAK	3	Ast-2024-12-05_HeLa_3mzDIA_6mIIT_400-900_49.mzML	9.930432583333	9.881160516667	9.947083816667	0.001392389040402297	1
SGLVSSSSSPVVVQHSVASQASAK	3	Ast-2024-12-05_HeLa_3mzDIA_6mIIT_400-900_55.mzML		9.818202966667	9.918879616667	0.018791707094909012	0
SGLVSSSSSPVVVQHSVASQASAK	3	Ast-2024-12-05_HeLa_3mzDIA_6mIIT_400-900_60.mzML	9.8040565	9.787504416667	9.8550165	0.0037891762288063025	0
SGSALELSVENVK	2	Ast-2024-12-05_HeLa_3mzDIA_6mIIT_400-900_49.mzML	12.092164733333	12.0585872	12.16188715	0.00043002996337809346	1
SGSALELSVENVK	2	Ast-2024-12-05_HeLa_3mzDIA_6mIIT_400-900_55.mzML	12.0642608	11.997140283333	12.099280666667	0.0005861898988822425	0
SGSALELSVENVK	2	Ast-2024-12-05_HeLa_3mzDIA_6mIIT_400-900_60.mzML	11.98969545	11.955371233333	12.059380266667	0.0005384159801862919	0
SHILEDDENSVDISMLK	3	Ast-2024-12-05_HeLa_3mzDIA_6mIIT_400-900_49.mzML	13.846129433333	13.794351016667	13.931359733333	6.014193496652099E-05	1
SHILEDDENSVDISMLK	3	Ast-2024-12-05_HeLa_3mzDIA_6mIIT_400-900_55.mzML	13.821947783333	13.73304785	13.87299715	0.0014286216143424243	0
SHILEDDENSVDISMLK	3	Ast-2024-12-05_HeLa_3mzDIA_6mIIT_400-900_60.mzML	13.752141616667	13.699047333333	13.786093783333	0.00021560353589798872	0
SHSLSQHTATSSK	2	Ast-2024-12-05_HeLa_3mzDIA_6mIIT_400-900_49.mzML	2.29619805	2.249693933333	2.385376916667	4.311738708634257E-05	0
SHSLSQHTATSSK	2	Ast-2024-12-05_HeLa_3mzDIA_6mIIT_400-900_55.mzML	2.280275566667	2.233887083333	2.370429883333	2.157357668327832E-05	0
SHSLSQHTATSSK	2	Ast-2024-12-05_HeLa_3mzDIA_6mIIT_400-900_60.mzML	2.261394866667	2.215181616667	2.35192075	2.0708650003106297E-05	1
SHTEEDC[+57.0215]TEELFDFLHAR	3	Ast-2024-12-05_HeLa_3mzDIA_6mIIT_400-900_49.mzML	16.727495183333	16.646241983333	16.785836333333	3.127345509131849E-05	0
SHTEEDC[+57.0215]TEELFDFLHAR	3	Ast-2024-12-05_HeLa_3mzDIA_6mIIT_400-900_55.mzML	16.67595315	16.574697216667	16.734906833333	2.157357668327832E-05	0
SHTEEDC[+57.0215]TEELFDFLHAR	3	Ast-2024-12-05_HeLa_3mzDIA_6mIIT_400-900_60.mzML	16.568354166667	16.487774666667	16.647554116667	2.0708650003106297E-05	1
SIATDVLLGLLK	2	Ast-2024-12-05_HeLa_3mzDIA_6mIIT_400-900_49.mzML	22.409750866667	22.317061016667	22.501894016667	6.014193496652099E-05	0
SIATDVLLGLLK	2	Ast-2024-12-05_HeLa_3mzDIA_6mIIT_400-900_55.mzML	22.32770755	22.2582151	22.419813166667	2.157357668327832E-05	1
SIATDVLLGLLK	2	Ast-2024-12-05_HeLa_3mzDIA_6mIIT_400-900_60.mzML	22.228520233333	22.182091433333	22.3214108	0.00010414677752512541	0
SIIGMGTGAGAYILTR	2	Ast-2024-12-05_HeLa_3mzDIA_6mIIT_400-900_49.mzML	16.666960533333	16.5699382	16.708275	0.00023090066653325738	1
SIIGMGTGAGAYILTR	2	Ast-2024-12-05_HeLa_3mzDIA_6mIIT_400-900_55.mzML	16.536890816667	16.499370166667	16.615945833333	0.001669620904568586	0
SIIGMGTGAGAYILTR	2	Ast-2024-12-05_HeLa_3mzDIA_6mIIT_400-900_60.mzML	16.430310566667	16.411620116667	16.548675266667	0.0010932280595201945	0
SINDMMSSMSDQTVR	2	Ast-2024-12-05_HeLa_3mzDIA_6mIIT_400-900_49.mzML	13.484189966667	13.450175916667	13.552111616667	0.00020721094073767094	1
SINDMMSSMSDQTVR	2	Ast-2024-12-05_HeLa_3mzDIA_6mIIT_400-900_55.mzML	13.487865066667	13.365140666667	13.487865066667	0.002699955182930162	0
SINDMMSSMSDQTVR	2	Ast-2024-12-05_HeLa_3mzDIA_6mIIT_400-900_60.mzML	13.3828343	13.349217916667	13.450142633333	0.0028943401996548634	0
SIQGVGHMMSTMVLSR	2	Ast-2024-12-05_HeLa_3mzDIA_6mIIT_400-900_49.mzML	14.90402175	14.885405	15.033210283333	0.006489305993366943	0
SIQGVGHMMSTMVLSR	2	Ast-2024-12-05_HeLa_3mzDIA_6mIIT_400-900_55.mzML		14.81067255	14.94041675	1	0
SIQGVGHMMSTMVLSR	2	Ast-2024-12-05_HeLa_3mzDIA_6mIIT_400-900_60.mzML	14.8053826	14.751060166667	14.860077966667	0.0007027406886858749	1
SLAC[+57.0215]QPISFSGFGAEDDDLGGLGLGP	3	Ast-2024-12-05_HeLa_3mzDIA_6mIIT_400-900_49.mzML	22.380723716667	22.287664666667	22.426823483333	4.735633272559373E-05	0
SLAC[+57.0215]QPISFSGFGAEDDDLGGLGLGP	3	Ast-2024-12-05_HeLa_3mzDIA_6mIIT_400-900_55.mzML	22.298528683333	22.228809583333	22.413821266667	4.178767681410752E-05	1
SLAC[+57.0215]QPISFSGFGAEDDDLGGLGLGP	3	Ast-2024-12-05_HeLa_3mzDIA_6mIIT_400-900_60.mzML	22.1526904	22.08292795	22.2456136	0.001648785472109981	0
SLFEQVDR	2	Ast-2024-12-05_HeLa_3mzDIA_6mIIT_400-900_49.mzML	10.669783066667	10.635399966667	10.77112795	4.735633272559373E-05	0
SLFEQVDR	2	Ast-2024-12-05_HeLa_3mzDIA_6mIIT_400-900_55.mzML	10.564879283333	10.564879283333	10.702783083333	0.000251853484235546	0
SLFEQVDR	2	Ast-2024-12-05_HeLa_3mzDIA_6mIIT_400-900_60.mzML	10.502348616667	10.502348616667	10.62319205	2.0708650003106297E-05	1
SLSLGGHVGFDSLPDQLVSK	3	Ast-2024-12-05_HeLa_3mzDIA_6mIIT_400-900_49.mzML	16.390624333333	16.3161517	16.465915516667	6.014193496652099E-05	0
SLSLGGHVGFDSLPDQLVSK	3	Ast-2024-12-05_HeLa_3mzDIA_6mIIT_400-900_55.mzML	16.315187116667	16.238811833333	16.391919133333	2.157357668327832E-05	0
SLSLGGHVGFDSLPDQLVSK	3	Ast-2024-12-05_HeLa_3mzDIA_6mIIT_400-900_60.mzML	16.263318633333	16.166417533333	16.323218383333	2.0708650003106297E-05	1
SLVALLVETQMK	2	Ast-2024-12-05_HeLa_3mzDIA_6mIIT_400-900_49.mzML	18.708685533333	18.62517375	18.792164683333	3.127345509131849E-05	0
SLVALLVETQMK	2	Ast-2024-12-05_HeLa_3mzDIA_6mIIT_400-900_55.mzML	18.590690683333	18.504794	18.718097266667	2.157357668327832E-05	0
SLVALLVETQMK	2	Ast-2024-12-05_HeLa_3mzDIA_6mIIT_400-900_60.mzML	18.47258045	18.387676	18.55977525	2.0708650003106297E-05	1
SMVDELFAEIVR	3	Ast-2024-12-05_HeLa_3mzDIA_6mIIT_400-900_49.mzML	22.607929366667	22.5151549	22.7009862	0.0006953422931085059	1
SMVDELFAEIVR	3	Ast-2024-12-05_HeLa_3mzDIA_6mIIT_400-900_55.mzML	22.525933633333	22.479212266667	22.61913765	0.001186498891560246	0
SMVDELFAEIVR	3	Ast-2024-12-05_HeLa_3mzDIA_6mIIT_400-900_60.mzML	22.450949	22.404252933333	22.544239816667	0.009676425796957615	0
SNEDVNSSELDEEYLIELEK	3	Ast-2024-12-05_HeLa_3mzDIA_6mIIT_400-900_49.mzML	16.618187116667	16.599210933333	16.7187379	7.30887297178775E-05	1
SNEDVNSSELDEEYLIELEK	3	Ast-2024-12-05_HeLa_3mzDIA_6mIIT_400-900_55.mzML	16.546531216667	16.527752133333	16.686806416667	0.000861498507984468	0
SNEDVNSSELDEEYLIELEK	3	Ast-2024-12-05_HeLa_3mzDIA_6mIIT_400-900_60.mzML	16.538358733333	16.498565483333	16.6192587	0.0007671260899583195	0
SNILLLGPTGSGK	2	Ast-2024-12-05_HeLa_3mzDIA_6mIIT_400-900_49.mzML	13.324944616667	13.223673233333	13.393930733333	3.127345509131849E-05	0
SNILLLGPTGSGK	2	Ast-2024-12-05_HeLa_3mzDIA_6mIIT_400-900_55.mzML	13.223571733333	13.189307983333	13.325337533333	2.157357668327832E-05	0
SNILLLGPTGSGK	2	Ast-2024-12-05_HeLa_3mzDIA_6mIIT_400-900_60.mzML	13.187580433333	13.1045037	13.23867355	2.0708650003106297E-05	1
SNLHAMIK	2	Ast-2024-12-05_HeLa_3mzDIA_6mIIT_400-900_49.mzML	5.869592033333	5.794982533333	5.9450342	0.00013713658804168953	0
SNLHAMIK	2	Ast-2024-12-05_HeLa_3mzDIA_6mIIT_400-900_55.mzML	5.825270633333	5.75088035	5.900821516667	0.0002592649077321946	0
SNLHAMIK	2	Ast-2024-12-05_HeLa_3mzDIA_6mIIT_400-900_60.mzML	5.75931485	5.7218097	5.837042666667	0.00010414677752512541	1
SPAQAELSYLNK	2	Ast-2024-12-05_HeLa_3mzDIA_6mIIT_400-900_49.mzML	10.986328166667	10.93648265	11.070370166667	0.0006105244014912384	0
SPAQAELSYLNK	2	Ast-2024-12-05_HeLa_3mzDIA_6mIIT_400-900_55.mzML		10.915327783333	11.015285183333	0.030640014096364313	0
SPAQAELSYLNK	2	Ast-2024-12-05_HeLa_3mzDIA_6mIIT_400-900_60.mzML	10.856684	10.823075933333	10.924614516667	0.00047490467984640227	1
SPGEPGGAAPER	2	Ast-2024-12-05_HeLa_3mzDIA_6mIIT_400-900_49.mzML	4.428996883333	4.366952433333	4.529670433333	7.30887297178775E-05	0
SPGEPGGAAPER	2	Ast-2024-12-05_HeLa_3mzDIA_6mIIT_400-900_55.mzML	4.45773405	4.355036966667	4.5186	2.157357668327832E-05	0
SPGEPGGAAPER	2	Ast-2024-12-05_HeLa_3mzDIA_6mIIT_400-900_60.mzML	4.439251483333	4.313215516667	4.5013879	2.0708650003106297E-05	1
SPPPPGGGNLGMNSR	2	Ast-2024-12-05_HeLa_3mzDIA_6mIIT_400-900_49.mzML	7.641222716667	7.5523918	7.694318366667	0.001289243527649047	0
SPPPPGGGNLGMNSR	2	Ast-2024-12-05_HeLa_3mzDIA_6mIIT_400-900_55.mzML	7.63524375	7.5280723	7.653452533333	0.003015249788498666	0
SPPPPGGGNLGMNSR	2	Ast-2024-12-05_HeLa_3mzDIA_6mIIT_400-900_60.mzML	7.525054966667	7.363969483333	7.560632066667	0.00020280494844074196	1
SPQRPSDWSK	2	Ast-2024-12-05_HeLa_3mzDIA_6mIIT_400-900_49.mzML	4.923479	4.846235366667	4.923479	0.00038372440060827426	1
SPQRPSDWSK	2	Ast-2024-12-05_HeLa_3mzDIA_6mIIT_400-900_55.mzML	4.916102716667	4.81840475	4.916102716667	0.0017724050172695874	0
SPQRPSDWSK	2	Ast-2024-12-05_HeLa_3mzDIA_6mIIT_400-900_60.mzML	4.88177035	4.783081733333	4.88177035	0.006549605464242273	0
SQDAQLVLLNMPGPPK	3	Ast-2024-12-05_HeLa_3mzDIA_6mIIT_400-900_49.mzML		16.12337985	16.236062866667	0.036380311831244266	0
SQDAQLVLLNMPGPPK	3	Ast-2024-12-05_HeLa_3mzDIA_6mIIT_400-900_55.mzML	16.21244045	16.042099566667	16.21244045	0.006117152743450321	1
SQDAQLVLLNMPGPPK	3	Ast-2024-12-05_HeLa_3mzDIA_6mIIT_400-900_60.mzML		16.003100433333	16.14045275	0.010536691478875633	0
SQENILQGFSTSHK	2	Ast-2024-12-05_HeLa_3mzDIA_6mIIT_400-900_49.mzML	11.106838916667	11.072882633333	11.175643133333	3.127345509131849E-05	0
SQENILQGFSTSHK	2	Ast-2024-12-05_HeLa_3mzDIA_6mIIT_400-900_55.mzML	11.034387	10.98289535	11.119951733333	2.157357668327832E-05	1
SQENILQGFSTSHK	2	Ast-2024-12-05_HeLa_3mzDIA_6mIIT_400-900_60.mzML	10.960899283333	10.9095495	11.044482666667	3.924492759310859E-05	0
SQGSQAELHPLPQLK	3	Ast-2024-12-05_HeLa_3mzDIA_6mIIT_400-900_49.mzML	10.108727833333	10.0593471	10.2072954	0.0008234362628661916	1
SQGSQAELHPLPQLK	3	Ast-2024-12-05_HeLa_3mzDIA_6mIIT_400-900_55.mzML	10.080969766667	10.014540266667	10.14866135	0.001612485816096988	0
SQGSQAELHPLPQLK	3	Ast-2024-12-05_HeLa_3mzDIA_6mIIT_400-900_60.mzML	10.0170528	9.950066166667	10.0837867	0.0011848713942685777	0
SQIYGSR	2	Ast-2024-12-05_HeLa_3mzDIA_6mIIT_400-900_49.mzML	4.507418883333	4.385373716667	4.626820733333	6.014193496652099E-05	0
SQIYGSR	2	Ast-2024-12-05_HeLa_3mzDIA_6mIIT_400-900_55.mzML	4.475695016667	4.352539366667	4.596467183333	5.984082340973012E-05	0
SQIYGSR	2	Ast-2024-12-05_HeLa_3mzDIA_6mIIT_400-900_60.mzML	4.436704266667	4.352984	4.601061383333	3.924492759310859E-05	1
SQLIMQAEAEAASVR	2	Ast-2024-12-05_HeLa_3mzDIA_6mIIT_400-900_49.mzML	14.506017	14.437065716667	14.593577183333	3.127345509131849E-05	0
SQLIMQAEAEAASVR	2	Ast-2024-12-05_HeLa_3mzDIA_6mIIT_400-900_55.mzML	14.4584506	14.389082683333	14.530236766667	2.157357668327832E-05	0
SQLIMQAEAEAASVR	2	Ast-2024-12-05_HeLa_3mzDIA_6mIIT_400-900_60.mzML	14.365399833333	14.312222583333	14.453213616667	2.0708650003106297E-05	1
SQNTELASTASLLR	3	Ast-2024-12-05_HeLa_3mzDIA_6mIIT_400-900_49.mzML	12.977156983333	12.90705905	13.0273858	0.005345474399845008	1
SQNTELASTASLLR	3	Ast-2024-12-05_HeLa_3mzDIA_6mIIT_400-900_55.mzML		12.817140516667	12.918415633333	0.059138063990455264	0
SQNTELASTASLLR	3	Ast-2024-12-05_HeLa_3mzDIA_6mIIT_400-900_60.mzML	12.851064466667	12.748130716667	12.851064466667	0.009394580972544852	0
SQPDPVDTPTSSKPQSK	2	Ast-2024-12-05_HeLa_3mzDIA_6mIIT_400-900_49.mzML	5.327995133333	5.252398366667	5.403753683333	3.127345509131849E-05	0
SQPDPVDTPTSSKPQSK	2	Ast-2024-12-05_HeLa_3mzDIA_6mIIT_400-900_55.mzML	5.302027316667	5.2258996	5.378534366667	2.157357668327832E-05	0
SQPDPVDTPTSSKPQSK	2	Ast-2024-12-05_HeLa_3mzDIA_6mIIT_400-900_60.mzML	5.270250316667	5.213263	5.3651331	2.0708650003106297E-05	1
SQSADAPGPTER	3	Ast-2024-12-05_HeLa_3mzDIA_6mIIT_400-900_49.mzML	4.091244166667	4.0298391	4.19310605	0.005073988296236055	1
SQSADAPGPTER	3	Ast-2024-12-05_HeLa_3mzDIA_6mIIT_400-900_55.mzML		3.994177883333	4.159143316667	0.021379061661124243	0
SQSADAPGPTER	3	Ast-2024-12-05_HeLa_3mzDIA_6mIIT_400-900_60.mzML		3.988658616667	4.156047583333	0.047796483352038906	0
SQTEAVTFLANHDDSR	3	Ast-2024-12-05_HeLa_3mzDIA_6mIIT_400-900_49.mzML	10.449630033333	10.38335615	10.5169201	5.449690275935984E-05	0
SQTEAVTFLANHDDSR	3	Ast-2024-12-05_HeLa_3mzDIA_6mIIT_400-900_55.mzML	10.41116195	10.327294566667	10.4624806	2.157357668327832E-05	0
SQTEAVTFLANHDDSR	3	Ast-2024-12-05_HeLa_3mzDIA_6mIIT_400-900_60.mzML	10.333039816667	10.281018966667	10.4178508	2.0708650003106297E-05	1
SQVKLMDLEDC[+57.0215]ALWEGK	3	Ast-2024-12-05_HeLa_3mzDIA_6mIIT_400-900_49.mzML		15.8576076	15.948503783333	0.02341465329434162	0
SQVKLMDLEDC[+57.0215]ALWEGK	3	Ast-2024-12-05_HeLa_3mzDIA_6mIIT_400-900_55.mzML	15.788579133333	15.73194655	15.788579133333	0.0004894496410702633	1
SQVKLMDLEDC[+57.0215]ALWEGK	3	Ast-2024-12-05_HeLa_3mzDIA_6mIIT_400-900_60.mzML	15.687190366667	15.629322166667	15.705685716667	0.0055254990773360175	0
SQVPPVLDVR	2	Ast-2024-12-05_HeLa_3mzDIA_6mIIT_400-900_49.mzML	11.9376639	11.903545166667	11.98791905	6.014193496652099E-05	0
SQVPPVLDVR	2	Ast-2024-12-05_HeLa_3mzDIA_6mIIT_400-900_55.mzML	11.923851683333	11.8567533	11.9415677	9.531616371504279E-05	0
SQVPPVLDVR	2	Ast-2024-12-05_HeLa_3mzDIA_6mIIT_400-900_60.mzML	11.814297183333	11.764060833333	11.919353066667	2.0708650003106297E-05	1
SSALLGAQC[+57.0215]QGVR	2	Ast-2024-12-05_HeLa_3mzDIA_6mIIT_400-900_49.mzML	8.705198666667	8.636491266667	8.775427916667	6.014193496652099E-05	0
SSALLGAQC[+57.0215]QGVR	2	Ast-2024-12-05_HeLa_3mzDIA_6mIIT_400-900_55.mzML	8.648862833333	8.579514416667	8.702219516667	9.531616371504279E-05	0
SSALLGAQC[+57.0215]QGVR	2	Ast-2024-12-05_HeLa_3mzDIA_6mIIT_400-900_60.mzML	8.600703683333	8.53095555	8.636214816667	5.721696673787E-05	1
SSAVVVDAIPVFLEK	2	Ast-2024-12-05_HeLa_3mzDIA_6mIIT_400-900_49.mzML	18.836046783333	18.794376566667	18.91968795	4.735633272559373E-05	0
SSAVVVDAIPVFLEK	2	Ast-2024-12-05_HeLa_3mzDIA_6mIIT_400-900_55.mzML	18.762648833333	18.678455033333	18.8486124	2.157357668327832E-05	0
SSAVVVDAIPVFLEK	2	Ast-2024-12-05_HeLa_3mzDIA_6mIIT_400-900_60.mzML	18.690146983333	18.605424316667	18.775967033333	2.0708650003106297E-05	1
SSC[+57.0215]ELEVLLR	2	Ast-2024-12-05_HeLa_3mzDIA_6mIIT_400-900_49.mzML	14.881409233333	14.792985716667	14.938521033333	4.735633272559373E-05	0
SSC[+57.0215]ELEVLLR	2	Ast-2024-12-05_HeLa_3mzDIA_6mIIT_400-900_55.mzML	14.819735883333	14.749559333333	14.8925598	4.178767681410752E-05	0
SSC[+57.0215]ELEVLLR	2	Ast-2024-12-05_HeLa_3mzDIA_6mIIT_400-900_60.mzML	14.728816166667	14.638937233333	14.7835627	2.0708650003106297E-05	1
SSENGVDYVIMGMPHR	3	Ast-2024-12-05_HeLa_3mzDIA_6mIIT_400-900_49.mzML	13.52798705	13.460023166667	13.59480395	0.00017347056782699203	0
SSENGVDYVIMGMPHR	3	Ast-2024-12-05_HeLa_3mzDIA_6mIIT_400-900_55.mzML	13.444654266667	13.393004733333	13.531474216667	0.0001680697948020596	1
SSENGVDYVIMGMPHR	3	Ast-2024-12-05_HeLa_3mzDIA_6mIIT_400-900_60.mzML	13.392228866667	13.32403155	13.45955905	0.0007055819371024101	0
SSGPTSLFAVTVAPPGAR	3	Ast-2024-12-05_HeLa_3mzDIA_6mIIT_400-900_49.mzML	16.178992183333	16.08689275	16.27276595	3.127345509131849E-05	0
SSGPTSLFAVTVAPPGAR	3	Ast-2024-12-05_HeLa_3mzDIA_6mIIT_400-900_55.mzML	16.117802233333	16.02342385	16.21253875	2.157357668327832E-05	0
SSGPTSLFAVTVAPPGAR	3	Ast-2024-12-05_HeLa_3mzDIA_6mIIT_400-900_60.mzML	16.022433916667	15.927987533333	16.121741683333	2.0708650003106297E-05	1
SSPLLNYNTGVYR	2	Ast-2024-12-05_HeLa_3mzDIA_6mIIT_400-900_49.mzML	12.404734766667	12.371498916667	12.48735935	4.735633272559373E-05	0
SSPLLNYNTGVYR	2	Ast-2024-12-05_HeLa_3mzDIA_6mIIT_400-900_55.mzML	12.350664583333	12.300153033333	12.43630455	4.178767681410752E-05	1
SSPLLNYNTGVYR	2	Ast-2024-12-05_HeLa_3mzDIA_6mIIT_400-900_60.mzML	12.304360233333	12.271020983333	12.354464516667	0.00020280494844074196	0
SSRPPVPISNATK	3	Ast-2024-12-05_HeLa_3mzDIA_6mIIT_400-900_49.mzML	6.554786566667	6.48237665	6.591409716667	6.601967386281111E-05	1
SSRPPVPISNATK	3	Ast-2024-12-05_HeLa_3mzDIA_6mIIT_400-900_55.mzML	6.4954306	6.440563933333	6.624117616667	0.000628355992231235	0
SSRPPVPISNATK	3	Ast-2024-12-05_HeLa_3mzDIA_6mIIT_400-900_60.mzML	6.485477666667	6.3740298	6.54060425	0.0006222033943180915	0
SSSHDSGTDITSVTLGDTTAVK	3	Ast-2024-12-05_HeLa_3mzDIA_6mIIT_400-900_49.mzML		11.265455266667	11.33006075	0.036587382654798384	0
SSSHDSGTDITSVTLGDTTAVK	3	Ast-2024-12-05_HeLa_3mzDIA_6mIIT_400-900_55.mzML	11.226601383333	11.17669695	11.27602675	0.00641873733823955	0
SSSHDSGTDITSVTLGDTTAVK	3	Ast-2024-12-05_HeLa_3mzDIA_6mIIT_400-900_60.mzML	11.2034908	11.187325083333	11.269151933333	0.0002566115203477841	1
SSSISEEK	2	Ast-2024-12-05_HeLa_3mzDIA_6mIIT_400-900_49.mzML	2.875958933333	2.7898683	2.919019866667	0.0002455381121188404	1
SSSISEEK	2	Ast-2024-12-05_HeLa_3mzDIA_6mIIT_400-900_55.mzML	2.792683366667	2.7492724	2.900872383333	0.0008924144769459593	0
SSSISEEK	2	Ast-2024-12-05_HeLa_3mzDIA_6mIIT_400-900_60.mzML	2.796874183333	2.731747666667	2.841071683333	0.0007027406886858749	0
SSTPTTIFPIR	2	Ast-2024-12-05_HeLa_3mzDIA_6mIIT_400-900_49.mzML	13.793946466667	13.691723183333	13.8632931	3.127345509131849E-05	0
SSTPTTIFPIR	2	Ast-2024-12-05_HeLa_3mzDIA_6mIIT_400-900_55.mzML	13.715119666667	13.64678565	13.7864243	2.157357668327832E-05	0
SSTPTTIFPIR	2	Ast-2024-12-05_HeLa_3mzDIA_6mIIT_400-900_60.mzML	13.6275532	13.57504065	13.71606135	2.0708650003106297E-05	1
SSTPVPSK	2	Ast-2024-12-05_HeLa_3mzDIA_6mIIT_400-900_49.mzML	3.688148216667	3.6259351	3.7705221	0.003352607288737998	0
SSTPVPSK	2	Ast-2024-12-05_HeLa_3mzDIA_6mIIT_400-900_55.mzML	3.673017833333	3.609940016667	3.734579583333	0.000251853484235546	0
SSTPVPSK	2	Ast-2024-12-05_HeLa_3mzDIA_6mIIT_400-900_60.mzML	3.6420987	3.578244616667	3.7047452	0.00020280494844074196	1
SSTVHILSQLLR	2	Ast-2024-12-05_HeLa_3mzDIA_6mIIT_400-900_49.mzML	15.277044283333	15.188428416667	15.312438016667	0.0057272767017881344	0
SSTVHILSQLLR	2	Ast-2024-12-05_HeLa_3mzDIA_6mIIT_400-900_55.mzML	15.182534633333	15.0717992	15.219626916667	0.0018424147393179145	1
SSTVHILSQLLR	2	Ast-2024-12-05_HeLa_3mzDIA_6mIIT_400-900_60.mzML		14.94588905	15.094065266667	0.020370190596382228	0
SSYNLVPR	2	Ast-2024-12-05_HeLa_3mzDIA_6mIIT_400-900_49.mzML	8.98414115	8.917015783333	9.0520588	7.30887297178775E-05	0
SSYNLVPR	2	Ast-2024-12-05_HeLa_3mzDIA_6mIIT_400-900_55.mzML	8.930835833333	8.878940833333	9.0154983	0.0004150208941553609	0
SSYNLVPR	2	Ast-2024-12-05_HeLa_3mzDIA_6mIIT_400-900_60.mzML	8.85016605	8.798480116667	8.934804483333	2.0708650003106297E-05	1
STEEEEER	2	Ast-2024-12-05_HeLa_3mzDIA_6mIIT_400-900_49.mzML	2.442702383333	2.352688033333	2.442702383333	0.003344588137860738	0
STEEEEER	2	Ast-2024-12-05_HeLa_3mzDIA_6mIIT_400-900_55.mzML	2.422465183333	2.354911566667	2.422465183333	0.0002592649077321946	1
STEEEEER	2	Ast-2024-12-05_HeLa_3mzDIA_6mIIT_400-900_60.mzML		2.6888586	2.776225966667	0.19890635025521686	0
STELDSNWNWFQLR	2	Ast-2024-12-05_HeLa_3mzDIA_6mIIT_400-900_49.mzML	19.476970683333	19.389737633333	19.5632813	7.30887297178775E-05	1
STELDSNWNWFQLR	2	Ast-2024-12-05_HeLa_3mzDIA_6mIIT_400-900_55.mzML	19.392106833333	19.34925605	19.478896366667	0.0002882937561641757	0
STELDSNWNWFQLR	2	Ast-2024-12-05_HeLa_3mzDIA_6mIIT_400-900_60.mzML	19.344523816667	19.278644583333	19.366561066667	0.006462085973839478	0
STFVNILK	2	Ast-2024-12-05_HeLa_3mzDIA_6mIIT_400-900_49.mzML	13.088523766667	13.03922655	13.1374935	4.735633272559373E-05	0
STFVNILK	2	Ast-2024-12-05_HeLa_3mzDIA_6mIIT_400-900_55.mzML	13.033586	12.965638166667	13.102066883333	2.157357668327832E-05	0
STFVNILK	2	Ast-2024-12-05_HeLa_3mzDIA_6mIIT_400-900_60.mzML	12.947244166667	12.8809838	13.014743816667	2.0708650003106297E-05	1
STHGLAILGPENPK	3	Ast-2024-12-05_HeLa_3mzDIA_6mIIT_400-900_49.mzML	10.007073733333	9.956295883333	10.090772683333	3.127345509131849E-05	0
STHGLAILGPENPK	3	Ast-2024-12-05_HeLa_3mzDIA_6mIIT_400-900_55.mzML	9.926520533333	9.876196583333	10.01286095	2.157357668327832E-05	0
STHGLAILGPENPK	3	Ast-2024-12-05_HeLa_3mzDIA_6mIIT_400-900_60.mzML	9.86264835	9.81181645	9.913111133333	2.0708650003106297E-05	1
STHTLDLSR	2	Ast-2024-12-05_HeLa_3mzDIA_6mIIT_400-900_49.mzML	6.012251666667	5.974335783333	6.087789583333	0.00019287023047992542	1
STHTLDLSR	2	Ast-2024-12-05_HeLa_3mzDIA_6mIIT_400-900_55.mzML	5.968852766667	5.930692316667	6.044335383333	0.003813013239037587	0
STHTLDLSR	2	Ast-2024-12-05_HeLa_3mzDIA_6mIIT_400-900_60.mzML	5.9626234	5.86724455	5.981486683333	0.0005886445122277519	0
STLMDTLFNTK	2	Ast-2024-12-05_HeLa_3mzDIA_6mIIT_400-900_49.mzML	17.352329216667	17.270605116667	17.4324575	3.127345509131849E-05	0
STLMDTLFNTK	2	Ast-2024-12-05_HeLa_3mzDIA_6mIIT_400-900_55.mzML	17.290756266667	17.207300616667	17.372360583333	2.157357668327832E-05	0
STLMDTLFNTK	2	Ast-2024-12-05_HeLa_3mzDIA_6mIIT_400-900_60.mzML	17.210589933333	17.1275147	17.293895433333	2.0708650003106297E-05	1
STLPGSTTSNK	2	Ast-2024-12-05_HeLa_3mzDIA_6mIIT_400-900_49.mzML	4.618772633333	4.579261516667	4.737700583333	0.0005539216332775016	1
STLPGSTTSNK	2	Ast-2024-12-05_HeLa_3mzDIA_6mIIT_400-900_55.mzML	4.58834475	4.548313366667	4.74785425	0.0014862809303189698	0
STLPGSTTSNK	2	Ast-2024-12-05_HeLa_3mzDIA_6mIIT_400-900_60.mzML	4.572389733333	4.531325766667	4.65305275	0.004535676059472462	0
STSEAQFFLRPLR	3	Ast-2024-12-05_HeLa_3mzDIA_6mIIT_400-900_49.mzML	13.987640433333	13.97131905	14.0384138	0.008115300235638254	0
STSEAQFFLRPLR	3	Ast-2024-12-05_HeLa_3mzDIA_6mIIT_400-900_55.mzML	13.915113783333	13.86268665	13.9674493	0.00022830305599947815	1
STSEAQFFLRPLR	3	Ast-2024-12-05_HeLa_3mzDIA_6mIIT_400-900_60.mzML	13.77578615	13.758897766667	13.894730366667	0.00042400120361631995	0
STSYGYSR	2	Ast-2024-12-05_HeLa_3mzDIA_6mIIT_400-900_49.mzML	4.785846866667	4.6473894	4.785846866667	0.0002567006417516044	1
STSYGYSR	2	Ast-2024-12-05_HeLa_3mzDIA_6mIIT_400-900_55.mzML	4.7564377	4.67681755	4.7564377	0.0020398556409854073	0
STSYGYSR	2	Ast-2024-12-05_HeLa_3mzDIA_6mIIT_400-900_60.mzML	4.761529133333	4.641750766667	4.761529133333	0.0007118543157785745	0
STTTGHLIYK	2	Ast-2024-12-05_HeLa_3mzDIA_6mIIT_400-900_49.mzML	5.965667416667	5.890227833333	6.041407566667	3.127345509131849E-05	0
STTTGHLIYK	2	Ast-2024-12-05_HeLa_3mzDIA_6mIIT_400-900_55.mzML	5.9023995	5.845849433333	5.9978665	2.157357668327832E-05	0
STTTGHLIYK	2	Ast-2024-12-05_HeLa_3mzDIA_6mIIT_400-900_60.mzML	5.8582691	5.780080566667	5.934849633333	2.0708650003106297E-05	1
SVAHGQAPEMPLVK	3	Ast-2024-12-05_HeLa_3mzDIA_6mIIT_400-900_49.mzML	9.312054283333	9.244797783333	9.379408133333	5.449690275935984E-05	0
SVAHGQAPEMPLVK	3	Ast-2024-12-05_HeLa_3mzDIA_6mIIT_400-900_55.mzML	9.2614791	9.193433716667	9.329481316667	0.00021942154993897337	0
SVAHGQAPEMPLVK	3	Ast-2024-12-05_HeLa_3mzDIA_6mIIT_400-900_60.mzML	9.19611305	9.127723766667	9.247414116667	2.0708650003106297E-05	1
SVDWTHFGGSPPSDEIR	3	Ast-2024-12-05_HeLa_3mzDIA_6mIIT_400-900_49.mzML	13.24060075	13.156632483333	13.324944616667	0.0004656896315573209	1
SVDWTHFGGSPPSDEIR	3	Ast-2024-12-05_HeLa_3mzDIA_6mIIT_400-900_55.mzML	13.189307983333	13.13855815	13.27355875	0.0005941535292719639	0
SVDWTHFGGSPPSDEIR	3	Ast-2024-12-05_HeLa_3mzDIA_6mIIT_400-900_60.mzML	13.120700733333	13.051731316667	13.23867355	0.001956681558559068	0
SVLQLLHSTSDVVR	3	Ast-2024-12-05_HeLa_3mzDIA_6mIIT_400-900_49.mzML		14.668644383333	14.757122933333	0.10519948149215037	0
SVLQLLHSTSDVVR	3	Ast-2024-12-05_HeLa_3mzDIA_6mIIT_400-900_55.mzML		14.607891766667	14.73028385	0.01602315450259593	0
SVLQLLHSTSDVVR	3	Ast-2024-12-05_HeLa_3mzDIA_6mIIT_400-900_60.mzML	14.529704016667	14.493889083333	14.584418733333	0.002995610069607085	1
SVMEELK	2	Ast-2024-12-05_HeLa_3mzDIA_6mIIT_400-900_49.mzML	8.607282983333	8.5370039	8.6755468	0.0004194806829145518	1
SVMEELK	2	Ast-2024-12-05_HeLa_3mzDIA_6mIIT_400-900_55.mzML	8.584423616667	8.480258533333	8.618787633333	0.0027188155136268345	0
SVMEELK	2	Ast-2024-12-05_HeLa_3mzDIA_6mIIT_400-900_60.mzML	8.50102275	8.413328166667	8.553306783333	0.0007118543157785745	0
SVTVSSNSEPSTALTK	2	Ast-2024-12-05_HeLa_3mzDIA_6mIIT_400-900_49.mzML	8.613240166667	8.613240166667	8.715976883333	0.0005035452306101063	1
SVTVSSNSEPSTALTK	2	Ast-2024-12-05_HeLa_3mzDIA_6mIIT_400-900_55.mzML	8.538217633333	8.538217633333	8.60742895	0.007842334271819811	0
SVTVSSNSEPSTALTK	2	Ast-2024-12-05_HeLa_3mzDIA_6mIIT_400-900_60.mzML	8.507035466667	8.4892789	8.629563916667	0.0069151417759577005	0
SYEDDDDMDLQPNK	2	Ast-2024-12-05_HeLa_3mzDIA_6mIIT_400-900_49.mzML	9.474611016667	9.423876833333	9.560523366667	4.735633272559373E-05	0
SYEDDDDMDLQPNK	2	Ast-2024-12-05_HeLa_3mzDIA_6mIIT_400-900_55.mzML	9.443104766667	9.374866883333	9.547313816667	2.157357668327832E-05	0
SYEDDDDMDLQPNK	2	Ast-2024-12-05_HeLa_3mzDIA_6mIIT_400-900_60.mzML	9.4114313	9.360489333333	9.497645283333	2.0708650003106297E-05	1
SYLYFTQFK	2	Ast-2024-12-05_HeLa_3mzDIA_6mIIT_400-900_49.mzML	15.2715032	15.2007833	15.341626166667	3.127345509131849E-05	0
SYLYFTQFK	2	Ast-2024-12-05_HeLa_3mzDIA_6mIIT_400-900_55.mzML	15.19493195	15.12188415	15.2686482	2.157357668327832E-05	0
SYLYFTQFK	2	Ast-2024-12-05_HeLa_3mzDIA_6mIIT_400-900_60.mzML	15.107273566667	15.031064966667	15.1818702	2.0708650003106297E-05	1
SYMAPER	2	Ast-2024-12-05_HeLa_3mzDIA_6mIIT_400-900_49.mzML	5.394458416667	5.3563935	5.4699385	6.014193496652099E-05	1
SYMAPER	2	Ast-2024-12-05_HeLa_3mzDIA_6mIIT_400-900_55.mzML	5.3692466	5.2931796	5.444900733333	0.00040377821039728893	0
SYMAPER	2	Ast-2024-12-05_HeLa_3mzDIA_6mIIT_400-900_60.mzML	5.337210816667	5.299201733333	5.413328433333	0.0002631425062861821	0
SYQLEGVNWLAQR	2	Ast-2024-12-05_HeLa_3mzDIA_6mIIT_400-900_49.mzML	15.913613433333	15.859212833333	15.96802145	4.735633272559373E-05	0
SYQLEGVNWLAQR	2	Ast-2024-12-05_HeLa_3mzDIA_6mIIT_400-900_55.mzML	15.828609583333	15.7711914	15.92117445	2.157357668327832E-05	0
SYQLEGVNWLAQR	2	Ast-2024-12-05_HeLa_3mzDIA_6mIIT_400-900_60.mzML	15.7655049	15.688766816667	15.84263655	2.0708650003106297E-05	1
SYSSGGEDGYVR	2	Ast-2024-12-05_HeLa_3mzDIA_6mIIT_400-900_49.mzML	6.315629716667	6.278582383333	6.38992855	3.127345509131849E-05	0
SYSSGGEDGYVR	2	Ast-2024-12-05_HeLa_3mzDIA_6mIIT_400-900_55.mzML	6.291121883333	6.25343105	6.365632766667	2.157357668327832E-05	0
SYSSGGEDGYVR	2	Ast-2024-12-05_HeLa_3mzDIA_6mIIT_400-900_60.mzML	6.266100516667	6.1908806	6.34021565	2.0708650003106297E-05	1
TADDPSLSLIK	2	Ast-2024-12-05_HeLa_3mzDIA_6mIIT_400-900_49.mzML	12.0909872	12.02332795	12.160688966667	3.127345509131849E-05	0
TADDPSLSLIK	2	Ast-2024-12-05_HeLa_3mzDIA_6mIIT_400-900_55.mzML	12.046482983333	11.978485933333	12.117165783333	2.157357668327832E-05	0
TADDPSLSLIK	2	Ast-2024-12-05_HeLa_3mzDIA_6mIIT_400-900_60.mzML	11.9886553	11.91976235	12.0582898	2.0708650003106297E-05	1
TAGDGWFGMK	2	Ast-2024-12-05_HeLa_3mzDIA_6mIIT_400-900_49.mzML	13.196803583333	13.098102516667	13.23062945	3.127345509131849E-05	0
TAGDGWFGMK	2	Ast-2024-12-05_HeLa_3mzDIA_6mIIT_400-900_55.mzML	13.128721216667	13.06018355	13.196120716667	2.157357668327832E-05	1
TAGDGWFGMK	2	Ast-2024-12-05_HeLa_3mzDIA_6mIIT_400-900_60.mzML	13.0416928	12.990859216667	13.12729975	0.00021560353589798872	0
TAIYC[+57.0215]LTQNEWR	2	Ast-2024-12-05_HeLa_3mzDIA_6mIIT_400-900_49.mzML	13.80548	13.787550783333	13.856679133333	0.0009369031746603726	1
TAIYC[+57.0215]LTQNEWR	2	Ast-2024-12-05_HeLa_3mzDIA_6mIIT_400-900_55.mzML		13.761993533333	13.797450666667	1	0
TAIYC[+57.0215]LTQNEWR	2	Ast-2024-12-05_HeLa_3mzDIA_6mIIT_400-900_60.mzML		13.621170233333	13.709637516667	0.1252919858885503	0
TASEGDGGAAAGAAAAGAR	2	Ast-2024-12-05_HeLa_3mzDIA_6mIIT_400-900_49.mzML	5.743122	5.667745533333	5.818771933333	3.127345509131849E-05	0
TASEGDGGAAAGAAAAGAR	2	Ast-2024-12-05_HeLa_3mzDIA_6mIIT_400-900_55.mzML	5.718074783333	5.680245233333	5.792825583333	2.157357668327832E-05	0
TASEGDGGAAAGAAAAGAR	2	Ast-2024-12-05_HeLa_3mzDIA_6mIIT_400-900_60.mzML	5.708404983333	5.631772283333	5.74578045	2.0708650003106297E-05	1
TATITEPR	2	Ast-2024-12-05_HeLa_3mzDIA_6mIIT_400-900_49.mzML	5.508877766667	5.43273035	5.585538533333	7.30887297178775E-05	1
TATITEPR	2	Ast-2024-12-05_HeLa_3mzDIA_6mIIT_400-900_55.mzML	5.579850766667	5.407302183333	5.5986208	0.0005239329903139568	0
TATITEPR	2	Ast-2024-12-05_HeLa_3mzDIA_6mIIT_400-900_60.mzML	5.470662266667	5.37545305	5.5681431	0.0002631425062861821	0
TDSFVPR	2	Ast-2024-12-05_HeLa_3mzDIA_6mIIT_400-900_49.mzML	7.530622183333	7.476706116667	7.6189288	3.127345509131849E-05	0
TDSFVPR	2	Ast-2024-12-05_HeLa_3mzDIA_6mIIT_400-900_55.mzML	7.488292216667	7.41559765	7.559365883333	2.157357668327832E-05	0
TDSFVPR	2	Ast-2024-12-05_HeLa_3mzDIA_6mIIT_400-900_60.mzML	7.4489705	7.395848016667	7.5384505	2.0708650003106297E-05	1
TEC[+57.0215]HC[+57.0215]GADNC[+57.0215]SGFLGVRPK	3	Ast-2024-12-05_HeLa_3mzDIA_6mIIT_400-900_49.mzML		8.236360366667	8.322103566667	0.030648686624253543	0
TEC[+57.0215]HC[+57.0215]GADNC[+57.0215]SGFLGVRPK	3	Ast-2024-12-05_HeLa_3mzDIA_6mIIT_400-900_55.mzML		8.1785622	8.2479823	0.013261591390966916	0
TEC[+57.0215]HC[+57.0215]GADNC[+57.0215]SGFLGVRPK	3	Ast-2024-12-05_HeLa_3mzDIA_6mIIT_400-900_60.mzML	8.1423896	8.072209566667	8.21429215	0.0002631425062861821	1
TEGDLQGDHQK	2	Ast-2024-12-05_HeLa_3mzDIA_6mIIT_400-900_49.mzML	2.76117525	2.675231416667	2.847079366667	0.0014345555746829632	1
TEGDLQGDHQK	2	Ast-2024-12-05_HeLa_3mzDIA_6mIIT_400-900_55.mzML	2.74220525	2.677079266667	2.807433433333	0.008155673200744026	0
TEGDLQGDHQK	2	Ast-2024-12-05_HeLa_3mzDIA_6mIIT_400-900_60.mzML	2.702435266667	2.615429633333	2.78962565	0.0014382382760002828	0
TFEELKK	2	Ast-2024-12-05_HeLa_3mzDIA_6mIIT_400-900_49.mzML	5.470450783333	5.432801533333	5.547273983333	0.0020540492527701907	1
TFEELKK	2	Ast-2024-12-05_HeLa_3mzDIA_6mIIT_400-900_55.mzML		4.94373195	5.062011433333	0.03226247971374382	0
TFEELKK	2	Ast-2024-12-05_HeLa_3mzDIA_6mIIT_400-900_60.mzML		4.9281556	5.028725316667	0.021452717773834427	0
TFNNTSNLR	2	Ast-2024-12-05_HeLa_3mzDIA_6mIIT_400-900_49.mzML	6.17208	6.078716216667	6.17208	6.014193496652099E-05	0
TFNNTSNLR	2	Ast-2024-12-05_HeLa_3mzDIA_6mIIT_400-900_55.mzML	6.091612083333	6.034942283333	6.148155683333	0.00016493485073396007	0
TFNNTSNLR	2	Ast-2024-12-05_HeLa_3mzDIA_6mIIT_400-900_60.mzML	6.046964866667	6.009850783333	6.122490416667	2.0708650003106297E-05	1
TFQAFELKPLR	3	Ast-2024-12-05_HeLa_3mzDIA_6mIIT_400-900_49.mzML	13.679946516667	13.679946516667	13.7996644	0.008465468997120727	0
TFQAFELKPLR	3	Ast-2024-12-05_HeLa_3mzDIA_6mIIT_400-900_55.mzML	13.601018116667	13.601018116667	13.703013916667	0.0023125608568646543	1
TFQAFELKPLR	3	Ast-2024-12-05_HeLa_3mzDIA_6mIIT_400-900_60.mzML		13.523999	13.6285618	0.03484288211904136	0
TGGPAYGPSSDVSTASETESEK	3	Ast-2024-12-05_HeLa_3mzDIA_6mIIT_400-900_49.mzML	8.419900916667	8.366112883333	8.472324116667	0.003642468009628785	0
TGGPAYGPSSDVSTASETESEK	3	Ast-2024-12-05_HeLa_3mzDIA_6mIIT_400-900_55.mzML	8.3634148	8.345505883333	8.416065566667	0.0011281068426351605	1
TGGPAYGPSSDVSTASETESEK	3	Ast-2024-12-05_HeLa_3mzDIA_6mIIT_400-900_60.mzML	8.365571416667	8.240542583333	8.4001236	0.006684727887978908	0
TGGVDFHMK	2	Ast-2024-12-05_HeLa_3mzDIA_6mIIT_400-900_49.mzML	7.64662495	7.628890216667	7.6996769	0.0025207801379909817	0
TGGVDFHMK	2	Ast-2024-12-05_HeLa_3mzDIA_6mIIT_400-900_55.mzML	7.6225856	7.5871556	7.658946266667	0.0024673951357067326	0
TGGVDFHMK	2	Ast-2024-12-05_HeLa_3mzDIA_6mIIT_400-900_60.mzML	7.584063283333	7.4947071	7.60220655	0.0003125488357555868	1
TGIVDISILTTGMSATSR	3	Ast-2024-12-05_HeLa_3mzDIA_6mIIT_400-900_49.mzML	19.10657835	18.99975505	19.170583666667	3.127345509131849E-05	0
TGIVDISILTTGMSATSR	3	Ast-2024-12-05_HeLa_3mzDIA_6mIIT_400-900_55.mzML	19.01732755	18.974435166667	19.12495265	2.157357668327832E-05	0
TGIVDISILTTGMSATSR	3	Ast-2024-12-05_HeLa_3mzDIA_6mIIT_400-900_60.mzML	18.945384816667	18.902149466667	19.0741803	2.0708650003106297E-05	1
TGSSHLISTSSWRDGQK	3	Ast-2024-12-05_HeLa_3mzDIA_6mIIT_400-900_49.mzML		7.149894283333	7.221383566667	0.09328526796443162	0
TGSSHLISTSSWRDGQK	3	Ast-2024-12-05_HeLa_3mzDIA_6mIIT_400-900_55.mzML		7.125616566667	7.196666066667	1	0
TGSSHLISTSSWRDGQK	3	Ast-2024-12-05_HeLa_3mzDIA_6mIIT_400-900_60.mzML	7.08398725	7.047686916667	7.1021392	0.001224857400180126	1
THQPSDEVGTSIEHPR	3	Ast-2024-12-05_HeLa_3mzDIA_6mIIT_400-900_49.mzML	6.32416215	6.249159366667	6.398005916667	3.127345509131849E-05	0
THQPSDEVGTSIEHPR	3	Ast-2024-12-05_HeLa_3mzDIA_6mIIT_400-900_55.mzML	6.281128666667	6.205872433333	6.355470433333	2.157357668327832E-05	0
THQPSDEVGTSIEHPR	3	Ast-2024-12-05_HeLa_3mzDIA_6mIIT_400-900_60.mzML	6.237504416667	6.16152225	6.31170285	2.0708650003106297E-05	1
TIFVLTK	2	Ast-2024-12-05_HeLa_3mzDIA_6mIIT_400-900_49.mzML	12.217042066667	12.166809116667	12.299421233333	3.127345509131849E-05	0
TIFVLTK	2	Ast-2024-12-05_HeLa_3mzDIA_6mIIT_400-900_55.mzML	12.159230466667	12.086194766667	12.262191016667	2.157357668327832E-05	0
TIFVLTK	2	Ast-2024-12-05_HeLa_3mzDIA_6mIIT_400-900_60.mzML	12.081576616667	12.011404983333	12.149773266667	2.0708650003106297E-05	1
TIILFTK	2	Ast-2024-12-05_HeLa_3mzDIA_6mIIT_400-900_49.mzML	13.088037066667	13.0387138	13.169735	6.014193496652099E-05	0
TIILFTK	2	Ast-2024-12-05_HeLa_3mzDIA_6mIIT_400-900_55.mzML	13.016005616667	12.965092483333	13.101544033333	2.157357668327832E-05	0
TIILFTK	2	Ast-2024-12-05_HeLa_3mzDIA_6mIIT_400-900_60.mzML	12.93021015	12.88039415	12.98045995	2.0708650003106297E-05	1
TILSLMTR	2	Ast-2024-12-05_HeLa_3mzDIA_6mIIT_400-900_49.mzML	14.346492916667	14.2743493	14.422759616667	7.30887297178775E-05	0
TILSLMTR	2	Ast-2024-12-05_HeLa_3mzDIA_6mIIT_400-900_55.mzML	14.2665769	14.196061283333	14.339404733333	2.157357668327832E-05	0
TILSLMTR	2	Ast-2024-12-05_HeLa_3mzDIA_6mIIT_400-900_60.mzML	14.169660816667	14.08315145	14.2233661	2.0708650003106297E-05	1
TIQVPQQK	2	Ast-2024-12-05_HeLa_3mzDIA_6mIIT_400-900_49.mzML	6.152879916667	6.152879916667	6.30395275	0.001412510478990342	0
TIQVPQQK	2	Ast-2024-12-05_HeLa_3mzDIA_6mIIT_400-900_55.mzML	6.14747325	6.14747325	6.279387116667	0.0004666099415365191	1
TIQVPQQK	2	Ast-2024-12-05_HeLa_3mzDIA_6mIIT_400-900_60.mzML	6.065258283333	6.065258283333	6.216787383333	0.0013635770776764646	0
TIVITSHPGQIVK	2	Ast-2024-12-05_HeLa_3mzDIA_6mIIT_400-900_49.mzML	9.60115215	9.53082535	9.634943033333	3.127345509131849E-05	0
TIVITSHPGQIVK	2	Ast-2024-12-05_HeLa_3mzDIA_6mIIT_400-900_55.mzML	9.535554716667	9.46563275	9.604060433333	2.157357668327832E-05	0
TIVITSHPGQIVK	2	Ast-2024-12-05_HeLa_3mzDIA_6mIIT_400-900_60.mzML	9.4517068	9.382845816667	9.519769233333	2.0708650003106297E-05	1
TKDDEGATPIK	2	Ast-2024-12-05_HeLa_3mzDIA_6mIIT_400-900_49.mzML		3.834859366667	3.937801166667	0.029851329057701506	0
TKDDEGATPIK	2	Ast-2024-12-05_HeLa_3mzDIA_6mIIT_400-900_55.mzML	3.8197283	3.79919735	3.901551116667	0.009471559967954894	0
TKDDEGATPIK	2	Ast-2024-12-05_HeLa_3mzDIA_6mIIT_400-900_60.mzML	3.769519666667	3.7489061	3.832065033333	0.002076085736729884	1
TKPADMVIEAYGHGQR	3	Ast-2024-12-05_HeLa_3mzDIA_6mIIT_400-900_49.mzML	9.803269583333	9.736261516667	9.8704441	4.735633272559373E-05	0
TKPADMVIEAYGHGQR	3	Ast-2024-12-05_HeLa_3mzDIA_6mIIT_400-900_55.mzML	9.740570633333	9.671382216667	9.7912516	0.0002032692470568307	0
TKPADMVIEAYGHGQR	3	Ast-2024-12-05_HeLa_3mzDIA_6mIIT_400-900_60.mzML	9.6733457	9.6217104	9.7418284	2.0708650003106297E-05	1
TLAAEMQELR	2	Ast-2024-12-05_HeLa_3mzDIA_6mIIT_400-900_49.mzML	12.251938883333	12.1693166	12.301938116667	4.735633272559373E-05	0
TLAAEMQELR	2	Ast-2024-12-05_HeLa_3mzDIA_6mIIT_400-900_55.mzML	12.2134398	12.107674516667	12.248268533333	0.000251853484235546	0
TLAAEMQELR	2	Ast-2024-12-05_HeLa_3mzDIA_6mIIT_400-900_60.mzML	12.135631566667	12.0318365	12.135631566667	2.0708650003106297E-05	1
TLFEDSFQQIMSFSPQDLR	3	Ast-2024-12-05_HeLa_3mzDIA_6mIIT_400-900_49.mzML	22.5279904	22.504866366667	22.620826383333	0.0002567006417516044	0
TLFEDSFQQIMSFSPQDLR	3	Ast-2024-12-05_HeLa_3mzDIA_6mIIT_400-900_55.mzML	22.468872283333	22.422888533333	22.608873033333	0.00016493485073396007	1
TLFEDSFQQIMSFSPQDLR	3	Ast-2024-12-05_HeLa_3mzDIA_6mIIT_400-900_60.mzML		22.18510205	22.2547691	0.0855088548955267	0
TLFHNPFYIGK	3	Ast-2024-12-05_HeLa_3mzDIA_6mIIT_400-900_49.mzML	14.834712333333	14.658382366667	14.944325066667	0.0014960998618106234	1
TLFHNPFYIGK	3	Ast-2024-12-05_HeLa_3mzDIA_6mIIT_400-900_55.mzML	14.755456583333	14.615406383333	14.916713566667	0.0022344008804206453	0
TLFHNPFYIGK	3	Ast-2024-12-05_HeLa_3mzDIA_6mIIT_400-900_60.mzML	14.698948533333	14.537301216667	14.843538416667	0.006637926556900224	0
TLFIFPGLLPEAPSKPGLPK	3	Ast-2024-12-05_HeLa_3mzDIA_6mIIT_400-900_49.mzML	19.787142083333	19.699665083333	19.87461535	6.014193496652099E-05	0
TLFIFPGLLPEAPSKPGLPK	3	Ast-2024-12-05_HeLa_3mzDIA_6mIIT_400-900_55.mzML	19.70758795	19.597569216667	19.773595083333	0.0002032692470568307	0
TLFIFPGLLPEAPSKPGLPK	3	Ast-2024-12-05_HeLa_3mzDIA_6mIIT_400-900_60.mzML	19.5523763	19.485399066667	19.664543333333	2.0708650003106297E-05	1
TLFITGLPR	2	Ast-2024-12-05_HeLa_3mzDIA_6mIIT_400-900_49.mzML	15.207648816667	15.134906916667	15.278337983333	6.014193496652099E-05	0
TLFITGLPR	2	Ast-2024-12-05_HeLa_3mzDIA_6mIIT_400-900_55.mzML	15.128985683333	15.055381366667	15.202558433333	2.157357668327832E-05	0
TLFITGLPR	2	Ast-2024-12-05_HeLa_3mzDIA_6mIIT_400-900_60.mzML	15.01930655	14.965069283333	15.114496716667	2.0708650003106297E-05	1
TLHWDTDPSVLQLHSDSDLGR	3	Ast-2024-12-05_HeLa_3mzDIA_6mIIT_400-900_49.mzML		14.3056183	14.419593066667	0.029689147498730816	0
TLHWDTDPSVLQLHSDSDLGR	3	Ast-2024-12-05_HeLa_3mzDIA_6mIIT_400-900_55.mzML		14.299867566667	14.406205016667	0.014838008436125764	0
TLHWDTDPSVLQLHSDSDLGR	3	Ast-2024-12-05_HeLa_3mzDIA_6mIIT_400-900_60.mzML	14.293698483333	14.275440883333	14.330024583333	0.0007671260899583195	1
TLLYNFIR	2	Ast-2024-12-05_HeLa_3mzDIA_6mIIT_400-900_49.mzML	16.081383233333	15.918044516667	16.081383233333	0.0003594122890249863	0
TLLYNFIR	2	Ast-2024-12-05_HeLa_3mzDIA_6mIIT_400-900_55.mzML	15.99972825	15.870509483333	15.99972825	0.0005941535292719639	0
TLLYNFIR	2	Ast-2024-12-05_HeLa_3mzDIA_6mIIT_400-900_60.mzML	15.903438516667	15.751316433333	15.903438516667	0.00017703387784662427	1
TLMMDANQR	2	Ast-2024-12-05_HeLa_3mzDIA_6mIIT_400-900_49.mzML	7.915514833333	7.844841766667	7.986566816667	0.0009475262368815593	0
TLMMDANQR	2	Ast-2024-12-05_HeLa_3mzDIA_6mIIT_400-900_55.mzML	7.8566573	7.80347935	7.927574366667	0.0006168059948293285	0
TLMMDANQR	2	Ast-2024-12-05_HeLa_3mzDIA_6mIIT_400-900_60.mzML	7.80093885	7.74723045	7.87364955	0.0002881138625984989	1
TLPGMHHPIQMK	3	Ast-2024-12-05_HeLa_3mzDIA_6mIIT_400-900_49.mzML		8.086689316667	8.138787133333	0.04926079155359817	0
TLPGMHHPIQMK	3	Ast-2024-12-05_HeLa_3mzDIA_6mIIT_400-900_55.mzML	8.052014916667	7.963448866667	8.052014916667	0.0021318867756049647	1
TLPGMHHPIQMK	3	Ast-2024-12-05_HeLa_3mzDIA_6mIIT_400-900_60.mzML	7.997241916667	7.90884635	7.997241916667	0.0065018829453009595	0
TLQEDLVK	2	Ast-2024-12-05_HeLa_3mzDIA_6mIIT_400-900_49.mzML	9.120304433333	9.05213775	9.17110125	0.00035244360902255637	1
TLQEDLVK	2	Ast-2024-12-05_HeLa_3mzDIA_6mIIT_400-900_55.mzML	9.084892283333	9.04949175	9.136303466667	0.0012776424511630128	0
TLQEDLVK	2	Ast-2024-12-05_HeLa_3mzDIA_6mIIT_400-900_60.mzML	9.001849466667	8.968911183333	9.07135355	0.0004122917926447144	0
TLQIFNIEMK	2	Ast-2024-12-05_HeLa_3mzDIA_6mIIT_400-900_49.mzML	17.150787066667	17.091621766667	17.250289233333	3.127345509131849E-05	0
TLQIFNIEMK	2	Ast-2024-12-05_HeLa_3mzDIA_6mIIT_400-900_55.mzML	17.085952733333	17.00650085	17.166057616667	2.157357668327832E-05	0
TLQIFNIEMK	2	Ast-2024-12-05_HeLa_3mzDIA_6mIIT_400-900_60.mzML	17.00366825	16.92284765	17.0847382	2.0708650003106297E-05	1
TLSTSDDVEDRENEK	2	Ast-2024-12-05_HeLa_3mzDIA_6mIIT_400-900_49.mzML	5.651031066667	5.574111566667	5.6885618	3.127345509131849E-05	0
TLSTSDDVEDRENEK	2	Ast-2024-12-05_HeLa_3mzDIA_6mIIT_400-900_55.mzML	5.625564133333	5.549289916667	5.701271	2.157357668327832E-05	0
TLSTSDDVEDRENEK	2	Ast-2024-12-05_HeLa_3mzDIA_6mIIT_400-900_60.mzML	5.596276983333	5.55666865	5.67267095	2.0708650003106297E-05	1
TLVSTVGSMVFNEGEAQR	3	Ast-2024-12-05_HeLa_3mzDIA_6mIIT_400-900_49.mzML	17.765852933333	17.70524885	17.826640166667	3.127345509131849E-05	0
TLVSTVGSMVFNEGEAQR	3	Ast-2024-12-05_HeLa_3mzDIA_6mIIT_400-900_55.mzML	17.672210883333	17.590948916667	17.753612083333	2.157357668327832E-05	0
TLVSTVGSMVFNEGEAQR	3	Ast-2024-12-05_HeLa_3mzDIA_6mIIT_400-900_60.mzML	17.593650783333	17.532397366667	17.655544466667	2.0708650003106297E-05	1
TMEDQDLKPNR	3	Ast-2024-12-05_HeLa_3mzDIA_6mIIT_400-900_49.mzML	5.57012145	5.551307866667	5.627942083333	0.0031304061290056842	0
TMEDQDLKPNR	3	Ast-2024-12-05_HeLa_3mzDIA_6mIIT_400-900_55.mzML	5.56427015	5.5063769	5.621702466667	0.009136934694782061	0
TMEDQDLKPNR	3	Ast-2024-12-05_HeLa_3mzDIA_6mIIT_400-900_60.mzML	5.533080333333	5.474575616667	5.5924298	0.001245187867719542	1
TMTC[+57.0215]EYALC[+57.0215]SFFVPGDR	3	Ast-2024-12-05_HeLa_3mzDIA_6mIIT_400-900_49.mzML	18.5413624	18.398198333333	18.584187516667	0.0006214316231017206	0
TMTC[+57.0215]EYALC[+57.0215]SFFVPGDR	3	Ast-2024-12-05_HeLa_3mzDIA_6mIIT_400-900_55.mzML	18.4628179	18.400076116667	18.505322566667	0.0005861898988822425	1
TMTC[+57.0215]EYALC[+57.0215]SFFVPGDR	3	Ast-2024-12-05_HeLa_3mzDIA_6mIIT_400-900_60.mzML	18.409311533333	18.30385225	18.430733716667	0.0034482015473804445	0
TNGDSQQPSSSGLASSK	2	Ast-2024-12-05_HeLa_3mzDIA_6mIIT_400-900_49.mzML	4.879905916667	4.8028948	4.999141983333	4.735633272559373E-05	0
TNGDSQQPSSSGLASSK	2	Ast-2024-12-05_HeLa_3mzDIA_6mIIT_400-900_55.mzML	4.87214085	4.793279516667	4.9923052	5.984082340973012E-05	0
TNGDSQQPSSSGLASSK	2	Ast-2024-12-05_HeLa_3mzDIA_6mIIT_400-900_60.mzML	4.838699916667	4.778292333333	4.975390366667	2.0708650003106297E-05	1
TNQNSVDTTLK	2	Ast-2024-12-05_HeLa_3mzDIA_6mIIT_400-900_49.mzML	6.03257075	5.956923916667	6.070524733333	0.002529529268716345	0
TNQNSVDTTLK	2	Ast-2024-12-05_HeLa_3mzDIA_6mIIT_400-900_55.mzML	5.98902275	5.932154133333	6.0457412	0.0005239329903139568	1
TNQNSVDTTLK	2	Ast-2024-12-05_HeLa_3mzDIA_6mIIT_400-900_60.mzML	5.94480465	5.868663383333	6.02053695	0.0005497747264535507	0
TPDGTENGDFLALDLGGTNFR	3	Ast-2024-12-05_HeLa_3mzDIA_6mIIT_400-900_49.mzML	18.511093933333	18.49074975	18.615957683333	0.00019287023047992542	0
TPDGTENGDFLALDLGGTNFR	3	Ast-2024-12-05_HeLa_3mzDIA_6mIIT_400-900_55.mzML	18.453065516667	18.390374283333	18.51683145	0.0016290008030285649	0
TPDGTENGDFLALDLGGTNFR	3	Ast-2024-12-05_HeLa_3mzDIA_6mIIT_400-900_60.mzML	18.420895916667	18.378289516667	18.48493545	0.00017703387784662427	1
TPLTSADEHVHSK	2	Ast-2024-12-05_HeLa_3mzDIA_6mIIT_400-900_49.mzML	4.996557783333	4.9163009	5.073612533333	0.00047803758741258743	0
TPLTSADEHVHSK	2	Ast-2024-12-05_HeLa_3mzDIA_6mIIT_400-900_55.mzML	4.968075466667	4.8893658	5.0475551	2.157357668327832E-05	1
TPLTSADEHVHSK	2	Ast-2024-12-05_HeLa_3mzDIA_6mIIT_400-900_60.mzML	4.952916516667	4.913379866667	5.033175366667	0.00010414677752512541	0
TPNEEIDR	2	Ast-2024-12-05_HeLa_3mzDIA_6mIIT_400-900_49.mzML	4.892478766667	4.815724133333	4.931480983333	0.00019287023047992542	0
TPNEEIDR	2	Ast-2024-12-05_HeLa_3mzDIA_6mIIT_400-900_55.mzML	4.865240666667	4.7671677	4.944228833333	4.178767681410752E-05	0
TPNEEIDR	2	Ast-2024-12-05_HeLa_3mzDIA_6mIIT_400-900_60.mzML	4.832286716667	4.771688383333	4.9286381	2.0708650003106297E-05	1
TPSKPPAQLSPSVPK	3	Ast-2024-12-05_HeLa_3mzDIA_6mIIT_400-900_49.mzML	8.02653975	7.93690345	8.0970476	0.00019287023047992542	0
TPSKPPAQLSPSVPK	3	Ast-2024-12-05_HeLa_3mzDIA_6mIIT_400-900_55.mzML	7.968022666667	7.949462533333	8.0567859	0.00040350190746356253	0
TPSKPPAQLSPSVPK	3	Ast-2024-12-05_HeLa_3mzDIA_6mIIT_400-900_60.mzML	7.9358853	7.918227533333	8.024318583333	7.46742336556771E-05	1
TPYVTTTVSAHSAK	3	Ast-2024-12-05_HeLa_3mzDIA_6mIIT_400-900_49.mzML	6.88943795	6.851651833333	6.945115466667	0.0003601097713923831	0
TPYVTTTVSAHSAK	3	Ast-2024-12-05_HeLa_3mzDIA_6mIIT_400-900_55.mzML	6.848564266667	6.77351415	6.921775016667	0.00021942154993897337	1
TPYVTTTVSAHSAK	3	Ast-2024-12-05_HeLa_3mzDIA_6mIIT_400-900_60.mzML	6.800691266667	6.72676575	6.83749645	0.0008660073296852252	0
TPYYSVAQVGIPDLR	2	Ast-2024-12-05_HeLa_3mzDIA_6mIIT_400-900_49.mzML	16.235828183333	16.216418666667	16.327675316667	0.001820756625531054	0
TPYYSVAQVGIPDLR	2	Ast-2024-12-05_HeLa_3mzDIA_6mIIT_400-900_55.mzML	16.2121538	16.174426783333	16.269489316667	0.0005941535292719639	1
TPYYSVAQVGIPDLR	2	Ast-2024-12-05_HeLa_3mzDIA_6mIIT_400-900_60.mzML	16.15916915	16.1012088	16.21669655	0.0005992170230898293	0
TQFPSLDIEVDGGVGPDTVHK	3	Ast-2024-12-05_HeLa_3mzDIA_6mIIT_400-900_49.mzML	15.661898183333	15.49781475	15.716034666667	3.127345509131849E-05	0
TQFPSLDIEVDGGVGPDTVHK	3	Ast-2024-12-05_HeLa_3mzDIA_6mIIT_400-900_55.mzML	15.610641433333	15.463702416667	15.684749566667	5.984082340973012E-05	0
TQFPSLDIEVDGGVGPDTVHK	3	Ast-2024-12-05_HeLa_3mzDIA_6mIIT_400-900_60.mzML	15.5058737	15.4147071	15.581626983333	2.0708650003106297E-05	1
TQQMNNDLEK	2	Ast-2024-12-05_HeLa_3mzDIA_6mIIT_400-900_49.mzML	5.255629133333	5.1390308	5.274549066667	0.008214365493572691	0
TQQMNNDLEK	2	Ast-2024-12-05_HeLa_3mzDIA_6mIIT_400-900_55.mzML	5.22919595	5.170766416667	5.324130366667	0.0003658393818777804	1
TQQMNNDLEK	2	Ast-2024-12-05_HeLa_3mzDIA_6mIIT_400-900_60.mzML	5.197058616667	5.13820105	5.254192683333	0.0013748962901505275	0
TRTELFDLK	2	Ast-2024-12-05_HeLa_3mzDIA_6mIIT_400-900_49.mzML		10.478221366667	10.561222466667	0.01706721017898309	0
TRTELFDLK	2	Ast-2024-12-05_HeLa_3mzDIA_6mIIT_400-900_55.mzML	10.473651916667	10.456647683333	10.52382525	0.0005941535292719639	1
TRTELFDLK	2	Ast-2024-12-05_HeLa_3mzDIA_6mIIT_400-900_60.mzML	10.478706883333	10.445417466667	10.52918655	0.0019934228308856653	0
TSASFSENFYGLK	3	Ast-2024-12-05_HeLa_3mzDIA_6mIIT_400-900_49.mzML	13.7915651	13.723518766667	13.80948775	0.0025697463866329816	0
TSASFSENFYGLK	3	Ast-2024-12-05_HeLa_3mzDIA_6mIIT_400-900_55.mzML	13.6955515	13.6784568	13.73040465	0.0012776424511630128	1
TSASFSENFYGLK	3	Ast-2024-12-05_HeLa_3mzDIA_6mIIT_400-900_60.mzML		13.590131716667	13.660551516667	0.01737195541763538	0
TSGETTHTHREPAGDGK	3	Ast-2024-12-05_HeLa_3mzDIA_6mIIT_400-900_49.mzML	2.171399733333	2.124043966667	2.26412595	3.127345509131849E-05	1
TSGETTHTHREPAGDGK	3	Ast-2024-12-05_HeLa_3mzDIA_6mIIT_400-900_55.mzML	2.173689833333	2.126401533333	2.266298666667	0.0002032692470568307	0
TSGETTHTHREPAGDGK	3	Ast-2024-12-05_HeLa_3mzDIA_6mIIT_400-900_60.mzML	2.178057716667	2.13061605	2.27047015	9.054690329590728E-05	0
TSGGEGIWK	2	Ast-2024-12-05_HeLa_3mzDIA_6mIIT_400-900_49.mzML	7.9058576	7.816643566667	7.9058576	0.0013536653091447612	1
TSGGEGIWK	2	Ast-2024-12-05_HeLa_3mzDIA_6mIIT_400-900_55.mzML	7.864656616667	7.811652566667	7.917608483333	0.00283883879528818	0
TSGGEGIWK	2	Ast-2024-12-05_HeLa_3mzDIA_6mIIT_400-900_60.mzML	7.7910965	7.737191116667	7.7910965	0.005384583088420523	0
TSPQEGER	2	Ast-2024-12-05_HeLa_3mzDIA_6mIIT_400-900_49.mzML	2.32954785	2.284226166667	2.418998533333	3.127345509131849E-05	0
TSPQEGER	2	Ast-2024-12-05_HeLa_3mzDIA_6mIIT_400-900_55.mzML	2.308785733333	2.263075133333	2.398891666667	2.157357668327832E-05	0
TSPQEGER	2	Ast-2024-12-05_HeLa_3mzDIA_6mIIT_400-900_60.mzML	2.312658533333	2.267428616667	2.402620116667	2.0708650003106297E-05	1
TSVGPVIQKMWDQEK	2	Ast-2024-12-05_HeLa_3mzDIA_6mIIT_400-900_49.mzML	13.450890716667	13.3803212	13.535894783333	0.0007279207821383301	0
TSVGPVIQKMWDQEK	2	Ast-2024-12-05_HeLa_3mzDIA_6mIIT_400-900_55.mzML	13.418444333333	13.347893583333	13.488491633333	0.00035694632419649893	1
TSVGPVIQKMWDQEK	2	Ast-2024-12-05_HeLa_3mzDIA_6mIIT_400-900_60.mzML	13.33249175	13.261096966667	13.433643216667	0.0008226702611028844	0
TTSNNTYEVEK	2	Ast-2024-12-05_HeLa_3mzDIA_6mIIT_400-900_49.mzML	5.07174875	4.99476825	5.1108365	6.014193496652099E-05	0
TTSNNTYEVEK	2	Ast-2024-12-05_HeLa_3mzDIA_6mIIT_400-900_55.mzML	5.026483466667	4.966254983333	5.0841548	2.157357668327832E-05	0
TTSNNTYEVEK	2	Ast-2024-12-05_HeLa_3mzDIA_6mIIT_400-900_60.mzML	5.031415616667	4.970895066667	5.0508367	2.0708650003106297E-05	1
TTTIAVEVK	2	Ast-2024-12-05_HeLa_3mzDIA_6mIIT_400-900_49.mzML	8.625070416667	8.5901778	8.693643	7.30887297178775E-05	1
TTTIAVEVK	2	Ast-2024-12-05_HeLa_3mzDIA_6mIIT_400-900_55.mzML	8.5850445	8.567859166667	8.654778716667	0.00283883879528818	0
TTTIAVEVK	2	Ast-2024-12-05_HeLa_3mzDIA_6mIIT_400-900_60.mzML	8.46615715	8.448897333333	8.606482666667	0.0016871201090850262	0
TVDSQGPTPVC[+57.0215]TPTFLER	3	Ast-2024-12-05_HeLa_3mzDIA_6mIIT_400-900_49.mzML	13.84658215	13.777709033333	13.915439016667	0.0003967410556145944	0
TVDSQGPTPVC[+57.0215]TPTFLER	3	Ast-2024-12-05_HeLa_3mzDIA_6mIIT_400-900_55.mzML	13.8046577	13.8046577	13.90855255	4.178767681410752E-05	1
TVDSQGPTPVC[+57.0215]TPTFLER	3	Ast-2024-12-05_HeLa_3mzDIA_6mIIT_400-900_60.mzML	13.769761616667	13.71703565	13.888090133333	0.00021560353589798872	0
TVEFLQEYIVNR	2	Ast-2024-12-05_HeLa_3mzDIA_6mIIT_400-900_49.mzML	16.466757066667	16.40983575	16.560232433333	3.127345509131849E-05	0
TVEFLQEYIVNR	2	Ast-2024-12-05_HeLa_3mzDIA_6mIIT_400-900_55.mzML	16.412354833333	16.334585966667	16.4886397	2.157357668327832E-05	0
TVEFLQEYIVNR	2	Ast-2024-12-05_HeLa_3mzDIA_6mIIT_400-900_60.mzML	16.34373105	16.26426525	16.420563183333	2.0708650003106297E-05	1
TVGTPIASVPGSTNTGTVPGSEK	3	Ast-2024-12-05_HeLa_3mzDIA_6mIIT_400-900_49.mzML	11.265365216667	11.215725516667	11.346036883333	3.127345509131849E-05	0
TVGTPIASVPGSTNTGTVPGSEK	3	Ast-2024-12-05_HeLa_3mzDIA_6mIIT_400-900_55.mzML	11.242957333333	11.193534716667	11.310544766667	2.157357668327832E-05	0
TVGTPIASVPGSTNTGTVPGSEK	3	Ast-2024-12-05_HeLa_3mzDIA_6mIIT_400-900_60.mzML	11.219453716667	11.10265155	11.2690604	2.0708650003106297E-05	1
TVLGSSENALGVC[+57.0215]SDTAAPLAAVDLK	3	Ast-2024-12-05_HeLa_3mzDIA_6mIIT_400-900_49.mzML	17.455896866667	17.375808683333	17.496086	0.0005341024408481547	0
TVLGSSENALGVC[+57.0215]SDTAAPLAAVDLK	3	Ast-2024-12-05_HeLa_3mzDIA_6mIIT_400-900_55.mzML	17.397158066667	17.274235933333	17.48133745	0.00047805717563820634	1
TVLGSSENALGVC[+57.0215]SDTAAPLAAVDLK	3	Ast-2024-12-05_HeLa_3mzDIA_6mIIT_400-900_60.mzML	17.318949466667	17.276546766667	17.403391416667	0.0038310896132525735	0
TVQYQNELHK	2	Ast-2024-12-05_HeLa_3mzDIA_6mIIT_400-900_49.mzML	6.052107333333	6.01419625	6.145734966667	0.0004656896315573209	0
TVQYQNELHK	2	Ast-2024-12-05_HeLa_3mzDIA_6mIIT_400-900_55.mzML	6.027114733333	5.989442083333	6.102584816667	2.157357668327832E-05	1
TVQYQNELHK	2	Ast-2024-12-05_HeLa_3mzDIA_6mIIT_400-900_60.mzML	5.983265816667	5.926517983333	6.03944905	9.054690329590728E-05	0
TVSFEEHIK	2	Ast-2024-12-05_HeLa_3mzDIA_6mIIT_400-900_49.mzML	7.86290675	7.808912816667	7.8981742	0.00019287023047992542	0
TVSFEEHIK	2	Ast-2024-12-05_HeLa_3mzDIA_6mIIT_400-900_55.mzML	7.821887133333	7.750156166667	7.8920936	0.0002032692470568307	0
TVSFEEHIK	2	Ast-2024-12-05_HeLa_3mzDIA_6mIIT_400-900_60.mzML	7.7473977	7.675518433333	7.801092183333	2.0708650003106297E-05	1
TVSGVNGPLVILDHVK	3	Ast-2024-12-05_HeLa_3mzDIA_6mIIT_400-900_49.mzML	15.494626966667	15.402471916667	15.54979915	0.0008876998844774122	0
TVSGVNGPLVILDHVK	3	Ast-2024-12-05_HeLa_3mzDIA_6mIIT_400-900_55.mzML	15.422237666667	15.276624533333	15.571720683333	0.00022830305599947815	0
TVSGVNGPLVILDHVK	3	Ast-2024-12-05_HeLa_3mzDIA_6mIIT_400-900_60.mzML	15.355094783333	15.2998489	15.466215916667	0.00010414677752512541	1
TWYPEVPK	2	Ast-2024-12-05_HeLa_3mzDIA_6mIIT_400-900_49.mzML	11.79795785	11.7118927	11.877902216667	6.014193496652099E-05	0
TWYPEVPK	2	Ast-2024-12-05_HeLa_3mzDIA_6mIIT_400-900_55.mzML	11.698403766667	11.647940966667	11.847490983333	5.984082340973012E-05	0
TWYPEVPK	2	Ast-2024-12-05_HeLa_3mzDIA_6mIIT_400-900_60.mzML	11.68978975	11.5872201	11.787960166667	2.0708650003106297E-05	1
TYDLLFK	2	Ast-2024-12-05_HeLa_3mzDIA_6mIIT_400-900_49.mzML	13.953444133333	13.8859811	14.053998583333	3.127345509131849E-05	0
TYDLLFK	2	Ast-2024-12-05_HeLa_3mzDIA_6mIIT_400-900_55.mzML	13.895471516667	13.82689605	13.9658731	2.157357668327832E-05	0
TYDLLFK	2	Ast-2024-12-05_HeLa_3mzDIA_6mIIT_400-900_60.mzML	13.808547283333	13.7572044	13.8931924	2.0708650003106297E-05	1
TYHLTSAGEK	2	Ast-2024-12-05_HeLa_3mzDIA_6mIIT_400-900_49.mzML	4.993365933333	4.8934902	4.993365933333	0.0020540492527701907	1
TYHLTSAGEK	2	Ast-2024-12-05_HeLa_3mzDIA_6mIIT_400-900_55.mzML		4.827673816667	4.964904066667	0.05304741500489564	0
TYHLTSAGEK	2	Ast-2024-12-05_HeLa_3mzDIA_6mIIT_400-900_60.mzML		4.852343783333	4.929756833333	0.04043482082686278	0
TYLTNHPAK	2	Ast-2024-12-05_HeLa_3mzDIA_6mIIT_400-900_49.mzML	4.366453016667	4.30530425	4.387565833333	0.004236932628576223	0
TYLTNHPAK	2	Ast-2024-12-05_HeLa_3mzDIA_6mIIT_400-900_55.mzML	4.313203316667	4.250984216667	4.354517166667	0.0008924144769459593	1
TYLTNHPAK	2	Ast-2024-12-05_HeLa_3mzDIA_6mIIT_400-900_60.mzML	4.291607183333	4.22777645	4.312684966667	0.0045254623496370095	0
TYSEFC[+57.0215]SR	2	Ast-2024-12-05_HeLa_3mzDIA_6mIIT_400-900_49.mzML	6.681814966667	6.6630783	6.774704416667	0.00023090066653325738	0
TYSEFC[+57.0215]SR	2	Ast-2024-12-05_HeLa_3mzDIA_6mIIT_400-900_55.mzML	6.677995366667	6.62173325	6.76999015	0.0003658393818777804	0
TYSEFC[+57.0215]SR	2	Ast-2024-12-05_HeLa_3mzDIA_6mIIT_400-900_60.mzML	6.6356584	6.5229778	6.746017066667	0.00017703387784662427	1
TYYVNHESR	2	Ast-2024-12-05_HeLa_3mzDIA_6mIIT_400-900_49.mzML	4.090813133333	4.029414533333	4.151319883333	3.127345509131849E-05	0
TYYVNHESR	2	Ast-2024-12-05_HeLa_3mzDIA_6mIIT_400-900_55.mzML	4.075358833333	4.014081783333	4.1378411	2.157357668327832E-05	0
TYYVNHESR	2	Ast-2024-12-05_HeLa_3mzDIA_6mIIT_400-900_60.mzML	4.029656466667	3.988232483333	4.113320466667	2.0708650003106297E-05	1
VAC[+57.0215]C[+57.0215]PLER	2	Ast-2024-12-05_HeLa_3mzDIA_6mIIT_400-900_49.mzML	6.27620135	6.2187478	6.33201335	3.127345509131849E-05	0
VAC[+57.0215]C[+57.0215]PLER	2	Ast-2024-12-05_HeLa_3mzDIA_6mIIT_400-900_55.mzML	6.23253455	6.17639805	6.288898866667	2.157357668327832E-05	0
VAC[+57.0215]C[+57.0215]PLER	2	Ast-2024-12-05_HeLa_3mzDIA_6mIIT_400-900_60.mzML	6.207540933333	6.1318668	6.282156766667	2.0708650003106297E-05	1
VADFGLVRPLGGAR	3	Ast-2024-12-05_HeLa_3mzDIA_6mIIT_400-900_49.mzML	12.85292875	12.76719395	12.90271385	0.0001048327916972429	0
VADFGLVRPLGGAR	3	Ast-2024-12-05_HeLa_3mzDIA_6mIIT_400-900_55.mzML	12.796279833333	12.7268644	12.829426816667	2.157357668327832E-05	1
VADFGLVRPLGGAR	3	Ast-2024-12-05_HeLa_3mzDIA_6mIIT_400-900_60.mzML	12.693943633333	12.640715866667	12.744200816667	0.00017703387784662427	0
VAEELALEQAK	2	Ast-2024-12-05_HeLa_3mzDIA_6mIIT_400-900_49.mzML	9.77812535	9.710891233333	9.8459189	3.127345509131849E-05	0
VAEELALEQAK	2	Ast-2024-12-05_HeLa_3mzDIA_6mIIT_400-900_55.mzML	9.73204235	9.662745383333	9.799500533333	2.157357668327832E-05	0
VAEELALEQAK	2	Ast-2024-12-05_HeLa_3mzDIA_6mIIT_400-900_60.mzML	9.681994966667	9.612896233333	9.750710583333	2.0708650003106297E-05	1
VAKPVVEMDGDEMTR	2	Ast-2024-12-05_HeLa_3mzDIA_6mIIT_400-900_49.mzML	9.331142566667	9.264194616667	9.3647028	4.735633272559373E-05	1
VAKPVVEMDGDEMTR	2	Ast-2024-12-05_HeLa_3mzDIA_6mIIT_400-900_55.mzML	9.280504916667	9.2465295	9.331532016667	5.984082340973012E-05	0
VAKPVVEMDGDEMTR	2	Ast-2024-12-05_HeLa_3mzDIA_6mIIT_400-900_60.mzML	9.21519865	9.181018233333	9.26704165	0.00010414677752512541	0
VALSHHLVAR	2	Ast-2024-12-05_HeLa_3mzDIA_6mIIT_400-900_49.mzML	5.833354933333	5.777720416667	5.889905216667	7.30887297178775E-05	1
VALSHHLVAR	2	Ast-2024-12-05_HeLa_3mzDIA_6mIIT_400-900_55.mzML	5.77067255	5.733141266667	5.845550833333	0.0003439355195669403	0
VALSHHLVAR	2	Ast-2024-12-05_HeLa_3mzDIA_6mIIT_400-900_60.mzML	5.723080466667	5.646691533333	5.760606116667	0.0002566115203477841	0
VAQAQAQHELEIK	3	Ast-2024-12-05_HeLa_3mzDIA_6mIIT_400-900_49.mzML	7.304220083333	7.19707785	7.339600966667	0.009801694473190473	0
VAQAQAQHELEIK	3	Ast-2024-12-05_HeLa_3mzDIA_6mIIT_400-900_55.mzML	7.260494433333	7.154307533333	7.2955736	0.006634457164863635	0
VAQAQAQHELEIK	3	Ast-2024-12-05_HeLa_3mzDIA_6mIIT_400-900_60.mzML	7.149680583333	7.095438	7.185499583333	0.0028336079077429985	1
VASWELR	2	Ast-2024-12-05_HeLa_3mzDIA_6mIIT_400-900_49.mzML		9.759095166667	9.84350815	0.014390637129038037	0
VASWELR	2	Ast-2024-12-05_HeLa_3mzDIA_6mIIT_400-900_55.mzML		9.983607483333	10.067387033333	0.04417182685110478	0
VASWELR	2	Ast-2024-12-05_HeLa_3mzDIA_6mIIT_400-900_60.mzML	9.697067816667	9.64497355	9.748197716667	0.0010932280595201945	1
VATHSSNIR	2	Ast-2024-12-05_HeLa_3mzDIA_6mIIT_400-900_49.mzML	2.575850866667	2.531667966667	2.661894066667	4.735633272559373E-05	1
VATHSSNIR	2	Ast-2024-12-05_HeLa_3mzDIA_6mIIT_400-900_55.mzML	2.533398116667	2.489790833333	2.620271066667	0.0002032692470568307	0
VATHSSNIR	2	Ast-2024-12-05_HeLa_3mzDIA_6mIIT_400-900_60.mzML	2.51595555	2.471212483333	2.601902616667	0.0005497747264535507	0
VATLNSEEESDPPTYK	2	Ast-2024-12-05_HeLa_3mzDIA_6mIIT_400-900_49.mzML	8.805334416667	8.736037966667	8.87345595	3.127345509131849E-05	0
VATLNSEEESDPPTYK	2	Ast-2024-12-05_HeLa_3mzDIA_6mIIT_400-900_55.mzML	8.76706795	8.697325183333	8.835048566667	2.157357668327832E-05	0
VATLNSEEESDPPTYK	2	Ast-2024-12-05_HeLa_3mzDIA_6mIIT_400-900_60.mzML	8.7197759	8.666671933333	8.805807866667	2.0708650003106297E-05	1
VAYGGTGDAATR	2	Ast-2024-12-05_HeLa_3mzDIA_6mIIT_400-900_49.mzML	5.187258933333	5.128789116667	5.2644297	3.127345509131849E-05	0
VAYGGTGDAATR	2	Ast-2024-12-05_HeLa_3mzDIA_6mIIT_400-900_55.mzML	5.160469183333	5.083123266667	5.23805065	2.157357668327832E-05	0
VAYGGTGDAATR	2	Ast-2024-12-05_HeLa_3mzDIA_6mIIT_400-900_60.mzML	5.1474039	5.069637216667	5.206123833333	2.0708650003106297E-05	1
VC[+57.0215]GHTYEEDAIVR	2	Ast-2024-12-05_HeLa_3mzDIA_6mIIT_400-900_49.mzML	7.794952183333	7.686636016667	7.83059135	0.001392389040402297	0
VC[+57.0215]GHTYEEDAIVR	2	Ast-2024-12-05_HeLa_3mzDIA_6mIIT_400-900_55.mzML	7.717775683333	7.663773483333	7.736157516667	0.0002592649077321946	1
VC[+57.0215]GHTYEEDAIVR	2	Ast-2024-12-05_HeLa_3mzDIA_6mIIT_400-900_60.mzML	7.697547816667	7.606966233333	7.697547816667	0.004091809986573748	0
VDAQFGGIDQR	2	Ast-2024-12-05_HeLa_3mzDIA_6mIIT_400-900_49.mzML	9.529392383333	9.4618878	9.599855316667	3.127345509131849E-05	0
VDAQFGGIDQR	2	Ast-2024-12-05_HeLa_3mzDIA_6mIIT_400-900_55.mzML	9.499223833333	9.43007325	9.568687516667	2.157357668327832E-05	0
VDAQFGGIDQR	2	Ast-2024-12-05_HeLa_3mzDIA_6mIIT_400-900_60.mzML	9.45042765	9.38148725	9.51832885	2.0708650003106297E-05	1
VDGTLLVGEDAPR	2	Ast-2024-12-05_HeLa_3mzDIA_6mIIT_400-900_49.mzML	11.654780016667	11.603078483333	11.722953216667	0.002548530528142284	0
VDGTLLVGEDAPR	2	Ast-2024-12-05_HeLa_3mzDIA_6mIIT_400-900_55.mzML	11.67621905	11.5727614	11.67621905	0.00041956281554620084	0
VDGTLLVGEDAPR	2	Ast-2024-12-05_HeLa_3mzDIA_6mIIT_400-900_60.mzML	11.54704725	11.513598366667	11.650727416667	7.46742336556771E-05	1
VDIDVPDVNLEAPEGK	2	Ast-2024-12-05_HeLa_3mzDIA_6mIIT_400-900_49.mzML	15.388820066667	15.3189785	15.462589383333	3.127345509131849E-05	0
VDIDVPDVNLEAPEGK	2	Ast-2024-12-05_HeLa_3mzDIA_6mIIT_400-900_55.mzML	15.35265415	15.28178945	15.427490433333	2.157357668327832E-05	0
VDIDVPDVNLEAPEGK	2	Ast-2024-12-05_HeLa_3mzDIA_6mIIT_400-900_60.mzML	15.304579366667	15.23192985	15.379018383333	2.0708650003106297E-05	1
VDLQSLPTR	2	Ast-2024-12-05_HeLa_3mzDIA_6mIIT_400-900_49.mzML	10.40151725	10.336184316667	10.469051066667	3.127345509131849E-05	0
VDLQSLPTR	2	Ast-2024-12-05_HeLa_3mzDIA_6mIIT_400-900_55.mzML	10.3630427	10.295853083333	10.430596433333	2.157357668327832E-05	0
VDLQSLPTR	2	Ast-2024-12-05_HeLa_3mzDIA_6mIIT_400-900_60.mzML	10.31742365	10.249297633333	10.386398466667	2.0708650003106297E-05	1
VEAENISPK	2	Ast-2024-12-05_HeLa_3mzDIA_6mIIT_400-900_49.mzML	5.832639316667	5.738469683333	5.8891575	0.0028887146830467885	0
VEAENISPK	2	Ast-2024-12-05_HeLa_3mzDIA_6mIIT_400-900_55.mzML	5.7699324	5.732425366667	5.80683005	0.001170282074174167	1
VEAENISPK	2	Ast-2024-12-05_HeLa_3mzDIA_6mIIT_400-900_60.mzML		5.72227735	5.7790613	0.015768606956208325	0
VEEESITK	2	Ast-2024-12-05_HeLa_3mzDIA_6mIIT_400-900_49.mzML	4.960440366667	4.901738783333	5.021064766667	4.735633272559373E-05	0
VEEESITK	2	Ast-2024-12-05_HeLa_3mzDIA_6mIIT_400-900_55.mzML	4.953723266667	4.874842683333	5.033684716667	2.157357668327832E-05	0
VEEESITK	2	Ast-2024-12-05_HeLa_3mzDIA_6mIIT_400-900_60.mzML	4.918585966667	4.87979295	5.018989466667	2.0708650003106297E-05	1
VEELEGER	2	Ast-2024-12-05_HeLa_3mzDIA_6mIIT_400-900_49.mzML	5.46096545	5.442219716667	5.53810195	0.00012104862696271702	0
VEELEGER	2	Ast-2024-12-05_HeLa_3mzDIA_6mIIT_400-900_55.mzML	5.417256633333	5.39829565	5.5124975	0.000251853484235546	0
VEELEGER	2	Ast-2024-12-05_HeLa_3mzDIA_6mIIT_400-900_60.mzML	5.42346465	5.3852688	5.500037466667	2.0708650003106297E-05	1
VEFWNQMK	2	Ast-2024-12-05_HeLa_3mzDIA_6mIIT_400-900_49.mzML	12.58754465	12.539977283333	12.689318216667	0.0005341024408481547	1
VEFWNQMK	2	Ast-2024-12-05_HeLa_3mzDIA_6mIIT_400-900_55.mzML		12.491330466667	12.576393433333	0.015088698425353797	0
VEFWNQMK	2	Ast-2024-12-05_HeLa_3mzDIA_6mIIT_400-900_60.mzML	12.4769463	12.393642416667	12.52863265	0.0037605262594013157	0
VEHIEWFR	2	Ast-2024-12-05_HeLa_3mzDIA_6mIIT_400-900_49.mzML	11.618297383333	11.55118785	11.687653616667	7.30887297178775E-05	0
VEHIEWFR	2	Ast-2024-12-05_HeLa_3mzDIA_6mIIT_400-900_55.mzML	11.537828516667	11.45246925	11.622784583333	2.157357668327832E-05	0
VEHIEWFR	2	Ast-2024-12-05_HeLa_3mzDIA_6mIIT_400-900_60.mzML	11.4621438	11.392385316667	11.528968116667	2.0708650003106297E-05	1
VEILSEGNEVQFIQLAK	3	Ast-2024-12-05_HeLa_3mzDIA_6mIIT_400-900_49.mzML	17.594852916667	17.5747862	17.655575833333	0.0005157857588837311	0
VEILSEGNEVQFIQLAK	3	Ast-2024-12-05_HeLa_3mzDIA_6mIIT_400-900_55.mzML	17.560871383333	17.498590083333	17.6015429	0.002596804943790678	0
VEILSEGNEVQFIQLAK	3	Ast-2024-12-05_HeLa_3mzDIA_6mIIT_400-900_60.mzML	17.522895183333	17.42004175	17.522895183333	0.00047490467984640227	1
VESTDVSDLLHQYR	2	Ast-2024-12-05_HeLa_3mzDIA_6mIIT_400-900_49.mzML	13.2769747	13.209613066667	13.344723566667	3.127345509131849E-05	0
VESTDVSDLLHQYR	2	Ast-2024-12-05_HeLa_3mzDIA_6mIIT_400-900_55.mzML	13.226355333333	13.158411883333	13.29315285	2.157357668327832E-05	0
VESTDVSDLLHQYR	2	Ast-2024-12-05_HeLa_3mzDIA_6mIIT_400-900_60.mzML	13.174315183333	13.107322716667	13.24158765	2.0708650003106297E-05	1
VETFSSLK	2	Ast-2024-12-05_HeLa_3mzDIA_6mIIT_400-900_49.mzML	8.772378183333	8.772378183333	8.908798333333	6.014193496652099E-05	0
VETFSSLK	2	Ast-2024-12-05_HeLa_3mzDIA_6mIIT_400-900_55.mzML	8.785301183333	8.716612166667	8.853253133333	2.157357668327832E-05	1
VETFSSLK	2	Ast-2024-12-05_HeLa_3mzDIA_6mIIT_400-900_60.mzML	8.7211304	8.6679879	8.77303455	0.00010414677752512541	0
VEYYPVSGGK	2	Ast-2024-12-05_HeLa_3mzDIA_6mIIT_400-900_49.mzML	8.1895166	8.1542793	8.275665666667	0.001392389040402297	0
VEYYPVSGGK	2	Ast-2024-12-05_HeLa_3mzDIA_6mIIT_400-900_55.mzML	8.149960366667	8.079549633333	8.236290883333	0.0011907196035745643	0
VEYYPVSGGK	2	Ast-2024-12-05_HeLa_3mzDIA_6mIIT_400-900_60.mzML	8.113102033333	8.024865216667	8.2024035	0.00042400120361631995	1
VFFEQSK	2	Ast-2024-12-05_HeLa_3mzDIA_6mIIT_400-900_49.mzML	8.806436583333	8.737225916667	8.874524816667	0.0004194806829145518	0
VFFEQSK	2	Ast-2024-12-05_HeLa_3mzDIA_6mIIT_400-900_55.mzML	8.75111615	8.716460683333	8.819261083333	0.00019756811609820932	1
VFFEQSK	2	Ast-2024-12-05_HeLa_3mzDIA_6mIIT_400-900_60.mzML	8.720982733333	8.650359366667	8.7899533	0.0009086948403560092	0
VFGLPLPLLVER	2	Ast-2024-12-05_HeLa_3mzDIA_6mIIT_400-900_49.mzML	22.214155016667	22.1224812	22.30647075	0.00035244360902255637	0
VFGLPLPLLVER	2	Ast-2024-12-05_HeLa_3mzDIA_6mIIT_400-900_55.mzML	22.108926783333	22.040256766667	22.178100033333	0.0007196648418022464	0
VFGLPLPLLVER	2	Ast-2024-12-05_HeLa_3mzDIA_6mIIT_400-900_60.mzML	22.00904655	21.963310083333	22.1017715	0.00013742398735699316	1
VFLKPAEENSGNASR	3	Ast-2024-12-05_HeLa_3mzDIA_6mIIT_400-900_49.mzML		6.7059212	6.83460395	0.01688937781085191	0
VFLKPAEENSGNASR	3	Ast-2024-12-05_HeLa_3mzDIA_6mIIT_400-900_55.mzML	6.738157183333	6.68316795	6.79357925	0.0020974086853983625	1
VFLKPAEENSGNASR	3	Ast-2024-12-05_HeLa_3mzDIA_6mIIT_400-900_60.mzML	6.662949366667	6.626619233333	6.699841066667	0.003679586341547143	0
VFNELLVLLPDTAK	3	Ast-2024-12-05_HeLa_3mzDIA_6mIIT_400-900_49.mzML	20.77638575	20.687570066667	20.86541005	4.311738708634257E-05	0
VFNELLVLLPDTAK	3	Ast-2024-12-05_HeLa_3mzDIA_6mIIT_400-900_55.mzML	20.7068968	20.5728177	20.7961572	2.157357668327832E-05	1
VFNELLVLLPDTAK	3	Ast-2024-12-05_HeLa_3mzDIA_6mIIT_400-900_60.mzML	20.596892683333	20.50543085	20.688573533333	5.175536961959803E-05	0
VFYELQHSDKPVGTK	3	Ast-2024-12-05_HeLa_3mzDIA_6mIIT_400-900_49.mzML	8.405790733333	8.334164266667	8.475862816667	0.00017347056782699203	0
VFYELQHSDKPVGTK	3	Ast-2024-12-05_HeLa_3mzDIA_6mIIT_400-900_55.mzML	8.33130755	8.27778715	8.40210185	0.003959219128606044	0
VFYELQHSDKPVGTK	3	Ast-2024-12-05_HeLa_3mzDIA_6mIIT_400-900_60.mzML	8.316323083333	8.2086979	8.351796616667	2.0708650003106297E-05	1
VGDQILLAIK	2	Ast-2024-12-05_HeLa_3mzDIA_6mIIT_400-900_49.mzML	14.73086105	14.65988	14.80122105	3.127345509131849E-05	0
VGDQILLAIK	2	Ast-2024-12-05_HeLa_3mzDIA_6mIIT_400-900_55.mzML	14.669031866667	14.598799766667	14.739306	2.157357668327832E-05	0
VGDQILLAIK	2	Ast-2024-12-05_HeLa_3mzDIA_6mIIT_400-900_60.mzML	14.575066733333	14.520786733333	14.664492666667	2.0708650003106297E-05	1
VGEIEFEGLMR	2	Ast-2024-12-05_HeLa_3mzDIA_6mIIT_400-900_49.mzML	15.678672816667	15.624770866667	15.773077766667	4.735633272559373E-05	0
VGEIEFEGLMR	2	Ast-2024-12-05_HeLa_3mzDIA_6mIIT_400-900_55.mzML	15.627440883333	15.554958583333	15.702564066667	2.157357668327832E-05	0
VGEIEFEGLMR	2	Ast-2024-12-05_HeLa_3mzDIA_6mIIT_400-900_60.mzML	15.56109615	15.486135816667	15.638288333333	2.0708650003106297E-05	1
VGQETFYDVYR	2	Ast-2024-12-05_HeLa_3mzDIA_6mIIT_400-900_49.mzML	12.2208281	12.18806315	12.28674995	0.0004550092380663486	1
VGQETFYDVYR	2	Ast-2024-12-05_HeLa_3mzDIA_6mIIT_400-900_55.mzML	12.214995166667	12.127406933333	12.233034066667	0.0012974645875491013	0
VGQETFYDVYR	2	Ast-2024-12-05_HeLa_3mzDIA_6mIIT_400-900_60.mzML	12.103286916667	12.085664766667	12.1875434	0.001917817546328344	0
VGTEC[+57.0215]GNQK	2	Ast-2024-12-05_HeLa_3mzDIA_6mIIT_400-900_49.mzML	2.307921216667	2.2156582	2.3972182	3.127345509131849E-05	0
VGTEC[+57.0215]GNQK	2	Ast-2024-12-05_HeLa_3mzDIA_6mIIT_400-900_55.mzML	2.287014083333	2.240963533333	2.377297316667	2.157357668327832E-05	0
VGTEC[+57.0215]GNQK	2	Ast-2024-12-05_HeLa_3mzDIA_6mIIT_400-900_60.mzML	2.29123925	2.245151033333	2.380776066667	2.0708650003106297E-05	1
VHEHYLVHKPEK	2	Ast-2024-12-05_HeLa_3mzDIA_6mIIT_400-900_49.mzML	3.653830083333	3.59077955	3.695109433333	0.0005790311755648844	1
VHEHYLVHKPEK	2	Ast-2024-12-05_HeLa_3mzDIA_6mIIT_400-900_55.mzML		3.474668366667	3.600742833333	0.032531090771113075	0
VHEHYLVHKPEK	2	Ast-2024-12-05_HeLa_3mzDIA_6mIIT_400-900_60.mzML	3.606923633333	3.542836083333	3.670087766667	0.003528323400959532	0
VHQLYETIQR	2	Ast-2024-12-05_HeLa_3mzDIA_6mIIT_400-900_49.mzML	7.8912873	7.8193538	7.96150305	3.127345509131849E-05	0
VHQLYETIQR	2	Ast-2024-12-05_HeLa_3mzDIA_6mIIT_400-900_55.mzML	7.8323966	7.778672733333	7.884991633333	2.157357668327832E-05	0
VHQLYETIQR	2	Ast-2024-12-05_HeLa_3mzDIA_6mIIT_400-900_60.mzML	7.775933083333	7.739891116667	7.847582083333	2.0708650003106297E-05	1
VISNEFNSR	2	Ast-2024-12-05_HeLa_3mzDIA_6mIIT_400-900_49.mzML	7.256065233333	7.184483216667	7.32747805	4.735633272559373E-05	0
VISNEFNSR	2	Ast-2024-12-05_HeLa_3mzDIA_6mIIT_400-900_55.mzML	7.213249883333	7.1416376	7.2835893	4.178767681410752E-05	0
VISNEFNSR	2	Ast-2024-12-05_HeLa_3mzDIA_6mIIT_400-900_60.mzML	7.173461033333	7.118723633333	7.2264148	2.0708650003106297E-05	1
VKPLQDQNELFGK	2	Ast-2024-12-05_HeLa_3mzDIA_6mIIT_400-900_49.mzML	10.261109433333	10.194693566667	10.327839433333	5.449690275935984E-05	0
VKPLQDQNELFGK	2	Ast-2024-12-05_HeLa_3mzDIA_6mIIT_400-900_55.mzML	10.152438883333	10.118122416667	10.321219083333	3.7929072634174095E-05	0
VKPLQDQNELFGK	2	Ast-2024-12-05_HeLa_3mzDIA_6mIIT_400-900_60.mzML	10.1212556	10.037058483333	10.155904816667	3.554291807357384E-05	1
VLC[+57.0215]GGDIYVPEDPK	2	Ast-2024-12-05_HeLa_3mzDIA_6mIIT_400-900_49.mzML	12.110618783333	12.043546183333	12.14580745	3.127345509131849E-05	0
VLC[+57.0215]GGDIYVPEDPK	2	Ast-2024-12-05_HeLa_3mzDIA_6mIIT_400-900_55.mzML	12.066019066667	11.998919316667	12.1382764	2.157357668327832E-05	0
VLC[+57.0215]GGDIYVPEDPK	2	Ast-2024-12-05_HeLa_3mzDIA_6mIIT_400-900_60.mzML	12.008260666667	11.939945883333	12.078657716667	2.0708650003106297E-05	1
VLDIMPLTLHAC[+57.0215]MHQK	3	Ast-2024-12-05_HeLa_3mzDIA_6mIIT_400-900_49.mzML	14.38873585	14.311988933333	14.4605697	0.00012104862696271702	1
VLDIMPLTLHAC[+57.0215]MHQK	3	Ast-2024-12-05_HeLa_3mzDIA_6mIIT_400-900_55.mzML	14.288159516667	14.23445135	14.324679483333	0.0009268069646454037	0
VLDIMPLTLHAC[+57.0215]MHQK	3	Ast-2024-12-05_HeLa_3mzDIA_6mIIT_400-900_60.mzML	14.172881983333	14.12136355	14.207992883333	0.004391547861507129	0
VLEGHVFDVNC[+57.0215]C[+57.0215]R	2	Ast-2024-12-05_HeLa_3mzDIA_6mIIT_400-900_49.mzML	10.377335433333	10.3443994	10.443192466667	0.0001236380496097674	0
VLEGHVFDVNC[+57.0215]C[+57.0215]R	2	Ast-2024-12-05_HeLa_3mzDIA_6mIIT_400-900_55.mzML	10.321447466667	10.287467933333	10.387954816667	0.00016231921697209731	0
VLEGHVFDVNC[+57.0215]C[+57.0215]R	2	Ast-2024-12-05_HeLa_3mzDIA_6mIIT_400-900_60.mzML	10.253620783333	10.202178083333	10.30459525	2.0708650003106297E-05	1
VLIKPEIQNNQK	2	Ast-2024-12-05_HeLa_3mzDIA_6mIIT_400-900_49.mzML	7.793757116667	7.7392141	7.84771525	0.0010001786033220217	1
VLIKPEIQNNQK	2	Ast-2024-12-05_HeLa_3mzDIA_6mIIT_400-900_55.mzML	7.698703233333	7.6804093	7.770722266667	0.006085108588607267	0
VLIKPEIQNNQK	2	Ast-2024-12-05_HeLa_3mzDIA_6mIIT_400-900_60.mzML		7.623561016667	7.7680202	0.0186701963555299	0
VLPANSMAESR	2	Ast-2024-12-05_HeLa_3mzDIA_6mIIT_400-900_49.mzML	7.26574	7.229917716667	7.372468933333	3.127345509131849E-05	0
VLPANSMAESR	2	Ast-2024-12-05_HeLa_3mzDIA_6mIIT_400-900_55.mzML	7.22270595	7.187425233333	7.3283023	2.157357668327832E-05	0
VLPANSMAESR	2	Ast-2024-12-05_HeLa_3mzDIA_6mIIT_400-900_60.mzML	7.165235	7.147187366667	7.289625516667	2.0708650003106297E-05	1
VLPDPEVISDLVFLK	3	Ast-2024-12-05_HeLa_3mzDIA_6mIIT_400-900_49.mzML	22.529993616667	22.437729	22.646188083333	0.004298250317230533	0
VLPDPEVISDLVFLK	3	Ast-2024-12-05_HeLa_3mzDIA_6mIIT_400-900_55.mzML	22.4941802	22.379013166667	22.564277216667	0.00041369576326868323	1
VLPDPEVISDLVFLK	3	Ast-2024-12-05_HeLa_3mzDIA_6mIIT_400-900_60.mzML		22.21033815	22.41921555	0.013449624361080307	0
VLQEALC[+57.0215]VISGVPGLK	2	Ast-2024-12-05_HeLa_3mzDIA_6mIIT_400-900_49.mzML	18.503000366667	18.400971016667	18.5658996	3.127345509131849E-05	0
VLQEALC[+57.0215]VISGVPGLK	2	Ast-2024-12-05_HeLa_3mzDIA_6mIIT_400-900_55.mzML	18.402783583333	18.36065095	18.48705915	2.157357668327832E-05	0
VLQEALC[+57.0215]VISGVPGLK	2	Ast-2024-12-05_HeLa_3mzDIA_6mIIT_400-900_60.mzML	18.327440983333	18.265218366667	18.433594266667	2.0708650003106297E-05	1
VLVPLLR	2	Ast-2024-12-05_HeLa_3mzDIA_6mIIT_400-900_49.mzML	14.543198766667	14.456164266667	14.5956572	4.735633272559373E-05	0
VLVPLLR	2	Ast-2024-12-05_HeLa_3mzDIA_6mIIT_400-900_55.mzML	14.4431578	14.3728735	14.514203783333	2.157357668327832E-05	0
VLVPLLR	2	Ast-2024-12-05_HeLa_3mzDIA_6mIIT_400-900_60.mzML	14.34995195	14.277475933333	14.419443616667	2.0708650003106297E-05	1
VLWIPAC[+57.0215]PL	2	Ast-2024-12-05_HeLa_3mzDIA_6mIIT_400-900_49.mzML	20.792586683333	20.792586683333	20.971655583333	0.0008676312445009287	1
VLWIPAC[+57.0215]PL	2	Ast-2024-12-05_HeLa_3mzDIA_6mIIT_400-900_55.mzML	20.745460283333	20.723035083333	20.857648233333	0.0036812565355641394	0
VLWIPAC[+57.0215]PL	2	Ast-2024-12-05_HeLa_3mzDIA_6mIIT_400-900_60.mzML	20.728542183333	20.63610675	20.819705066667	0.0014382382760002828	0
VLYAYGYYTGEPSK	2	Ast-2024-12-05_HeLa_3mzDIA_6mIIT_400-900_49.mzML	12.146463733333	12.0774593	12.24731955	3.127345509131849E-05	0
VLYAYGYYTGEPSK	2	Ast-2024-12-05_HeLa_3mzDIA_6mIIT_400-900_55.mzML	12.102194733333	12.016318866667	12.226095633333	2.157357668327832E-05	0
VLYAYGYYTGEPSK	2	Ast-2024-12-05_HeLa_3mzDIA_6mIIT_400-900_60.mzML	12.044318616667	11.958031683333	12.164204016667	2.0708650003106297E-05	1
VMIWDDLK	2	Ast-2024-12-05_HeLa_3mzDIA_6mIIT_400-900_49.mzML	15.2960711	15.2960711	15.43875465	0.0005440840808960135	0
VMIWDDLK	2	Ast-2024-12-05_HeLa_3mzDIA_6mIIT_400-900_55.mzML	15.293623083333	15.25755395	15.365431283333	0.0024576252507218584	0
VMIWDDLK	2	Ast-2024-12-05_HeLa_3mzDIA_6mIIT_400-900_60.mzML	15.244057883333	15.170338	15.262493783333	9.054690329590728E-05	1
VMPAPPPK	2	Ast-2024-12-05_HeLa_3mzDIA_6mIIT_400-900_49.mzML	5.831470716667	5.737113383333	5.96335785	3.127345509131849E-05	0
VMPAPPPK	2	Ast-2024-12-05_HeLa_3mzDIA_6mIIT_400-900_55.mzML	5.786841983333	5.73122845	5.919403966667	2.157357668327832E-05	0
VMPAPPPK	2	Ast-2024-12-05_HeLa_3mzDIA_6mIIT_400-900_60.mzML	5.777909866667	5.664196333333	5.932662866667	2.0708650003106297E-05	1
VMVLDFVTPTPLGTR	3	Ast-2024-12-05_HeLa_3mzDIA_6mIIT_400-900_49.mzML	19.206386833333	19.163788566667	19.291218116667	3.127345509131849E-05	0
VMVLDFVTPTPLGTR	3	Ast-2024-12-05_HeLa_3mzDIA_6mIIT_400-900_55.mzML	19.139695933333	19.053793716667	19.227421266667	2.157357668327832E-05	0
VMVLDFVTPTPLGTR	3	Ast-2024-12-05_HeLa_3mzDIA_6mIIT_400-900_60.mzML	19.04599755	18.98159135	19.1551435	2.0708650003106297E-05	1
VNAVPRPIPEK	2	Ast-2024-12-05_HeLa_3mzDIA_6mIIT_400-900_49.mzML	7.113043833333	7.023364733333	7.1677249	3.127345509131849E-05	0
VNAVPRPIPEK	2	Ast-2024-12-05_HeLa_3mzDIA_6mIIT_400-900_55.mzML	7.05299335	6.98196615	7.125550833333	2.157357668327832E-05	0
VNAVPRPIPEK	2	Ast-2024-12-05_HeLa_3mzDIA_6mIIT_400-900_60.mzML	6.975079216667	6.921130333333	7.0658471	2.0708650003106297E-05	1
VNDFLAEIFKK	3	Ast-2024-12-05_HeLa_3mzDIA_6mIIT_400-900_49.mzML	17.43790525	17.377862716667	17.539586116667	3.127345509131849E-05	0
VNDFLAEIFKK	3	Ast-2024-12-05_HeLa_3mzDIA_6mIIT_400-900_55.mzML	17.378240166667	17.2762725	17.4413975	2.157357668327832E-05	1
VNDFLAEIFKK	3	Ast-2024-12-05_HeLa_3mzDIA_6mIIT_400-900_60.mzML	17.237279116667	17.153770533333	17.321071966667	3.924492759310859E-05	0
VNIVDLQQVINVDLIHIENR	3	Ast-2024-12-05_HeLa_3mzDIA_6mIIT_400-900_49.mzML	21.79367755	21.702965316667	21.839288333333	0.0005539216332775016	0
VNIVDLQQVINVDLIHIENR	3	Ast-2024-12-05_HeLa_3mzDIA_6mIIT_400-900_55.mzML	21.709393216667	21.663665933333	21.84774355	0.001460843549499223	0
VNIVDLQQVINVDLIHIENR	3	Ast-2024-12-05_HeLa_3mzDIA_6mIIT_400-900_60.mzML	21.629538083333	21.53718635	21.676114416667	0.00010414677752512541	1
VNVEDAGGETLGR	2	Ast-2024-12-05_HeLa_3mzDIA_6mIIT_400-900_49.mzML	8.944988916667	8.8773174	8.978595066667	6.014193496652099E-05	1
VNVEDAGGETLGR	2	Ast-2024-12-05_HeLa_3mzDIA_6mIIT_400-900_55.mzML		8.787976116667	8.855976883333	1	0
VNVEDAGGETLGR	2	Ast-2024-12-05_HeLa_3mzDIA_6mIIT_400-900_60.mzML	8.878012983333	8.810028716667	8.929259816667	0.00014914490255866366	0
VPFLEFK	2	Ast-2024-12-05_HeLa_3mzDIA_6mIIT_400-900_49.mzML	15.052734616667	15.017466466667	15.142807966667	0.006250257000699042	0
VPFLEFK	2	Ast-2024-12-05_HeLa_3mzDIA_6mIIT_400-900_55.mzML	14.972905666667	14.955331016667	15.099414783333	0.004391799159646123	0
VPFLEFK	2	Ast-2024-12-05_HeLa_3mzDIA_6mIIT_400-900_60.mzML	14.880038466667	14.861690566667	14.9725702	0.0004014452027298274	1
VPFSEEIR	2	Ast-2024-12-05_HeLa_3mzDIA_6mIIT_400-900_49.mzML	10.23496615	10.152354966667	10.252214683333	0.0029812332439678284	0
VPFSEEIR	2	Ast-2024-12-05_HeLa_3mzDIA_6mIIT_400-900_55.mzML	10.109129733333	10.09260055	10.193422733333	0.0006744750119978728	1
VPFSEEIR	2	Ast-2024-12-05_HeLa_3mzDIA_6mIIT_400-900_60.mzML	10.06168985	10.028605216667	10.129370866667	0.0011167352487770534	0
VPGIFISR	2	Ast-2024-12-05_HeLa_3mzDIA_6mIIT_400-900_49.mzML	12.1928864	12.158321516667	12.291695616667	0.000721445929526124	0
VPGIFISR	2	Ast-2024-12-05_HeLa_3mzDIA_6mIIT_400-900_55.mzML	12.202672033333	12.114730733333	12.254603866667	0.0005239329903139568	0
VPGIFISR	2	Ast-2024-12-05_HeLa_3mzDIA_6mIIT_400-900_60.mzML	12.090633033333	12.02068695	12.142236266667	0.0004014452027298274	1
VPITYLELLN	2	Ast-2024-12-05_HeLa_3mzDIA_6mIIT_400-900_49.mzML	20.537885966667	20.447860866667	20.627763966667	3.127345509131849E-05	0
VPITYLELLN	2	Ast-2024-12-05_HeLa_3mzDIA_6mIIT_400-900_55.mzML	20.49009765	20.398880583333	20.534925383333	2.157357668327832E-05	0
VPITYLELLN	2	Ast-2024-12-05_HeLa_3mzDIA_6mIIT_400-900_60.mzML	20.39702535	20.281718916667	20.466184566667	2.0708650003106297E-05	1
VPLQTLHMTSENQEK	3	Ast-2024-12-05_HeLa_3mzDIA_6mIIT_400-900_49.mzML	9.147565883333	9.0961936	9.1813392	0.0001048327916972429	1
VPLQTLHMTSENQEK	3	Ast-2024-12-05_HeLa_3mzDIA_6mIIT_400-900_55.mzML	9.04273605	9.025828533333	9.163709966667	0.000251853484235546	0
VPLQTLHMTSENQEK	3	Ast-2024-12-05_HeLa_3mzDIA_6mIIT_400-900_60.mzML	8.979024283333	8.928269633333	9.064284666667	0.0002631425062861821	0
VPVFSHEVVPDHLR	3	Ast-2024-12-05_HeLa_3mzDIA_6mIIT_400-900_49.mzML	11.12041705	11.08613955	11.188095166667	6.014193496652099E-05	0
VPVFSHEVVPDHLR	3	Ast-2024-12-05_HeLa_3mzDIA_6mIIT_400-900_55.mzML	11.047768016667	11.013508616667	11.132866616667	0.00014917858541406382	0
VPVFSHEVVPDHLR	3	Ast-2024-12-05_HeLa_3mzDIA_6mIIT_400-900_60.mzML	11.007571466667	10.939768683333	11.040816116667	2.0708650003106297E-05	1
VQAAHQWR	2	Ast-2024-12-05_HeLa_3mzDIA_6mIIT_400-900_49.mzML	4.1395356	4.099450733333	4.22165605	0.0017708298085924723	0
VQAAHQWR	2	Ast-2024-12-05_HeLa_3mzDIA_6mIIT_400-900_55.mzML	4.146496566667	4.04329595	4.146496566667	0.00047805717563820634	0
VQAAHQWR	2	Ast-2024-12-05_HeLa_3mzDIA_6mIIT_400-900_60.mzML	4.10066615	4.017523683333	4.1430367	0.00022717979008587396	1
VQAWYMDDAPGDPR	2	Ast-2024-12-05_HeLa_3mzDIA_6mIIT_400-900_49.mzML	12.6670542	12.5831371	12.720160283333	3.127345509131849E-05	0
VQAWYMDDAPGDPR	2	Ast-2024-12-05_HeLa_3mzDIA_6mIIT_400-900_55.mzML	12.606321433333	12.571734816667	12.6784836	2.157357668327832E-05	0
VQAWYMDDAPGDPR	2	Ast-2024-12-05_HeLa_3mzDIA_6mIIT_400-900_60.mzML	12.55933685	12.489435766667	12.6280047	2.0708650003106297E-05	1
VQTDAFVSNELDDPDDLQC[+57.0215]K	3	Ast-2024-12-05_HeLa_3mzDIA_6mIIT_400-900_49.mzML	14.1506418	14.083795333333	14.219220083333	4.735633272559373E-05	0
VQTDAFVSNELDDPDDLQC[+57.0215]K	3	Ast-2024-12-05_HeLa_3mzDIA_6mIIT_400-900_55.mzML	14.10374955	14.05033575	14.174963466667	2.157357668327832E-05	0
VQTDAFVSNELDDPDDLQC[+57.0215]K	3	Ast-2024-12-05_HeLa_3mzDIA_6mIIT_400-900_60.mzML	14.062553133333	14.029366983333	14.13181815	2.0708650003106297E-05	1
VRELISDNQYR	2	Ast-2024-12-05_HeLa_3mzDIA_6mIIT_400-900_49.mzML	7.753724583333	7.7172499	7.825705016667	0.0038486498179327254	0
VRELISDNQYR	2	Ast-2024-12-05_HeLa_3mzDIA_6mIIT_400-900_55.mzML	7.731053216667	7.676491366667	7.80263775	0.003581226639170702	1
VRELISDNQYR	2	Ast-2024-12-05_HeLa_3mzDIA_6mIIT_400-900_60.mzML	7.656255816667	7.601869766667	7.74640365	0.008150312573157726	0
VTEGQQER	2	Ast-2024-12-05_HeLa_3mzDIA_6mIIT_400-900_49.mzML	2.329969433333	2.284605333333	2.419356883333	4.735633272559373E-05	0
VTEGQQER	2	Ast-2024-12-05_HeLa_3mzDIA_6mIIT_400-900_55.mzML	2.309089666667	2.263533216667	2.3992409	4.178767681410752E-05	0
VTEGQQER	2	Ast-2024-12-05_HeLa_3mzDIA_6mIIT_400-900_60.mzML	2.31300705	2.267783683333	2.403017966667	2.0708650003106297E-05	1
VTHELQAMK	2	Ast-2024-12-05_HeLa_3mzDIA_6mIIT_400-900_49.mzML	5.244353533333	5.16675925	5.320236633333	3.127345509131849E-05	0
VTHELQAMK	2	Ast-2024-12-05_HeLa_3mzDIA_6mIIT_400-900_55.mzML	5.198423233333	5.140037	5.25628895	2.157357668327832E-05	0
VTHELQAMK	2	Ast-2024-12-05_HeLa_3mzDIA_6mIIT_400-900_60.mzML	5.166321316667	5.1269383	5.243209483333	2.0708650003106297E-05	1
VTMINAIPVASLDPIK	3	Ast-2024-12-05_HeLa_3mzDIA_6mIIT_400-900_49.mzML	18.93084875	18.847144966667	19.014866983333	3.127345509131849E-05	0
VTMINAIPVASLDPIK	3	Ast-2024-12-05_HeLa_3mzDIA_6mIIT_400-900_55.mzML	18.838587866667	18.731786433333	18.946111016667	2.157357668327832E-05	0
VTMINAIPVASLDPIK	3	Ast-2024-12-05_HeLa_3mzDIA_6mIIT_400-900_60.mzML	18.766077166667	18.680482566667	18.85199775	2.0708650003106297E-05	1
VTPPAVTGSPEFER	2	Ast-2024-12-05_HeLa_3mzDIA_6mIIT_400-900_49.mzML	10.929182233333	10.85924305	11.02905945	3.127345509131849E-05	0
VTPPAVTGSPEFER	2	Ast-2024-12-05_HeLa_3mzDIA_6mIIT_400-900_55.mzML	10.8913005	10.789852033333	10.95765615	2.157357668327832E-05	0
VTPPAVTGSPEFER	2	Ast-2024-12-05_HeLa_3mzDIA_6mIIT_400-900_60.mzML	10.84961515	10.745851033333	10.917142516667	2.0708650003106297E-05	1
VTSLETATEK	2	Ast-2024-12-05_HeLa_3mzDIA_6mIIT_400-900_49.mzML	6.17223795	6.11618245	6.248091416667	0.0005157857588837311	0
VTSLETATEK	2	Ast-2024-12-05_HeLa_3mzDIA_6mIIT_400-900_55.mzML	6.148319433333	6.129141266667	6.2237017	0.00041956281554620084	0
VTSLETATEK	2	Ast-2024-12-05_HeLa_3mzDIA_6mIIT_400-900_60.mzML	6.084731	6.0661009	6.160519	2.0708650003106297E-05	1
VTSVQIHGTSEER	3	Ast-2024-12-05_HeLa_3mzDIA_6mIIT_400-900_49.mzML	5.628822616667	5.55224575	5.7046204	0.003114094943259358	0
VTSVQIHGTSEER	3	Ast-2024-12-05_HeLa_3mzDIA_6mIIT_400-900_55.mzML	5.60327305	5.546177233333	5.641946783333	0.00912105429158391	0
VTSVQIHGTSEER	3	Ast-2024-12-05_HeLa_3mzDIA_6mIIT_400-900_60.mzML	5.553687	5.534010066667	5.612458516667	0.0005930646324162151	1
VVAC[+57.0215]TSAFLLWDPTK	3	Ast-2024-12-05_HeLa_3mzDIA_6mIIT_400-900_49.mzML	18.868555266667	18.6389016	19.058104816667	0.00016787229496688336	0
VVAC[+57.0215]TSAFLLWDPTK	3	Ast-2024-12-05_HeLa_3mzDIA_6mIIT_400-900_55.mzML	18.75319295	18.58351865	18.86039745	0.00024558626899882663	0
VVAC[+57.0215]TSAFLLWDPTK	3	Ast-2024-12-05_HeLa_3mzDIA_6mIIT_400-900_60.mzML	18.638721316667	18.5307796	18.76639615	2.0708650003106297E-05	1
VVALLGFGYR	2	Ast-2024-12-05_HeLa_3mzDIA_6mIIT_400-900_49.mzML		16.434564766667	16.510232	0.010848364199392732	0
VVALLGFGYR	2	Ast-2024-12-05_HeLa_3mzDIA_6mIIT_400-900_55.mzML	16.360068883333	16.321836766667	16.418607016667	0.0006394696317176937	1
VVALLGFGYR	2	Ast-2024-12-05_HeLa_3mzDIA_6mIIT_400-900_60.mzML	16.31028535	16.230708733333	16.330226633333	0.006221860930465233	0
VVAQVLTLLDGASGDR	3	Ast-2024-12-05_HeLa_3mzDIA_6mIIT_400-900_49.mzML	18.49696155	18.4154471	18.5807709	0.0008676312445009287	0
VVAQVLTLLDGASGDR	3	Ast-2024-12-05_HeLa_3mzDIA_6mIIT_400-900_55.mzML	18.417116633333	18.333575333333	18.459531266667	4.178767681410752E-05	0
VVAQVLTLLDGASGDR	3	Ast-2024-12-05_HeLa_3mzDIA_6mIIT_400-900_60.mzML	18.3420683	18.280108316667	18.4058142	2.0708650003106297E-05	1
VVHFLGR	2	Ast-2024-12-05_HeLa_3mzDIA_6mIIT_400-900_49.mzML	8.334788083333	8.300168583333	8.4064155	8.922516863556873E-05	0
VVHFLGR	2	Ast-2024-12-05_HeLa_3mzDIA_6mIIT_400-900_55.mzML	8.26070415	8.225488216667	8.331931383333	0.00022830305599947815	0
VVHFLGR	2	Ast-2024-12-05_HeLa_3mzDIA_6mIIT_400-900_60.mzML	8.173283116667	8.1377591	8.244719016667	5.721696673787E-05	1
VVLPC[+57.0215]SVQEYQVGQLYSVAEASK	3	Ast-2024-12-05_HeLa_3mzDIA_6mIIT_400-900_49.mzML	17.375721566667	17.294616583333	17.455831866667	3.127345509131849E-05	0
VVLPC[+57.0215]SVQEYQVGQLYSVAEASK	3	Ast-2024-12-05_HeLa_3mzDIA_6mIIT_400-900_55.mzML	17.314513233333	17.23187175	17.3970963	2.157357668327832E-05	0
VVLPC[+57.0215]SVQEYQVGQLYSVAEASK	3	Ast-2024-12-05_HeLa_3mzDIA_6mIIT_400-900_60.mzML	17.25582065	17.172695783333	17.339479833333	2.0708650003106297E-05	1
VVNGAAASQPPSK	2	Ast-2024-12-05_HeLa_3mzDIA_6mIIT_400-900_49.mzML	4.450765016667	4.409572033333	4.530672866667	0.0003594122890249863	0
VVNGAAASQPPSK	2	Ast-2024-12-05_HeLa_3mzDIA_6mIIT_400-900_55.mzML	4.43810845	4.356163016667	4.519563366667	2.157357668327832E-05	0
VVNGAAASQPPSK	2	Ast-2024-12-05_HeLa_3mzDIA_6mIIT_400-900_60.mzML	4.418790516667	4.335829416667	4.502365333333	2.0708650003106297E-05	1
VVNSETPVVVDFHAQWC[+57.0215]GPC[+57.0215]K	3	Ast-2024-12-05_HeLa_3mzDIA_6mIIT_400-900_49.mzML	14.497569466667	14.4456555	14.584668016667	6.014193496652099E-05	0
VVNSETPVVVDFHAQWC[+57.0215]GPC[+57.0215]K	3	Ast-2024-12-05_HeLa_3mzDIA_6mIIT_400-900_55.mzML	14.432475416667	14.36162805	14.521026433333	2.157357668327832E-05	0
VVNSETPVVVDFHAQWC[+57.0215]GPC[+57.0215]K	3	Ast-2024-12-05_HeLa_3mzDIA_6mIIT_400-900_60.mzML	14.37383995	14.321186283333	14.461970866667	2.0708650003106297E-05	1
VWDDGIIDPADTR	3	Ast-2024-12-05_HeLa_3mzDIA_6mIIT_400-900_49.mzML	14.023908883333	13.974157866667	14.141886283333	0.004298250317230533	1
VWDDGIIDPADTR	3	Ast-2024-12-05_HeLa_3mzDIA_6mIIT_400-900_55.mzML	14.0413141	13.93569835	14.094597916667	0.008896402165189625	0
VWDDGIIDPADTR	3	Ast-2024-12-05_HeLa_3mzDIA_6mIIT_400-900_60.mzML		13.880573183333	14.0539335	0.012190101738202654	0
VWNNSSTVNAVPVAPPVC[+57.0215]DVAR	3	Ast-2024-12-05_HeLa_3mzDIA_6mIIT_400-900_49.mzML	14.471458116667	14.3813937	14.558204066667	3.127345509131849E-05	0
VWNNSSTVNAVPVAPPVC[+57.0215]DVAR	3	Ast-2024-12-05_HeLa_3mzDIA_6mIIT_400-900_55.mzML	14.423480266667	14.335957983333	14.511845983333	2.157357668327832E-05	0
VWNNSSTVNAVPVAPPVC[+57.0215]DVAR	3	Ast-2024-12-05_HeLa_3mzDIA_6mIIT_400-900_60.mzML	14.365109033333	14.31184745	14.452943183333	2.0708650003106297E-05	1
VYWSTTDAR	2	Ast-2024-12-05_HeLa_3mzDIA_6mIIT_400-900_49.mzML	8.781938716667	8.764609766667	8.85011945	0.00019287023047992542	1
VYWSTTDAR	2	Ast-2024-12-05_HeLa_3mzDIA_6mIIT_400-900_55.mzML	8.760936016667	8.6557277	8.7779616	0.0002032692470568307	0
VYWSTTDAR	2	Ast-2024-12-05_HeLa_3mzDIA_6mIIT_400-900_60.mzML	8.713391683333	8.6428493	8.748219816667	0.001798581755278322	0
WDAC[+57.0215]ANMK	2	Ast-2024-12-05_HeLa_3mzDIA_6mIIT_400-900_49.mzML	7.53172655	7.496072066667	7.56662295	0.0006105244014912384	1
WDAC[+57.0215]ANMK	2	Ast-2024-12-05_HeLa_3mzDIA_6mIIT_400-900_55.mzML	7.489208566667	7.4166493	7.5423738	0.005858888057840937	0
WDAC[+57.0215]ANMK	2	Ast-2024-12-05_HeLa_3mzDIA_6mIIT_400-900_60.mzML		7.432238966667	7.503578666667	0.01244545013738484	0
WDGEGSMYVPEDLLPVYK	3	Ast-2024-12-05_HeLa_3mzDIA_6mIIT_400-900_49.mzML	19.385958033333	19.299809316667	19.473096316667	4.735633272559373E-05	0
WDGEGSMYVPEDLLPVYK	3	Ast-2024-12-05_HeLa_3mzDIA_6mIIT_400-900_55.mzML	19.2797665	19.192079	19.366994266667	2.157357668327832E-05	1
WDGEGSMYVPEDLLPVYK	3	Ast-2024-12-05_HeLa_3mzDIA_6mIIT_400-900_60.mzML	19.208310933333	19.1636865	19.2965834	3.924492759310859E-05	0
WDLVC[+57.0215]DYQSLK	3	Ast-2024-12-05_HeLa_3mzDIA_6mIIT_400-900_49.mzML	15.807127166667	15.711269916667	15.844020566667	0.0009475262368815593	1
WDLVC[+57.0215]DYQSLK	3	Ast-2024-12-05_HeLa_3mzDIA_6mIIT_400-900_55.mzML		15.624026283333	15.679768566667	1	0
WDLVC[+57.0215]DYQSLK	3	Ast-2024-12-05_HeLa_3mzDIA_6mIIT_400-900_60.mzML		15.557633766667	15.615467816667	0.04109308183469041	0
WEDRGPSGQGQGQFLIQQVTLK	3	Ast-2024-12-05_HeLa_3mzDIA_6mIIT_400-900_49.mzML	14.840887916667	14.770167683333	14.8761082	3.127345509131849E-05	0
WEDRGPSGQGQGQFLIQQVTLK	3	Ast-2024-12-05_HeLa_3mzDIA_6mIIT_400-900_55.mzML	14.7794288	14.6910783	14.83213975	2.157357668327832E-05	0
WEDRGPSGQGQGQFLIQQVTLK	3	Ast-2024-12-05_HeLa_3mzDIA_6mIIT_400-900_60.mzML	14.687446716667	14.616159966667	14.723491983333	2.0708650003106297E-05	1
WFHFNDSTVTLTDEETVVK	3	Ast-2024-12-05_HeLa_3mzDIA_6mIIT_400-900_49.mzML	16.280250983333	16.243520616667	16.354329533333	0.009164671051966817	0
WFHFNDSTVTLTDEETVVK	3	Ast-2024-12-05_HeLa_3mzDIA_6mIIT_400-900_55.mzML	16.258404983333	16.1825579	16.258404983333	0.005366128661808615	0
WFHFNDSTVTLTDEETVVK	3	Ast-2024-12-05_HeLa_3mzDIA_6mIIT_400-900_60.mzML	16.205236533333	16.090014583333	16.205236533333	0.0015316800542518737	1
WIDIHNPATNEVIGR	2	Ast-2024-12-05_HeLa_3mzDIA_6mIIT_400-900_49.mzML	13.585988383333	13.46801255	13.636639583333	6.014193496652099E-05	0
WIDIHNPATNEVIGR	2	Ast-2024-12-05_HeLa_3mzDIA_6mIIT_400-900_55.mzML	13.505705066667	13.435450866667	13.590862583333	2.157357668327832E-05	0
WIDIHNPATNEVIGR	2	Ast-2024-12-05_HeLa_3mzDIA_6mIIT_400-900_60.mzML	13.41696725	13.366351516667	13.5012721	2.0708650003106297E-05	1
WLAPDGLIFPDR	2	Ast-2024-12-05_HeLa_3mzDIA_6mIIT_400-900_49.mzML	18.378402966667	18.297574516667	18.459192033333	3.127345509131849E-05	0
WLAPDGLIFPDR	2	Ast-2024-12-05_HeLa_3mzDIA_6mIIT_400-900_55.mzML	18.295195666667	18.232737316667	18.400407	2.157357668327832E-05	0
WLAPDGLIFPDR	2	Ast-2024-12-05_HeLa_3mzDIA_6mIIT_400-900_60.mzML	18.2419801	18.15789695	18.32495765	2.0708650003106297E-05	1
WLLLC[+57.0215]NPGLAELIAEK	3	Ast-2024-12-05_HeLa_3mzDIA_6mIIT_400-900_49.mzML	22.178405116667	22.110061983333	22.2244321	0.0009055018291136948	1
WLLLC[+57.0215]NPGLAELIAEK	3	Ast-2024-12-05_HeLa_3mzDIA_6mIIT_400-900_55.mzML	22.0962388	22.0277641	22.165429433333	0.0022035011184437497	0
WLLLC[+57.0215]NPGLAELIAEK	3	Ast-2024-12-05_HeLa_3mzDIA_6mIIT_400-900_60.mzML	21.97355215	21.92739835	22.065762816667	0.007851732938174035	0
WLLVESK	2	Ast-2024-12-05_HeLa_3mzDIA_6mIIT_400-900_49.mzML	12.826228683333	12.757650983333	12.893649866667	6.014193496652099E-05	0
WLLVESK	2	Ast-2024-12-05_HeLa_3mzDIA_6mIIT_400-900_55.mzML	12.7696052	12.71740045	12.82050645	2.157357668327832E-05	1
WLLVESK	2	Ast-2024-12-05_HeLa_3mzDIA_6mIIT_400-900_60.mzML	12.66748935	12.63086965	12.735139666667	0.0005497747264535507	0
WNENVQYLSEDR	2	Ast-2024-12-05_HeLa_3mzDIA_6mIIT_400-900_49.mzML	11.5625744	11.513680383333	11.630378183333	3.127345509131849E-05	0
WNENVQYLSEDR	2	Ast-2024-12-05_HeLa_3mzDIA_6mIIT_400-900_55.mzML	11.5328602	11.44723575	11.583695083333	2.157357668327832E-05	0
WNENVQYLSEDR	2	Ast-2024-12-05_HeLa_3mzDIA_6mIIT_400-900_60.mzML	11.456692733333	11.422645866667	11.523943766667	2.0708650003106297E-05	1
WQPTASEPVK	2	Ast-2024-12-05_HeLa_3mzDIA_6mIIT_400-900_49.mzML	8.302519583333	8.234115166667	8.3371474	3.127345509131849E-05	0
WQPTASEPVK	2	Ast-2024-12-05_HeLa_3mzDIA_6mIIT_400-900_55.mzML	8.245537866667	8.210374633333	8.352392216667	4.178767681410752E-05	0
WQPTASEPVK	2	Ast-2024-12-05_HeLa_3mzDIA_6mIIT_400-900_60.mzML	8.211737033333	8.1756911	8.2834594	2.0708650003106297E-05	1
WSNAGELMELIR	2	Ast-2024-12-05_HeLa_3mzDIA_6mIIT_400-900_49.mzML	18.338319933333	18.256993833333	18.419047366667	3.127345509131849E-05	0
WSNAGELMELIR	2	Ast-2024-12-05_HeLa_3mzDIA_6mIIT_400-900_55.mzML	18.253943133333	18.16943895	18.337344683333	2.157357668327832E-05	0
WSNAGELMELIR	2	Ast-2024-12-05_HeLa_3mzDIA_6mIIT_400-900_60.mzML	18.158019883333	18.11508945	18.242124366667	2.0708650003106297E-05	1
WTDLALQYLHENVPPIGN	3	Ast-2024-12-05_HeLa_3mzDIA_6mIIT_400-900_49.mzML		19.001720733333	19.108309666667	0.01073213908530391	0
WTDLALQYLHENVPPIGN	3	Ast-2024-12-05_HeLa_3mzDIA_6mIIT_400-900_55.mzML	19.040787316667	18.93293265	19.083726083333	0.000983610588567986	1
WTDLALQYLHENVPPIGN	3	Ast-2024-12-05_HeLa_3mzDIA_6mIIT_400-900_60.mzML	18.904055666667	18.816955366667	19.0113741	0.004091809986573748	0
WTSPQVIK	2	Ast-2024-12-05_HeLa_3mzDIA_6mIIT_400-900_49.mzML	9.784681133333	9.784681133333	9.9020413	0.0010117361392148927	0
WTSPQVIK	2	Ast-2024-12-05_HeLa_3mzDIA_6mIIT_400-900_55.mzML	9.721654016667	9.721654016667	9.805998583333	0.0010951036698140758	0
WTSPQVIK	2	Ast-2024-12-05_HeLa_3mzDIA_6mIIT_400-900_60.mzML	9.671717816667	9.671717816667	9.842429933333	2.0708650003106297E-05	1
WVWDQEEER	2	Ast-2024-12-05_HeLa_3mzDIA_6mIIT_400-900_49.mzML	12.581108766667	12.5178884	12.682352383333	3.127345509131849E-05	1
WVWDQEEER	2	Ast-2024-12-05_HeLa_3mzDIA_6mIIT_400-900_55.mzML	12.569575383333	12.501408816667	12.639673133333	0.00016493485073396007	0
WVWDQEEER	2	Ast-2024-12-05_HeLa_3mzDIA_6mIIT_400-900_60.mzML	12.4871069	12.41998185	12.557139366667	5.721696673787E-05	0
YASETLQAQSEEAR	2	Ast-2024-12-05_HeLa_3mzDIA_6mIIT_400-900_49.mzML	7.269319033333	7.233628116667	7.340806883333	3.127345509131849E-05	0
YASETLQAQSEEAR	2	Ast-2024-12-05_HeLa_3mzDIA_6mIIT_400-900_55.mzML	7.243910716667	7.17331465	7.3141888	2.157357668327832E-05	0
YASETLQAQSEEAR	2	Ast-2024-12-05_HeLa_3mzDIA_6mIIT_400-900_60.mzML	7.204518683333	7.1508174	7.293014416667	2.0708650003106297E-05	1
YDNEAIGLWLPLTK	3	Ast-2024-12-05_HeLa_3mzDIA_6mIIT_400-900_49.mzML		19.876853916667	20.031919116667	1	0
YDNEAIGLWLPLTK	3	Ast-2024-12-05_HeLa_3mzDIA_6mIIT_400-900_55.mzML	19.84236815	19.7980911	19.932703666667	0.003975180253863235	1
YDNEAIGLWLPLTK	3	Ast-2024-12-05_HeLa_3mzDIA_6mIIT_400-900_60.mzML		19.735040166667	19.872689	0.016824870262103397	0
YEAELSELEQSER	2	Ast-2024-12-05_HeLa_3mzDIA_6mIIT_400-900_49.mzML	11.785591183333	11.6824069	11.785591183333	6.014193496652099E-05	0
YEAELSELEQSER	2	Ast-2024-12-05_HeLa_3mzDIA_6mIIT_400-900_55.mzML	11.72006485	11.669478066667	11.785340216667	2.157357668327832E-05	1
YEAELSELEQSER	2	Ast-2024-12-05_HeLa_3mzDIA_6mIIT_400-900_60.mzML	11.67715065	11.6262312	11.693907616667	0.00016325730984604835	0
YEDEINK	2	Ast-2024-12-05_HeLa_3mzDIA_6mIIT_400-900_49.mzML	4.931078333333	4.853996	5.011556683333	3.127345509131849E-05	0
YEDEINK	2	Ast-2024-12-05_HeLa_3mzDIA_6mIIT_400-900_55.mzML	4.904336166667	4.84568615	5.004813516667	2.157357668327832E-05	1
YEDEINK	2	Ast-2024-12-05_HeLa_3mzDIA_6mIIT_400-900_60.mzML	4.889570533333	4.850978	5.00929695	0.0003524402966137536	0
YEELFPAFSDSR	2	Ast-2024-12-05_HeLa_3mzDIA_6mIIT_400-900_49.mzML	16.103249866667	15.976278366667	16.195845633333	6.014193496652099E-05	0
YEELFPAFSDSR	2	Ast-2024-12-05_HeLa_3mzDIA_6mIIT_400-900_55.mzML	16.040215916667	15.910681166667	16.1345382	0.0002032692470568307	0
YEELFPAFSDSR	2	Ast-2024-12-05_HeLa_3mzDIA_6mIIT_400-900_60.mzML	15.9446112	15.870221033333	16.060052766667	2.0708650003106297E-05	1
YFFDFLDEQAEK	2	Ast-2024-12-05_HeLa_3mzDIA_6mIIT_400-900_49.mzML	19.354583633333	19.31192855	19.485446616667	3.127345509131849E-05	0
YFFDFLDEQAEK	2	Ast-2024-12-05_HeLa_3mzDIA_6mIIT_400-900_55.mzML	19.314207316667	19.22661425	19.357539816667	2.157357668327832E-05	0
YFFDFLDEQAEK	2	Ast-2024-12-05_HeLa_3mzDIA_6mIIT_400-900_60.mzML	19.220866633333	19.132429716667	19.308762833333	2.0708650003106297E-05	1
YFGDTDMYHR	3	Ast-2024-12-05_HeLa_3mzDIA_6mIIT_400-900_49.mzML	8.99497705	8.928022883333	9.06329455	0.00039210881019482904	0
YFGDTDMYHR	3	Ast-2024-12-05_HeLa_3mzDIA_6mIIT_400-900_55.mzML	8.9589004	8.90796295	9.00955525	0.000988163519580675	0
YFGDTDMYHR	3	Ast-2024-12-05_HeLa_3mzDIA_6mIIT_400-900_60.mzML	8.951871183333	8.866480766667	8.951871183333	0.00014914490255866366	1
YFLQTTTPLDYEK	2	Ast-2024-12-05_HeLa_3mzDIA_6mIIT_400-900_49.mzML	14.8144516	14.72643205	14.8490139	0.0007580653178903415	0
YFLQTTTPLDYEK	2	Ast-2024-12-05_HeLa_3mzDIA_6mIIT_400-900_55.mzML	14.716909283333	14.664671816667	14.76994615	9.531616371504279E-05	1
YFLQTTTPLDYEK	2	Ast-2024-12-05_HeLa_3mzDIA_6mIIT_400-900_60.mzML	14.642075	14.607001416667	14.713962666667	0.0006344003594935371	0
YGEVMPVYR	2	Ast-2024-12-05_HeLa_3mzDIA_6mIIT_400-900_49.mzML	10.478141833333	10.426568933333	10.544464933333	0.00023090066653325738	0
YGEVMPVYR	2	Ast-2024-12-05_HeLa_3mzDIA_6mIIT_400-900_55.mzML	10.456571283333	10.3884087	10.523760783333	2.157357668327832E-05	0
YGEVMPVYR	2	Ast-2024-12-05_HeLa_3mzDIA_6mIIT_400-900_60.mzML	10.378557583333	10.326829816667	10.4622921	2.0708650003106297E-05	1
YGEYEWVHK	2	Ast-2024-12-05_HeLa_3mzDIA_6mIIT_400-900_49.mzML	8.935812233333	8.902060283333	8.969252433333	7.30887297178775E-05	0
YGEYEWVHK	2	Ast-2024-12-05_HeLa_3mzDIA_6mIIT_400-900_55.mzML	8.898883666667	8.829803833333	8.9328476	0.00022830305599947815	0
YGEYEWVHK	2	Ast-2024-12-05_HeLa_3mzDIA_6mIIT_400-900_60.mzML	8.8350315	8.783579516667	8.868715533333	3.924492759310859E-05	1
YGGQPVPNFPSK	2	Ast-2024-12-05_HeLa_3mzDIA_6mIIT_400-900_49.mzML	10.0900138	10.006178133333	10.237358066667	3.127345509131849E-05	0
YGGQPVPNFPSK	2	Ast-2024-12-05_HeLa_3mzDIA_6mIIT_400-900_55.mzML	10.062424233333	9.961161966667	10.195775933333	2.157357668327832E-05	0
YGGQPVPNFPSK	2	Ast-2024-12-05_HeLa_3mzDIA_6mIIT_400-900_60.mzML	10.0147792	9.912274883333	10.149328066667	2.0708650003106297E-05	1
YGREVELK	2	Ast-2024-12-05_HeLa_3mzDIA_6mIIT_400-900_49.mzML	4.687687	4.60822735	4.746734433333	0.0007580653178903415	1
YGREVELK	2	Ast-2024-12-05_HeLa_3mzDIA_6mIIT_400-900_55.mzML	4.6575215	4.577851016667	4.717181883333	0.0010951036698140758	0
YGREVELK	2	Ast-2024-12-05_HeLa_3mzDIA_6mIIT_400-900_60.mzML	4.622279783333	4.582009333333	4.721955466667	0.003507790307308255	0
YGTDLLLYR	2	Ast-2024-12-05_HeLa_3mzDIA_6mIIT_400-900_49.mzML	14.012975533333	13.980172016667	14.081014616667	4.735633272559373E-05	0
YGTDLLLYR	2	Ast-2024-12-05_HeLa_3mzDIA_6mIIT_400-900_55.mzML	13.9593089	13.872018083333	14.030122983333	2.157357668327832E-05	1
YGTDLLLYR	2	Ast-2024-12-05_HeLa_3mzDIA_6mIIT_400-900_60.mzML	13.886568566667	13.819422133333	13.9045106	0.0004122917926447144	0
YIPLIQGIDPSLQAENR	3	Ast-2024-12-05_HeLa_3mzDIA_6mIIT_400-900_49.mzML	18.04995655	17.98873915	18.11176685	0.0026908737234559894	0
YIPLIQGIDPSLQAENR	3	Ast-2024-12-05_HeLa_3mzDIA_6mIIT_400-900_55.mzML	17.94019835	17.877655366667	17.982335933333	0.0008924144769459593	1
YIPLIQGIDPSLQAENR	3	Ast-2024-12-05_HeLa_3mzDIA_6mIIT_400-900_60.mzML		17.9037062	17.945091	0.03627607403999569	0
YLAVESPFLK	2	Ast-2024-12-05_HeLa_3mzDIA_6mIIT_400-900_49.mzML	15.200587716667	15.127669983333	15.235071116667	3.127345509131849E-05	0
YLAVESPFLK	2	Ast-2024-12-05_HeLa_3mzDIA_6mIIT_400-900_55.mzML	15.121676783333	15.04827745	15.194773016667	2.157357668327832E-05	0
YLAVESPFLK	2	Ast-2024-12-05_HeLa_3mzDIA_6mIIT_400-900_60.mzML	15.05029845	14.9755826	15.125812283333	2.0708650003106297E-05	1
YLHVLWQQDAEPR	3	Ast-2024-12-05_HeLa_3mzDIA_6mIIT_400-900_49.mzML		12.393835616667	12.460081666667	0.039980179935099	0
YLHVLWQQDAEPR	3	Ast-2024-12-05_HeLa_3mzDIA_6mIIT_400-900_55.mzML	12.373824316667	12.323088583333	12.391384833333	0.006343522983628951	0
YLHVLWQQDAEPR	3	Ast-2024-12-05_HeLa_3mzDIA_6mIIT_400-900_60.mzML	12.280699366667	12.214621833333	12.314252	0.0003784318273374269	1
YMPGLLR	2	Ast-2024-12-05_HeLa_3mzDIA_6mIIT_400-900_49.mzML	11.3337307	11.269341533333	11.349828766667	0.00023090066653325738	1
YMPGLLR	2	Ast-2024-12-05_HeLa_3mzDIA_6mIIT_400-900_55.mzML	11.279947466667	11.230324583333	11.332122383333	0.004106515388848906	0
YMPGLLR	2	Ast-2024-12-05_HeLa_3mzDIA_6mIIT_400-900_60.mzML	11.05577135	11.039037983333	11.15773525	0.002116793226261676	0
YNNGSTELHSSSVGLAK	3	Ast-2024-12-05_HeLa_3mzDIA_6mIIT_400-900_49.mzML	7.61786985	7.547126083333	7.670645983333	4.735633272559373E-05	0
YNNGSTELHSSSVGLAK	3	Ast-2024-12-05_HeLa_3mzDIA_6mIIT_400-900_55.mzML	7.576276283333	7.504872533333	7.62966475	2.157357668327832E-05	1
YNNGSTELHSSSVGLAK	3	Ast-2024-12-05_HeLa_3mzDIA_6mIIT_400-900_60.mzML	7.4511105	7.4511105	7.594373416667	9.054690329590728E-05	0
YNVLGAETVLNQMR	2	Ast-2024-12-05_HeLa_3mzDIA_6mIIT_400-900_49.mzML	16.364226266667	16.308448266667	16.458107633333	3.127345509131849E-05	0
YNVLGAETVLNQMR	2	Ast-2024-12-05_HeLa_3mzDIA_6mIIT_400-900_55.mzML	16.30726435	16.249771216667	16.364611083333	2.157357668327832E-05	0
YNVLGAETVLNQMR	2	Ast-2024-12-05_HeLa_3mzDIA_6mIIT_400-900_60.mzML	16.235157566667	16.177206766667	16.3349574	2.0708650003106297E-05	1
YQTIHSTGFLASR	2	Ast-2024-12-05_HeLa_3mzDIA_6mIIT_400-900_49.mzML	9.788448816667	9.738458066667	9.822449416667	0.005919905941564134	0
YQTIHSTGFLASR	2	Ast-2024-12-05_HeLa_3mzDIA_6mIIT_400-900_55.mzML	9.725591833333	9.691305166667	9.793484516667	0.00031737395719985494	0
YQTIHSTGFLASR	2	Ast-2024-12-05_HeLa_3mzDIA_6mIIT_400-900_60.mzML	9.658159483333	9.606364	9.710475116667	7.46742336556771E-05	1
YRADTLGELDLER	3	Ast-2024-12-05_HeLa_3mzDIA_6mIIT_400-900_49.mzML	12.20592875	12.154627033333	12.271238783333	0.0074785774389092095	0
YRADTLGELDLER	3	Ast-2024-12-05_HeLa_3mzDIA_6mIIT_400-900_55.mzML	12.143685716667	12.0881072	12.1951967	0.0002592649077321946	1
YRADTLGELDLER	3	Ast-2024-12-05_HeLa_3mzDIA_6mIIT_400-900_60.mzML	12.104725483333	12.0170347	12.15528575	0.001202891751771258	0
YRDHVTATQLIQK	3	Ast-2024-12-05_HeLa_3mzDIA_6mIIT_400-900_49.mzML	7.60260665	7.549668633333	7.6557602	0.0003594122890249863	0
YRDHVTATQLIQK	3	Ast-2024-12-05_HeLa_3mzDIA_6mIIT_400-900_55.mzML	7.5608429	7.47199795	7.6141035	0.0002032692470568307	0
YRDHVTATQLIQK	3	Ast-2024-12-05_HeLa_3mzDIA_6mIIT_400-900_60.mzML	7.450524783333	7.415127783333	7.557850666667	3.924492759310859E-05	1
YSEVDDSLPSGGEKPSK	2	Ast-2024-12-05_HeLa_3mzDIA_6mIIT_400-900_49.mzML	7.630470266667	7.576936616667	7.665403966667	0.00017347056782699203	0
YSEVDDSLPSGGEKPSK	2	Ast-2024-12-05_HeLa_3mzDIA_6mIIT_400-900_55.mzML	7.594479816667	7.523061866667	7.630199233333	2.157357668327832E-05	0
YSEVDDSLPSGGEKPSK	2	Ast-2024-12-05_HeLa_3mzDIA_6mIIT_400-900_60.mzML	7.55569135	7.502106716667	7.627647916667	2.0708650003106297E-05	1
YSPHLLANSK	2	Ast-2024-12-05_HeLa_3mzDIA_6mIIT_400-900_49.mzML	7.049391983333	7.013542433333	7.121512533333	0.00013713658804168953	1
YSPHLLANSK	2	Ast-2024-12-05_HeLa_3mzDIA_6mIIT_400-900_55.mzML	6.989890716667	6.936745433333	7.043381183333	0.0004558955584720591	0
YSPHLLANSK	2	Ast-2024-12-05_HeLa_3mzDIA_6mIIT_400-900_60.mzML		6.8752647	7.019072133333	0.024903476809748103	0
YSPLHNVK	2	Ast-2024-12-05_HeLa_3mzDIA_6mIIT_400-900_49.mzML	5.42360785	5.366633016667	5.499478066667	3.127345509131849E-05	1
YSPLHNVK	2	Ast-2024-12-05_HeLa_3mzDIA_6mIIT_400-900_55.mzML	5.379592816667	5.322175766667	5.436079866667	0.000251853484235546	0
YSPLHNVK	2	Ast-2024-12-05_HeLa_3mzDIA_6mIIT_400-900_60.mzML	5.347588666667	5.271400466667	5.42346465	0.00016325730984604835	0
YTIHSQLEHLQSK	3	Ast-2024-12-05_HeLa_3mzDIA_6mIIT_400-900_49.mzML	8.215787966667	8.145332766667	8.2842803	3.127345509131849E-05	0
YTIHSQLEHLQSK	3	Ast-2024-12-05_HeLa_3mzDIA_6mIIT_400-900_55.mzML	8.154024016667	8.083666866667	8.222787516667	2.157357668327832E-05	0
YTIHSQLEHLQSK	3	Ast-2024-12-05_HeLa_3mzDIA_6mIIT_400-900_60.mzML	8.082187216667	8.011326833333	8.152671966667	2.0708650003106297E-05	1
YVGEVFNIVSQQSTAR	2	Ast-2024-12-05_HeLa_3mzDIA_6mIIT_400-900_49.mzML	15.205235116667	15.13245915	15.22212865	0.0005035452306101063	0
YVGEVFNIVSQQSTAR	2	Ast-2024-12-05_HeLa_3mzDIA_6mIIT_400-900_55.mzML	15.126547283333	15.070674333333	15.144771416667	0.001379977354217777	0
YVGEVFNIVSQQSTAR	2	Ast-2024-12-05_HeLa_3mzDIA_6mIIT_400-900_60.mzML	15.03599945	14.9983427	15.092908316667	0.00010414677752512541	1
YVTGAC[+57.0215]C[+57.0215]LFLAGK	3	Ast-2024-12-05_HeLa_3mzDIA_6mIIT_400-900_49.mzML	14.166577766667	14.166577766667	14.2703913	0.0029943144765001424	1
YVTGAC[+57.0215]C[+57.0215]LFLAGK	3	Ast-2024-12-05_HeLa_3mzDIA_6mIIT_400-900_55.mzML	14.103219916667	14.067225233333	14.19205295	0.005482456140350877	0
YVTGAC[+57.0215]C[+57.0215]LFLAGK	3	Ast-2024-12-05_HeLa_3mzDIA_6mIIT_400-900_60.mzML		13.97646845	14.09666215	1	0
YWIDIQLR	2	Ast-2024-12-05_HeLa_3mzDIA_6mIIT_400-900_49.mzML	16.885195583333	16.810860116667	16.922680966667	0.00012104862696271702	1
YWIDIQLR	2	Ast-2024-12-05_HeLa_3mzDIA_6mIIT_400-900_55.mzML	16.7977783	16.760362533333	16.874101466667	0.000251853484235546	0
YWIDIQLR	2	Ast-2024-12-05_HeLa_3mzDIA_6mIIT_400-900_60.mzML	16.77054975	16.67317505	16.810002983333	0.0018190970871564882	0
YYFEGIK	2	Ast-2024-12-05_HeLa_3mzDIA_6mIIT_400-900_49.mzML	11.400424416667	11.318389433333	11.450445683333	6.014193496652099E-05	0
YYFEGIK	2	Ast-2024-12-05_HeLa_3mzDIA_6mIIT_400-900_55.mzML	11.418515766667	11.280694283333	11.418515766667	5.984082340973012E-05	1
YYFEGIK	2	Ast-2024-12-05_HeLa_3mzDIA_6mIIT_400-900_60.mzML	11.357884	11.224060116667	11.357884	7.46742336556771E-05	0
YYNEEC[+57.0215]R	2	Ast-2024-12-05_HeLa_3mzDIA_6mIIT_400-900_49.mzML	4.222024583333	4.119927433333	4.28498445	0.00019287023047992542	1
YYNEEC[+57.0215]R	2	Ast-2024-12-05_HeLa_3mzDIA_6mIIT_400-900_55.mzML	4.167646583333	4.084306933333	4.250761566667	0.0003658393818777804	0
YYNEEC[+57.0215]R	2	Ast-2024-12-05_HeLa_3mzDIA_6mIIT_400-900_60.mzML	4.185345933333	4.122354166667	4.227535566667	0.007948749588680488	0
