peptideModSeq	precursorCharge	fileName	retentionTime	startTime	endTime	score	bestSpectrum
AAAGELQEDSGLC[+57.0215]VLAR	2	Ste-2024-12-02_HeLa_4mz_sDIA_400-900_20.mzML	13.863076150467	13.8324774626	13.9546820223	0.00613445022634006	0
AAAGELQEDSGLC[+57.0215]VLAR	2	Ste-2024-12-02_HeLa_4mz_sDIA_400-900_21.mzML	13.871818711817	13.81062981295	13.994114251833	0.004107692994597491	1
AAAGELQEDSGLC[+57.0215]VLAR	2	Ste-2024-12-02_HeLa_4mz_sDIA_400-900_22.mzML		13.829136484083	14.012617007067	0.05878694544808387	0
AAGFKDPLLASGTDGVGTK	3	Ste-2024-12-02_HeLa_4mz_sDIA_400-900_20.mzML	12.227729180983	12.166615582683	12.34976181075	0.0025887010811633925	0
AAGFKDPLLASGTDGVGTK	3	Ste-2024-12-02_HeLa_4mz_sDIA_400-900_21.mzML	12.26684706545	12.2057954846	12.358412309883	0.002527584698391095	1
AAGFKDPLLASGTDGVGTK	3	Ste-2024-12-02_HeLa_4mz_sDIA_400-900_22.mzML	12.255034064117	12.13293108395	12.37702650975	0.002973763729675284	0
AASNIIFSNGNLDPWAGGGIR	3	Ste-2024-12-02_HeLa_4mz_sDIA_400-900_20.mzML	18.5819859094	18.520312343617	18.643557974633	0.0025887010811633925	0
AASNIIFSNGNLDPWAGGGIR	3	Ste-2024-12-02_HeLa_4mz_sDIA_400-900_21.mzML	18.560283780717	18.467816867917	18.652718025167	0.002527584698391095	1
AASNIIFSNGNLDPWAGGGIR	3	Ste-2024-12-02_HeLa_4mz_sDIA_400-900_22.mzML	18.5815182378	18.488938434217	18.7049201541	0.007162183670221232	0
AEVLWLMGAK	2	Ste-2024-12-02_HeLa_4mz_sDIA_400-900_20.mzML	16.940961974933	16.818021300233	17.002452136383	0.00017292062943109114	0
AEVLWLMGAK	2	Ste-2024-12-02_HeLa_4mz_sDIA_400-900_21.mzML	16.950147563867	16.8579001154	17.011618907167	0.0001863064741499767	0
AEVLWLMGAK	2	Ste-2024-12-02_HeLa_4mz_sDIA_400-900_22.mzML	16.938443075	16.876863296517	17.030745781367	0.00014513788098693758	1
AFPEHFTYEPNEADAAQGYR	3	Ste-2024-12-02_HeLa_4mz_sDIA_400-900_20.mzML	12.268368283883	12.14618541325	12.39037309075	0.0017855150094855485	1
AFPEHFTYEPNEADAAQGYR	3	Ste-2024-12-02_HeLa_4mz_sDIA_400-900_21.mzML	12.276966898367	12.154844019283	12.460011786667	0.0044444444444444444	0
AFPEHFTYEPNEADAAQGYR	3	Ste-2024-12-02_HeLa_4mz_sDIA_400-900_22.mzML	12.265148361167	12.173539179067	12.417636776617	0.0018133333333333332	0
AGEGTYALDSESC[+57.0215]MEK	2	Ste-2024-12-02_HeLa_4mz_sDIA_400-900_20.mzML	9.64867612295	9.587642519567	9.770870285217	0.00017292062943109114	0
AGEGTYALDSESC[+57.0215]MEK	2	Ste-2024-12-02_HeLa_4mz_sDIA_400-900_21.mzML	9.6579157259	9.535656850433	9.78027449365	0.0001863064741499767	0
AGEGTYALDSESC[+57.0215]MEK	2	Ste-2024-12-02_HeLa_4mz_sDIA_400-900_22.mzML	9.646081961917	9.584973857317	9.768241650367	0.00014513788098693758	1
AGVNTVTTLVENKK	3	Ste-2024-12-02_HeLa_4mz_sDIA_400-900_20.mzML	10.098770757333	9.97648146285	10.220952174817	0.00017292062943109114	0
AGVNTVTTLVENKK	3	Ste-2024-12-02_HeLa_4mz_sDIA_400-900_21.mzML	10.1080137741	9.985767516283	10.169176997083	0.0001863064741499767	0
AGVNTVTTLVENKK	3	Ste-2024-12-02_HeLa_4mz_sDIA_400-900_22.mzML	10.096006168333	10.034884695583	10.218151355267	0.00014513788098693758	1
AIEINPDSAQPYK	2	Ste-2024-12-02_HeLa_4mz_sDIA_400-900_20.mzML	10.800158795983	10.708487701067	10.861164685583	0.00017292062943109114	0
AIEINPDSAQPYK	2	Ste-2024-12-02_HeLa_4mz_sDIA_400-900_21.mzML	10.809196209083	10.71743357005	10.900723650467	0.0001863064741499767	0
AIEINPDSAQPYK	2	Ste-2024-12-02_HeLa_4mz_sDIA_400-900_22.mzML	10.797068436917	10.675034130533	10.858077009917	0.00014513788098693758	1
AIPSFLNSFNR	2	Ste-2024-12-02_HeLa_4mz_sDIA_400-900_20.mzML	16.546142191967	16.453933142883	16.607515208067	0.0022248119504184767	0
AIPSFLNSFNR	2	Ste-2024-12-02_HeLa_4mz_sDIA_400-900_21.mzML	16.555089936383	16.462949833933	16.616534600767	0.0008818342151675485	1
AIPSFLNSFNR	2	Ste-2024-12-02_HeLa_4mz_sDIA_400-900_22.mzML	16.542955390133	16.4198691017	16.665936555783	0.004471650603455761	0
AKPAEAPAAAAPK	2	Ste-2024-12-02_HeLa_4mz_sDIA_400-900_20.mzML	4.428055365817	4.335899088267	4.5202310314	0.00017292062943109114	1
AKPAEAPAAAAPK	2	Ste-2024-12-02_HeLa_4mz_sDIA_400-900_21.mzML	4.462091674583	4.338959133217	4.52359944445	0.0001863064741499767	0
AKPAEAPAAAAPK	2	Ste-2024-12-02_HeLa_4mz_sDIA_400-900_22.mzML	4.457204872867	4.3342681788	4.580079915683	0.000184945441094877	0
ALDDISESIK	2	Ste-2024-12-02_HeLa_4mz_sDIA_400-900_20.mzML		11.125441540083	11.33903251575	0.16881376651464572	0
ALDDISESIK	2	Ste-2024-12-02_HeLa_4mz_sDIA_400-900_21.mzML	11.256371895067	11.16485858945	11.31744804425	0.001066793101404611	0
ALDDISESIK	2	Ste-2024-12-02_HeLa_4mz_sDIA_400-900_22.mzML	11.24438365105	11.1833727237	11.335938238183	0.0005645730416372619	1
ALDELFEAIEQK	3	Ste-2024-12-02_HeLa_4mz_sDIA_400-900_20.mzML		18.98220719635	19.1979949566	1	0
ALDELFEAIEQK	3	Ste-2024-12-02_HeLa_4mz_sDIA_400-900_21.mzML		19.053030246183	19.268940935817	0.27874954893358406	0
ALDELFEAIEQK	3	Ste-2024-12-02_HeLa_4mz_sDIA_400-900_22.mzML	19.12261070035	19.06082791305	19.1843853902	0.003485119457055074	1
ALWEDEGVR	2	Ste-2024-12-02_HeLa_4mz_sDIA_400-900_20.mzML	10.94173414605	10.8501128244	11.002853436467	0.0005962239152037098	0
ALWEDEGVR	2	Ste-2024-12-02_HeLa_4mz_sDIA_400-900_21.mzML	10.920190693583	10.859126455433	10.98127673575	0.00038156288156288156	1
ALWEDEGVR	2	Ste-2024-12-02_HeLa_4mz_sDIA_400-900_22.mzML	10.938668737667	10.847020102	10.999760717867	0.00039114448877415316	0
AQAALAVNISAAR	2	Ste-2024-12-02_HeLa_4mz_sDIA_400-900_20.mzML	11.46580597835	11.313307775517	11.587969556733	0.007448866208485946	0
AQAALAVNISAAR	2	Ste-2024-12-02_HeLa_4mz_sDIA_400-900_21.mzML	11.444252912517	11.38326092825	11.50527292065	0.0011909487892020642	1
AQAALAVNISAAR	2	Ste-2024-12-02_HeLa_4mz_sDIA_400-900_22.mzML	11.46271816425	11.371246365433	11.523763074183	0.0037095679710472743	0
AQAEAQQPTFDALRDELR	3	Ste-2024-12-02_HeLa_4mz_sDIA_400-900_20.mzML	13.79033573925	13.6985721573	13.8820166085	0.007909146217805718	0
AQAEAQQPTFDALRDELR	3	Ste-2024-12-02_HeLa_4mz_sDIA_400-900_21.mzML	13.799067659367	13.73785662125	13.9213363764	0.0034830430797433546	0
AQAEAQQPTFDALRDELR	3	Ste-2024-12-02_HeLa_4mz_sDIA_400-900_22.mzML	13.817585654133	13.69518656935	13.8787473571	0.0019914055130489466	1
AQEAGLQQEQR	2	Ste-2024-12-02_HeLa_4mz_sDIA_400-900_20.mzML		4.58363426865	4.70671591915	0.07678978831547636	0
AQEAGLQQEQR	2	Ste-2024-12-02_HeLa_4mz_sDIA_400-900_21.mzML		4.587078830133	4.710168609533	0.08376005852231164	0
AQEAGLQQEQR	2	Ste-2024-12-02_HeLa_4mz_sDIA_400-900_22.mzML	4.61277050855	4.582006285917	4.674291958433	0.001106645698642903	1
AQEEADYIEWLK	2	Ste-2024-12-02_HeLa_4mz_sDIA_400-900_20.mzML	16.306918892083	16.245469712167	16.368414847317	0.003192106790481718	0
AQEEADYIEWLK	2	Ste-2024-12-02_HeLa_4mz_sDIA_400-900_21.mzML	16.3160780038	16.254585913317	16.4389556651	0.002607436021245775	1
AQEEADYIEWLK	2	Ste-2024-12-02_HeLa_4mz_sDIA_400-900_22.mzML		16.242258949233	16.457402968983	0.012007808759070315	0
AQQMHTGPVLDVC[+57.0215]WSDDGSK	3	Ste-2024-12-02_HeLa_4mz_sDIA_400-900_20.mzML	12.968801566533	12.877173323633	13.060360722933	0.0028579875825367105	0
AQQMHTGPVLDVC[+57.0215]WSDDGSK	3	Ste-2024-12-02_HeLa_4mz_sDIA_400-900_21.mzML	12.9774519652	12.88582775545	13.06901540505	0.0015756587883727247	1
AQQMHTGPVLDVC[+57.0215]WSDDGSK	3	Ste-2024-12-02_HeLa_4mz_sDIA_400-900_22.mzML	12.965661707617	12.843512986817	13.087742857367	0.007059386591153831	0
AQTAHIVLEDGTK	2	Ste-2024-12-02_HeLa_4mz_sDIA_400-900_20.mzML	7.590122746533	7.52896350085	7.712349359567	0.00017292062943109114	0
AQTAHIVLEDGTK	2	Ste-2024-12-02_HeLa_4mz_sDIA_400-900_21.mzML	7.5965883296	7.47418459635	7.7190026465	0.0001863064741499767	0
AQTAHIVLEDGTK	2	Ste-2024-12-02_HeLa_4mz_sDIA_400-900_22.mzML	7.58807366095	7.526919899783	7.710222491133	0.00014513788098693758	1
AQVARPGGDTIFGK	3	Ste-2024-12-02_HeLa_4mz_sDIA_400-900_20.mzML	9.058645574883	8.997540363367	9.180712094717	0.00017292062943109114	0
AQVARPGGDTIFGK	3	Ste-2024-12-02_HeLa_4mz_sDIA_400-900_21.mzML	9.067097961083	9.0059326017	9.189363055433	0.0006850722751250257	0
AQVARPGGDTIFGK	3	Ste-2024-12-02_HeLa_4mz_sDIA_400-900_22.mzML	9.086526118867	8.964413911517	9.147592536433	0.00014513788098693758	1
ATAGAYIASQTVK	2	Ste-2024-12-02_HeLa_4mz_sDIA_400-900_20.mzML	8.779571467217	8.748971992267	8.871229523683	0.00017292062943109114	0
ATAGAYIASQTVK	2	Ste-2024-12-02_HeLa_4mz_sDIA_400-900_21.mzML	8.7876931567	8.726475892217	8.910093754367	0.0001863064741499767	0
ATAGAYIASQTVK	2	Ste-2024-12-02_HeLa_4mz_sDIA_400-900_22.mzML	8.807540902617	8.685369536267	8.868651606767	0.00014513788098693758	1
AVDEDPENQTLR	2	Ste-2024-12-02_HeLa_4mz_sDIA_400-900_20.mzML		7.437512304683	7.620892122433	0.13323330451146942	0
AVDEDPENQTLR	2	Ste-2024-12-02_HeLa_4mz_sDIA_400-900_21.mzML		7.443805788167	7.62741276915	0.07869645652483279	0
AVDEDPENQTLR	2	Ste-2024-12-02_HeLa_4mz_sDIA_400-900_22.mzML	7.496629607117	7.404948036417	7.557715989917	0.0036059886799342704	1
AVEVQGPSLESGDHGK	2	Ste-2024-12-02_HeLa_4mz_sDIA_400-900_20.mzML	7.933545688083	7.811135261817	8.025242981333	0.00017292062943109114	0
AVEVQGPSLESGDHGK	2	Ste-2024-12-02_HeLa_4mz_sDIA_400-900_21.mzML	7.94074415745	7.848777494267	8.0019568227	0.0001863064741499767	0
AVEVQGPSLESGDHGK	2	Ste-2024-12-02_HeLa_4mz_sDIA_400-900_22.mzML	7.931409569117	7.808993360233	8.053668056983	0.00014513788098693758	1
AVLQEEQANLWFSK	2	Ste-2024-12-02_HeLa_4mz_sDIA_400-900_20.mzML	15.6974057367	15.666692817567	15.789510851733	0.0003204357926780421	0
AVLQEEQANLWFSK	2	Ste-2024-12-02_HeLa_4mz_sDIA_400-900_21.mzML	15.706441056367	15.614476583	15.829283357583	0.0001863064741499767	1
AVLQEEQANLWFSK	2	Ste-2024-12-02_HeLa_4mz_sDIA_400-900_22.mzML	15.72492689185	15.663527123767	15.8171102117	0.0005645730416372619	0
C[+57.0215]C[+57.0215]LTYC[+57.0215]FNKPEDK	3	Ste-2024-12-02_HeLa_4mz_sDIA_400-900_20.mzML	9.5566070506	9.4955315149	9.6787472486	0.00017292062943109114	0
C[+57.0215]C[+57.0215]LTYC[+57.0215]FNKPEDK	3	Ste-2024-12-02_HeLa_4mz_sDIA_400-900_21.mzML	9.565742318883	9.5045949316	9.688009531383	0.0001863064741499767	0
C[+57.0215]C[+57.0215]LTYC[+57.0215]FNKPEDK	3	Ste-2024-12-02_HeLa_4mz_sDIA_400-900_22.mzML	9.553942139833	9.462407579983	9.61503677785	0.00014513788098693758	1
C[+57.0215]EAVVADVLDK	2	Ste-2024-12-02_HeLa_4mz_sDIA_400-900_20.mzML	12.6249025387	12.5638778498	12.747097391517	0.0025238217872778777	1
C[+57.0215]EAVVADVLDK	2	Ste-2024-12-02_HeLa_4mz_sDIA_400-900_21.mzML	12.66413273685	12.541955982717	12.725209018683	0.0079270235818993	0
C[+57.0215]EAVVADVLDK	2	Ste-2024-12-02_HeLa_4mz_sDIA_400-900_22.mzML	12.6523930452	12.5300639823	12.713485611817	0.0029144605819206295	0
C[+57.0215]PLC[+57.0215]QESNFTR	2	Ste-2024-12-02_HeLa_4mz_sDIA_400-900_20.mzML		8.538811218217	8.752825706417	0.0308305158504335	0
C[+57.0215]PLC[+57.0215]QESNFTR	2	Ste-2024-12-02_HeLa_4mz_sDIA_400-900_21.mzML	8.669130090683	8.607928236167	8.760954013117	0.002809390029046236	1
C[+57.0215]PLC[+57.0215]QESNFTR	2	Ste-2024-12-02_HeLa_4mz_sDIA_400-900_22.mzML		8.628099866417	8.750303868917	1	0
DAGYGGISLAVEGPSK	2	Ste-2024-12-02_HeLa_4mz_sDIA_400-900_20.mzML	13.9782987787	13.886593600267	14.13104736405	0.00017292062943109114	0
DAGYGGISLAVEGPSK	2	Ste-2024-12-02_HeLa_4mz_sDIA_400-900_21.mzML	13.9871350442	13.92591406275	14.109337089333	0.0001863064741499767	0
DAGYGGISLAVEGPSK	2	Ste-2024-12-02_HeLa_4mz_sDIA_400-900_22.mzML	13.975025764117	13.913839970917	14.158274715333	0.00014513788098693758	1
DC[+57.0215]QIAHGAAQFLR	2	Ste-2024-12-02_HeLa_4mz_sDIA_400-900_20.mzML		11.991831364967	12.14450085275	0.014483065953654188	0
DC[+57.0215]QIAHGAAQFLR	2	Ste-2024-12-02_HeLa_4mz_sDIA_400-900_21.mzML	12.092099223767	12.031069991417	12.183676561783	0.006191307238427657	0
DC[+57.0215]QIAHGAAQFLR	2	Ste-2024-12-02_HeLa_4mz_sDIA_400-900_22.mzML	12.110839957317	12.049835587383	12.23292671095	0.0008011750567498998	1
DDVIVTASNFSSER	2	Ste-2024-12-02_HeLa_4mz_sDIA_400-900_20.mzML	12.75671882685	12.695650829617	12.848317161917	0.004665837184500533	0
DDVIVTASNFSSER	2	Ste-2024-12-02_HeLa_4mz_sDIA_400-900_21.mzML	12.76537859415	12.734833402233	12.856969302083	0.001066793101404611	1
DDVIVTASNFSSER	2	Ste-2024-12-02_HeLa_4mz_sDIA_400-900_22.mzML	12.75363545605	12.6925917745	12.936793773167	0.002125123101643083	0
DGDGTITTK	2	Ste-2024-12-02_HeLa_4mz_sDIA_400-900_20.mzML	3.988322547417	3.926761318883	4.173194712717	0.00017292062943109114	1
DGDGTITTK	2	Ste-2024-12-02_HeLa_4mz_sDIA_400-900_21.mzML	3.960161442033	3.86772130265	4.176095293883	0.0003248862897985705	0
DGDGTITTK	2	Ste-2024-12-02_HeLa_4mz_sDIA_400-900_22.mzML	3.9866250975	3.863536420617	4.171537082467	0.0003210015247572426	0
DGIDDESYEAIFKPVMSK	3	Ste-2024-12-02_HeLa_4mz_sDIA_400-900_20.mzML	17.194497592167	17.102170728867	17.2559410924	0.00017292062943109114	0
DGIDDESYEAIFKPVMSK	3	Ste-2024-12-02_HeLa_4mz_sDIA_400-900_21.mzML	17.172875962133	17.049856981267	17.265103884233	0.0001863064741499767	0
DGIDDESYEAIFKPVMSK	3	Ste-2024-12-02_HeLa_4mz_sDIA_400-900_22.mzML	17.192193467333	17.069009502117	17.253768765767	0.00014513788098693758	1
DHLVTAYNHLFETK	3	Ste-2024-12-02_HeLa_4mz_sDIA_400-900_20.mzML	12.2727012485	12.150514412033	12.333733354467	0.00017292062943109114	0
DHLVTAYNHLFETK	3	Ste-2024-12-02_HeLa_4mz_sDIA_400-900_21.mzML	12.281305489083	12.159174916233	12.403372455867	0.0001863064741499767	0
DHLVTAYNHLFETK	3	Ste-2024-12-02_HeLa_4mz_sDIA_400-900_22.mzML	12.283143401183	12.222097128967	12.344146309517	0.00014513788098693758	1
DHSPDLYSLELAGLDEIGK	3	Ste-2024-12-02_HeLa_4mz_sDIA_400-900_20.mzML	19.228121268417	19.166445763	19.351570031867	0.003192106790481718	0
DHSPDLYSLELAGLDEIGK	3	Ste-2024-12-02_HeLa_4mz_sDIA_400-900_21.mzML	19.237365500933	19.175685438333	19.360791325567	0.002413436437964833	1
DHSPDLYSLELAGLDEIGK	3	Ste-2024-12-02_HeLa_4mz_sDIA_400-900_22.mzML	19.259471595167	19.13592835705	19.32131141785	0.0034476418129999083	0
DILVATDVAGR	2	Ste-2024-12-02_HeLa_4mz_sDIA_400-900_20.mzML	12.56123969685	12.500172370183	12.683374448117	0.00017292062943109114	1
DILVATDVAGR	2	Ste-2024-12-02_HeLa_4mz_sDIA_400-900_21.mzML	12.5698976359	12.44773793735	12.692048226567	0.0002598302442404296	0
DILVATDVAGR	2	Ste-2024-12-02_HeLa_4mz_sDIA_400-900_22.mzML	12.55801951195	12.4358684056	12.680320883983	0.000525052505250525	0
DLEALMFDR	2	Ste-2024-12-02_HeLa_4mz_sDIA_400-900_20.mzML	17.74080537245	17.61756114215	17.802404135617	0.00017292062943109114	1
DLEALMFDR	2	Ste-2024-12-02_HeLa_4mz_sDIA_400-900_21.mzML	17.7191430975	17.59589202015	17.842311805667	0.0001863064741499767	0
DLEALMFDR	2	Ste-2024-12-02_HeLa_4mz_sDIA_400-900_22.mzML	17.739220541267	17.615847594517	17.8625887909	0.000184945441094877	0
DLEGAGDAAAWQAEHVR	2	Ste-2024-12-02_HeLa_4mz_sDIA_400-900_20.mzML	11.9707188053	11.90967646495	12.031750712433	0.0017385452302170377	1
DLEGAGDAAAWQAEHVR	2	Ste-2024-12-02_HeLa_4mz_sDIA_400-900_21.mzML	11.979440752633	11.918386000017	12.040467571133	0.0019326619875902756	0
DLEGAGDAAAWQAEHVR	2	Ste-2024-12-02_HeLa_4mz_sDIA_400-900_22.mzML		11.906681878283	12.028726576	0.01999310582557739	0
DLLFQALGR	2	Ste-2024-12-02_HeLa_4mz_sDIA_400-900_20.mzML	17.615397923117	17.55382492695	17.738639364183	0.0003204357926780421	1
DLLFQALGR	2	Ste-2024-12-02_HeLa_4mz_sDIA_400-900_21.mzML	17.624533095217	17.501354655583	17.7477883872	0.0003248862897985705	0
DLLFQALGR	2	Ste-2024-12-02_HeLa_4mz_sDIA_400-900_22.mzML	17.64452966345	17.52120163895	17.706205294417	0.00039114448877415316	0
DLSSHQLNEFLAQTLQR	3	Ste-2024-12-02_HeLa_4mz_sDIA_400-900_20.mzML	18.024744643	17.93233209205	18.11723041365	0.00017292062943109114	0
DLSSHQLNEFLAQTLQR	3	Ste-2024-12-02_HeLa_4mz_sDIA_400-900_21.mzML	18.033860607767	17.97226150495	18.1571188411	0.0001863064741499767	0
DLSSHQLNEFLAQTLQR	3	Ste-2024-12-02_HeLa_4mz_sDIA_400-900_22.mzML	18.054428721533	17.931031701517	18.177846014667	0.00014513788098693758	1
DMSPLSETEMALGK	2	Ste-2024-12-02_HeLa_4mz_sDIA_400-900_20.mzML	16.1844891309	16.09225801205	16.276678820733	0.00017292062943109114	0
DMSPLSETEMALGK	2	Ste-2024-12-02_HeLa_4mz_sDIA_400-900_21.mzML	16.193582725683	16.07060777635	16.31656112725	0.0001863064741499767	0
DMSPLSETEMALGK	2	Ste-2024-12-02_HeLa_4mz_sDIA_400-900_22.mzML	16.21201963675	16.089067317067	16.273457957217	0.00014513788098693758	1
DNTSVYHISGK	2	Ste-2024-12-02_HeLa_4mz_sDIA_400-900_20.mzML	6.667407657033	6.575510286367	6.728674561267	0.003322099181511796	0
DNTSVYHISGK	2	Ste-2024-12-02_HeLa_4mz_sDIA_400-900_21.mzML	6.672974556283	6.6116366268	6.73426431075	0.0006272651240591023	1
DNTSVYHISGK	2	Ste-2024-12-02_HeLa_4mz_sDIA_400-900_22.mzML	6.665838886567	6.573961681767	6.757718753233	0.0008989341209708489	0
DPSASNGGGSPAR	2	Ste-2024-12-02_HeLa_4mz_sDIA_400-900_20.mzML	3.135523088817	3.074046886717	3.196970234017	0.0011597387535860343	1
DPSASNGGGSPAR	2	Ste-2024-12-02_HeLa_4mz_sDIA_400-900_21.mzML	3.106329849217	3.044805333633	3.198603391017	0.0027715391599369235	0
DPSASNGGGSPAR	2	Ste-2024-12-02_HeLa_4mz_sDIA_400-900_22.mzML	3.1341037024	3.0726488519	3.195543022917	0.004267300162773305	0
DPSQPQQWVSSQVLLC[+57.0215]K	3	Ste-2024-12-02_HeLa_4mz_sDIA_400-900_20.mzML		16.209920739967	16.394388811533	1	0
DPSQPQQWVSSQVLLC[+57.0215]K	3	Ste-2024-12-02_HeLa_4mz_sDIA_400-900_21.mzML	16.28051789895	16.21900748545	16.4034709425	0.005363655867839519	1
DPSQPQQWVSSQVLLC[+57.0215]K	3	Ste-2024-12-02_HeLa_4mz_sDIA_400-900_22.mzML		16.237443285883	16.391048899183	0.12441928359269884	0
DSDGDGRGDAC[+57.0215]K	2	Ste-2024-12-02_HeLa_4mz_sDIA_400-900_20.mzML	2.305325103017	2.24259175085	2.429260716533	0.005767505447088477	0
DSDGDGRGDAC[+57.0215]K	2	Ste-2024-12-02_HeLa_4mz_sDIA_400-900_21.mzML	2.306496780017	2.243706024933	2.430267658483	0.004960187965017622	0
DSDGDGRGDAC[+57.0215]K	2	Ste-2024-12-02_HeLa_4mz_sDIA_400-900_22.mzML	2.335173031333	2.241620169733	2.42792041585	0.0034082535003684598	1
DSLSVNEFK	2	Ste-2024-12-02_HeLa_4mz_sDIA_400-900_20.mzML	11.093230248833	10.971106707633	11.15425857435	0.0002524190155658393	1
DSLSVNEFK	2	Ste-2024-12-02_HeLa_4mz_sDIA_400-900_21.mzML	11.071675567917	10.949542957217	11.193693860167	0.00038156288156288156	0
DSLSVNEFK	2	Ste-2024-12-02_HeLa_4mz_sDIA_400-900_22.mzML	11.059621100983	10.968003444883	11.1511728409	0.00039114448877415316	0
DTSVEDALER	2	Ste-2024-12-02_HeLa_4mz_sDIA_400-900_20.mzML	10.332730832967	10.271645259967	10.424335554083	0.0015175392517364152	0
DTSVEDALER	2	Ste-2024-12-02_HeLa_4mz_sDIA_400-900_21.mzML	10.341927700083	10.280881919017	10.4640580247	0.0008818342151675485	1
DTSVEDALER	2	Ste-2024-12-02_HeLa_4mz_sDIA_400-900_22.mzML	10.329927176817	10.268853996717	10.452036521067	0.001106645698642903	0
DVEGSTSPQIGDK	2	Ste-2024-12-02_HeLa_4mz_sDIA_400-900_20.mzML	7.12990840215	7.007527333333	7.191181521717	0.00017292062943109114	0
DVEGSTSPQIGDK	2	Ste-2024-12-02_HeLa_4mz_sDIA_400-900_21.mzML	7.105254135167	6.982788696517	7.22784090225	0.0001863064741499767	0
DVEGSTSPQIGDK	2	Ste-2024-12-02_HeLa_4mz_sDIA_400-900_22.mzML	7.09741440585	7.03629108495	7.2198500679	0.00014513788098693758	1
DVQNFPAATDEK	2	Ste-2024-12-02_HeLa_4mz_sDIA_400-900_20.mzML	8.811558404217	8.750416884317	8.90326049055	0.0002524190155658393	1
DVQNFPAATDEK	2	Ste-2024-12-02_HeLa_4mz_sDIA_400-900_21.mzML		8.697321894717	8.94214363335	0.014694593705450159	0
DVQNFPAATDEK	2	Ste-2024-12-02_HeLa_4mz_sDIA_400-900_22.mzML	8.808985507517	8.747896799183	8.870095549233	0.001106645698642903	0
EANFTVSSMHGDMPQK	3	Ste-2024-12-02_HeLa_4mz_sDIA_400-900_20.mzML	9.8940357746	9.832979975017	10.016292796967	0.00017292062943109114	0
EANFTVSSMHGDMPQK	3	Ste-2024-12-02_HeLa_4mz_sDIA_400-900_21.mzML	9.903495686617	9.84243072015	10.025485413267	0.0001863064741499767	0
EANFTVSSMHGDMPQK	3	Ste-2024-12-02_HeLa_4mz_sDIA_400-900_22.mzML	9.8913529058	9.7997725994	9.98293413405	0.00014513788098693758	1
EAQNDLEQVLR	2	Ste-2024-12-02_HeLa_4mz_sDIA_400-900_20.mzML	12.475177723667	12.4446614882	12.566764003083	0.0017385452302170377	1
EAQNDLEQVLR	2	Ste-2024-12-02_HeLa_4mz_sDIA_400-900_21.mzML	12.483778647733	12.392286428933	12.544849106167	0.00569219659317786	0
EAQNDLEQVLR	2	Ste-2024-12-02_HeLa_4mz_sDIA_400-900_22.mzML		12.4108873877	12.563546010133	0.13425304499130003	0
EATTDFTVDSR	2	Ste-2024-12-02_HeLa_4mz_sDIA_400-900_20.mzML	8.717204851683	8.62549657865	8.870024422867	0.00017292062943109114	0
EATTDFTVDSR	2	Ste-2024-12-02_HeLa_4mz_sDIA_400-900_21.mzML	8.72526790225	8.664066828017	8.84769501695	0.0001863064741499767	0
EATTDFTVDSR	2	Ste-2024-12-02_HeLa_4mz_sDIA_400-900_22.mzML	8.714716804633	8.65361078915	8.867446095667	0.00014513788098693758	1
EDEISLEDLIER	2	Ste-2024-12-02_HeLa_4mz_sDIA_400-900_20.mzML	18.305945405333	18.1826841325	18.36756635275	0.00017292062943109114	1
EDEISLEDLIER	2	Ste-2024-12-02_HeLa_4mz_sDIA_400-900_21.mzML	18.3150412666	18.19178006915	18.376658675167	0.0001863064741499767	0
EDEISLEDLIER	2	Ste-2024-12-02_HeLa_4mz_sDIA_400-900_22.mzML	18.305129744367	18.243427287217	18.42848687475	0.0003210015247572426	0
EDFLNIC[+57.0215]IEPDTISK	2	Ste-2024-12-02_HeLa_4mz_sDIA_400-900_20.mzML	18.316062345517	18.25444973475	18.439248880883	0.00017292062943109114	1
EDFLNIC[+57.0215]IEPDTISK	2	Ste-2024-12-02_HeLa_4mz_sDIA_400-900_21.mzML	18.3251584394	18.201894708833	18.417562609583	0.0003248862897985705	0
EDFLNIC[+57.0215]IEPDTISK	2	Ste-2024-12-02_HeLa_4mz_sDIA_400-900_22.mzML	18.346117208933	18.253552935917	18.4077857882	0.00026614620298083747	0
EEFAVPENSSVQQFK	2	Ste-2024-12-02_HeLa_4mz_sDIA_400-900_20.mzML	12.701671560017	12.61002746715	12.793292826383	0.00017292062943109114	1
EEFAVPENSSVQQFK	2	Ste-2024-12-02_HeLa_4mz_sDIA_400-900_21.mzML	12.710334860867	12.6186467951	12.80194029045	0.0001863064741499767	0
EEFAVPENSSVQQFK	2	Ste-2024-12-02_HeLa_4mz_sDIA_400-900_22.mzML	12.7291233631	12.606820576167	12.851216023983	0.000184945441094877	0
EEIPEEELAEDVEEIDHAER	3	Ste-2024-12-02_HeLa_4mz_sDIA_400-900_20.mzML	17.478068173417	17.354916417817	17.601210509033	0.00017292062943109114	0
EEIPEEELAEDVEEIDHAER	3	Ste-2024-12-02_HeLa_4mz_sDIA_400-900_21.mzML	17.4872163209	17.3641346391	17.610346433183	0.0001863064741499767	0
EEIPEEELAEDVEEIDHAER	3	Ste-2024-12-02_HeLa_4mz_sDIA_400-900_22.mzML	17.476200879467	17.383717465433	17.568662548133	0.00014513788098693758	1
ELAQQIQK	2	Ste-2024-12-02_HeLa_4mz_sDIA_400-900_20.mzML	6.0163167174	5.9551203763	6.13882932225	0.00017292062943109114	1
ELAQQIQK	2	Ste-2024-12-02_HeLa_4mz_sDIA_400-900_21.mzML	6.021148034917	5.898601541467	6.08249758625	0.0001863064741499767	0
ELAQQIQK	2	Ste-2024-12-02_HeLa_4mz_sDIA_400-900_22.mzML	6.014560468767	5.953366607367	6.137071023483	0.000184945441094877	0
ELC[+57.0215]GPWPSHQLLTNQLQR	3	Ste-2024-12-02_HeLa_4mz_sDIA_400-900_20.mzML	14.587645404417	14.465241504333	14.710172738717	0.002058281876286426	0
ELC[+57.0215]GPWPSHQLLTNQLQR	3	Ste-2024-12-02_HeLa_4mz_sDIA_400-900_21.mzML	14.597030754733	14.474446844617	14.6583737408	0.0012934428073332583	0
ELC[+57.0215]GPWPSHQLLTNQLQR	3	Ste-2024-12-02_HeLa_4mz_sDIA_400-900_22.mzML	14.615137154417	14.5233214541	14.707069924817	0.001264803955386915	1
ELEEAMAGER	2	Ste-2024-12-02_HeLa_4mz_sDIA_400-900_20.mzML	7.79666100475	7.7049019883	7.91908377745	0.0008305117229923976	1
ELEEAMAGER	2	Ste-2024-12-02_HeLa_4mz_sDIA_400-900_21.mzML	7.772800618817	7.71153388685	7.864994536367	0.002527584698391095	0
ELEEAMAGER	2	Ste-2024-12-02_HeLa_4mz_sDIA_400-900_22.mzML	7.79454140975	7.70277045405	7.855752370783	0.002821835165904447	0
ELLEPLFK	2	Ste-2024-12-02_HeLa_4mz_sDIA_400-900_20.mzML	16.261021120583	16.199562861433	16.384017146283	0.007448866208485946	0
ELLEPLFK	2	Ste-2024-12-02_HeLa_4mz_sDIA_400-900_21.mzML		16.208661175917	16.39311670645	1	0
ELLEPLFK	2	Ste-2024-12-02_HeLa_4mz_sDIA_400-900_22.mzML	16.288537673867	16.165637282833	16.349985006333	0.003251277287505806	1
ENAAYFQFFSDVR	2	Ste-2024-12-02_HeLa_4mz_sDIA_400-900_20.mzML	18.217608117833	18.094366485917	18.279232166583	0.00017292062943109114	0
ENAAYFQFFSDVR	2	Ste-2024-12-02_HeLa_4mz_sDIA_400-900_21.mzML	18.195871732133	18.103457345067	18.34996286015	0.0001863064741499767	0
ENAAYFQFFSDVR	2	Ste-2024-12-02_HeLa_4mz_sDIA_400-900_22.mzML	18.216664385417	18.154956807067	18.340090702567	0.00014513788098693758	1
ENAGVDPTLAIPMIQK	2	Ste-2024-12-02_HeLa_4mz_sDIA_400-900_20.mzML	16.774097443983	16.681877901083	16.86633584535	0.0005151983513652757	0
ENAGVDPTLAIPMIQK	2	Ste-2024-12-02_HeLa_4mz_sDIA_400-900_21.mzML	16.78325552845	16.721738473983	16.906239959217	0.0003248862897985705	1
ENAGVDPTLAIPMIQK	2	Ste-2024-12-02_HeLa_4mz_sDIA_400-900_22.mzML	16.802100961567	16.740529492167	16.925258048683	0.000628711142158575	0
ESEFDDEPK	2	Ste-2024-12-02_HeLa_4mz_sDIA_400-900_20.mzML	6.4491873926	6.32670235235	6.571663199767	0.0017385452302170377	1
ESEFDDEPK	2	Ste-2024-12-02_HeLa_4mz_sDIA_400-900_21.mzML	6.423927932983	6.331976364933	6.51583731055	0.004261931187569367	0
ESEFDDEPK	2	Ste-2024-12-02_HeLa_4mz_sDIA_400-900_22.mzML	6.416913778467	6.294444163267	6.570114866567	0.0024956326428749688	0
ESENLASGDQPR	2	Ste-2024-12-02_HeLa_4mz_sDIA_400-900_20.mzML	5.475151416167	5.383113133817	5.628456762267	0.0003204357926780421	0
ESENLASGDQPR	2	Ste-2024-12-02_HeLa_4mz_sDIA_400-900_21.mzML	5.479446316783	5.38728387155	5.602196524017	0.0002598302442404296	0
ESENLASGDQPR	2	Ste-2024-12-02_HeLa_4mz_sDIA_400-900_22.mzML	5.4734731239	5.412094587833	5.596119011283	0.000184945441094877	1
ESLEALLQR	2	Ste-2024-12-02_HeLa_4mz_sDIA_400-900_20.mzML	14.63713749815	14.54526279405	14.729051074733	0.0012171372930866603	0
ESLEALLQR	2	Ste-2024-12-02_HeLa_4mz_sDIA_400-900_21.mzML	14.615882640867	14.554644508917	14.738503896533	0.0001863064741499767	1
ESLEALLQR	2	Ste-2024-12-02_HeLa_4mz_sDIA_400-900_22.mzML	14.634037865217	14.5115344654	14.6952900838	0.0003210015247572426	0
ESNEEEQVWHFLGK	2	Ste-2024-12-02_HeLa_4mz_sDIA_400-900_20.mzML	15.576721069817	15.515308604233	15.69957020025	0.00017292062943109114	0
ESNEEEQVWHFLGK	2	Ste-2024-12-02_HeLa_4mz_sDIA_400-900_21.mzML	15.585971107133	15.5245909701	15.708609815417	0.0001863064741499767	0
ESNEEEQVWHFLGK	2	Ste-2024-12-02_HeLa_4mz_sDIA_400-900_22.mzML	15.604323500433	15.51228631005	15.665692292317	0.00014513788098693758	1
ESYSVYVYK	2	Ste-2024-12-02_HeLa_4mz_sDIA_400-900_20.mzML	10.363499733833	10.302422715983	10.48570817975	0.00017292062943109114	1
ESYSVYVYK	2	Ste-2024-12-02_HeLa_4mz_sDIA_400-900_21.mzML	10.372701336	10.250608704433	10.494819255783	0.0001863064741499767	0
ESYSVYVYK	2	Ste-2024-12-02_HeLa_4mz_sDIA_400-900_22.mzML	10.360707419267	10.29961941705	10.482803370133	0.000184945441094877	0
ETADAITK	2	Ste-2024-12-02_HeLa_4mz_sDIA_400-900_20.mzML	4.57135125965	4.509887205783	4.632953614783	0.0005962239152037098	1
ETADAITK	2	Ste-2024-12-02_HeLa_4mz_sDIA_400-900_21.mzML		4.51323550455	4.63639131275	0.15800435708984703	0
ETADAITK	2	Ste-2024-12-02_HeLa_4mz_sDIA_400-900_22.mzML	4.569727334533	4.477605329667	4.631255095483	0.0010781025395304265	0
ETLPNVR	2	Ste-2024-12-02_HeLa_4mz_sDIA_400-900_20.mzML	7.6040508625	7.481795911833	7.665168418617	0.002716297786720322	0
ETLPNVR	2	Ste-2024-12-02_HeLa_4mz_sDIA_400-900_21.mzML	7.579973194217	7.518760424033	7.64115884195	0.0018709573956273054	1
ETLPNVR	2	Ste-2024-12-02_HeLa_4mz_sDIA_400-900_22.mzML	7.602005911283	7.479780447717	7.66311036	0.0022707333436548485	0
EVEQFDVATHLQTAPELVDR	3	Ste-2024-12-02_HeLa_4mz_sDIA_400-900_20.mzML	15.233416588967	15.202761028783	15.325303166317	0.00017292062943109114	1
EVEQFDVATHLQTAPELVDR	3	Ste-2024-12-02_HeLa_4mz_sDIA_400-900_21.mzML	15.242786077	15.181497238	15.3653218681	0.0001863064741499767	0
EVEQFDVATHLQTAPELVDR	3	Ste-2024-12-02_HeLa_4mz_sDIA_400-900_22.mzML	15.261072110167	15.199757687717	15.383622732867	0.0046387767373936946	0
EVSDFIQDSGQIK	2	Ste-2024-12-02_HeLa_4mz_sDIA_400-900_20.mzML	12.54081738615	12.479753325817	12.662908638067	0.004123900293255132	1
EVSDFIQDSGQIK	2	Ste-2024-12-02_HeLa_4mz_sDIA_400-900_21.mzML	12.549422699983	12.488350818133	12.671602235417	0.0042948859862740755	0
EVSDFIQDSGQIK	2	Ste-2024-12-02_HeLa_4mz_sDIA_400-900_22.mzML		12.476490601017	12.65985637165	0.06862011398307524	0
EYQDLLNVK	2	Ste-2024-12-02_HeLa_4mz_sDIA_400-900_20.mzML	12.4083464623	12.2863732972	12.530475527917	0.0002524190155658393	0
EYQDLLNVK	2	Ste-2024-12-02_HeLa_4mz_sDIA_400-900_21.mzML	12.417003495283	12.294991182333	12.5390734704	0.00038156288156288156	0
EYQDLLNVK	2	Ste-2024-12-02_HeLa_4mz_sDIA_400-900_22.mzML	12.4051138263	12.344146309517	12.527182080617	0.000184945441094877	1
FAELVYTGFWHSPEC[+57.0215]EFVR	3	Ste-2024-12-02_HeLa_4mz_sDIA_400-900_20.mzML	18.401959903883	18.3711798241	18.494322686583	0.0042797304680386086	0
FAELVYTGFWHSPEC[+57.0215]EFVR	3	Ste-2024-12-02_HeLa_4mz_sDIA_400-900_21.mzML	18.441852440483	18.349479790883	18.5034505704	0.0015756587883727247	1
FAELVYTGFWHSPEC[+57.0215]EFVR	3	Ste-2024-12-02_HeLa_4mz_sDIA_400-900_22.mzML		18.401281047117	18.55547484195	0.0256461564115391	0
FGIQAQMVTTDFQK	2	Ste-2024-12-02_HeLa_4mz_sDIA_400-900_20.mzML	14.990791891317	14.929475292083	15.11337563405	0.00017292062943109114	0
FGIQAQMVTTDFQK	2	Ste-2024-12-02_HeLa_4mz_sDIA_400-900_21.mzML	15.0001434513	14.938792442917	15.122691542083	0.0001863064741499767	0
FGIQAQMVTTDFQK	2	Ste-2024-12-02_HeLa_4mz_sDIA_400-900_22.mzML	15.018447504767	14.8958633401	15.079807666767	0.00014513788098693758	1
FGNQADHFLGSLAFAK	3	Ste-2024-12-02_HeLa_4mz_sDIA_400-900_20.mzML	15.8662489736	15.804815137417	15.958488317783	0.00017292062943109114	0
FGNQADHFLGSLAFAK	3	Ste-2024-12-02_HeLa_4mz_sDIA_400-900_21.mzML	15.8753097904	15.84458422155	15.967559695	0.0001863064741499767	0
FGNQADHFLGSLAFAK	3	Ste-2024-12-02_HeLa_4mz_sDIA_400-900_22.mzML	15.89388592315	15.80170579835	15.955354252817	0.00014513788098693758	1
FLAAGTHLGGTNLDFQMEQYIYK	3	Ste-2024-12-02_HeLa_4mz_sDIA_400-900_20.mzML	17.76007071505	17.667631881617	17.852454652317	0.00017292062943109114	0
FLAAGTHLGGTNLDFQMEQYIYK	3	Ste-2024-12-02_HeLa_4mz_sDIA_400-900_21.mzML	17.738410684067	17.615164472867	17.861576284083	0.0001863064741499767	0
FLAAGTHLGGTNLDFQMEQYIYK	3	Ste-2024-12-02_HeLa_4mz_sDIA_400-900_22.mzML	17.75852763165	17.635140632683	17.8818857535	0.00014513788098693758	1
FLIC[+57.0215]TDVAAR	2	Ste-2024-12-02_HeLa_4mz_sDIA_400-900_20.mzML	13.2033979862	13.08126353215	13.325616794667	0.00017292062943109114	0
FLIC[+57.0215]TDVAAR	2	Ste-2024-12-02_HeLa_4mz_sDIA_400-900_21.mzML	13.181489442217	13.12040797995	13.303676341233	0.0001863064741499767	0
FLIC[+57.0215]TDVAAR	2	Ste-2024-12-02_HeLa_4mz_sDIA_400-900_22.mzML	13.200170404883	13.078127960633	13.322357058983	0.00014513788098693758	1
FLLDTNK	2	Ste-2024-12-02_HeLa_4mz_sDIA_400-900_20.mzML	10.751717990933	10.629609002067	10.8433865363	0.003411165561641203	1
FLLDTNK	2	Ste-2024-12-02_HeLa_4mz_sDIA_400-900_21.mzML	10.760661254833	10.669151594767	10.85239475175	0.008399053627760252	0
FLLDTNK	2	Ste-2024-12-02_HeLa_4mz_sDIA_400-900_22.mzML	10.748737830217	10.6877470576	10.87082301105	0.004321445720022699	0
FSNTGEDWYVLVGVAK	2	Ste-2024-12-02_HeLa_4mz_sDIA_400-900_20.mzML	18.43900943075	18.3774456813	18.562239726967	0.00017292062943109114	1
FSNTGEDWYVLVGVAK	2	Ste-2024-12-02_HeLa_4mz_sDIA_400-900_21.mzML	18.4481150843	18.38652928215	18.571361390667	0.0001863064741499767	0
FSNTGEDWYVLVGVAK	2	Ste-2024-12-02_HeLa_4mz_sDIA_400-900_22.mzML	18.469202912283	18.345877363333	18.592606370083	0.000184945441094877	0
FSTGTLSNTADAR	2	Ste-2024-12-02_HeLa_4mz_sDIA_400-900_20.mzML	8.811799433783	8.689548852367	8.872913169667	0.004336043360433604	1
FSTGTLSNTADAR	2	Ste-2024-12-02_HeLa_4mz_sDIA_400-900_21.mzML		8.697561380017	8.850587830967	0.056485355648535567	0
FSTGTLSNTADAR	2	Ste-2024-12-02_HeLa_4mz_sDIA_400-900_22.mzML	8.809226358	8.68705409565	8.87033516045	0.0053104058667341	0
FTITPPTAQVVGVLK	3	Ste-2024-12-02_HeLa_4mz_sDIA_400-900_20.mzML		17.539167827633	17.78557421805	0.2573806221517733	0
FTITPPTAQVVGVLK	3	Ste-2024-12-02_HeLa_4mz_sDIA_400-900_21.mzML	17.67147807025	17.548278981867	17.794695841117	0.005438040592617967	1
FTITPPTAQVVGVLK	3	Ste-2024-12-02_HeLa_4mz_sDIA_400-900_22.mzML		17.568179904267	17.814903093517	0.048559997556729684	0
FTLRDEGK	2	Ste-2024-12-02_HeLa_4mz_sDIA_400-900_20.mzML		5.9859503973	6.108451641017	0.02384267316394013	0
FTLRDEGK	2	Ste-2024-12-02_HeLa_4mz_sDIA_400-900_21.mzML		5.960099367017	6.082736875767	0.22524451160643075	0
FTLRDEGK	2	Ste-2024-12-02_HeLa_4mz_sDIA_400-900_22.mzML	6.04544139485	5.984212104617	6.106721007717	0.003251277287505806	1
GAGSIAGASASPK	2	Ste-2024-12-02_HeLa_4mz_sDIA_400-900_20.mzML		5.345728178433	5.560378085417	0.055121741269060505	0
GAGSIAGASASPK	2	Ste-2024-12-02_HeLa_4mz_sDIA_400-900_21.mzML		5.31912737395	5.503388005917	1	0
GAGSIAGASASPK	2	Ste-2024-12-02_HeLa_4mz_sDIA_400-900_22.mzML	5.436062530317	5.31330395625	5.49737730895	0.0037965072133637054	1
GDTPGHATPGHGGATSSAR	3	Ste-2024-12-02_HeLa_4mz_sDIA_400-900_20.mzML	2.844908461233	2.783293146033	2.968049231917	0.00017292062943109114	0
GDTPGHATPGHGGATSSAR	3	Ste-2024-12-02_HeLa_4mz_sDIA_400-900_21.mzML	2.84627819085	2.784622078117	2.969524878833	0.0001863064741499767	0
GDTPGHATPGHGGATSSAR	3	Ste-2024-12-02_HeLa_4mz_sDIA_400-900_22.mzML	2.843539654283	2.7819438477	2.966661792417	0.00014513788098693758	1
GFVLYPVK	2	Ste-2024-12-02_HeLa_4mz_sDIA_400-900_20.mzML	13.7462509612	13.6851050077	13.8685491169	0.005534817865877204	0
GFVLYPVK	2	Ste-2024-12-02_HeLa_4mz_sDIA_400-900_21.mzML	13.754990196517	13.693801185833	13.846770226917	0.003183520599250936	1
GFVLYPVK	2	Ste-2024-12-02_HeLa_4mz_sDIA_400-900_22.mzML		13.681732551167	13.834704047433	0.012437172102579153	0
GGAEVQIFAPDVPQMHVIDHTK	3	Ste-2024-12-02_HeLa_4mz_sDIA_400-900_20.mzML		14.898400338183	15.08232903415	0.022800504342953207	0
GGAEVQIFAPDVPQMHVIDHTK	3	Ste-2024-12-02_HeLa_4mz_sDIA_400-900_21.mzML	14.999661449517	14.93831089925	15.061039859217	0.0011406410402646286	1
GGAEVQIFAPDVPQMHVIDHTK	3	Ste-2024-12-02_HeLa_4mz_sDIA_400-900_22.mzML	15.01796495095	14.95661629005	15.07932512465	0.002949567235626904	0
GGAVVDEGPTGVK	2	Ste-2024-12-02_HeLa_4mz_sDIA_400-900_20.mzML	7.339786503217	7.217475556683	7.400944603933	0.00017292062943109114	0
GGAVVDEGPTGVK	2	Ste-2024-12-02_HeLa_4mz_sDIA_400-900_21.mzML	7.315363171167	7.254149101983	7.437786301833	0.0001863064741499767	0
GGAVVDEGPTGVK	2	Ste-2024-12-02_HeLa_4mz_sDIA_400-900_22.mzML	7.337835923633	7.21551242755	7.398933268183	0.00014513788098693758	1
GGTLLSVTGEVEPR	2	Ste-2024-12-02_HeLa_4mz_sDIA_400-900_20.mzML	13.669206731683	13.577573580183	13.760920891417	0.00017292062943109114	1
GGTLLSVTGEVEPR	2	Ste-2024-12-02_HeLa_4mz_sDIA_400-900_21.mzML	13.616832959883	13.525127372333	13.769663137217	0.0004452690166975881	0
GGTLLSVTGEVEPR	2	Ste-2024-12-02_HeLa_4mz_sDIA_400-900_22.mzML	13.66587900705	13.574239898817	13.757556291283	0.000184945441094877	0
GIVEFSGK	2	Ste-2024-12-02_HeLa_4mz_sDIA_400-900_20.mzML	9.376947976767	9.254769073433	9.499094276117	0.0005962239152037098	1
GIVEFSGK	2	Ste-2024-12-02_HeLa_4mz_sDIA_400-900_21.mzML	9.35531782765	9.263515890217	9.447029920783	0.0012934428073332583	0
GIVEFSGK	2	Ste-2024-12-02_HeLa_4mz_sDIA_400-900_22.mzML	9.374361398267	9.313239420317	9.496475957717	0.000628711142158575	0
GIYFADMVSK	2	Ste-2024-12-02_HeLa_4mz_sDIA_400-900_20.mzML	14.516876092567	14.394314565067	14.578010196533	0.00017292062943109114	1
GIYFADMVSK	2	Ste-2024-12-02_HeLa_4mz_sDIA_400-900_21.mzML	14.495512391633	14.403377572317	14.587405200517	0.0001863064741499767	0
GIYFADMVSK	2	Ste-2024-12-02_HeLa_4mz_sDIA_400-900_22.mzML	14.5137004865	14.452410038383	14.636203026783	0.000184945441094877	0
GLGTDEDSLIEIIC[+57.0215]SR	3	Ste-2024-12-02_HeLa_4mz_sDIA_400-900_20.mzML	19.4252637153	19.363608169367	19.54862080255	0.00017292062943109114	0
GLGTDEDSLIEIIC[+57.0215]SR	3	Ste-2024-12-02_HeLa_4mz_sDIA_400-900_21.mzML	19.434494340867	19.372833669033	19.5578632172	0.0001863064741499767	0
GLGTDEDSLIEIIC[+57.0215]SR	3	Ste-2024-12-02_HeLa_4mz_sDIA_400-900_22.mzML	19.45691776815	19.333369990117	19.5804830536	0.00014513788098693758	1
GNIIGYSQVDK	2	Ste-2024-12-02_HeLa_4mz_sDIA_400-900_20.mzML	9.845898107333	9.784786441967	9.937457743617	0.003192106790481718	0
GNIIGYSQVDK	2	Ste-2024-12-02_HeLa_4mz_sDIA_400-900_21.mzML	9.824796845517	9.794200835167	9.885916700467	0.0027715391599369235	0
GNIIGYSQVDK	2	Ste-2024-12-02_HeLa_4mz_sDIA_400-900_22.mzML	9.843226963817	9.782142657017	9.904277111567	0.0024511055507327783	1
GNNVLYISTQK	2	Ste-2024-12-02_HeLa_4mz_sDIA_400-900_20.mzML	10.244266736783	10.183234034833	10.366379372117	0.00017292062943109114	1
GNNVLYISTQK	2	Ste-2024-12-02_HeLa_4mz_sDIA_400-900_21.mzML	10.25349493055	10.131368482733	10.3145255402	0.00038156288156288156	0
GNNVLYISTQK	2	Ste-2024-12-02_HeLa_4mz_sDIA_400-900_22.mzML	10.24145236875	10.180410627933	10.363587768467	0.000184945441094877	0
GQLEANLLQVLEK	2	Ste-2024-12-02_HeLa_4mz_sDIA_400-900_20.mzML		18.95283935325	19.137777010117	0.023438317463639217	0
GQLEANLLQVLEK	2	Ste-2024-12-02_HeLa_4mz_sDIA_400-900_21.mzML		18.931058608183	19.116179167417	0.01134687393623057	0
GQLEANLLQVLEK	2	Ste-2024-12-02_HeLa_4mz_sDIA_400-900_22.mzML	19.0454261805	18.92194418315	19.168981946183	0.003047183735656811	1
HASSGSFLPSANEHLK	3	Ste-2024-12-02_HeLa_4mz_sDIA_400-900_20.mzML	8.438441901633	8.316256338383	8.530143060033	0.0016234707485359772	1
HASSGSFLPSANEHLK	3	Ste-2024-12-02_HeLa_4mz_sDIA_400-900_21.mzML		8.262677082467	8.538048409017	0.09474059449380279	0
HASSGSFLPSANEHLK	3	Ste-2024-12-02_HeLa_4mz_sDIA_400-900_22.mzML	8.4361730724	8.34448081395	8.527812003283	0.00376901332615426	0
HGLVPFAFVR	2	Ste-2024-12-02_HeLa_4mz_sDIA_400-900_20.mzML	15.190964905667	15.099162637117	15.313512643283	0.00472949080622348	0
HGLVPFAFVR	2	Ste-2024-12-02_HeLa_4mz_sDIA_400-900_21.mzML	15.169707479633	15.108486900333	15.2922744316	0.003830899585361457	1
HGLVPFAFVR	2	Ste-2024-12-02_HeLa_4mz_sDIA_400-900_22.mzML	15.187966560833	15.126803487583	15.24928300545	0.005759118604457057	0
HLATSDMLAAASK	3	Ste-2024-12-02_HeLa_4mz_sDIA_400-900_20.mzML	9.66620490915	9.60514217765	9.788400745067	0.000889058233314282	0
HLATSDMLAAASK	3	Ste-2024-12-02_HeLa_4mz_sDIA_400-900_21.mzML	9.6754488907	9.55317365435	9.7366337664	0.0012934428073332583	0
HLATSDMLAAASK	3	Ste-2024-12-02_HeLa_4mz_sDIA_400-900_22.mzML	9.680925979833	9.619785559917	9.803065626133	0.0008536905700026267	1
HLLVSNVGGDGEEIER	2	Ste-2024-12-02_HeLa_4mz_sDIA_400-900_20.mzML	10.320014683633	10.197920838533	10.3810913305	0.00017292062943109114	0
HLLVSNVGGDGEEIER	2	Ste-2024-12-02_HeLa_4mz_sDIA_400-900_21.mzML	10.298684726433	10.237681053217	10.420810018183	0.0001863064741499767	0
HLLVSNVGGDGEEIER	2	Ste-2024-12-02_HeLa_4mz_sDIA_400-900_22.mzML	10.317205687683	10.256156635283	10.4393300171	0.00014513788098693758	1
HLSPYATLTVGDSSHK	2	Ste-2024-12-02_HeLa_4mz_sDIA_400-900_20.mzML		9.080752335333	9.202799944783	1	0
HLSPYATLTVGDSSHK	2	Ste-2024-12-02_HeLa_4mz_sDIA_400-900_21.mzML	9.119777145383	9.089219791333	9.211479445083	0.0019326619875902756	1
HLSPYATLTVGDSSHK	2	Ste-2024-12-02_HeLa_4mz_sDIA_400-900_22.mzML		9.078112591583	9.2001997466	1	0
HMNSAGVLATLR	3	Ste-2024-12-02_HeLa_4mz_sDIA_400-900_20.mzML		10.397901838917	10.55057561225	0.05727639296187683	0
HMNSAGVLATLR	3	Ste-2024-12-02_HeLa_4mz_sDIA_400-900_21.mzML	10.468146317433	10.407081068817	10.529153273883	0.008617297552530101	0
HMNSAGVLATLR	3	Ste-2024-12-02_HeLa_4mz_sDIA_400-900_22.mzML	10.4866541355	10.425614950517	10.547669111617	0.0005645730416372619	1
HNEFDFISGTR	2	Ste-2024-12-02_HeLa_4mz_sDIA_400-900_20.mzML	12.170229153767	12.0785835081	12.261864015217	0.00017292062943109114	1
HNEFDFISGTR	2	Ste-2024-12-02_HeLa_4mz_sDIA_400-900_21.mzML	12.17886082255	12.117813330333	12.300995017817	0.0001863064741499767	0
HNEFDFISGTR	2	Ste-2024-12-02_HeLa_4mz_sDIA_400-900_22.mzML	12.197583081367	12.136536513383	12.25864642945	0.00026614620298083747	0
HSFFSTIDWNK	3	Ste-2024-12-02_HeLa_4mz_sDIA_400-900_20.mzML	14.174184675383	14.143604903467	14.296313283717	0.004123900293255132	0
HSFFSTIDWNK	3	Ste-2024-12-02_HeLa_4mz_sDIA_400-900_21.mzML	14.213512620233	14.030268953433	14.274637400283	0.0019326619875902756	1
HSFFSTIDWNK	3	Ste-2024-12-02_HeLa_4mz_sDIA_400-900_22.mzML	14.2013755189	14.140215149217	14.262477730533	0.003251277287505806	0
HSQEELLQR	2	Ste-2024-12-02_HeLa_4mz_sDIA_400-900_20.mzML	5.960654662433	5.930060095967	6.052525384717	0.0025887010811633925	0
HSQEELLQR	2	Ste-2024-12-02_HeLa_4mz_sDIA_400-900_21.mzML	5.96539494055	5.90414693885	6.026695816533	0.001066793101404611	0
HSQEELLQR	2	Ste-2024-12-02_HeLa_4mz_sDIA_400-900_22.mzML	5.989501019367	5.9283109989	6.050739230467	0.0005645730416372619	1
HSVDGESLSSELQQLGLPK	3	Ste-2024-12-02_HeLa_4mz_sDIA_400-900_20.mzML	16.70200693025	16.5792137803	16.794250168267	0.0003898635477582846	1
HSVDGESLSSELQQLGLPK	3	Ste-2024-12-02_HeLa_4mz_sDIA_400-900_21.mzML	16.6803848462	16.6189426349	16.772657015883	0.0008818342151675485	0
HSVDGESLSSELQQLGLPK	3	Ste-2024-12-02_HeLa_4mz_sDIA_400-900_22.mzML	16.699112869683	16.606801058883	16.79148431475	0.000525052505250525	0
HVGMAVAGLLADAR	2	Ste-2024-12-02_HeLa_4mz_sDIA_400-900_20.mzML	14.035121871783	13.9127675745	14.096136029167	0.00017292062943109114	0
HVGMAVAGLLADAR	2	Ste-2024-12-02_HeLa_4mz_sDIA_400-900_21.mzML	14.043984526767	13.921577571817	14.1660848574	0.0001863064741499767	0
HVGMAVAGLLADAR	2	Ste-2024-12-02_HeLa_4mz_sDIA_400-900_22.mzML	14.062416180333	13.940087676883	14.184503052567	0.00014513788098693758	1
HVVAVVLGDVGR	3	Ste-2024-12-02_HeLa_4mz_sDIA_400-900_20.mzML	11.727497901717	11.6359228099	11.7580179776	0.007448866208485946	0
HVVAVVLGDVGR	3	Ste-2024-12-02_HeLa_4mz_sDIA_400-900_21.mzML		11.65693853695	11.8095385955	0.05241848909609545	0
HVVAVVLGDVGR	3	Ste-2024-12-02_HeLa_4mz_sDIA_400-900_22.mzML	11.724607262717	11.663529684283	11.75508847295	0.0036059886799342704	1
IADQLEELNK	2	Ste-2024-12-02_HeLa_4mz_sDIA_400-900_20.mzML	10.425539174017	10.303385601917	10.5476892874	0.00017292062943109114	1
IADQLEELNK	2	Ste-2024-12-02_HeLa_4mz_sDIA_400-900_21.mzML	10.4347277025	10.343129837067	10.49578170275	0.0001863064741499767	0
IADQLEELNK	2	Ste-2024-12-02_HeLa_4mz_sDIA_400-900_22.mzML	10.42272305195	10.361668428233	10.544782074033	0.000184945441094877	0
IAMENDDGRTEEEK	2	Ste-2024-12-02_HeLa_4mz_sDIA_400-900_20.mzML	5.239948380517	5.178611131317	5.301344163533	0.00017292062943109114	0
IAMENDDGRTEEEK	2	Ste-2024-12-02_HeLa_4mz_sDIA_400-900_21.mzML	5.21318783515	5.151766322617	5.274644706317	0.0002598302442404296	0
IAMENDDGRTEEEK	2	Ste-2024-12-02_HeLa_4mz_sDIA_400-900_22.mzML	5.238175774733	5.14614183725	5.299567995083	0.00014513788098693758	1
IAQLEEQLDNETK	2	Ste-2024-12-02_HeLa_4mz_sDIA_400-900_20.mzML	10.98601628165	10.924915203067	11.10814039395	0.00017292062943109114	0
IAQLEEQLDNETK	2	Ste-2024-12-02_HeLa_4mz_sDIA_400-900_21.mzML	10.99499119665	10.87284269055	11.117085688417	0.0001863064741499767	0
IAQLEEQLDNETK	2	Ste-2024-12-02_HeLa_4mz_sDIA_400-900_22.mzML	10.982923168317	10.9218160064	11.105053011933	0.00014513788098693758	1
IEEQSQSEK	2	Ste-2024-12-02_HeLa_4mz_sDIA_400-900_20.mzML	2.516535414567	2.4548128722	2.5782679179	0.0027443740332318747	0
IEEQSQSEK	2	Ste-2024-12-02_HeLa_4mz_sDIA_400-900_21.mzML	2.517659270633	2.455842538167	2.579443120183	0.001981203962407925	1
IEEQSQSEK	2	Ste-2024-12-02_HeLa_4mz_sDIA_400-900_22.mzML	2.515183075667	2.422577761817	2.638552581983	0.002973763729675284	0
IEGEGSVLQAK	2	Ste-2024-12-02_HeLa_4mz_sDIA_400-900_20.mzML	8.224861678183	8.16371574295	8.285951883017	0.0035219646851649138	0
IEGEGSVLQAK	2	Ste-2024-12-02_HeLa_4mz_sDIA_400-900_21.mzML	8.232364750267	8.17117392305	8.29351792565	0.0011406410402646286	1
IEGEGSVLQAK	2	Ste-2024-12-02_HeLa_4mz_sDIA_400-900_22.mzML	8.253107368333	8.161488776333	8.2836183579	0.001954982563669027	0
IGLDFC[+57.0215]K	2	Ste-2024-12-02_HeLa_4mz_sDIA_400-900_20.mzML	11.9423063601	11.820232212217	12.064395699667	0.004889975550122249	0
IGLDFC[+57.0215]K	2	Ste-2024-12-02_HeLa_4mz_sDIA_400-900_21.mzML	11.951041966083	11.82896738535	12.07309492955	0.005863989200134998	0
IGLDFC[+57.0215]K	2	Ste-2024-12-02_HeLa_4mz_sDIA_400-900_22.mzML	11.939293079233	11.878283239	12.061319705183	0.0017847485127095728	1
IIDDSEITK	2	Ste-2024-12-02_HeLa_4mz_sDIA_400-900_20.mzML	8.374713469867	8.283073752867	8.466334324817	0.00017292062943109114	1
IIDDSEITK	2	Ste-2024-12-02_HeLa_4mz_sDIA_400-900_21.mzML	8.382404899033	8.260039566633	8.504810575217	0.0003248862897985705	0
IIDDSEITK	2	Ste-2024-12-02_HeLa_4mz_sDIA_400-900_22.mzML	8.372408035817	8.28074609045	8.4640739834	0.000184945441094877	0
ILETTTFFQR	2	Ste-2024-12-02_HeLa_4mz_sDIA_400-900_20.mzML	14.3367216825	14.27563893725	14.428586638117	0.0028266798909000745	0
ILETTTFFQR	2	Ste-2024-12-02_HeLa_4mz_sDIA_400-900_21.mzML		14.284510147833	14.468409648	0.2147110482799983	0
ILETTTFFQR	2	Ste-2024-12-02_HeLa_4mz_sDIA_400-900_22.mzML	14.36405753385	14.24179629915	14.425391556883	0.0019914055130489466	1
ILQEYITQEGHK	2	Ste-2024-12-02_HeLa_4mz_sDIA_400-900_20.mzML		9.228305122267	9.41158291995	1	0
ILQEYITQEGHK	2	Ste-2024-12-02_HeLa_4mz_sDIA_400-900_21.mzML	9.343494847717	9.251714296817	9.404678980317	0.0001863064741499767	0
ILQEYITQEGHK	2	Ste-2024-12-02_HeLa_4mz_sDIA_400-900_22.mzML	9.3320093032	9.14879635525	9.423653047567	0.000184945441094877	1
IQELENLPGSLAGDLR	2	Ste-2024-12-02_HeLa_4mz_sDIA_400-900_20.mzML	17.113027490883	16.95927168625	17.2053459574	0.0008305117229923976	0
IQELENLPGSLAGDLR	2	Ste-2024-12-02_HeLa_4mz_sDIA_400-900_21.mzML	17.12225357565	16.999192535333	17.275946837967	0.00038156288156288156	0
IQELENLPGSLAGDLR	2	Ste-2024-12-02_HeLa_4mz_sDIA_400-900_22.mzML	17.1106879855	16.956776292567	17.233862986133	0.000184945441094877	1
IQRPPEDSIQPYEK	2	Ste-2024-12-02_HeLa_4mz_sDIA_400-900_20.mzML		8.285951883017	8.469217822883	0.19882025598219255	0
IQRPPEDSIQPYEK	2	Ste-2024-12-02_HeLa_4mz_sDIA_400-900_21.mzML		8.324110022983	8.507702209917	0.016593039543152676	0
IQRPPEDSIQPYEK	2	Ste-2024-12-02_HeLa_4mz_sDIA_400-900_22.mzML	8.422982375483	8.30072835955	8.484061075267	0.0003210015247572426	1
ITC[+57.0215]LC[+57.0215]QVPQNAANR	2	Ste-2024-12-02_HeLa_4mz_sDIA_400-900_20.mzML	9.279075910717	9.1874680325	9.37071233925	0.00017292062943109114	0
ITC[+57.0215]LC[+57.0215]QVPQNAANR	2	Ste-2024-12-02_HeLa_4mz_sDIA_400-900_21.mzML	9.28784736755	9.226697192167	9.41023311935	0.0001863064741499767	0
ITC[+57.0215]LC[+57.0215]QVPQNAANR	2	Ste-2024-12-02_HeLa_4mz_sDIA_400-900_22.mzML	9.306997029	9.184859995033	9.429210480367	0.00014513788098693758	1
IYQIYEGTSQIQR	2	Ste-2024-12-02_HeLa_4mz_sDIA_400-900_20.mzML	11.4456657194	11.38467904255	11.567716017517	0.00017292062943109114	0
IYQIYEGTSQIQR	2	Ste-2024-12-02_HeLa_4mz_sDIA_400-900_21.mzML	11.454605639867	11.332607719167	11.546150036383	0.0001863064741499767	0
IYQIYEGTSQIQR	2	Ste-2024-12-02_HeLa_4mz_sDIA_400-900_22.mzML	11.442594990633	11.381603742117	11.534135273233	0.00014513788098693758	1
KADIDLTK	2	Ste-2024-12-02_HeLa_4mz_sDIA_400-900_20.mzML	5.70836313605	5.616434501067	5.8003013166	0.00017292062943109114	1
KADIDLTK	2	Ste-2024-12-02_HeLa_4mz_sDIA_400-900_21.mzML	5.682189486167	5.5901503778	5.835545175933	0.002527584698391095	0
KADIDLTK	2	Ste-2024-12-02_HeLa_4mz_sDIA_400-900_22.mzML	5.706690216633	5.614771441167	5.798633245533	0.000184945441094877	0
KEDGSEVGVGGAQVTGSNTR	3	Ste-2024-12-02_HeLa_4mz_sDIA_400-900_20.mzML		6.608529009783	6.731078651567	0.1568271488393484	0
KEDGSEVGVGGAQVTGSNTR	3	Ste-2024-12-02_HeLa_4mz_sDIA_400-900_21.mzML	6.675385279083	6.614044244617	6.736670794467	0.00340668446736028	0
KEDGSEVGVGGAQVTGSNTR	3	Ste-2024-12-02_HeLa_4mz_sDIA_400-900_22.mzML	6.66825131255	6.606972747433	6.760118905917	0.0024956326428749688	1
KPQDQLVIER	2	Ste-2024-12-02_HeLa_4mz_sDIA_400-900_20.mzML	7.5549564346	7.4326947081	7.6466311938	0.003275687653547859	0
KPQDQLVIER	2	Ste-2024-12-02_HeLa_4mz_sDIA_400-900_21.mzML	7.530805679283	7.43899179635	7.653202166667	0.0011406410402646286	1
KPQDQLVIER	2	Ste-2024-12-02_HeLa_4mz_sDIA_400-900_22.mzML	7.552901247333	7.43067866305	7.644561231933	0.001857650867788334	0
KPYPDDENLVEVK	3	Ste-2024-12-02_HeLa_4mz_sDIA_400-900_20.mzML		9.581598648067	9.825924009083	0.0673798687865713	0
KPYPDDENLVEVK	3	Ste-2024-12-02_HeLa_4mz_sDIA_400-900_21.mzML	9.774221981433	9.590741438583	9.835400699467	0.005764665988470668	0
KPYPDDENLVEVK	3	Ste-2024-12-02_HeLa_4mz_sDIA_400-900_22.mzML	9.701144387483	9.6094784416	9.792741778983	0.001106645698642903	1
LANIDEEMLQK	2	Ste-2024-12-02_HeLa_4mz_sDIA_400-900_20.mzML		11.925244338433	12.0778600391	0.011134656135619342	0
LANIDEEMLQK	2	Ste-2024-12-02_HeLa_4mz_sDIA_400-900_21.mzML	12.0255296708	11.9645020246	12.086557015233	0.0003248862897985705	1
LANIDEEMLQK	2	Ste-2024-12-02_HeLa_4mz_sDIA_400-900_22.mzML	12.013800513633	11.952755098367	12.074773266933	0.00247599797877716	0
LC[+57.0215]GDTSLNNMQR	2	Ste-2024-12-02_HeLa_4mz_sDIA_400-900_20.mzML	8.26381390325	8.20270281275	8.386021449817	0.00017292062943109114	0
LC[+57.0215]GDTSLNNMQR	2	Ste-2024-12-02_HeLa_4mz_sDIA_400-900_21.mzML	8.2713545948	8.149028492117	8.332540023367	0.0001863064741499767	0
LC[+57.0215]GDTSLNNMQR	2	Ste-2024-12-02_HeLa_4mz_sDIA_400-900_22.mzML	8.261527650517	8.200447682417	8.383733279483	0.00014513788098693758	1
LEELTNR	2	Ste-2024-12-02_HeLa_4mz_sDIA_400-900_20.mzML		6.259012354817	6.38147153255	0.010654372166905584	0
LEELTNR	2	Ste-2024-12-02_HeLa_4mz_sDIA_400-900_21.mzML	6.29482657465	6.233502426117	6.35613951395	0.0032852119193040904	0
LEELTNR	2	Ste-2024-12-02_HeLa_4mz_sDIA_400-900_22.mzML	6.28795367125	6.257329623083	6.37979090275	0.003251277287505806	1
LEGFHTQISK	2	Ste-2024-12-02_HeLa_4mz_sDIA_400-900_20.mzML	8.0726796334	8.011521396667	8.225583435033	0.0023135976443369437	0
LEGFHTQISK	2	Ste-2024-12-02_HeLa_4mz_sDIA_400-900_21.mzML	8.0800702414	8.018821377833	8.233087420167	0.0019326619875902756	0
LEGFHTQISK	2	Ste-2024-12-02_HeLa_4mz_sDIA_400-900_22.mzML	8.10106337055	8.00936442105	8.223318212317	0.00014513788098693758	1
LEGIITR	2	Ste-2024-12-02_HeLa_4mz_sDIA_400-900_20.mzML	8.94849539525	8.9179372797	9.04011124925	0.003275687653547859	1
LEGIITR	2	Ste-2024-12-02_HeLa_4mz_sDIA_400-900_21.mzML	8.9568080438	8.895641938533	9.017984689533	0.00768984299903877	0
LEGIITR	2	Ste-2024-12-02_HeLa_4mz_sDIA_400-900_22.mzML		8.884803026567	9.03750769265	0.010076045627376426	0
LENWITSLAESQLQTR	3	Ste-2024-12-02_HeLa_4mz_sDIA_400-900_20.mzML	19.532975347183	19.409625644583	19.594701247833	0.00017292062943109114	1
LENWITSLAESQLQTR	3	Ste-2024-12-02_HeLa_4mz_sDIA_400-900_21.mzML	19.542212381883	19.4188426076	19.603907638067	0.0001863064741499767	0
LENWITSLAESQLQTR	3	Ste-2024-12-02_HeLa_4mz_sDIA_400-900_22.mzML	19.5648156002	19.441248510283	19.62659061635	0.0008989341209708489	0
LEQEIATYR	2	Ste-2024-12-02_HeLa_4mz_sDIA_400-900_20.mzML	8.530143060033	8.407895469333	8.652470667867	0.00017292062943109114	1
LEQEIATYR	2	Ste-2024-12-02_HeLa_4mz_sDIA_400-900_21.mzML	8.507460733533	8.446204174517	8.629838553483	0.0001863064741499767	0
LEQEIATYR	2	Ste-2024-12-02_HeLa_4mz_sDIA_400-900_22.mzML	8.527812003283	8.405623889533	8.588891733967	0.000184945441094877	0
LESEGSPETLTNLRK	2	Ste-2024-12-02_HeLa_4mz_sDIA_400-900_20.mzML	9.324263143483	9.263180335433	9.38536434505	0.0025238217872778777	0
LESEGSPETLTNLRK	2	Ste-2024-12-02_HeLa_4mz_sDIA_400-900_21.mzML	9.33312933645	9.27194004195	9.394317357733	0.005397995030417274	0
LESEGSPETLTNLRK	2	Ste-2024-12-02_HeLa_4mz_sDIA_400-900_22.mzML	9.3385331783	9.277423134133	9.399633233867	0.000184945441094877	1
LFEGNALLR	2	Ste-2024-12-02_HeLa_4mz_sDIA_400-900_20.mzML	13.505145879433	13.413387778067	13.596840373017	0.0007163790296320417	1
LFEGNALLR	2	Ste-2024-12-02_HeLa_4mz_sDIA_400-900_21.mzML	13.5138114735	13.422074603	13.605532441467	0.001066793101404611	0
LFEGNALLR	2	Ste-2024-12-02_HeLa_4mz_sDIA_400-900_22.mzML	13.50182027505	13.3795814154	13.624090537633	0.0024956326428749688	0
LFELLEK	2	Ste-2024-12-02_HeLa_4mz_sDIA_400-900_20.mzML	15.152885682867	15.030513777717	15.275441316517	0.00017292062943109114	1
LFELLEK	2	Ste-2024-12-02_HeLa_4mz_sDIA_400-900_21.mzML	15.162252230333	15.07041682605	15.25418675935	0.00038156288156288156	0
LFELLEK	2	Ste-2024-12-02_HeLa_4mz_sDIA_400-900_22.mzML	15.14990814845	15.08870351485	15.2724564249	0.000184945441094877	0
LFVLLPEQSPVSYSK	2	Ste-2024-12-02_HeLa_4mz_sDIA_400-900_20.mzML		17.8204656528	18.005252611883	0.1427645519132494	0
LFVLLPEQSPVSYSK	2	Ste-2024-12-02_HeLa_4mz_sDIA_400-900_21.mzML	17.8911649556	17.768008340817	18.01438173515	0.0019326619875902756	0
LFVLLPEQSPVSYSK	2	Ste-2024-12-02_HeLa_4mz_sDIA_400-900_22.mzML	17.880680072917	17.788185381483	18.034896275133	0.0003210015247572426	1
LGQHVVGMAPLSVGSLDDEPGGEAETK	3	Ste-2024-12-02_HeLa_4mz_sDIA_400-900_20.mzML	14.475590683717	14.3530919235	14.598000765133	0.00017292062943109114	0
LGQHVVGMAPLSVGSLDDEPGGEAETK	3	Ste-2024-12-02_HeLa_4mz_sDIA_400-900_21.mzML	14.454090606583	14.3620607629	14.546202551233	0.0001863064741499767	0
LGQHVVGMAPLSVGSLDDEPGGEAETK	3	Ste-2024-12-02_HeLa_4mz_sDIA_400-900_22.mzML	14.47238422695	14.41107315935	14.594909085017	0.00014513788098693758	1
LIDEVIEDTR	2	Ste-2024-12-02_HeLa_4mz_sDIA_400-900_20.mzML	12.563399399	12.471809853567	12.654967013	0.00093937875751503	1
LIDEVIEDTR	2	Ste-2024-12-02_HeLa_4mz_sDIA_400-900_21.mzML	12.541476185783	12.48040585835	12.663653145433	0.0018709573956273054	0
LIDEVIEDTR	2	Ste-2024-12-02_HeLa_4mz_sDIA_400-900_22.mzML	12.52958241725	12.49905370935	12.621370172883	0.0013142857142857142	0
LIDFLESGK	2	Ste-2024-12-02_HeLa_4mz_sDIA_400-900_20.mzML	14.819761867067	14.697182359383	14.942302452533	0.00017292062943109114	1
LIDFLESGK	2	Ste-2024-12-02_HeLa_4mz_sDIA_400-900_21.mzML	14.82915972685	14.706648465417	14.890385684033	0.0001863064741499767	0
LIDFLESGK	2	Ste-2024-12-02_HeLa_4mz_sDIA_400-900_22.mzML	14.816660466317	14.694088544483	14.939284733217	0.000184945441094877	0
LIIVEGC[+57.0215]QR	2	Ste-2024-12-02_HeLa_4mz_sDIA_400-900_20.mzML	9.811964106183	9.750855828417	9.93408875895	0.0003204357926780421	1
LIIVEGC[+57.0215]QR	2	Ste-2024-12-02_HeLa_4mz_sDIA_400-900_21.mzML	9.821423087533	9.729640502383	9.882546500333	0.0008818342151675485	0
LIIVEGC[+57.0215]QR	2	Ste-2024-12-02_HeLa_4mz_sDIA_400-900_22.mzML	9.809318880017	9.748247176767	9.931415553483	0.0005645730416372619	0
LISLLNEK	2	Ste-2024-12-02_HeLa_4mz_sDIA_400-900_20.mzML	12.830028141083	12.7689989181	12.952205669283	0.004243862371086976	0
LISLLNEK	2	Ste-2024-12-02_HeLa_4mz_sDIA_400-900_21.mzML	12.838690766783	12.7776448481	12.960859596633	0.0019326619875902756	1
LISLLNEK	2	Ste-2024-12-02_HeLa_4mz_sDIA_400-900_22.mzML		12.76588270165	12.91851603725	0.011006701358990678	0
LLAELPASVHALTGVDLSK	3	Ste-2024-12-02_HeLa_4mz_sDIA_400-900_20.mzML	17.71552868135	17.653902336617	17.838730132067	0.005767505447088477	0
LLAELPASVHALTGVDLSK	3	Ste-2024-12-02_HeLa_4mz_sDIA_400-900_21.mzML	17.724682646483	17.601431972683	17.847848932383	0.0002598302442404296	1
LLAELPASVHALTGVDLSK	3	Ste-2024-12-02_HeLa_4mz_sDIA_400-900_22.mzML	17.74476761735	17.621392663583	17.868133582967	0.00039114448877415316	0
LLVVTDPR	2	Ste-2024-12-02_HeLa_4mz_sDIA_400-900_20.mzML	10.509487589	10.387320319633	10.570503779867	0.0030778250036640775	1
LLVVTDPR	2	Ste-2024-12-02_HeLa_4mz_sDIA_400-900_21.mzML	10.48809182355	10.427033591917	10.610056832533	0.004145678241875808	0
LLVVTDPR	2	Ste-2024-12-02_HeLa_4mz_sDIA_400-900_22.mzML	10.506600540483	10.38449967765	10.628651781	0.007305645993806083	0
LNQIMVGTGNGLAK	2	Ste-2024-12-02_HeLa_4mz_sDIA_400-900_20.mzML	11.47062155265	11.379145168683	11.5927855431	0.002265900827317279	0
LNQIMVGTGNGLAK	2	Ste-2024-12-02_HeLa_4mz_sDIA_400-900_21.mzML	11.4795613103	11.418566076033	11.54061291675	0.0015756587883727247	1
LNQIMVGTGNGLAK	2	Ste-2024-12-02_HeLa_4mz_sDIA_400-900_22.mzML	11.467531428833	11.43706156255	11.55922360525	0.002949567235626904	0
LPEEPITR	2	Ste-2024-12-02_HeLa_4mz_sDIA_400-900_20.mzML		8.25011576675	8.4334044093	0.027709694989106755	0
LPEEPITR	2	Ste-2024-12-02_HeLa_4mz_sDIA_400-900_21.mzML		8.25763761605	8.441147401233	0.035018191268191265	0
LPEEPITR	2	Ste-2024-12-02_HeLa_4mz_sDIA_400-900_22.mzML	8.339424242383	8.278347388183	8.43112774025	0.004501385041551247	1
LPQTSDDEK	2	Ste-2024-12-02_HeLa_4mz_sDIA_400-900_20.mzML	4.207869434333	4.1462005896	4.300323553917	0.003758691975192633	0
LPQTSDDEK	2	Ste-2024-12-02_HeLa_4mz_sDIA_400-900_21.mzML	4.210808833033	4.087421108283	4.3341394445	0.0015375322607215419	1
LPQTSDDEK	2	Ste-2024-12-02_HeLa_4mz_sDIA_400-900_22.mzML	4.17537845835	4.08296297715	4.329459493483	0.004617841267101117	0
LPVDLAEELGHR	3	Ste-2024-12-02_HeLa_4mz_sDIA_400-900_20.mzML	13.7761436546	13.6538100193	13.89832974045	0.00017292062943109114	0
LPVDLAEELGHR	3	Ste-2024-12-02_HeLa_4mz_sDIA_400-900_21.mzML	13.784886626983	13.662522929167	13.84604850285	0.0001863064741499767	0
LPVDLAEELGHR	3	Ste-2024-12-02_HeLa_4mz_sDIA_400-900_22.mzML	13.772796295567	13.6504906481	13.895064872083	0.00014513788098693758	1
LQQTQNQVDEVVDIMR	3	Ste-2024-12-02_HeLa_4mz_sDIA_400-900_20.mzML	15.6858486915	15.5936884138	15.77794889535	0.0003204357926780421	0
LQQTQNQVDEVVDIMR	3	Ste-2024-12-02_HeLa_4mz_sDIA_400-900_21.mzML	15.694874316283	15.633591436433	15.8177212919	0.0008818342151675485	0
LQQTQNQVDEVVDIMR	3	Ste-2024-12-02_HeLa_4mz_sDIA_400-900_22.mzML	15.713364882767	15.590604956517	15.83626224185	0.00014513788098693758	1
LQWFEQQAK	2	Ste-2024-12-02_HeLa_4mz_sDIA_400-900_20.mzML	12.0742512405	12.013214132533	12.165898016683	0.005038877546587898	1
LQWFEQQAK	2	Ste-2024-12-02_HeLa_4mz_sDIA_400-900_21.mzML		12.0219300264	12.205077636433	0.010187997385721426	0
LQWFEQQAK	2	Ste-2024-12-02_HeLa_4mz_sDIA_400-900_22.mzML		12.010198780333	12.1627153123	0.010076045627376426	0
LSDQFHDILIR	3	Ste-2024-12-02_HeLa_4mz_sDIA_400-900_20.mzML	13.300825148533	13.239735545367	13.361929883133	0.00017292062943109114	0
LSDQFHDILIR	3	Ste-2024-12-02_HeLa_4mz_sDIA_400-900_21.mzML	13.3094455637	13.24838489515	13.370565508617	0.0001863064741499767	0
LSDQFHDILIR	3	Ste-2024-12-02_HeLa_4mz_sDIA_400-900_22.mzML	13.297607414333	13.20594155665	13.419739524917	0.00014513788098693758	1
LSGLEQPQGALQTR	2	Ste-2024-12-02_HeLa_4mz_sDIA_400-900_20.mzML	10.61856390935	10.496528516783	10.67960273355	0.00017292062943109114	0
LSGLEQPQGALQTR	2	Ste-2024-12-02_HeLa_4mz_sDIA_400-900_21.mzML	10.59711191545	10.536138294833	10.719118012417	0.0001863064741499767	0
LSGLEQPQGALQTR	2	Ste-2024-12-02_HeLa_4mz_sDIA_400-900_22.mzML	10.615720256067	10.49362659925	10.67671628675	0.00014513788098693758	1
LSLDGQNIYNAC[+57.0215]C[+57.0215]TLR	3	Ste-2024-12-02_HeLa_4mz_sDIA_400-900_20.mzML		14.184521686567	14.429067047183	0.03505947295787606	0
LSLDGQNIYNAC[+57.0215]C[+57.0215]TLR	3	Ste-2024-12-02_HeLa_4mz_sDIA_400-900_21.mzML	14.22385289765	14.193292911433	14.43816853405	0.0027715391599369235	0
LSLDGQNIYNAC[+57.0215]C[+57.0215]TLR	3	Ste-2024-12-02_HeLa_4mz_sDIA_400-900_22.mzML	14.242278472967	14.15057166095	14.39518326055	0.001157943492357573	1
LSTGC[+57.0215]TGTLVAEK	2	Ste-2024-12-02_HeLa_4mz_sDIA_400-900_20.mzML	8.8423493941	8.78125862795	8.964600695717	0.00017292062943109114	0
LSTGC[+57.0215]TGTLVAEK	2	Ste-2024-12-02_HeLa_4mz_sDIA_400-900_21.mzML	8.850587830967	8.697561380017	8.911779656083	0.0001863064741499767	0
LSTGC[+57.0215]TGTLVAEK	2	Ste-2024-12-02_HeLa_4mz_sDIA_400-900_22.mzML	8.839741517617	8.778698920783	8.96200850225	0.00014513788098693758	1
LTDC[+57.0215]VVMRDPASK	3	Ste-2024-12-02_HeLa_4mz_sDIA_400-900_20.mzML	8.694113147667	8.5718101926	8.755226385617	0.0014631006027974484	0
LTDC[+57.0215]VVMRDPASK	3	Ste-2024-12-02_HeLa_4mz_sDIA_400-900_21.mzML	8.671551593633	8.610346916683	8.7939600721	0.0002598302442404296	0
LTDC[+57.0215]VVMRDPASK	3	Ste-2024-12-02_HeLa_4mz_sDIA_400-900_22.mzML	8.69163204025	8.569406333717	8.8137916611	0.00014513788098693758	1
LVPSQEETK	2	Ste-2024-12-02_HeLa_4mz_sDIA_400-900_20.mzML		4.884026824217	5.068214208383	0.5198497069510535	0
LVPSQEETK	2	Ste-2024-12-02_HeLa_4mz_sDIA_400-900_21.mzML		4.918327213167	5.0719314058	1	0
LVPSQEETK	2	Ste-2024-12-02_HeLa_4mz_sDIA_400-900_22.mzML	5.004968570033	4.94360011125	5.12772896785	0.001157943492357573	1
MFTSMDPPPVELIR	2	Ste-2024-12-02_HeLa_4mz_sDIA_400-900_20.mzML	17.571876107417	17.510300556733	17.695073974383	0.0013700262091970454	0
MFTSMDPPPVELIR	2	Ste-2024-12-02_HeLa_4mz_sDIA_400-900_21.mzML	17.58099449315	17.48865952685	17.7350374151	0.003064303224589855	0
MFTSMDPPPVELIR	2	Ste-2024-12-02_HeLa_4mz_sDIA_400-900_22.mzML	17.600918323183	17.47764801495	17.72428598335	0.001106645698642903	1
MLEQLDMR	2	Ste-2024-12-02_HeLa_4mz_sDIA_400-900_20.mzML	11.6121359903	11.550879317383	11.73423330775	0.0003204357926780421	0
MLEQLDMR	2	Ste-2024-12-02_HeLa_4mz_sDIA_400-900_21.mzML	11.6209054967	11.498784217583	11.742980106033	0.0006850722751250257	0
MLEQLDMR	2	Ste-2024-12-02_HeLa_4mz_sDIA_400-900_22.mzML	11.609010191917	11.54790412995	11.731347716683	0.00026614620298083747	1
MSDGLFLQK	2	Ste-2024-12-02_HeLa_4mz_sDIA_400-900_20.mzML	12.28373226225	12.222677564617	12.405707545167	0.002265900827317279	1
MSDGLFLQK	2	Ste-2024-12-02_HeLa_4mz_sDIA_400-900_21.mzML	12.292348851317	12.231275532567	12.41436635195	0.0023776500891618782	0
MSDGLFLQK	2	Ste-2024-12-02_HeLa_4mz_sDIA_400-900_22.mzML	12.280498011917	12.1889290046	12.371983236833	0.009141891372820158	0
MVNHFIAEFK	3	Ste-2024-12-02_HeLa_4mz_sDIA_400-900_20.mzML	11.740228034267	11.618137213567	11.862282698733	0.00017292062943109114	1
MVNHFIAEFK	3	Ste-2024-12-02_HeLa_4mz_sDIA_400-900_21.mzML	11.748972931733	11.626908013417	11.8709966682	0.0002598302442404296	0
MVNHFIAEFK	3	Ste-2024-12-02_HeLa_4mz_sDIA_400-900_22.mzML	11.737344009333	11.645709964117	11.828831892767	0.000686530275985171	0
NFATSLYSMIK	2	Ste-2024-12-02_HeLa_4mz_sDIA_400-900_20.mzML	18.515979903	18.392812494133	18.577650575317	0.00017292062943109114	1
NFATSLYSMIK	2	Ste-2024-12-02_HeLa_4mz_sDIA_400-900_21.mzML	18.525123512383	18.432699850483	18.6483842299	0.0001863064741499767	0
NFATSLYSMIK	2	Ste-2024-12-02_HeLa_4mz_sDIA_400-900_22.mzML	18.54630985655	18.422940891183	18.638877526833	0.000184945441094877	0
NFRPDDPTR	2	Ste-2024-12-02_HeLa_4mz_sDIA_400-900_20.mzML		5.438954279283	5.684195678433	0.025251304017409926	0
NFRPDDPTR	2	Ste-2024-12-02_HeLa_4mz_sDIA_400-900_21.mzML	5.535270818683	5.412456629167	5.658000732233	0.005260434632631942	1
NFRPDDPTR	2	Ste-2024-12-02_HeLa_4mz_sDIA_400-900_22.mzML		5.437264754133	5.621263846717	0.017558616338975923	0
NFVDSPIIVDITK	2	Ste-2024-12-02_HeLa_4mz_sDIA_400-900_20.mzML	18.05941265335	17.997782326167	18.1826841325	0.0028579875825367105	0
NFVDSPIIVDITK	2	Ste-2024-12-02_HeLa_4mz_sDIA_400-900_21.mzML	18.068539843717	18.006918284417	18.19178006915	0.0023387738853503184	1
NFVDSPIIVDITK	2	Ste-2024-12-02_HeLa_4mz_sDIA_400-900_22.mzML	18.089147264283	17.96573298855	18.212563002617	0.002949567235626904	0
NFYVEHPEVAR	3	Ste-2024-12-02_HeLa_4mz_sDIA_400-900_20.mzML	9.043238667383	8.92105997525	9.1043188324	0.00017292062943109114	1
NFYVEHPEVAR	3	Ste-2024-12-02_HeLa_4mz_sDIA_400-900_21.mzML	9.02111517815	8.929381883083	9.11280058405	0.0008177729317159602	0
NFYVEHPEVAR	3	Ste-2024-12-02_HeLa_4mz_sDIA_400-900_22.mzML	9.040633667417	8.97954194495	9.162719245217	0.0005645730416372619	0
NKPNMSDPEESR	2	Ste-2024-12-02_HeLa_4mz_sDIA_400-900_20.mzML	4.495809847517	4.342169121683	4.588038613583	0.0055079822711820645	0
NKPNMSDPEESR	2	Ste-2024-12-02_HeLa_4mz_sDIA_400-900_21.mzML	4.468385926383	4.34524363255	4.591470573817	0.0019326619875902756	1
NKPNMSDPEESR	2	Ste-2024-12-02_HeLa_4mz_sDIA_400-900_22.mzML		4.371266401017	4.6171477926	0.038365594114117905	0
NPVHNGHALLMQDTR	2	Ste-2024-12-02_HeLa_4mz_sDIA_400-900_20.mzML		7.049246608833	7.202329877583	0.01658302421994327	0
NPVHNGHALLMQDTR	2	Ste-2024-12-02_HeLa_4mz_sDIA_400-900_21.mzML		6.9939260162	7.208344641717	0.018034649247372907	0
NPVHNGHALLMQDTR	2	Ste-2024-12-02_HeLa_4mz_sDIA_400-900_22.mzML	7.1085542089	7.016859745067	7.200322274833	0.0017440592980161324	1
NPVLQQVLEGR	2	Ste-2024-12-02_HeLa_4mz_sDIA_400-900_20.mzML	14.27563893725	14.092286664717	14.3979214847	0.00472949080622348	0
NPVLQQVLEGR	2	Ste-2024-12-02_HeLa_4mz_sDIA_400-900_21.mzML	14.284510147833	14.16223928125	14.406985926867	0.002413436437964833	0
NPVLQQVLEGR	2	Ste-2024-12-02_HeLa_4mz_sDIA_400-900_22.mzML	14.272342917433	14.15008947015	14.394705283217	0.0009960779430990476	1
NSEPEEVIPSR	2	Ste-2024-12-02_HeLa_4mz_sDIA_400-900_20.mzML	8.625978806167	8.4730667976	8.717687090167	0.00017292062943109114	0
NSEPEEVIPSR	2	Ste-2024-12-02_HeLa_4mz_sDIA_400-900_21.mzML	8.603355298233	8.480929492117	8.725751574817	0.0001863064741499767	0
NSEPEEVIPSR	2	Ste-2024-12-02_HeLa_4mz_sDIA_400-900_22.mzML	8.62352678735	8.470802981117	8.71519951745	0.00014513788098693758	1
NSSNTSVGSPSNTIGR	2	Ste-2024-12-02_HeLa_4mz_sDIA_400-900_20.mzML	6.6782863561	6.5557442739	6.739526607717	0.00017292062943109114	1
NSSNTSVGSPSNTIGR	2	Ste-2024-12-02_HeLa_4mz_sDIA_400-900_21.mzML	6.653172063367	6.591840859567	6.714488528733	0.0001863064741499767	0
NSSNTSVGSPSNTIGR	2	Ste-2024-12-02_HeLa_4mz_sDIA_400-900_22.mzML	6.676727113633	6.584816211217	6.737960856033	0.00247599797877716	0
PFSVDFFR	2	Ste-2024-12-02_HeLa_4mz_sDIA_400-900_20.mzML		16.968584861417	17.122367586317	0.01949185760610056	0
PFSVDFFR	2	Ste-2024-12-02_HeLa_4mz_sDIA_400-900_21.mzML	17.039261915467	17.00849183025	17.13160915555	0.002809390029046236	1
PFSVDFFR	2	Ste-2024-12-02_HeLa_4mz_sDIA_400-900_22.mzML	17.089216166483	16.9968445688	17.150857166	0.009037418759373918	0
PGFSIADK	2	Ste-2024-12-02_HeLa_4mz_sDIA_400-900_20.mzML	9.07162547985	8.949457326683	9.132665729933	0.00017292062943109114	1
PGFSIADK	2	Ste-2024-12-02_HeLa_4mz_sDIA_400-900_21.mzML	9.049510422933	8.988359210267	9.171784018017	0.0001863064741499767	0
PGFSIADK	2	Ste-2024-12-02_HeLa_4mz_sDIA_400-900_22.mzML	9.06898755935	8.946864725117	9.191080585067	0.00026614620298083747	0
PGPELGGEFPVQDLK	2	Ste-2024-12-02_HeLa_4mz_sDIA_400-900_20.mzML		15.265491213	15.418699131167	0.027683192590574775	0
PGPELGGEFPVQDLK	2	Ste-2024-12-02_HeLa_4mz_sDIA_400-900_21.mzML	15.3361267347	15.274875992417	15.397402613117	0.004551621515164778	0
PGPELGGEFPVQDLK	2	Ste-2024-12-02_HeLa_4mz_sDIA_400-900_22.mzML	15.35443037185	15.262518138783	15.385067808383	0.0010781025395304265	1
PHSVSLNDTETR	2	Ste-2024-12-02_HeLa_4mz_sDIA_400-900_20.mzML	5.75270155055	5.69141136375	5.875278213717	0.00017292062943109114	0
PHSVSLNDTETR	2	Ste-2024-12-02_HeLa_4mz_sDIA_400-900_21.mzML	5.726584080817	5.665224130017	5.849287238817	0.0001863064741499767	0
PHSVSLNDTETR	2	Ste-2024-12-02_HeLa_4mz_sDIA_400-900_22.mzML	5.751044922067	5.68977008925	5.873563060533	0.00014513788098693758	1
PNMVTPGHAC[+57.0215]TQK	3	Ste-2024-12-02_HeLa_4mz_sDIA_400-900_20.mzML	5.111393182833	4.988700383133	5.2341011739	0.00017292062943109114	0
PNMVTPGHAC[+57.0215]TQK	3	Ste-2024-12-02_HeLa_4mz_sDIA_400-900_21.mzML	5.0844545861	4.992317473783	5.176642453917	0.0001863064741499767	0
PNMVTPGHAC[+57.0215]TQK	3	Ste-2024-12-02_HeLa_4mz_sDIA_400-900_22.mzML	5.10954201545	4.986825740133	5.23230661565	0.00014513788098693758	1
PVHLTAFLGYK	2	Ste-2024-12-02_HeLa_4mz_sDIA_400-900_20.mzML		13.835164298867	14.079537509033	0.02971163228910798	0
PVHLTAFLGYK	2	Ste-2024-12-02_HeLa_4mz_sDIA_400-900_21.mzML	13.966181380783	13.90497502325	14.057897171233	0.002570569405373945	0
PVHLTAFLGYK	2	Ste-2024-12-02_HeLa_4mz_sDIA_400-900_22.mzML	13.984698132017	13.862390943967	14.106813231967	0.0013142857142857142	1
PVTVEPMDQLDDEEGLPEK	3	Ste-2024-12-02_HeLa_4mz_sDIA_400-900_20.mzML	14.433878619667	14.34201074885	14.525772291817	0.0028579875825367105	0
PVTVEPMDQLDDEEGLPEK	3	Ste-2024-12-02_HeLa_4mz_sDIA_400-900_21.mzML	14.442989592017	14.32039182835	14.535118781867	0.0006850722751250257	1
PVTVEPMDQLDDEEGLPEK	3	Ste-2024-12-02_HeLa_4mz_sDIA_400-900_22.mzML		14.36934162255	14.553227090617	0.07656946246263184	0
PWC[+57.0215]C[+57.0215]VIGDVSPIAPK	2	Ste-2024-12-02_HeLa_4mz_sDIA_400-900_20.mzML		16.497698723133	16.681877901083	0.11249137336093858	0
PWC[+57.0215]C[+57.0215]VIGDVSPIAPK	2	Ste-2024-12-02_HeLa_4mz_sDIA_400-900_21.mzML	16.56810153235	16.445220949233	16.629559927933	0.0028962111860222203	1
PWC[+57.0215]C[+57.0215]VIGDVSPIAPK	2	Ste-2024-12-02_HeLa_4mz_sDIA_400-900_22.mzML		16.46367721255	16.648204877	1	0
QEELTPLGVHLAR	3	Ste-2024-12-02_HeLa_4mz_sDIA_400-900_20.mzML	12.525909169933	12.37329731165	12.709104160033	0.005534817865877204	0
QEELTPLGVHLAR	3	Ste-2024-12-02_HeLa_4mz_sDIA_400-900_21.mzML	12.5345041298	12.4429388554	12.748303596283	0.003443526170798898	1
QEELTPLGVHLAR	3	Ste-2024-12-02_HeLa_4mz_sDIA_400-900_22.mzML		12.49208544665	12.6449403771	0.050194221898519055	0
QHLEETTQK	2	Ste-2024-12-02_HeLa_4mz_sDIA_400-900_20.mzML	2.610287504133	2.456031802367	2.671982202267	0.004626334519572953	0
QHLEETTQK	2	Ste-2024-12-02_HeLa_4mz_sDIA_400-900_21.mzML	2.611498706683	2.487988568067	2.73496656205	0.0012934428073332583	1
QHLEETTQK	2	Ste-2024-12-02_HeLa_4mz_sDIA_400-900_22.mzML	2.6089330758	2.547249366167	2.732311903017	0.002674856350307113	0
QHLENDPGSNEDTDIPK	3	Ste-2024-12-02_HeLa_4mz_sDIA_400-900_20.mzML	7.220122708	7.097630112583	7.2812871202	0.00017292062943109114	1
QHLENDPGSNEDTDIPK	3	Ste-2024-12-02_HeLa_4mz_sDIA_400-900_21.mzML	7.19552483495	7.134213411333	7.31801295835	0.0002598302442404296	0
QHLENDPGSNEDTDIPK	3	Ste-2024-12-02_HeLa_4mz_sDIA_400-900_22.mzML	7.21816318015	7.09573267745	7.279364938933	0.0009473285335354301	0
QILIAC[+57.0215]SPVSSVR	2	Ste-2024-12-02_HeLa_4mz_sDIA_400-900_20.mzML		12.936576395217	13.15022551515	0.48189593552044563	0
QILIAC[+57.0215]SPVSSVR	2	Ste-2024-12-02_HeLa_4mz_sDIA_400-900_21.mzML		12.945215645983	13.158877885233	0.4648857699006249	0
QILIAC[+57.0215]SPVSSVR	2	Ste-2024-12-02_HeLa_4mz_sDIA_400-900_22.mzML	13.086060045967	13.055547554233	13.17756569755	0.002629750917931924	1
QLSSSVTGLTNIEEENC[+57.0215]QR	3	Ste-2024-12-02_HeLa_4mz_sDIA_400-900_20.mzML	12.845424999583	12.78437814425	12.967595788683	0.0007163790296320417	1
QLSSSVTGLTNIEEENC[+57.0215]QR	3	Ste-2024-12-02_HeLa_4mz_sDIA_400-900_21.mzML	12.854074980383	12.731943317217	12.97624674105	0.0019326619875902756	0
QLSSSVTGLTNIEEENC[+57.0215]QR	3	Ste-2024-12-02_HeLa_4mz_sDIA_400-900_22.mzML	12.87283872565	12.75074259775	12.933903738767	0.006222367774684788	0
QPAENVNQYLTDPK	2	Ste-2024-12-02_HeLa_4mz_sDIA_400-900_20.mzML	10.988661043883	10.86646432925	11.049752034	0.00017292062943109114	0
QPAENVNQYLTDPK	2	Ste-2024-12-02_HeLa_4mz_sDIA_400-900_21.mzML	10.9670969486	10.9060248309	11.089243124333	0.0001863064741499767	0
QPAENVNQYLTDPK	2	Ste-2024-12-02_HeLa_4mz_sDIA_400-900_22.mzML	10.985565170483	10.863375658	11.107703367933	0.00014513788098693758	1
QSMAFSILNTPK	2	Ste-2024-12-02_HeLa_4mz_sDIA_400-900_20.mzML	15.1969718161	15.135805501367	15.319519738433	0.007782419922995003	0
QSMAFSILNTPK	2	Ste-2024-12-02_HeLa_4mz_sDIA_400-900_21.mzML	15.206326733633	15.14513165445	15.328902587567	0.0011406410402646286	1
QSMAFSILNTPK	2	Ste-2024-12-02_HeLa_4mz_sDIA_400-900_22.mzML	15.224640928117	15.163376471583	15.28592603745	0.006754024104181833	0
QTSDGNWLMVHR	3	Ste-2024-12-02_HeLa_4mz_sDIA_400-900_20.mzML	10.8467490764	10.78573218415	10.938373248133	0.0003898635477582846	1
QTSDGNWLMVHR	3	Ste-2024-12-02_HeLa_4mz_sDIA_400-900_21.mzML	10.8557554489	10.79477152805	10.916831936683	0.0009203018590097553	0
QTSDGNWLMVHR	3	Ste-2024-12-02_HeLa_4mz_sDIA_400-900_22.mzML	10.858077009917	10.827582763267	10.919170371883	0.0033772842933148276	0
QVVEEPSPQLPADK	2	Ste-2024-12-02_HeLa_4mz_sDIA_400-900_20.mzML	10.16182627405	10.100700199933	10.253405922367	0.00017292062943109114	1
QVVEEPSPQLPADK	2	Ste-2024-12-02_HeLa_4mz_sDIA_400-900_21.mzML	10.140537555133	10.048750286517	10.262640490133	0.0005676979846721544	0
QVVEEPSPQLPADK	2	Ste-2024-12-02_HeLa_4mz_sDIA_400-900_22.mzML	10.15902231075	10.097928915767	10.220075021833	0.000184945441094877	0
RLEEPEEPK	2	Ste-2024-12-02_HeLa_4mz_sDIA_400-900_20.mzML	5.28580707955	5.224451072267	5.408520225867	0.00017292062943109114	1
RLEEPEEPK	2	Ste-2024-12-02_HeLa_4mz_sDIA_400-900_21.mzML	5.28981962285	5.16697070735	5.351258062433	0.00038156288156288156	0
RLEEPEEPK	2	Ste-2024-12-02_HeLa_4mz_sDIA_400-900_22.mzML	5.284034264083	5.161317328117	5.406803608967	0.000184945441094877	0
RVESQLK	2	Ste-2024-12-02_HeLa_4mz_sDIA_400-900_20.mzML	2.8184063046	2.695126991517	2.8799560974	0.00017292062943109114	1
RVESQLK	2	Ste-2024-12-02_HeLa_4mz_sDIA_400-900_21.mzML	2.788925151967	2.696388686217	2.881377649967	0.001066793101404611	0
RVESQLK	2	Ste-2024-12-02_HeLa_4mz_sDIA_400-900_22.mzML	2.817032807017	2.75544874135	2.940161800483	0.000525052505250525	0
SDHLIQTDTVNLHR	2	Ste-2024-12-02_HeLa_4mz_sDIA_400-900_20.mzML		8.79067549545	8.943457364567	0.025095057034220533	0
SDHLIQTDTVNLHR	2	Ste-2024-12-02_HeLa_4mz_sDIA_400-900_21.mzML	8.890626935583	8.737611158417	8.951794641433	0.005901197099983139	0
SDHLIQTDTVNLHR	2	Ste-2024-12-02_HeLa_4mz_sDIA_400-900_22.mzML	8.9103371125	8.818631527817	8.97140944325	0.0009473285335354301	1
SDVQIHVPTFTFR	3	Ste-2024-12-02_HeLa_4mz_sDIA_400-900_20.mzML	15.831908066283	15.770494867133	15.924141564583	0.0042797304680386086	0
SDVQIHVPTFTFR	3	Ste-2024-12-02_HeLa_4mz_sDIA_400-900_21.mzML	15.871696921167	15.718150882733	15.9639495517	0.0019326619875902756	1
SDVQIHVPTFTFR	3	Ste-2024-12-02_HeLa_4mz_sDIA_400-900_22.mzML		15.7366145325	15.951741818917	0.010076045627376426	0
SDYLNTFEFMDK	2	Ste-2024-12-02_HeLa_4mz_sDIA_400-900_20.mzML	17.229586756333	17.168071736717	17.352507611483	0.00017292062943109114	0
SDYLNTFEFMDK	2	Ste-2024-12-02_HeLa_4mz_sDIA_400-900_21.mzML	17.2386916278	17.115749799017	17.3617248635	0.0001863064741499767	0
SDYLNTFEFMDK	2	Ste-2024-12-02_HeLa_4mz_sDIA_400-900_22.mzML	17.2581161856	17.134993459717	17.31966730515	0.00014513788098693758	1
SFDVNKPGC[+57.0215]EVDDLK	3	Ste-2024-12-02_HeLa_4mz_sDIA_400-900_20.mzML	10.47274449685	10.411641208583	10.59479680335	0.00017292062943109114	0
SFDVNKPGC[+57.0215]EVDDLK	3	Ste-2024-12-02_HeLa_4mz_sDIA_400-900_21.mzML	10.481879331917	10.420810018183	10.603849916567	0.0001863064741499767	0
SFDVNKPGC[+57.0215]EVDDLK	3	Ste-2024-12-02_HeLa_4mz_sDIA_400-900_22.mzML	10.500397102667	10.378287062317	10.561417469617	0.00014513788098693758	1
SGLEELVLSEMNSPSR	3	Ste-2024-12-02_HeLa_4mz_sDIA_400-900_20.mzML	18.437807044633	18.2838126392	18.530193205717	0.0035219646851649138	0
SGLEELVLSEMNSPSR	3	Ste-2024-12-02_HeLa_4mz_sDIA_400-900_21.mzML	18.416120664533	18.32371620435	18.539327428567	0.0032146850540439808	0
SGLEELVLSEMNSPSR	3	Ste-2024-12-02_HeLa_4mz_sDIA_400-900_22.mzML	18.406342463267	18.313816786583	18.49882874465	0.0020844189682126106	1
SHSLSQHTATSSK	2	Ste-2024-12-02_HeLa_4mz_sDIA_400-900_20.mzML	2.309015416267	2.246280695117	2.432939195133	0.0008305117229923976	0
SHSLSQHTATSSK	2	Ste-2024-12-02_HeLa_4mz_sDIA_400-900_21.mzML	2.310191222933	2.247398498217	2.433957310933	0.0005676979846721544	1
SHSLSQHTATSSK	2	Ste-2024-12-02_HeLa_4mz_sDIA_400-900_22.mzML	2.30807107475	2.245309450383	2.431600143383	0.002629750917931924	0
SHTEEDC[+57.0215]TEELFDFLHAR	3	Ste-2024-12-02_HeLa_4mz_sDIA_400-900_20.mzML	16.8600710258	16.767832197117	16.952282257733	0.00017292062943109114	0
SHTEEDC[+57.0215]TEELFDFLHAR	3	Ste-2024-12-02_HeLa_4mz_sDIA_400-900_21.mzML	16.869212975767	16.807720946483	16.992207315733	0.0001863064741499767	0
SHTEEDC[+57.0215]TEELFDFLHAR	3	Ste-2024-12-02_HeLa_4mz_sDIA_400-900_22.mzML	16.888189214	16.826624433967	17.01130498625	0.00014513788098693758	1
SIIGMGTGAGAYILTR	2	Ste-2024-12-02_HeLa_4mz_sDIA_400-900_20.mzML	16.831981629667	16.8012353357	16.9241963735	0.0005151983513652757	0
SIIGMGTGAGAYILTR	2	Ste-2024-12-02_HeLa_4mz_sDIA_400-900_21.mzML	16.841113480617	16.77964044125	16.964115992167	0.0001863064741499767	1
SIIGMGTGAGAYILTR	2	Ste-2024-12-02_HeLa_4mz_sDIA_400-900_22.mzML		16.76770017225	16.921642188333	1	0
SLSLGGHVGFDSLPDQLVSK	3	Ste-2024-12-02_HeLa_4mz_sDIA_400-900_20.mzML	16.672005415667	16.6106416652	16.733477907267	0.004411036593599496	1
SLSLGGHVGFDSLPDQLVSK	3	Ste-2024-12-02_HeLa_4mz_sDIA_400-900_21.mzML		16.558221913417	16.7733820511	0.49175910108033977	0
SLSLGGHVGFDSLPDQLVSK	3	Ste-2024-12-02_HeLa_4mz_sDIA_400-900_22.mzML		16.638306569883	16.761421682783	0.024709156133704363	0
SLVALLVETQMK	2	Ste-2024-12-02_HeLa_4mz_sDIA_400-900_20.mzML		18.671620528417	18.82573120455	0.03948006596178097	0
SLVALLVETQMK	2	Ste-2024-12-02_HeLa_4mz_sDIA_400-900_21.mzML		18.680839077267	18.8040920886	0.01347488770926909	0
SLVALLVETQMK	2	Ste-2024-12-02_HeLa_4mz_sDIA_400-900_22.mzML	18.763939031667	18.7331306008	18.85658706305	0.000525052505250525	1
SNILLLGPTGSGK	2	Ste-2024-12-02_HeLa_4mz_sDIA_400-900_20.mzML	13.75635320055	13.695206298767	13.878648742967	0.0003204357926780421	1
SNILLLGPTGSGK	2	Ste-2024-12-02_HeLa_4mz_sDIA_400-900_21.mzML	13.734494106467	13.673344549717	13.826282489867	0.00038156288156288156	0
SNILLLGPTGSGK	2	Ste-2024-12-02_HeLa_4mz_sDIA_400-900_22.mzML	13.752986606917	13.691824337617	13.875376021283	0.000628711142158575	0
SQIYGSR	2	Ste-2024-12-02_HeLa_4mz_sDIA_400-900_20.mzML	4.570148109383	4.5086869059	4.693238670617	0.004626334519572953	1
SQIYGSR	2	Ste-2024-12-02_HeLa_4mz_sDIA_400-900_21.mzML	4.573580589567	4.450519339067	4.69667967695	0.006160506160506161	0
SQIYGSR	2	Ste-2024-12-02_HeLa_4mz_sDIA_400-900_22.mzML	4.5685256006	4.445660443767	4.66081701455	0.00499893185216834	0
SQLIMQAEAEAASVR	2	Ste-2024-12-02_HeLa_4mz_sDIA_400-900_20.mzML	14.561630421233	14.500451804617	14.6841270102	0.0002524190155658393	0
SQLIMQAEAEAASVR	2	Ste-2024-12-02_HeLa_4mz_sDIA_400-900_21.mzML	14.571015516717	14.479026748783	14.662951636133	0.0001863064741499767	1
SQLIMQAEAEAASVR	2	Ste-2024-12-02_HeLa_4mz_sDIA_400-900_22.mzML	14.589134046033	14.527893111333	14.71164825475	0.00026614620298083747	0
SQPDPVDTPTSSKPQSK	2	Ste-2024-12-02_HeLa_4mz_sDIA_400-900_20.mzML	5.520892520283	5.398255784817	5.582232592717	0.00017292062943109114	1
SQPDPVDTPTSSKPQSK	2	Ste-2024-12-02_HeLa_4mz_sDIA_400-900_21.mzML	5.463871006917	5.3717055252	5.555897428267	0.0001863064741499767	0
SQPDPVDTPTSSKPQSK	2	Ste-2024-12-02_HeLa_4mz_sDIA_400-900_22.mzML	5.4885609686	5.427227762583	5.61124145765	0.000184945441094877	0
SQTEAVTFLANHDDSR	3	Ste-2024-12-02_HeLa_4mz_sDIA_400-900_20.mzML		10.505235136583	10.688312917733	0.08675683291067907	0
SQTEAVTFLANHDDSR	3	Ste-2024-12-02_HeLa_4mz_sDIA_400-900_21.mzML	10.575320861083	10.45328388075	10.636302967317	0.0004452690166975881	1
SQTEAVTFLANHDDSR	3	Ste-2024-12-02_HeLa_4mz_sDIA_400-900_22.mzML	10.57606514105	10.514998403783	10.698084678917	0.000525052505250525	0
SSENGVDYVIMGMPHR	3	Ste-2024-12-02_HeLa_4mz_sDIA_400-900_20.mzML	13.72384994965	13.72384994965	13.785042002117	0.0016970245502884941	0
SSENGVDYVIMGMPHR	3	Ste-2024-12-02_HeLa_4mz_sDIA_400-900_21.mzML		13.61033740875	13.732571798083	0.022873456471640352	0
SSENGVDYVIMGMPHR	3	Ste-2024-12-02_HeLa_4mz_sDIA_400-900_22.mzML	13.720472636717	13.689904497	13.78170055935	0.0003210015247572426	1
SSGPTSLFAVTVAPPGAR	3	Ste-2024-12-02_HeLa_4mz_sDIA_400-900_20.mzML	16.59030044015	16.467427432533	16.713090033067	0.00017292062943109114	1
SSGPTSLFAVTVAPPGAR	3	Ste-2024-12-02_HeLa_4mz_sDIA_400-900_21.mzML		16.4764493972	16.7222207482	0.0157583239533786	0
SSGPTSLFAVTVAPPGAR	3	Ste-2024-12-02_HeLa_4mz_sDIA_400-900_22.mzML	16.617903415883	16.494907237817	16.74101126785	0.0017847485127095728	0
SSPLLNYNTGVYR	2	Ste-2024-12-02_HeLa_4mz_sDIA_400-900_20.mzML		12.510765997083	12.693963228517	0.02339467160166207	0
SSPLLNYNTGVYR	2	Ste-2024-12-02_HeLa_4mz_sDIA_400-900_21.mzML		12.54990456945	12.702628543733	0.2496886424812181	0
SSPLLNYNTGVYR	2	Ste-2024-12-02_HeLa_4mz_sDIA_400-900_22.mzML	12.62979054655	12.568597022433	12.69090496755	0.0015073693613220187	1
SSTPTTIFPIR	2	Ste-2024-12-02_HeLa_4mz_sDIA_400-900_20.mzML	14.2136062597	14.15251582565	14.335758449367	0.0005962239152037098	1
SSTPTTIFPIR	2	Ste-2024-12-02_HeLa_4mz_sDIA_400-900_21.mzML	14.22240891335	14.161279680517	14.344726132367	0.0006850722751250257	0
SSTPTTIFPIR	2	Ste-2024-12-02_HeLa_4mz_sDIA_400-900_22.mzML	14.240835629283	14.118590280767	14.301925128	0.0017847485127095728	0
STFVNILK	2	Ste-2024-12-02_HeLa_4mz_sDIA_400-900_20.mzML	13.410022193167	13.318401108433	13.50178215265	0.004445841566373271	1
STFVNILK	2	Ste-2024-12-02_HeLa_4mz_sDIA_400-900_21.mzML		13.327027045717	13.510446826183	0.013900667379521404	0
STFVNILK	2	Ste-2024-12-02_HeLa_4mz_sDIA_400-900_22.mzML	13.437325900467	13.376216938067	13.559571905717	0.004448320976886176	0
STLMDTLFNTK	2	Ste-2024-12-02_HeLa_4mz_sDIA_400-900_20.mzML	17.622378345667	17.560794655333	17.7456188463	0.00017292062943109114	1
STLMDTLFNTK	2	Ste-2024-12-02_HeLa_4mz_sDIA_400-900_21.mzML	17.631509013283	17.50832897185	17.693134257883	0.00038156288156288156	0
STLMDTLFNTK	2	Ste-2024-12-02_HeLa_4mz_sDIA_400-900_22.mzML	17.6206696442	17.55901177665	17.713188297517	0.00105106961790528	0
STTTGHLIYK	2	Ste-2024-12-02_HeLa_4mz_sDIA_400-900_20.mzML	6.082672568083	5.960173178883	6.143878585967	0.00017292062943109114	0
STTTGHLIYK	2	Ste-2024-12-02_HeLa_4mz_sDIA_400-900_21.mzML	6.056889457867	5.934271744833	6.17955213905	0.0001863064741499767	0
STTTGHLIYK	2	Ste-2024-12-02_HeLa_4mz_sDIA_400-900_22.mzML	6.050257521183	5.958417319417	6.203421554117	0.00014513788098693758	1
SYLYFTQFK	2	Ste-2024-12-02_HeLa_4mz_sDIA_400-900_20.mzML	15.46847958285	15.34585331245	15.560580717367	0.00017292062943109114	1
SYLYFTQFK	2	Ste-2024-12-02_HeLa_4mz_sDIA_400-900_21.mzML	15.477828234517	15.355209117617	15.53914047125	0.0004452690166975881	0
SYLYFTQFK	2	Ste-2024-12-02_HeLa_4mz_sDIA_400-900_22.mzML	15.496148982317	15.373514750283	15.55749755015	0.00026614620298083747	0
SYSSGGEDGYVR	2	Ste-2024-12-02_HeLa_4mz_sDIA_400-900_20.mzML	6.3016591554	6.240384536317	6.424118602383	0.00017292062943109114	1
SYSSGGEDGYVR	2	Ste-2024-12-02_HeLa_4mz_sDIA_400-900_21.mzML	6.276237446267	6.214843526517	6.39883194955	0.0001863064741499767	0
SYSSGGEDGYVR	2	Ste-2024-12-02_HeLa_4mz_sDIA_400-900_22.mzML	6.299974906433	6.177309095533	6.3611849407	0.000184945441094877	0
TADDPSLSLIK	2	Ste-2024-12-02_HeLa_4mz_sDIA_400-900_20.mzML		12.37882317965	12.531436411	0.21034699767800177	0
TADDPSLSLIK	2	Ste-2024-12-02_HeLa_4mz_sDIA_400-900_21.mzML	12.448459368567	12.295951833533	12.540036544817	0.0015756587883727247	1
TADDPSLSLIK	2	Ste-2024-12-02_HeLa_4mz_sDIA_400-900_22.mzML		12.314654646417	12.49761405815	0.07328874341824392	0
TAGDGWFGMK	2	Ste-2024-12-02_HeLa_4mz_sDIA_400-900_20.mzML	13.353260517433	13.292174757833	13.414352082083	0.004924390987928706	1
TAGDGWFGMK	2	Ste-2024-12-02_HeLa_4mz_sDIA_400-900_21.mzML		13.300796314367	13.423036686567	0.02071036915447211	0
TAGDGWFGMK	2	Ste-2024-12-02_HeLa_4mz_sDIA_400-900_22.mzML	13.350026115383	13.288959970617	13.411075651167	0.00874579157153361	0
TASEGDGGAAAGAAAAGAR	2	Ste-2024-12-02_HeLa_4mz_sDIA_400-900_20.mzML	5.7580210688	5.635449767383	5.8499599709	0.00017292062943109114	1
TASEGDGGAAAGAAAAGAR	2	Ste-2024-12-02_HeLa_4mz_sDIA_400-900_21.mzML	5.731907290067	5.670544922517	5.823934344667	0.0001863064741499767	0
TASEGDGGAAAGAAAAGAR	2	Ste-2024-12-02_HeLa_4mz_sDIA_400-900_22.mzML	5.7563666613	5.63379264585	5.817653645083	0.000184945441094877	0
TDSFVPR	2	Ste-2024-12-02_HeLa_4mz_sDIA_400-900_20.mzML	7.787284163133	7.664927393433	7.848519151283	0.009244992295839754	0
TDSFVPR	2	Ste-2024-12-02_HeLa_4mz_sDIA_400-900_21.mzML	7.73277203005	7.64091763835	7.855612669583	0.007901037509976058	0
TDSFVPR	2	Ste-2024-12-02_HeLa_4mz_sDIA_400-900_22.mzML	7.723970785583	7.6628692597	7.846379165533	0.0038343216371661687	1
THQPSDEVGTSIEHPR	3	Ste-2024-12-02_HeLa_4mz_sDIA_400-900_20.mzML	6.3604624891	6.299253183383	6.421708844833	0.00017292062943109114	0
THQPSDEVGTSIEHPR	3	Ste-2024-12-02_HeLa_4mz_sDIA_400-900_21.mzML	6.335110684417	6.273827412867	6.396422590817	0.001066793101404611	0
THQPSDEVGTSIEHPR	3	Ste-2024-12-02_HeLa_4mz_sDIA_400-900_22.mzML	6.358779067317	6.236297913533	6.420046835267	0.00014513788098693758	1
TIILFTK	2	Ste-2024-12-02_HeLa_4mz_sDIA_400-900_20.mzML	13.468576387783	13.376827277067	13.560253794317	0.004626334519572953	1
TIILFTK	2	Ste-2024-12-02_HeLa_4mz_sDIA_400-900_21.mzML	13.477244629533	13.416067438017	13.599526174783	0.005788161730533609	0
TIILFTK	2	Ste-2024-12-02_HeLa_4mz_sDIA_400-900_22.mzML	13.495808477767	13.434682053833	13.618081542417	0.0046387767373936946	0
TILSLMTR	2	Ste-2024-12-02_HeLa_4mz_sDIA_400-900_20.mzML	14.571992914717	14.449602639133	14.633287397533	0.006724022719679252	0
TILSLMTR	2	Ste-2024-12-02_HeLa_4mz_sDIA_400-900_21.mzML	14.5813906761	14.458774510133	14.6427414103	0.0018709573956273054	1
TILSLMTR	2	Ste-2024-12-02_HeLa_4mz_sDIA_400-900_22.mzML	14.599510988833	14.477023416167	14.660820559417	0.0053104058667341	0
TIVITSHPGQIVK	2	Ste-2024-12-02_HeLa_4mz_sDIA_400-900_20.mzML	9.7908093894	9.699147401817	9.851924012683	0.00017292062943109114	0
TIVITSHPGQIVK	2	Ste-2024-12-02_HeLa_4mz_sDIA_400-900_21.mzML	9.769635503717	9.739043845733	9.86139697935	0.0001863064741499767	0
TIVITSHPGQIVK	2	Ste-2024-12-02_HeLa_4mz_sDIA_400-900_22.mzML	9.788166802017	9.727118631683	9.9102966606	0.00014513788098693758	1
TKPADMVIEAYGHGQR	3	Ste-2024-12-02_HeLa_4mz_sDIA_400-900_20.mzML	9.814845049817	9.723200816417	9.906466917	0.000989547900303049	0
TKPADMVIEAYGHGQR	3	Ste-2024-12-02_HeLa_4mz_sDIA_400-900_21.mzML	9.793718220883	9.70195410585	9.915918652417	0.0019326619875902756	0
TKPADMVIEAYGHGQR	3	Ste-2024-12-02_HeLa_4mz_sDIA_400-900_22.mzML	9.812205109333	9.7206189321	9.903797154317	0.0007508532423208191	1
TLAAEMQELR	2	Ste-2024-12-02_HeLa_4mz_sDIA_400-900_20.mzML		12.165416032817	12.3485617117	0.38401290025339785	0
TLAAEMQELR	2	Ste-2024-12-02_HeLa_4mz_sDIA_400-900_21.mzML	12.296191008283	12.204597671367	12.357211852633	0.006225616336017266	0
TLAAEMQELR	2	Ste-2024-12-02_HeLa_4mz_sDIA_400-900_22.mzML	12.284347901633	12.223296985117	12.345345568967	0.002125123101643083	1
TLQIFNIEMK	2	Ste-2024-12-02_HeLa_4mz_sDIA_400-900_20.mzML	17.5290495033	17.46746677185	17.652214630967	0.00017292062943109114	0
TLQIFNIEMK	2	Ste-2024-12-02_HeLa_4mz_sDIA_400-900_21.mzML	17.53815739235	17.415096395483	17.661353824	0.0001863064741499767	0
TLQIFNIEMK	2	Ste-2024-12-02_HeLa_4mz_sDIA_400-900_22.mzML	17.558045815433	17.434766244767	17.619703669733	0.00014513788098693758	1
TLSTSDDVEDRENEK	2	Ste-2024-12-02_HeLa_4mz_sDIA_400-900_20.mzML		5.672458997	5.825688369717	0.01712403156903917	0
TLSTSDDVEDRENEK	2	Ste-2024-12-02_HeLa_4mz_sDIA_400-900_21.mzML	5.676930050367	5.615577986183	5.738288348767	0.0026895922386052542	1
TLSTSDDVEDRENEK	2	Ste-2024-12-02_HeLa_4mz_sDIA_400-900_22.mzML	5.701432920617	5.54812806395	5.7933867349	0.004721030042918455	0
TNGDSQQPSSSGLASSK	2	Ste-2024-12-02_HeLa_4mz_sDIA_400-900_20.mzML	5.332487576417	5.20977081575	5.455185330933	0.00017292062943109114	1
TNGDSQQPSSSGLASSK	2	Ste-2024-12-02_HeLa_4mz_sDIA_400-900_21.mzML	5.336550765733	5.183002675267	5.4287294221	0.0011406410402646286	0
TNGDSQQPSSSGLASSK	2	Ste-2024-12-02_HeLa_4mz_sDIA_400-900_22.mzML	5.300053576983	5.20795902315	5.392097617967	0.0005645730416372619	0
TQFPSLDIEVDGGVGPDTVHK	3	Ste-2024-12-02_HeLa_4mz_sDIA_400-900_20.mzML		15.87612751025	15.937631494533	1	0
TQFPSLDIEVDGGVGPDTVHK	3	Ste-2024-12-02_HeLa_4mz_sDIA_400-900_21.mzML		15.885190187067	16.00817211555	1	0
TQFPSLDIEVDGGVGPDTVHK	3	Ste-2024-12-02_HeLa_4mz_sDIA_400-900_22.mzML	15.965224868483	15.903763486817	16.02667247215	0.0009960779430990476	1
TVEFLQEYIVNR	2	Ste-2024-12-02_HeLa_4mz_sDIA_400-900_20.mzML	16.706821652133	16.6147349968	16.799064676567	0.007909146217805718	0
TVEFLQEYIVNR	2	Ste-2024-12-02_HeLa_4mz_sDIA_400-900_21.mzML	16.7467263881	16.65447408005	16.777475468483	0.009187884450673518	0
TVEFLQEYIVNR	2	Ste-2024-12-02_HeLa_4mz_sDIA_400-900_22.mzML	16.73473656115	16.64240378575	16.765524099733	0.0008989341209708489	1
TVGTPIASVPGSTNTGTVPGSEK	3	Ste-2024-12-02_HeLa_4mz_sDIA_400-900_20.mzML		11.501860605117	11.715739944867	0.11313307904216995	0
TVGTPIASVPGSTNTGTVPGSEK	3	Ste-2024-12-02_HeLa_4mz_sDIA_400-900_21.mzML	11.6024067546	11.480284172617	11.7245081172	0.005549389567147614	1
TVGTPIASVPGSTNTGTVPGSEK	3	Ste-2024-12-02_HeLa_4mz_sDIA_400-900_22.mzML		11.529308834033	11.7128293108	0.018771984815240485	0
TYDLLFK	2	Ste-2024-12-02_HeLa_4mz_sDIA_400-900_20.mzML	14.265057962633	14.142882306467	14.38734245635	0.0010994380649890056	0
TYDLLFK	2	Ste-2024-12-02_HeLa_4mz_sDIA_400-900_21.mzML	14.273914818717	14.1516544288	14.335105086817	0.0002598302442404296	1
TYDLLFK	2	Ste-2024-12-02_HeLa_4mz_sDIA_400-900_22.mzML	14.261756336933	14.200653688983	14.384131151383	0.00039114448877415316	0
VAC[+57.0215]C[+57.0215]PLER	2	Ste-2024-12-02_HeLa_4mz_sDIA_400-900_20.mzML	6.415938506117	6.3546812742	6.538389172883	0.004445841566373271	0
VAC[+57.0215]C[+57.0215]PLER	2	Ste-2024-12-02_HeLa_4mz_sDIA_400-900_21.mzML	6.4212733779	6.35998948235	6.4825054096	0.0019326619875902756	1
VAC[+57.0215]C[+57.0215]PLER	2	Ste-2024-12-02_HeLa_4mz_sDIA_400-900_22.mzML		6.3530024229	6.5368705031	0.014322305999494932	0
VAEELALEQAK	2	Ste-2024-12-02_HeLa_4mz_sDIA_400-900_20.mzML	9.998889140183	9.937699383	10.121160111717	0.00017292062943109114	0
VAEELALEQAK	2	Ste-2024-12-02_HeLa_4mz_sDIA_400-900_21.mzML	10.0081145047	9.886157596783	10.13040523825	0.0001863064741499767	0
VAEELALEQAK	2	Ste-2024-12-02_HeLa_4mz_sDIA_400-900_22.mzML	9.996134635133	9.935018058517	10.057256805417	0.00014513788098693758	1
VAKPVVEMDGDEMTR	2	Ste-2024-12-02_HeLa_4mz_sDIA_400-900_20.mzML	9.463312937783	9.432791149317	9.5854569439	0.0027443740332318747	1
VAKPVVEMDGDEMTR	2	Ste-2024-12-02_HeLa_4mz_sDIA_400-900_21.mzML		9.411202210983	9.533469577567	0.05344795937098452	0
VAKPVVEMDGDEMTR	2	Ste-2024-12-02_HeLa_4mz_sDIA_400-900_22.mzML		9.430176345783	9.5217350251	1	0
VATLNSEEESDPPTYK	2	Ste-2024-12-02_HeLa_4mz_sDIA_400-900_20.mzML	8.916811019633	8.7945661445	8.97790499915	0.00017292062943109114	0
VATLNSEEESDPPTYK	2	Ste-2024-12-02_HeLa_4mz_sDIA_400-900_21.mzML	8.89451673355	8.833312958967	9.016839901417	0.0001863064741499767	0
VATLNSEEESDPPTYK	2	Ste-2024-12-02_HeLa_4mz_sDIA_400-900_22.mzML	8.91424296625	8.791986457233	8.9752942166	0.00014513788098693758	1
VC[+57.0215]GHTYEEDAIVR	2	Ste-2024-12-02_HeLa_4mz_sDIA_400-900_20.mzML		7.747997353533	7.870429753	0.033529528470339263	0
VC[+57.0215]GHTYEEDAIVR	2	Ste-2024-12-02_HeLa_4mz_sDIA_400-900_21.mzML	7.8159923251	7.78534307965	7.938816937233	0.0026895922386052542	1
VC[+57.0215]GHTYEEDAIVR	2	Ste-2024-12-02_HeLa_4mz_sDIA_400-900_22.mzML		7.74588153215	7.89888179655	0.45542070559802456	0
VDAQFGGIDQR	2	Ste-2024-12-02_HeLa_4mz_sDIA_400-900_20.mzML	9.693373376183	9.632309359267	9.815567524733	0.00017292062943109114	0
VDAQFGGIDQR	2	Ste-2024-12-02_HeLa_4mz_sDIA_400-900_21.mzML	9.702679355983	9.58037707835	9.825038670883	0.0001863064741499767	0
VDAQFGGIDQR	2	Ste-2024-12-02_HeLa_4mz_sDIA_400-900_22.mzML	9.690796506633	9.629661046033	9.812927657033	0.00014513788098693758	1
VDGTLLVGEDAPR	2	Ste-2024-12-02_HeLa_4mz_sDIA_400-900_20.mzML		11.8654108867	12.048551101167	0.044358298115725586	0
VDGTLLVGEDAPR	2	Ste-2024-12-02_HeLa_4mz_sDIA_400-900_21.mzML	11.965703993483	11.90464707895	12.05724834995	0.005333562733881027	1
VDGTLLVGEDAPR	2	Ste-2024-12-02_HeLa_4mz_sDIA_400-900_22.mzML		11.923441798533	12.045505715117	0.012234101179323267	0
VDIDVPDVNLEAPEGK	2	Ste-2024-12-02_HeLa_4mz_sDIA_400-900_20.mzML	15.790955361433	15.6988505736	15.883117732833	0.00017292062943109114	0
VDIDVPDVNLEAPEGK	2	Ste-2024-12-02_HeLa_4mz_sDIA_400-900_21.mzML	15.800002683183	15.70788695085	15.922923249733	0.0001863064741499767	0
VDIDVPDVNLEAPEGK	2	Ste-2024-12-02_HeLa_4mz_sDIA_400-900_22.mzML	15.818557695667	15.695659042633	15.880002610233	0.00014513788098693758	1
VDLQSLPTR	2	Ste-2024-12-02_HeLa_4mz_sDIA_400-900_20.mzML	10.665406658617	10.604374608183	10.72648360155	0.00017292062943109114	1
VDLQSLPTR	2	Ste-2024-12-02_HeLa_4mz_sDIA_400-900_21.mzML	10.643920597233	10.582931951983	10.76594248605	0.0006272651240591023	0
VDLQSLPTR	2	Ste-2024-12-02_HeLa_4mz_sDIA_400-900_22.mzML		10.601536484833	10.72352337575	1	0
VGDQILLAIK	2	Ste-2024-12-02_HeLa_4mz_sDIA_400-900_20.mzML	15.1276329571	15.035805556217	15.280727915117	0.0005772005772005772	1
VGDQILLAIK	2	Ste-2024-12-02_HeLa_4mz_sDIA_400-900_21.mzML	15.1369554348	14.98376569595	15.198159390233	0.0008818342151675485	0
VGDQILLAIK	2	Ste-2024-12-02_HeLa_4mz_sDIA_400-900_22.mzML	15.124636909683	15.032784755133	15.277746603717	0.0010781025395304265	0
VGTEC[+57.0215]GNQK	2	Ste-2024-12-02_HeLa_4mz_sDIA_400-900_20.mzML	2.328819338083	2.26608838985	2.452381996367	0.0025887010811633925	0
VGTEC[+57.0215]GNQK	2	Ste-2024-12-02_HeLa_4mz_sDIA_400-900_21.mzML	2.329900551283	2.267224010017	2.45341684605	0.0011406410402646286	0
VGTEC[+57.0215]GNQK	2	Ste-2024-12-02_HeLa_4mz_sDIA_400-900_22.mzML	2.327511417983	2.265123779033	2.4510296389	0.0005645730416372619	1
VHQLYETIQR	2	Ste-2024-12-02_HeLa_4mz_sDIA_400-900_20.mzML	7.954233871817	7.831841669883	8.0153723926	0.0007163790296320417	0
VHQLYETIQR	2	Ste-2024-12-02_HeLa_4mz_sDIA_400-900_21.mzML	7.93086248245	7.86957236845	8.053315707783	0.0015756587883727247	0
VHQLYETIQR	2	Ste-2024-12-02_HeLa_4mz_sDIA_400-900_22.mzML	7.952093960517	7.829687748733	8.043793547417	0.0005645730416372619	1
VKPLQDQNELFGK	2	Ste-2024-12-02_HeLa_4mz_sDIA_400-900_20.mzML		10.29857929925	10.481861715083	1	0
VKPLQDQNELFGK	2	Ste-2024-12-02_HeLa_4mz_sDIA_400-900_21.mzML	10.3993910603	10.307797340133	10.490977936217	0.0019326619875902756	1
VKPLQDQNELFGK	2	Ste-2024-12-02_HeLa_4mz_sDIA_400-900_22.mzML		10.2652459173	10.539975389267	0.224029359022478	0
VLAFLSSVAGDALTR	3	Ste-2024-12-02_HeLa_4mz_sDIA_400-900_20.mzML	19.1861962979	19.062839810683	19.247884151867	0.0003204357926780421	1
VLAFLSSVAGDALTR	3	Ste-2024-12-02_HeLa_4mz_sDIA_400-900_21.mzML	19.195442883583	19.0720706783	19.318828664217	0.0003248862897985705	0
VLAFLSSVAGDALTR	3	Ste-2024-12-02_HeLa_4mz_sDIA_400-900_22.mzML	19.186593718167	19.124821393617	19.310181652333	0.0003210015247572426	0
VLC[+57.0215]GGDIYVPEDPK	2	Ste-2024-12-02_HeLa_4mz_sDIA_400-900_20.mzML	12.391095970367	12.269090461983	12.452137088683	0.00017292062943109114	0
VLC[+57.0215]GGDIYVPEDPK	2	Ste-2024-12-02_HeLa_4mz_sDIA_400-900_21.mzML	12.369260276867	12.27769042295	12.460733454633	0.0001863064741499767	0
VLC[+57.0215]GGDIYVPEDPK	2	Ste-2024-12-02_HeLa_4mz_sDIA_400-900_22.mzML	12.3878639581	12.26587097235	12.50988989755	0.00014513788098693758	1
VLPANSMAESR	2	Ste-2024-12-02_HeLa_4mz_sDIA_400-900_20.mzML	7.492131127333	7.369883376183	7.614398100133	0.00017292062943109114	1
VLPANSMAESR	2	Ste-2024-12-02_HeLa_4mz_sDIA_400-900_21.mzML	7.498535568983	7.406713792333	7.590323032033	0.0008818342151675485	0
VLPANSMAESR	2	Ste-2024-12-02_HeLa_4mz_sDIA_400-900_22.mzML	7.490137021967	7.367902192833	7.612348231567	0.0003210015247572426	0
VLQEALC[+57.0215]VISGVPGLK	2	Ste-2024-12-02_HeLa_4mz_sDIA_400-900_20.mzML	18.86720597995	18.743860256017	18.928976527383	0.00017292062943109114	0
VLQEALC[+57.0215]VISGVPGLK	2	Ste-2024-12-02_HeLa_4mz_sDIA_400-900_21.mzML	18.87635255875	18.7838635553	18.968947128367	0.0001863064741499767	0
VLQEALC[+57.0215]VISGVPGLK	2	Ste-2024-12-02_HeLa_4mz_sDIA_400-900_22.mzML	18.86719575165	18.743748079533	18.928940050917	0.00014513788098693758	1
VLYAYGYYTGEPSK	2	Ste-2024-12-02_HeLa_4mz_sDIA_400-900_20.mzML	12.270536191617	12.209462626183	12.423027367517	0.00017292062943109114	1
VLYAYGYYTGEPSK	2	Ste-2024-12-02_HeLa_4mz_sDIA_400-900_21.mzML	12.248603982583	12.218069422933	12.3707053428	0.0001863064741499767	0
VLYAYGYYTGEPSK	2	Ste-2024-12-02_HeLa_4mz_sDIA_400-900_22.mzML	12.26731757725	12.175703574067	12.41980212895	0.000184945441094877	0
VMPAPPPK	2	Ste-2024-12-02_HeLa_4mz_sDIA_400-900_20.mzML	6.104608810517	5.982103746633	6.227162867733	0.0027443740332318747	0
VMPAPPPK	2	Ste-2024-12-02_HeLa_4mz_sDIA_400-900_21.mzML	6.109551848867	5.986867020567	6.2936222748	0.00038156288156288156	1
VMPAPPPK	2	Ste-2024-12-02_HeLa_4mz_sDIA_400-900_22.mzML	6.1028753333	6.0416007802	6.286745396933	0.0009960779430990476	0
VMVLDFVTPTPLGTR	3	Ste-2024-12-02_HeLa_4mz_sDIA_400-900_20.mzML	19.6988779829	19.637173891633	19.822329801917	0.00017292062943109114	0
VMVLDFVTPTPLGTR	3	Ste-2024-12-02_HeLa_4mz_sDIA_400-900_21.mzML	19.708044226333	19.584612738633	19.831548192967	0.0001863064741499767	0
VMVLDFVTPTPLGTR	3	Ste-2024-12-02_HeLa_4mz_sDIA_400-900_22.mzML	19.73071158725	19.607270416383	19.7923396608	0.00014513788098693758	1
VQAWYMDDAPGDPR	2	Ste-2024-12-02_HeLa_4mz_sDIA_400-900_20.mzML	12.789679534383	12.7285777415	12.911814484717	0.00017292062943109114	1
VQAWYMDDAPGDPR	2	Ste-2024-12-02_HeLa_4mz_sDIA_400-900_21.mzML	12.798331635233	12.6761868101	12.920447364217	0.0001863064741499767	0
VQAWYMDDAPGDPR	2	Ste-2024-12-02_HeLa_4mz_sDIA_400-900_22.mzML	12.786566864817	12.725509876683	12.908667162867	0.000184945441094877	0
VTEGQQER	2	Ste-2024-12-02_HeLa_4mz_sDIA_400-900_20.mzML	2.35798264085	2.264612431317	2.4509409591	0.00093937875751503	0
VTEGQQER	2	Ste-2024-12-02_HeLa_4mz_sDIA_400-900_21.mzML		2.265746227217	2.451973048017	0.32301902571607777	0
VTEGQQER	2	Ste-2024-12-02_HeLa_4mz_sDIA_400-900_22.mzML	2.3566785909	2.200897821133	2.449587011333	0.0005645730416372619	1
VTPPAVTGSPEFER	2	Ste-2024-12-02_HeLa_4mz_sDIA_400-900_20.mzML		11.076217508083	11.32028945925	1	0
VTPPAVTGSPEFER	2	Ste-2024-12-02_HeLa_4mz_sDIA_400-900_21.mzML		11.085153980967	11.26818365045	1	0
VTPPAVTGSPEFER	2	Ste-2024-12-02_HeLa_4mz_sDIA_400-900_22.mzML	11.195157423383	11.07310070975	11.317209388933	0.00014513788098693758	1
VVNGAAASQPPSK	2	Ste-2024-12-02_HeLa_4mz_sDIA_400-900_20.mzML	4.582668163117	4.49050219435	4.675028694217	0.00017292062943109114	1
VVNGAAASQPPSK	2	Ste-2024-12-02_HeLa_4mz_sDIA_400-900_21.mzML	4.586108665517	4.524567372033	4.709206758333	0.0001863064741499767	0
VVNGAAASQPPSK	2	Ste-2024-12-02_HeLa_4mz_sDIA_400-900_22.mzML	4.581039714617	4.519581592717	4.704039745233	0.000525052505250525	0
VVNSETPVVVDFHAQWC[+57.0215]GPC[+57.0215]K	3	Ste-2024-12-02_HeLa_4mz_sDIA_400-900_20.mzML		14.684609274233	14.868460966383	0.1330891330891331	0
VVNSETPVVVDFHAQWC[+57.0215]GPC[+57.0215]K	3	Ste-2024-12-02_HeLa_4mz_sDIA_400-900_21.mzML	14.755334026033	14.72469749155	14.908427573033	0.0009203018590097553	1
VVNSETPVVVDFHAQWC[+57.0215]GPC[+57.0215]K	3	Ste-2024-12-02_HeLa_4mz_sDIA_400-900_22.mzML	14.804094503717	14.681506651933	14.865409937183	0.00611382380698371	0
VWNNSSTVNAVPVAPPVC[+57.0215]DVAR	3	Ste-2024-12-02_HeLa_4mz_sDIA_400-900_20.mzML	14.928271145533	14.867015929683	15.081606448567	0.0005772005772005772	1
VWNNSSTVNAVPVAPPVC[+57.0215]DVAR	3	Ste-2024-12-02_HeLa_4mz_sDIA_400-900_21.mzML		14.84577111355	14.99893757665	0.010525510008803154	0
VWNNSSTVNAVPVAPPVC[+57.0215]DVAR	3	Ste-2024-12-02_HeLa_4mz_sDIA_400-900_22.mzML	14.925253587967	14.8332771422	14.986568636017	0.0036456434560699965	0
WLAPDGLIFPDR	2	Ste-2024-12-02_HeLa_4mz_sDIA_400-900_20.mzML	18.76599753105	18.673547273717	18.9202882302	0.00017292062943109114	0
WLAPDGLIFPDR	2	Ste-2024-12-02_HeLa_4mz_sDIA_400-900_21.mzML	18.77518965875	18.682767494883	18.867677101383	0.0001863064741499767	0
WLAPDGLIFPDR	2	Ste-2024-12-02_HeLa_4mz_sDIA_400-900_22.mzML	18.79672509005	18.7350600043	18.920257077967	0.00014513788098693758	1
WNENVQYLSEDR	2	Ste-2024-12-02_HeLa_4mz_sDIA_400-900_20.mzML	11.658286792617	11.535981575733	11.749855192	0.0023135976443369437	0
WNENVQYLSEDR	2	Ste-2024-12-02_HeLa_4mz_sDIA_400-900_21.mzML	11.636543821483	11.57549264125	11.697577598083	0.0019326619875902756	1
WNENVQYLSEDR	2	Ste-2024-12-02_HeLa_4mz_sDIA_400-900_22.mzML	11.624655715317	11.502356661367	11.7164390493	0.005054580979484348	0
WSNAGELMELIR	2	Ste-2024-12-02_HeLa_4mz_sDIA_400-900_20.mzML		18.489500079567	18.674269820117	0.03676687056360603	0
WSNAGELMELIR	2	Ste-2024-12-02_HeLa_4mz_sDIA_400-900_21.mzML	18.529456285783	18.498633807833	18.621925220617	0.0001863064741499767	0
WSNAGELMELIR	2	Ste-2024-12-02_HeLa_4mz_sDIA_400-900_22.mzML	18.550650850167	18.488938434217	18.643221388383	0.000184945441094877	1
YEDEINK	2	Ste-2024-12-02_HeLa_4mz_sDIA_400-900_20.mzML	5.003233084983	4.880412577617	5.064608374817	0.00017292062943109114	1
YEDEINK	2	Ste-2024-12-02_HeLa_4mz_sDIA_400-900_21.mzML	4.97617098075	4.914711670567	5.0990163753	0.0001863064741499767	0
YEDEINK	2	Ste-2024-12-02_HeLa_4mz_sDIA_400-900_22.mzML	4.970669271583	4.90932434115	5.093394354717	0.000184945441094877	0
YEELFPAFSDSR	2	Ste-2024-12-02_HeLa_4mz_sDIA_400-900_20.mzML	16.367449738933	16.244506572067	16.490473618383	0.0005962239152037098	1
YEELFPAFSDSR	2	Ste-2024-12-02_HeLa_4mz_sDIA_400-900_21.mzML	16.376581695083	16.253622862317	16.499487534183	0.001066793101404611	0
YEELFPAFSDSR	2	Ste-2024-12-02_HeLa_4mz_sDIA_400-900_22.mzML	16.394905416217	16.272012887883	16.517966436333	0.0019914055130489466	0
YGGQPVPNFPSK	2	Ste-2024-12-02_HeLa_4mz_sDIA_400-900_20.mzML	10.30699158215	10.245952199817	10.429154568833	0.00017292062943109114	0
YGGQPVPNFPSK	2	Ste-2024-12-02_HeLa_4mz_sDIA_400-900_21.mzML	10.316211257133	10.194142286867	10.438340036467	0.0001863064741499767	0
YGGQPVPNFPSK	2	Ste-2024-12-02_HeLa_4mz_sDIA_400-900_22.mzML	10.304192079917	10.212617271933	10.456850697533	0.00014513788098693758	1
YLAVESPFLK	2	Ste-2024-12-02_HeLa_4mz_sDIA_400-900_20.mzML	15.559619667133	15.436855330733	15.621014532583	0.00017292062943109114	1
YLAVESPFLK	2	Ste-2024-12-02_HeLa_4mz_sDIA_400-900_21.mzML	15.538177526917	15.47687144785	15.660833098583	0.0001863064741499767	0
YLAVESPFLK	2	Ste-2024-12-02_HeLa_4mz_sDIA_400-900_22.mzML	15.556534705983	15.43389968625	15.679298039033	0.000184945441094877	0
YNVLGAETVLNQMR	2	Ste-2024-12-02_HeLa_4mz_sDIA_400-900_20.mzML	16.617627284733	16.525562881633	16.709715190267	0.0010433288326991532	0
YNVLGAETVLNQMR	2	Ste-2024-12-02_HeLa_4mz_sDIA_400-900_21.mzML	16.626661344267	16.565207493067	16.749619111583	0.0001863064741499767	0
YNVLGAETVLNQMR	2	Ste-2024-12-02_HeLa_4mz_sDIA_400-900_22.mzML	16.645303774517	16.5837898312	16.7684240833	0.000184945441094877	1
YYFEGIK	2	Ste-2024-12-02_HeLa_4mz_sDIA_400-900_20.mzML		11.455714094283	11.608529662717	0.13534386711232654	0
YYFEGIK	2	Ste-2024-12-02_HeLa_4mz_sDIA_400-900_21.mzML		11.464655053967	11.617300668833	0.03826571456018445	0
YYFEGIK	2	Ste-2024-12-02_HeLa_4mz_sDIA_400-900_22.mzML	11.544293567283	11.513656545467	11.636101449033	0.0017847485127095728	1
