{
  "LibraryPeptideCount": 20377,
  "IrtSlope": 3.017,
  "IrtIntercept": -67.652,
  "MassErrorStats": [
    [
      3.3368965539182054,
      3.7476706541186697
    ],
    [
      3.1641379264408145,
      3.3541366574610119
    ],
    [
      3.5096551813955963,
      4.1081951397141436
    ]
  ],
  "FinalTargetCounts": [
    11,
    215,
    279,
    1673
  ],
  "ScoringModelCoefficients": [
    -0.1511,
    -0.5825,
    5.5994,
    -0.5757,
    -0.45,
    0.7592,
    0.4174,
    -0.0851
  ]
}