{
  "LibraryPeptideCount": 12221,
  "IrtSlope": 3.085,
  "IrtIntercept": -70.252,
  "MassErrorStats": [
    [
      3.419047623644678,
      3.9330894110633023
    ],
    [
      3.1972789106016255,
      3.535125997359566
    ],
    [
      3.64081633668773,
      4.295135125254399
    ]
  ],
  "FinalTargetCounts": [
    11,
    207,
    283,
    1697
  ],
  "ScoringModelCoefficients": [
    0.7386,
    -0.0656,
    6.2965,
    -1.2875,
    -0.5171,
    0.8396,
    -0.2402,
    -0.0817
  ]
}