{
  "LibraryPeptideCount": 16447,
  "IrtSlope": 3.154,
  "IrtIntercept": -72.838,
  "MassErrorStats": [
    [
      2.8213216731851936,
      4.780612748661073
    ],
    [
      2.7564555568921283,
      4.333008979367798
    ],
    [
      3.723925222402267,
      4.701239021170031
    ],
    [
      5.068673084439747,
      4.305265711217697
    ],
    [
      4.1895737955406975,
      4.7175666991893195
    ],
    [
      -0.016946879551267464,
      4.1218492172758765
    ],
    [
      1.204380771011874,
      4.479611098809924
    ]
  ],
  "FinalTargetCounts": [
    1906,
    21684,
    25387,
    152321
  ],
  "ScoringModelCoefficients": [
    0.1674,
    -0.2978,
    4.3511,
    0.3717,
    -0.2556,
    0.6537,
    0.1104,
    -0.0619
  ]
}