{
  "LibraryPeptideCount": 10286,
  "IrtSlope": 2.729,
  "IrtIntercept": -50.54,
  "MassErrorStats": [
    [
      1.6653896946809408,
      4.58379660641187
    ],
    [
      1.1722146706534144,
      4.353878027420362
    ],
    [
      1.6940670320511106,
      4.7079337065864735
    ],
    [
      1.8600090569242889,
      4.380638393040067
    ],
    [
      1.787341480445373,
      4.804369062334048
    ],
    [
      1.8951528845698755,
      4.407168031650821
    ],
    [
      1.5836050731494375,
      4.787302315053345
    ]
  ],
  "FinalTargetCounts": [
    890,
    7763,
    8820,
    52919
  ],
  "ScoringModelCoefficients": [
    0.2812,
    -0.195,
    3.0647,
    2.0651,
    -0.134,
    0.6941,
    0.0888,
    -0.0904
  ]
}