{
  "LibraryPeptideCount": 15770,
  "IrtSlope": 2.598,
  "IrtIntercept": -45.6,
  "MassErrorStats": [
    [
      1.5784344564985191,
      4.6223522869953211
    ],
    [
      1.1193820200165672,
      4.3881736192597867
    ],
    [
      1.604404493700085,
      4.8150820203796174
    ],
    [
      1.7763483161462492,
      4.37994889686266
    ],
    [
      1.7301573029260957,
      4.8276887751165312
    ],
    [
      1.75180898797646,
      4.4348303279826675
    ],
    [
      1.4885056182256575,
      4.8267733188721529
    ]
  ],
  "FinalTargetCounts": [
    1642,
    16242,
    17798,
    106788
  ],
  "ScoringModelCoefficients": [
    0.2335,
    -0.7919,
    2.8837,
    1.3237,
    -0.0724,
    0.7121,
    0.097,
    -0.0746
  ]
}