{
  "LibraryPeptideCount": 33997,
  "IrtSlope": 3.023,
  "IrtIntercept": -67.902,
  "MassErrorStats": [
    [
      2.5616557448280792,
      5.1752202623151184
    ],
    [
      2.494663161693043,
      4.8081199020993743
    ],
    [
      3.445711318811381,
      5.1170898217156626
    ],
    [
      4.7230924447835783,
      4.8368748712095391
    ],
    [
      3.8795328064295034,
      5.1547860040369944
    ],
    [
      -0.17098470950345382,
      4.5474199723221851
    ],
    [
      0.99605995570347916,
      4.8624508158506785
    ]
  ],
  "FinalTargetCounts": [
    2855,
    29310,
    32713,
    196278
  ],
  "ScoringModelCoefficients": [
    0.1985,
    -0.6148,
    4.3467,
    -0.0062,
    -0.1611,
    0.5597,
    0.0893,
    -0.0411
  ]
}