{
  "LibraryPeptideCount": 7574,
  "IrtSlope": 2.674,
  "IrtIntercept": -48.615,
  "MassErrorStats": [
    [
      0.7157142952084541,
      4.3757777303740335
    ],
    [
      0.5828571519681386,
      2.56130552121588
    ],
    [
      0.8485714384487697,
      5.679911523054957
    ]
  ],
  "FinalTargetCounts": [
    9,
    57,
    59,
    353
  ],
  "ScoringModelCoefficients": [
    0.3278,
    -0.495,
    1.2009,
    2.7916,
    -0.1357,
    0.6044,
    0.3346,
    -0.0541
  ]
}